solid OpenSCAD_Model
  facet normal -0.120681 -0.899673 0.419553
    outer loop
      vertex 93.8028 -25.4389 108.817
      vertex 96.2917 -25.901 108.542
      vertex 96.2917 -24.9506 110.58
    endloop
  endfacet
  facet normal -0.120727 -0.899779 0.419313
    outer loop
      vertex 96.2917 -25.901 108.542
      vertex 93.8028 -25.4389 108.817
      vertex 93.5464 -26.1217 107.278
    endloop
  endfacet
  facet normal -0.0583165 -0.954248 0.293274
    outer loop
      vertex 92.8273 -27.4036 102.964
      vertex 96.2917 -25.901 108.542
      vertex 93.5464 -26.1217 107.278
    endloop
  endfacet
  facet normal -0.0582211 -0.954286 0.293169
    outer loop
      vertex 93.9923 -28.5537 99.4517
      vertex 92.8273 -27.4036 102.964
      vertex 92.773 -27.6138 102.269
    endloop
  endfacet
  facet normal -0.0578577 -0.954262 0.293318
    outer loop
      vertex 93.9923 -28.5537 99.4517
      vertex 92.773 -27.6138 102.269
      vertex 92.8403 -27.8312 101.575
    endloop
  endfacet
  facet normal -0.0583063 -0.954305 0.293089
    outer loop
      vertex 93.9923 -28.5537 99.4517
      vertex 92.8403 -27.8312 101.575
      vertex 93.0271 -28.049 100.903
    endloop
  endfacet
  facet normal -0.0578705 -0.954249 0.29336
    outer loop
      vertex 93.9923 -28.5537 99.4517
      vertex 93.0271 -28.049 100.903
      vertex 93.3277 -28.2606 100.274
    endloop
  endfacet
  facet normal -0.0596392 -0.954546 0.292036
    outer loop
      vertex 93.9923 -28.5537 99.4517
      vertex 93.3277 -28.2606 100.274
      vertex 93.7329 -28.4596 99.7063
    endloop
  endfacet
  facet normal -0.0581616 -0.954284 0.293188
    outer loop
      vertex 92.8273 -27.4036 102.964
      vertex 93.9923 -28.5537 99.4517
      vertex 96.2917 -25.901 108.542
    endloop
  endfacet
  facet normal -0.120681 0.899673 0.419553
    outer loop
      vertex 96.2917 25.901 108.542
      vertex 93.8028 25.4389 108.817
      vertex 96.2917 24.9506 110.58
    endloop
  endfacet
  facet normal -0.120727 0.899779 0.419313
    outer loop
      vertex 93.8028 25.4389 108.817
      vertex 96.2917 25.901 108.542
      vertex 93.5464 26.1217 107.278
    endloop
  endfacet
  facet normal -0.346546 0.39619 0.850258
    outer loop
      vertex 96.2917 20.2282 115.302
      vertex 94.7735 20.3188 114.641
      vertex 94.8054 19.9368 114.832
    endloop
  endfacet
  facet normal -0.120915 -0.899508 0.419838
    outer loop
      vertex 93.9175 -25.1332 109.505
      vertex 93.8028 -25.4389 108.817
      vertex 96.2917 -24.9506 110.58
    endloop
  endfacet
  facet normal -0.374602 -0.239751 0.895652
    outer loop
      vertex 94.9626 -17.8971 115.776
      vertex 96.2917 -16.0176 116.835
      vertex 95.0502 -16.0727 116.301
    endloop
  endfacet
  facet normal -0.374327 -0.239977 0.895707
    outer loop
      vertex 96.2917 -16.0176 116.835
      vertex 94.9626 -17.8971 115.776
      vertex 96.2917 -18.1899 116.253
    endloop
  endfacet
  facet normal -0.346564 0.396607 0.850057
    outer loop
      vertex 94.8054 19.9368 114.832
      vertex 96.2917 18.1899 116.253
      vertex 96.2917 20.2282 115.302
    endloop
  endfacet
  facet normal -0.346691 0.396498 0.850056
    outer loop
      vertex 96.2917 18.1899 116.253
      vertex 94.8054 19.9368 114.832
      vertex 94.9452 18.2603 115.671
    endloop
  endfacet
  facet normal 0.0491832 -0.962032 0.26847
    outer loop
      vertex 94.8055 -28.688 98.8234
      vertex 94.0004 -28.556 99.4439
      vertex 94.2306 -28.6073 99.2179
    endloop
  endfacet
  facet normal 0.0489512 -0.962122 0.268188
    outer loop
      vertex 94.0004 -28.556 99.4439
      vertex 94.8055 -28.688 98.8234
      vertex 96.2958 -28.7438 98.3512
    endloop
  endfacet
  facet normal 0.049328 -0.961782 0.269337
    outer loop
      vertex 96.2958 -28.7438 98.3512
      vertex 94.8055 -28.688 98.8234
      vertex 95.4401 -28.7363 98.5347
    endloop
  endfacet
  facet normal 0.0489791 -0.962249 0.267729
    outer loop
      vertex 96.2958 -28.7438 98.3512
      vertex 95.4401 -28.7363 98.5347
      vertex 96.1153 -28.7504 98.3605
    endloop
  endfacet
  facet normal 0.0490404 -0.962068 0.268366
    outer loop
      vertex 94.0004 -28.556 99.4439
      vertex 96.2958 -28.7438 98.3512
      vertex 96.2958 -25.9078 108.518
    endloop
  endfacet
  facet normal -0.390835 -0.0802231 0.916958
    outer loop
      vertex 95.0802 -14.1616 116.481
      vertex 96.2917 -16.0176 116.835
      vertex 96.2917 -13.7773 117.031
    endloop
  endfacet
  facet normal -0.390844 -0.0802294 0.916954
    outer loop
      vertex 96.2917 -16.0176 116.835
      vertex 95.0802 -14.1616 116.481
      vertex 95.0502 -16.0727 116.301
    endloop
  endfacet
  facet normal -0.192954 -0.803834 0.56269
    outer loop
      vertex 94.0125 -24.757 110.075
      vertex 93.9175 -25.1332 109.505
      vertex 96.2917 -24.9506 110.58
    endloop
  endfacet
  facet normal -0.390889 0.0800432 0.916951
    outer loop
      vertex 96.2917 13.7773 117.031
      vertex 95.0802 14.1616 116.481
      vertex 95.0855 13.8209 116.513
    endloop
  endfacet
  facet normal 0.062754 0.990798 0.119925
    outer loop
      vertex 96.3017 27.4536 98.3509
      vertex 94.4465 27.4841 99.0697
      vertex 96.3017 26.4831 106.369
    endloop
  endfacet
  facet normal 0.0626937 0.99082 0.119768
    outer loop
      vertex 95.4401 27.4859 98.5347
      vertex 94.4465 27.4841 99.0697
      vertex 96.3017 27.4536 98.3509
    endloop
  endfacet
  facet normal 0.0631225 0.990697 0.120564
    outer loop
      vertex 94.4465 27.4841 99.0697
      vertex 95.4401 27.4859 98.5347
      vertex 94.8055 27.4912 98.8234
    endloop
  endfacet
  facet normal 0.0631382 0.990532 0.121902
    outer loop
      vertex 95.4401 27.4859 98.5347
      vertex 96.3017 27.4536 98.3509
      vertex 96.1153 27.4643 98.3605
    endloop
  endfacet
  facet normal -0.346691 -0.396498 0.850056
    outer loop
      vertex 94.8054 -19.9368 114.832
      vertex 96.2917 -18.1899 116.253
      vertex 94.9452 -18.2603 115.671
    endloop
  endfacet
  facet normal -0.346564 -0.396607 0.850057
    outer loop
      vertex 96.2917 -18.1899 116.253
      vertex 94.8054 -19.9368 114.832
      vertex 96.2917 -20.2282 115.302
    endloop
  endfacet
  facet normal -0.390889 -0.0800432 0.916951
    outer loop
      vertex 95.0855 -13.8209 116.513
      vertex 95.0802 -14.1616 116.481
      vertex 96.2917 -13.7773 117.031
    endloop
  endfacet
  facet normal -0.374428 0.240922 0.89541
    outer loop
      vertex 96.2917 18.1899 116.253
      vertex 94.9452 18.2603 115.671
      vertex 94.9626 17.8971 115.776
    endloop
  endfacet
  facet normal -0.306882 -0.545922 0.779611
    outer loop
      vertex 94.728 -20.683 114.368
      vertex 96.2917 -22.0704 114.012
      vertex 96.2917 -20.2282 115.302
    endloop
  endfacet
  facet normal -0.306914 -0.54595 0.779578
    outer loop
      vertex 96.2917 -22.0704 114.012
      vertex 94.728 -20.683 114.368
      vertex 94.5402 -22.1867 113.241
    endloop
  endfacet
  facet normal -0.374327 0.239977 0.895707
    outer loop
      vertex 94.9626 17.8971 115.776
      vertex 96.2917 16.0176 116.835
      vertex 96.2917 18.1899 116.253
    endloop
  endfacet
  facet normal -0.374602 0.239751 0.895652
    outer loop
      vertex 96.2917 16.0176 116.835
      vertex 94.9626 17.8971 115.776
      vertex 95.0502 16.0727 116.301
    endloop
  endfacet
  facet normal -0.390835 0.0802231 0.916958
    outer loop
      vertex 96.2917 16.0176 116.835
      vertex 95.0802 14.1616 116.481
      vertex 96.2917 13.7773 117.031
    endloop
  endfacet
  facet normal -0.390844 0.0802294 0.916954
    outer loop
      vertex 95.0802 14.1616 116.481
      vertex 96.2917 16.0176 116.835
      vertex 95.0502 16.0727 116.301
    endloop
  endfacet
  facet normal -0.3946 0 0.918853
    outer loop
      vertex 95.0855 13.8209 116.513
      vertex 96.2917 -13.7773 117.031
      vertex 96.2917 13.7773 117.031
    endloop
  endfacet
  facet normal -0.3946 0 0.918853
    outer loop
      vertex 96.2917 -13.7773 117.031
      vertex 95.0855 13.8209 116.513
      vertex 95.0855 -13.8209 116.513
    endloop
  endfacet
  facet normal -0.255513 -0.683592 0.683678
    outer loop
      vertex 94.475 -22.5535 112.85
      vertex 96.2917 -23.6606 112.422
      vertex 96.2917 -22.0704 114.012
    endloop
  endfacet
  facet normal -0.255601 -0.683687 0.68355
    outer loop
      vertex 96.2917 -23.6606 112.422
      vertex 94.475 -22.5535 112.85
      vertex 94.2521 -23.8079 111.512
    endloop
  endfacet
  facet normal -0.192954 0.803834 0.56269
    outer loop
      vertex 96.2917 24.9506 110.58
      vertex 93.9175 25.1332 109.505
      vertex 94.0125 24.757 110.075
    endloop
  endfacet
  facet normal -0.120915 0.899508 0.419838
    outer loop
      vertex 96.2917 24.9506 110.58
      vertex 93.8028 25.4389 108.817
      vertex 93.9175 25.1332 109.505
    endloop
  endfacet
  facet normal 0.0206213 0.991206 0.13071
    outer loop
      vertex 96.3017 26.4831 106.369
      vertex 92.8273 27.0044 102.964
      vertex 93.1489 26.7432 104.894
    endloop
  endfacet
  facet normal 0.0206489 0.991209 0.130683
    outer loop
      vertex 94.4465 27.4841 99.0697
      vertex 92.8273 27.0044 102.964
      vertex 96.3017 26.4831 106.369
    endloop
  endfacet
  facet normal 0.0207608 0.991201 0.130728
    outer loop
      vertex 92.8273 27.0044 102.964
      vertex 94.4465 27.4841 99.0697
      vertex 92.773 27.0972 102.269
    endloop
  endfacet
  facet normal 0.0203554 0.991237 0.13052
    outer loop
      vertex 92.773 27.0972 102.269
      vertex 94.4465 27.4841 99.0697
      vertex 92.8403 27.1872 101.575
    endloop
  endfacet
  facet normal 0.0205613 0.991215 0.13065
    outer loop
      vertex 92.8403 27.1872 101.575
      vertex 94.4465 27.4841 99.0697
      vertex 93.0271 27.2719 100.903
    endloop
  endfacet
  facet normal 0.0207117 0.991197 0.130764
    outer loop
      vertex 93.0271 27.2719 100.903
      vertex 94.4465 27.4841 99.0697
      vertex 93.3277 27.3486 100.274
    endloop
  endfacet
  facet normal 0.0204911 0.991228 0.130563
    outer loop
      vertex 93.3277 27.3486 100.274
      vertex 94.4465 27.4841 99.0697
      vertex 93.7329 27.415 99.7063
    endloop
  endfacet
  facet normal 0.0196469 0.991368 0.129632
    outer loop
      vertex 93.7329 27.415 99.7063
      vertex 94.4465 27.4841 99.0697
      vertex 94.2306 27.469 99.2179
    endloop
  endfacet
  facet normal 0.0192387 -0.961082 0.275593
    outer loop
      vertex 93.9923 -28.5537 99.4517
      vertex 96.2958 -25.9078 108.518
      vertex 96.2917 -25.901 108.542
    endloop
  endfacet
  facet normal -0.00225206 -0.959799 0.280679
    outer loop
      vertex 96.2958 -25.9078 108.518
      vertex 93.9923 -28.5537 99.4517
      vertex 94.0004 -28.556 99.4439
    endloop
  endfacet
  facet normal -0.306826 -0.54602 0.779564
    outer loop
      vertex 94.7735 -20.3188 114.641
      vertex 94.728 -20.683 114.368
      vertex 96.2917 -20.2282 115.302
    endloop
  endfacet
  facet normal -0.346546 -0.39619 0.850258
    outer loop
      vertex 94.8054 -19.9368 114.832
      vertex 94.7735 -20.3188 114.641
      vertex 96.2917 -20.2282 115.302
    endloop
  endfacet
  facet normal -0.19308 -0.803693 0.562847
    outer loop
      vertex 94.2521 -23.8079 111.512
      vertex 96.2917 -24.9506 110.58
      vertex 96.2917 -23.6606 112.422
    endloop
  endfacet
  facet normal -0.192997 -0.803635 0.562959
    outer loop
      vertex 96.2917 -24.9506 110.58
      vertex 94.2521 -23.8079 111.512
      vertex 94.0125 -24.757 110.075
    endloop
  endfacet
  facet normal -0.255613 -0.683454 0.683778
    outer loop
      vertex 94.5402 -22.1867 113.241
      vertex 94.475 -22.5535 112.85
      vertex 96.2917 -22.0704 114.012
    endloop
  endfacet
  facet normal -0.306826 0.54602 0.779564
    outer loop
      vertex 96.2917 20.2282 115.302
      vertex 94.728 20.683 114.368
      vertex 94.7735 20.3188 114.641
    endloop
  endfacet
  facet normal -0.0413648 0.965103 0.258584
    outer loop
      vertex 96.2917 26.4831 106.369
      vertex 93.1498 26.7423 104.899
      vertex 93.2973 26.5115 105.784
    endloop
  endfacet
  facet normal -0.374428 -0.240922 0.89541
    outer loop
      vertex 94.9626 -17.8971 115.776
      vertex 94.9452 -18.2603 115.671
      vertex 96.2917 -18.1899 116.253
    endloop
  endfacet
  facet normal -0.255513 0.683592 0.683678
    outer loop
      vertex 96.2917 23.6606 112.422
      vertex 94.475 22.5535 112.85
      vertex 96.2917 22.0704 114.012
    endloop
  endfacet
  facet normal -0.255601 0.683687 0.68355
    outer loop
      vertex 94.475 22.5535 112.85
      vertex 96.2917 23.6606 112.422
      vertex 94.2521 23.8079 111.512
    endloop
  endfacet
  facet normal -0.255613 0.683454 0.683778
    outer loop
      vertex 96.2917 22.0704 114.012
      vertex 94.475 22.5535 112.85
      vertex 94.5402 22.1867 113.241
    endloop
  endfacet
  facet normal -0.306882 0.545922 0.779611
    outer loop
      vertex 96.2917 22.0704 114.012
      vertex 94.728 20.683 114.368
      vertex 96.2917 20.2282 115.302
    endloop
  endfacet
  facet normal -0.306914 0.54595 0.779578
    outer loop
      vertex 94.728 20.683 114.368
      vertex 96.2917 22.0704 114.012
      vertex 94.5402 22.1867 113.241
    endloop
  endfacet
  facet normal -0.0414473 0.965113 0.258533
    outer loop
      vertex 96.2917 26.4831 106.369
      vertex 93.5464 26.1217 107.278
      vertex 96.2917 25.901 108.542
    endloop
  endfacet
  facet normal -0.0413873 0.965071 0.258698
    outer loop
      vertex 93.5464 26.1217 107.278
      vertex 96.2917 26.4831 106.369
      vertex 93.2973 26.5115 105.784
    endloop
  endfacet
  facet normal 0 0.984806 0.17366
    outer loop
      vertex 93.1489 26.7432 104.894
      vertex 96.2917 26.4831 106.369
      vertex 96.3017 26.4831 106.369
    endloop
  endfacet
  facet normal -0.00184696 0.984124 0.177475
    outer loop
      vertex 96.2917 26.4831 106.369
      vertex 93.1489 26.7432 104.894
      vertex 93.1498 26.7423 104.899
    endloop
  endfacet
  facet normal -0.19308 0.803693 0.562847
    outer loop
      vertex 96.2917 24.9506 110.58
      vertex 94.2521 23.8079 111.512
      vertex 96.2917 23.6606 112.422
    endloop
  endfacet
  facet normal -0.192997 0.803635 0.562959
    outer loop
      vertex 94.2521 23.8079 111.512
      vertex 96.2917 24.9506 110.58
      vertex 94.0125 24.757 110.075
    endloop
  endfacet
  facet normal -0 0.258917 0.965899
    outer loop
      vertex 104.661 17.5786 120.623
      vertex 104.671 15.4037 121.206
      vertex 104.671 17.5786 120.623
    endloop
  endfacet
  facet normal 0 0.258917 0.965899
    outer loop
      vertex 104.671 15.4037 121.206
      vertex 104.661 17.5786 120.623
      vertex 104.661 15.4037 121.206
    endloop
  endfacet
  facet normal -0 0.573418 0.819263
    outer loop
      vertex 104.661 21.4638 118.38
      vertex 104.671 19.6193 119.671
      vertex 104.671 21.4638 118.38
    endloop
  endfacet
  facet normal 0 0.573418 0.819263
    outer loop
      vertex 104.671 19.6193 119.671
      vertex 104.661 21.4638 118.38
      vertex 104.661 19.6193 119.671
    endloop
  endfacet
  facet normal -0.0669404 -0.96291 0.261389
    outer loop
      vertex 96.2958 -25.9078 108.518
      vertex 104.661 -25.299 112.903
      vertex 96.2917 -25.901 108.542
    endloop
  endfacet
  facet normal -0.0705683 -0.960825 0.26802
    outer loop
      vertex 96.2958 -25.9078 108.518
      vertex 101.347 -29.0498 98.5842
      vertex 104.661 -25.299 112.903
    endloop
  endfacet
  facet normal -0.0706075 -0.960823 0.268019
    outer loop
      vertex 97.0224 -28.8076 98.3139
      vertex 96.2958 -25.9078 108.518
      vertex 96.2958 -28.7438 98.3512
    endloop
  endfacet
  facet normal -0.0705634 -0.960825 0.268023
    outer loop
      vertex 96.2958 -25.9078 108.518
      vertex 97.0224 -28.8076 98.3139
      vertex 101.347 -29.0498 98.5842
    endloop
  endfacet
  facet normal -0.404518 0.386633 0.828783
    outer loop
      vertex 104.661 19.6193 119.671
      vertex 96.2917 20.2282 115.302
      vertex 104.661 17.5786 120.623
    endloop
  endfacet
  facet normal 0 -0.573418 0.819263
    outer loop
      vertex 104.661 -19.6193 119.671
      vertex 104.671 -21.4638 118.38
      vertex 104.671 -19.6193 119.671
    endloop
  endfacet
  facet normal 0 -0.573418 0.819263
    outer loop
      vertex 104.671 -21.4638 118.38
      vertex 104.661 -19.6193 119.671
      vertex 104.661 -21.4638 118.38
    endloop
  endfacet
  facet normal -0.150849 -0.897939 0.413461
    outer loop
      vertex 99.9781 -24.6849 112.502
      vertex 96.2917 -24.9506 110.58
      vertex 100 -24.6895 112.5
    endloop
  endfacet
  facet normal -0.153268 -0.895828 0.417135
    outer loop
      vertex 104.661 -25.299 112.903
      vertex 101.234 -24.5944 113.157
      vertex 101.149 -24.6362 113.036
    endloop
  endfacet
  facet normal -0.153166 -0.895558 0.417751
    outer loop
      vertex 101.234 -24.5944 113.157
      vertex 104.661 -25.299 112.903
      vertex 104.661 -24.3474 114.943
    endloop
  endfacet
  facet normal -0.153217 -0.895642 0.417552
    outer loop
      vertex 100.964 -24.6908 112.851
      vertex 104.661 -25.299 112.903
      vertex 101.149 -24.6362 113.036
    endloop
  endfacet
  facet normal -0.153223 -0.895692 0.417442
    outer loop
      vertex 100.75 -24.7241 112.701
      vertex 104.661 -25.299 112.903
      vertex 100.964 -24.6908 112.851
    endloop
  endfacet
  facet normal -0.153246 -0.896346 0.416029
    outer loop
      vertex 100.513 -24.7351 112.59
      vertex 104.661 -25.299 112.903
      vertex 100.75 -24.7241 112.701
    endloop
  endfacet
  facet normal -0.153343 -0.892325 0.424549
    outer loop
      vertex 100.26 -24.7235 112.523
      vertex 104.661 -25.299 112.903
      vertex 100.513 -24.7351 112.59
    endloop
  endfacet
  facet normal -0.154087 -0.894688 0.419273
    outer loop
      vertex 96.2917 -24.9506 110.58
      vertex 100.26 -24.7235 112.523
      vertex 100 -24.6895 112.5
    endloop
  endfacet
  facet normal -0.153173 -0.895665 0.417519
    outer loop
      vertex 100.26 -24.7235 112.523
      vertex 96.2917 -24.9506 110.58
      vertex 104.661 -25.299 112.903
    endloop
  endfacet
  facet normal 0 -0.707085 0.707129
    outer loop
      vertex 104.661 -23.0559 116.788
      vertex 104.671 -21.4638 118.38
      vertex 104.661 -21.4638 118.38
    endloop
  endfacet
  facet normal 0 -0.707085 0.707129
    outer loop
      vertex 104.671 -21.4638 118.38
      vertex 104.661 -23.0559 116.788
      vertex 104.671 -23.0559 116.788
    endloop
  endfacet
  facet normal -0.457076 -0.0774224 0.886052
    outer loop
      vertex 104.661 -13.1606 121.402
      vertex 96.2917 -16.0176 116.835
      vertex 104.661 -15.4037 121.206
    endloop
  endfacet
  facet normal 0 -0.0870474 0.996204
    outer loop
      vertex 104.661 -13.1606 121.402
      vertex 104.671 -15.4037 121.206
      vertex 104.671 -13.1606 121.402
    endloop
  endfacet
  facet normal 0 -0.0870474 0.996204
    outer loop
      vertex 104.671 -15.4037 121.206
      vertex 104.661 -13.1606 121.402
      vertex 104.661 -15.4037 121.206
    endloop
  endfacet
  facet normal -0.233276 0.79663 0.557641
    outer loop
      vertex 104.661 24.3474 114.943
      vertex 101.44 23.785 114.399
      vertex 104.661 23.0559 116.788
    endloop
  endfacet
  facet normal -0.233221 0.797503 0.556415
    outer loop
      vertex 104.661 24.3474 114.943
      vertex 101.477 23.8928 114.26
      vertex 101.44 23.785 114.399
    endloop
  endfacet
  facet normal -0.233434 0.796087 0.55835
    outer loop
      vertex 104.661 24.3474 114.943
      vertex 101.5 24.0819 114
      vertex 101.477 23.8928 114.26
    endloop
  endfacet
  facet normal -0.233476 0.795948 0.558531
    outer loop
      vertex 104.661 24.3474 114.943
      vertex 101.477 24.2576 113.74
      vertex 101.5 24.0819 114
    endloop
  endfacet
  facet normal -0.232775 0.797534 0.556556
    outer loop
      vertex 104.661 24.3474 114.943
      vertex 101.41 24.4146 113.487
      vertex 101.477 24.2576 113.74
    endloop
  endfacet
  facet normal -0.23341 0.796395 0.557921
    outer loop
      vertex 104.661 24.3474 114.943
      vertex 101.299 24.5481 113.25
      vertex 101.41 24.4146 113.487
    endloop
  endfacet
  facet normal -0.234315 0.794984 0.559551
    outer loop
      vertex 101.299 24.5481 113.25
      vertex 104.661 24.3474 114.943
      vertex 101.234 24.5944 113.157
    endloop
  endfacet
  facet normal -0.231614 0.798383 0.555824
    outer loop
      vertex 99.25 24.3322 112.701
      vertex 96.2917 24.9506 110.58
      vertex 99.1992 24.2924 112.737
    endloop
  endfacet
  facet normal -0.232812 0.797124 0.557129
    outer loop
      vertex 99.487 24.479 112.59
      vertex 96.2917 24.9506 110.58
      vertex 99.25 24.3322 112.701
    endloop
  endfacet
  facet normal -0.234164 0.79549 0.558895
    outer loop
      vertex 99.7395 24.6004 112.523
      vertex 96.2917 24.9506 110.58
      vertex 99.487 24.479 112.59
    endloop
  endfacet
  facet normal -0.233155 0.796867 0.557352
    outer loop
      vertex 96.2917 24.9506 110.58
      vertex 99.7395 24.6004 112.523
      vertex 99.9781 24.6849 112.502
    endloop
  endfacet
  facet normal -0.0248118 -0.965641 0.258692
    outer loop
      vertex 104.661 -25.299 112.903
      vertex 101.347 -29.0498 98.5842
      vertex 101.525 -29.0514 98.5953
    endloop
  endfacet
  facet normal 0 -0.906251 0.42274
    outer loop
      vertex 104.661 -25.299 112.903
      vertex 104.671 -24.3474 114.943
      vertex 104.661 -24.3474 114.943
    endloop
  endfacet
  facet normal 0 -0.906251 0.42274
    outer loop
      vertex 104.671 -24.3474 114.943
      vertex 104.661 -25.299 112.903
      vertex 104.671 -25.299 112.903
    endloop
  endfacet
  facet normal 0 -0.258917 0.965899
    outer loop
      vertex 104.661 -15.4037 121.206
      vertex 104.671 -17.5786 120.623
      vertex 104.671 -15.4037 121.206
    endloop
  endfacet
  facet normal 0 -0.258917 0.965899
    outer loop
      vertex 104.671 -17.5786 120.623
      vertex 104.661 -15.4037 121.206
      vertex 104.661 -17.5786 120.623
    endloop
  endfacet
  facet normal -0.233276 -0.79663 0.557641
    outer loop
      vertex 101.44 -23.785 114.399
      vertex 104.661 -24.3474 114.943
      vertex 104.661 -23.0559 116.788
    endloop
  endfacet
  facet normal -0.233221 -0.797503 0.556415
    outer loop
      vertex 101.477 -23.8928 114.26
      vertex 104.661 -24.3474 114.943
      vertex 101.44 -23.785 114.399
    endloop
  endfacet
  facet normal -0.233434 -0.796087 0.55835
    outer loop
      vertex 101.5 -24.0819 114
      vertex 104.661 -24.3474 114.943
      vertex 101.477 -23.8928 114.26
    endloop
  endfacet
  facet normal -0.233476 -0.795948 0.558531
    outer loop
      vertex 101.477 -24.2576 113.74
      vertex 104.661 -24.3474 114.943
      vertex 101.5 -24.0819 114
    endloop
  endfacet
  facet normal -0.232775 -0.797534 0.556556
    outer loop
      vertex 101.41 -24.4146 113.487
      vertex 104.661 -24.3474 114.943
      vertex 101.477 -24.2576 113.74
    endloop
  endfacet
  facet normal -0.23341 -0.796395 0.557921
    outer loop
      vertex 101.299 -24.5481 113.25
      vertex 104.661 -24.3474 114.943
      vertex 101.41 -24.4146 113.487
    endloop
  endfacet
  facet normal -0.234315 -0.794984 0.559551
    outer loop
      vertex 104.661 -24.3474 114.943
      vertex 101.299 -24.5481 113.25
      vertex 101.234 -24.5944 113.157
    endloop
  endfacet
  facet normal -0.233155 -0.796867 0.557352
    outer loop
      vertex 99.7395 -24.6004 112.523
      vertex 96.2917 -24.9506 110.58
      vertex 99.9781 -24.6849 112.502
    endloop
  endfacet
  facet normal -0.234164 -0.79549 0.558895
    outer loop
      vertex 99.487 -24.479 112.59
      vertex 96.2917 -24.9506 110.58
      vertex 99.7395 -24.6004 112.523
    endloop
  endfacet
  facet normal -0.232812 -0.797124 0.557129
    outer loop
      vertex 99.25 -24.3322 112.701
      vertex 96.2917 -24.9506 110.58
      vertex 99.487 -24.479 112.59
    endloop
  endfacet
  facet normal -0.231614 -0.798383 0.555824
    outer loop
      vertex 96.2917 -24.9506 110.58
      vertex 99.25 -24.3322 112.701
      vertex 99.1992 -24.2924 112.737
    endloop
  endfacet
  facet normal 0 0.906251 0.42274
    outer loop
      vertex 104.671 25.299 112.903
      vertex 104.661 24.3474 114.943
      vertex 104.671 24.3474 114.943
    endloop
  endfacet
  facet normal 0 0.906251 0.42274
    outer loop
      vertex 104.661 24.3474 114.943
      vertex 104.671 25.299 112.903
      vertex 104.661 25.299 112.903
    endloop
  endfacet
  facet normal 0 0.990619 0.13665
    outer loop
      vertex 96.3017 26.4831 106.369
      vertex 104.661 25.8818 110.728
      vertex 104.671 25.8818 110.728
    endloop
  endfacet
  facet normal 0 0.990619 0.13665
    outer loop
      vertex 104.661 25.8818 110.728
      vertex 96.3017 26.4831 106.369
      vertex 96.2917 26.4831 106.369
    endloop
  endfacet
  facet normal -0.404497 0.386676 0.828772
    outer loop
      vertex 96.2917 20.2282 115.302
      vertex 96.2917 18.1899 116.253
      vertex 104.661 17.5786 120.623
    endloop
  endfacet
  facet normal -0.462933 0 0.886393
    outer loop
      vertex 96.2917 13.7773 117.031
      vertex 104.661 -13.1606 121.402
      vertex 104.661 13.1606 121.402
    endloop
  endfacet
  facet normal -0.462933 0 0.886393
    outer loop
      vertex 104.661 -13.1606 121.402
      vertex 96.2917 13.7773 117.031
      vertex 96.2917 -13.7773 117.031
    endloop
  endfacet
  facet normal -0.360071 0.534956 0.764311
    outer loop
      vertex 104.661 21.4638 118.38
      vertex 96.2917 20.2282 115.302
      vertex 104.661 19.6193 119.671
    endloop
  endfacet
  facet normal -0.436722 -0.232921 0.86892
    outer loop
      vertex 104.661 -15.4037 121.206
      vertex 96.2917 -16.0176 116.835
      vertex 104.661 -17.5786 120.623
    endloop
  endfacet
  facet normal -0.360055 -0.535129 0.764197
    outer loop
      vertex 96.2917 -20.2282 115.302
      vertex 96.2917 -22.0704 114.012
      vertex 104.661 -21.4638 118.38
    endloop
  endfacet
  facet normal -0.233066 -0.797113 0.557037
    outer loop
      vertex 96.2917 -23.6606 112.422
      vertex 98.5905 -23.5885 113.487
      vertex 98.5589 -23.4968 113.605
    endloop
  endfacet
  facet normal -0.233383 -0.796569 0.557683
    outer loop
      vertex 96.2917 -23.6606 112.422
      vertex 98.701 -23.7868 113.25
      vertex 98.5905 -23.5885 113.487
    endloop
  endfacet
  facet normal -0.233534 -0.796174 0.558183
    outer loop
      vertex 96.2917 -23.6606 112.422
      vertex 98.8509 -23.9808 113.036
      vertex 98.701 -23.7868 113.25
    endloop
  endfacet
  facet normal -0.233421 -0.796743 0.557418
    outer loop
      vertex 96.2917 -23.6606 112.422
      vertex 99.0358 -24.1644 112.851
      vertex 98.8509 -23.9808 113.036
    endloop
  endfacet
  facet normal -0.233431 -0.796477 0.557794
    outer loop
      vertex 96.2917 -24.9506 110.58
      vertex 99.0358 -24.1644 112.851
      vertex 96.2917 -23.6606 112.422
    endloop
  endfacet
  facet normal -0.234001 -0.795954 0.558301
    outer loop
      vertex 99.0358 -24.1644 112.851
      vertex 96.2917 -24.9506 110.58
      vertex 99.1992 -24.2924 112.737
    endloop
  endfacet
  facet normal -0.233368 -0.796564 0.557696
    outer loop
      vertex 101.299 -23.4978 114.75
      vertex 104.661 -23.0559 116.788
      vertex 101.153 -23.3094 114.958
    endloop
  endfacet
  facet normal -0.233194 -0.796782 0.557457
    outer loop
      vertex 101.41 -23.6961 114.513
      vertex 104.661 -23.0559 116.788
      vertex 101.299 -23.4978 114.75
    endloop
  endfacet
  facet normal -0.234327 -0.795557 0.55873
    outer loop
      vertex 104.661 -23.0559 116.788
      vertex 101.41 -23.6961 114.513
      vertex 101.44 -23.785 114.399
    endloop
  endfacet
  facet normal -0.302921 0.673776 0.673992
    outer loop
      vertex 104.661 21.4638 118.38
      vertex 100.26 22.3891 115.477
      vertex 100 22.2492 115.5
    endloop
  endfacet
  facet normal -0.303299 0.673211 0.674386
    outer loop
      vertex 104.661 21.4638 118.38
      vertex 100.513 22.5702 115.41
      vertex 100.26 22.3891 115.477
    endloop
  endfacet
  facet normal -0.302262 0.674607 0.673457
    outer loop
      vertex 104.661 21.4638 118.38
      vertex 100.75 22.7872 115.299
      vertex 100.513 22.5702 115.41
    endloop
  endfacet
  facet normal -0.302916 0.673706 0.674064
    outer loop
      vertex 104.661 23.0559 116.788
      vertex 100.964 23.0335 115.149
      vertex 100.75 22.7872 115.299
    endloop
  endfacet
  facet normal -0.302726 0.674227 0.673628
    outer loop
      vertex 104.661 23.0559 116.788
      vertex 101.149 23.3014 114.964
      vertex 100.964 23.0335 115.149
    endloop
  endfacet
  facet normal -0.307313 0.664522 0.681153
    outer loop
      vertex 101.149 23.3014 114.964
      vertex 104.661 23.0559 116.788
      vertex 101.153 23.3094 114.958
    endloop
  endfacet
  facet normal -0.302872 0.673874 0.673916
    outer loop
      vertex 100.75 22.7872 115.299
      vertex 104.661 21.4638 118.38
      vertex 104.661 23.0559 116.788
    endloop
  endfacet
  facet normal -0.303252 0.673238 0.674381
    outer loop
      vertex 99.7395 22.1549 115.477
      vertex 104.661 21.4638 118.38
      vertex 100 22.2492 115.5
    endloop
  endfacet
  facet normal -0.300999 0.677129 0.671488
    outer loop
      vertex 99.487 22.1091 115.41
      vertex 104.661 21.4638 118.38
      vertex 99.7395 22.1549 115.477
    endloop
  endfacet
  facet normal -0.30712 0.666051 0.679745
    outer loop
      vertex 99.25 22.1131 115.299
      vertex 104.661 21.4638 118.38
      vertex 99.487 22.1091 115.41
    endloop
  endfacet
  facet normal -0.302978 0.673666 0.674076
    outer loop
      vertex 99.25 22.1131 115.299
      vertex 96.2917 22.0704 114.012
      vertex 104.661 21.4638 118.38
    endloop
  endfacet
  facet normal -0.302852 0.674025 0.673774
    outer loop
      vertex 99.0358 22.1668 115.149
      vertex 96.2917 22.0704 114.012
      vertex 99.25 22.1131 115.299
    endloop
  endfacet
  facet normal -0.302796 0.674199 0.673624
    outer loop
      vertex 98.8509 22.2686 114.964
      vertex 96.2917 22.0704 114.012
      vertex 99.0358 22.1668 115.149
    endloop
  endfacet
  facet normal -0.30297 0.673509 0.674236
    outer loop
      vertex 98.701 22.4154 114.75
      vertex 96.2917 22.0704 114.012
      vertex 98.8509 22.2686 114.964
    endloop
  endfacet
  facet normal -0.30291 0.673935 0.673838
    outer loop
      vertex 98.5905 22.6027 114.513
      vertex 96.2917 22.0704 114.012
      vertex 98.701 22.4154 114.75
    endloop
  endfacet
  facet normal -0.302915 0.674407 0.673362
    outer loop
      vertex 98.5228 22.8249 114.26
      vertex 96.2917 22.0704 114.012
      vertex 98.5905 22.6027 114.513
    endloop
  endfacet
  facet normal -0.302688 0.673354 0.674518
    outer loop
      vertex 98.5 23.0751 114
      vertex 96.2917 22.0704 114.012
      vertex 98.5228 22.8249 114.26
    endloop
  endfacet
  facet normal -0.302687 0.673352 0.67452
    outer loop
      vertex 98.5228 23.3458 113.74
      vertex 96.2917 22.0704 114.012
      vertex 98.5 23.0751 114
    endloop
  endfacet
  facet normal -0.303437 0.674375 0.67316
    outer loop
      vertex 98.5589 23.4968 113.605
      vertex 96.2917 22.0704 114.012
      vertex 98.5228 23.3458 113.74
    endloop
  endfacet
  facet normal -0.30296 0.673833 0.673917
    outer loop
      vertex 96.2917 22.0704 114.012
      vertex 98.5589 23.4968 113.605
      vertex 96.2917 23.6606 112.422
    endloop
  endfacet
  facet normal -0.0250661 -0.965621 0.258742
    outer loop
      vertex 101.525 -29.0514 98.5953
      vertex 104.661 -25.8818 110.728
      vertex 104.661 -25.299 112.903
    endloop
  endfacet
  facet normal -0.0248416 -0.965641 0.258689
    outer loop
      vertex 104.661 -25.8818 110.728
      vertex 101.525 -29.0514 98.5953
      vertex 101.846 -29.0543 98.6153
    endloop
  endfacet
  facet normal -0 0 1
    outer loop
      vertex 104.661 13.1606 121.402
      vertex 104.671 -13.1606 121.402
      vertex 104.671 13.1606 121.402
    endloop
  endfacet
  facet normal 0 0 1
    outer loop
      vertex 104.671 -13.1606 121.402
      vertex 104.661 13.1606 121.402
      vertex 104.661 -13.1606 121.402
    endloop
  endfacet
  facet normal -0.457046 -0.0775197 0.886058
    outer loop
      vertex 96.2917 -13.7773 117.031
      vertex 96.2917 -16.0176 116.835
      vertex 104.661 -13.1606 121.402
    endloop
  endfacet
  facet normal -0.153207 -0.895597 0.417652
    outer loop
      vertex 96.2917 -24.9506 110.58
      vertex 96.2917 -25.901 108.542
      vertex 104.661 -25.299 112.903
    endloop
  endfacet
  facet normal -0.0109061 -0.966688 0.255725
    outer loop
      vertex 104.661 -25.8818 110.728
      vertex 101.846 -29.0543 98.6153
      vertex 104.661 -29.0395 98.7913
    endloop
  endfacet
  facet normal -0.404518 -0.386633 0.828783
    outer loop
      vertex 104.661 -17.5786 120.623
      vertex 96.2917 -20.2282 115.302
      vertex 104.661 -19.6193 119.671
    endloop
  endfacet
  facet normal -0.360071 -0.534956 0.764311
    outer loop
      vertex 104.661 -19.6193 119.671
      vertex 96.2917 -20.2282 115.302
      vertex 104.661 -21.4638 118.38
    endloop
  endfacet
  facet normal -0.457046 0.0775197 0.886058
    outer loop
      vertex 96.2917 16.0176 116.835
      vertex 96.2917 13.7773 117.031
      vertex 104.661 13.1606 121.402
    endloop
  endfacet
  facet normal -0.065211 0.963887 0.258205
    outer loop
      vertex 96.2917 26.4831 106.369
      vertex 96.2917 25.901 108.542
      vertex 104.661 25.299 112.903
    endloop
  endfacet
  facet normal -0.153207 0.895597 0.417652
    outer loop
      vertex 96.2917 25.901 108.542
      vertex 96.2917 24.9506 110.58
      vertex 104.661 25.299 112.903
    endloop
  endfacet
  facet normal 0 -0.422766 0.906239
    outer loop
      vertex 104.661 -17.5786 120.623
      vertex 104.671 -19.6193 119.671
      vertex 104.671 -17.5786 120.623
    endloop
  endfacet
  facet normal 0 -0.422766 0.906239
    outer loop
      vertex 104.671 -19.6193 119.671
      vertex 104.661 -17.5786 120.623
      vertex 104.661 -19.6193 119.671
    endloop
  endfacet
  facet normal -0.404497 -0.386676 0.828772
    outer loop
      vertex 96.2917 -18.1899 116.253
      vertex 96.2917 -20.2282 115.302
      vertex 104.661 -17.5786 120.623
    endloop
  endfacet
  facet normal 0 -0.819232 0.573462
    outer loop
      vertex 104.661 -24.3474 114.943
      vertex 104.671 -23.0559 116.788
      vertex 104.661 -23.0559 116.788
    endloop
  endfacet
  facet normal 0 -0.819232 0.573462
    outer loop
      vertex 104.671 -23.0559 116.788
      vertex 104.661 -24.3474 114.943
      vertex 104.671 -24.3474 114.943
    endloop
  endfacet
  facet normal 0 0.707085 0.707129
    outer loop
      vertex 104.671 23.0559 116.788
      vertex 104.661 21.4638 118.38
      vertex 104.671 21.4638 118.38
    endloop
  endfacet
  facet normal 0 0.707085 0.707129
    outer loop
      vertex 104.661 21.4638 118.38
      vertex 104.671 23.0559 116.788
      vertex 104.661 23.0559 116.788
    endloop
  endfacet
  facet normal 0 0.819232 0.573462
    outer loop
      vertex 104.671 24.3474 114.943
      vertex 104.661 23.0559 116.788
      vertex 104.671 23.0559 116.788
    endloop
  endfacet
  facet normal 0 0.819232 0.573462
    outer loop
      vertex 104.661 23.0559 116.788
      vertex 104.671 24.3474 114.943
      vertex 104.661 24.3474 114.943
    endloop
  endfacet
  facet normal -0.436716 0.232809 0.868953
    outer loop
      vertex 96.2917 18.1899 116.253
      vertex 96.2917 16.0176 116.835
      vertex 104.661 17.5786 120.623
    endloop
  endfacet
  facet normal -0.436716 -0.232809 0.868953
    outer loop
      vertex 96.2917 -16.0176 116.835
      vertex 96.2917 -18.1899 116.253
      vertex 104.661 -17.5786 120.623
    endloop
  endfacet
  facet normal -0.302921 -0.673776 0.673992
    outer loop
      vertex 100.26 -22.3891 115.477
      vertex 104.661 -21.4638 118.38
      vertex 100 -22.2492 115.5
    endloop
  endfacet
  facet normal -0.303252 -0.673238 0.674381
    outer loop
      vertex 104.661 -21.4638 118.38
      vertex 99.7395 -22.1549 115.477
      vertex 100 -22.2492 115.5
    endloop
  endfacet
  facet normal -0.300999 -0.677129 0.671488
    outer loop
      vertex 104.661 -21.4638 118.38
      vertex 99.487 -22.1091 115.41
      vertex 99.7395 -22.1549 115.477
    endloop
  endfacet
  facet normal -0.30712 -0.666051 0.679745
    outer loop
      vertex 104.661 -21.4638 118.38
      vertex 99.25 -22.1131 115.299
      vertex 99.487 -22.1091 115.41
    endloop
  endfacet
  facet normal -0.302978 -0.673666 0.674076
    outer loop
      vertex 96.2917 -22.0704 114.012
      vertex 99.25 -22.1131 115.299
      vertex 104.661 -21.4638 118.38
    endloop
  endfacet
  facet normal -0.302852 -0.674025 0.673774
    outer loop
      vertex 96.2917 -22.0704 114.012
      vertex 99.0358 -22.1668 115.149
      vertex 99.25 -22.1131 115.299
    endloop
  endfacet
  facet normal -0.302796 -0.674199 0.673624
    outer loop
      vertex 96.2917 -22.0704 114.012
      vertex 98.8509 -22.2686 114.964
      vertex 99.0358 -22.1668 115.149
    endloop
  endfacet
  facet normal -0.30297 -0.673509 0.674236
    outer loop
      vertex 96.2917 -22.0704 114.012
      vertex 98.701 -22.4154 114.75
      vertex 98.8509 -22.2686 114.964
    endloop
  endfacet
  facet normal -0.30291 -0.673935 0.673838
    outer loop
      vertex 96.2917 -22.0704 114.012
      vertex 98.5905 -22.6027 114.513
      vertex 98.701 -22.4154 114.75
    endloop
  endfacet
  facet normal -0.302915 -0.674407 0.673362
    outer loop
      vertex 96.2917 -22.0704 114.012
      vertex 98.5228 -22.8249 114.26
      vertex 98.5905 -22.6027 114.513
    endloop
  endfacet
  facet normal -0.302688 -0.673354 0.674518
    outer loop
      vertex 96.2917 -22.0704 114.012
      vertex 98.5 -23.0751 114
      vertex 98.5228 -22.8249 114.26
    endloop
  endfacet
  facet normal -0.302687 -0.673352 0.67452
    outer loop
      vertex 96.2917 -22.0704 114.012
      vertex 98.5228 -23.3458 113.74
      vertex 98.5 -23.0751 114
    endloop
  endfacet
  facet normal -0.303437 -0.674375 0.67316
    outer loop
      vertex 96.2917 -22.0704 114.012
      vertex 98.5589 -23.4968 113.605
      vertex 98.5228 -23.3458 113.74
    endloop
  endfacet
  facet normal -0.30296 -0.673833 0.673917
    outer loop
      vertex 98.5589 -23.4968 113.605
      vertex 96.2917 -22.0704 114.012
      vertex 96.2917 -23.6606 112.422
    endloop
  endfacet
  facet normal -0.303299 -0.673211 0.674386
    outer loop
      vertex 100.513 -22.5702 115.41
      vertex 104.661 -21.4638 118.38
      vertex 100.26 -22.3891 115.477
    endloop
  endfacet
  facet normal -0.302262 -0.674607 0.673457
    outer loop
      vertex 100.75 -22.7872 115.299
      vertex 104.661 -21.4638 118.38
      vertex 100.513 -22.5702 115.41
    endloop
  endfacet
  facet normal -0.302872 -0.673874 0.673916
    outer loop
      vertex 104.661 -21.4638 118.38
      vertex 100.75 -22.7872 115.299
      vertex 104.661 -23.0559 116.788
    endloop
  endfacet
  facet normal -0.302916 -0.673706 0.674064
    outer loop
      vertex 100.964 -23.0335 115.149
      vertex 104.661 -23.0559 116.788
      vertex 100.75 -22.7872 115.299
    endloop
  endfacet
  facet normal -0.302726 -0.674227 0.673628
    outer loop
      vertex 101.149 -23.3014 114.964
      vertex 104.661 -23.0559 116.788
      vertex 100.964 -23.0335 115.149
    endloop
  endfacet
  facet normal -0.307313 -0.664522 0.681153
    outer loop
      vertex 104.661 -23.0559 116.788
      vertex 101.149 -23.3014 114.964
      vertex 101.153 -23.3094 114.958
    endloop
  endfacet
  facet normal -0.153166 0.895558 0.417751
    outer loop
      vertex 104.661 25.299 112.903
      vertex 101.234 24.5944 113.157
      vertex 104.661 24.3474 114.943
    endloop
  endfacet
  facet normal -0.153268 0.895828 0.417135
    outer loop
      vertex 101.234 24.5944 113.157
      vertex 104.661 25.299 112.903
      vertex 101.149 24.6362 113.036
    endloop
  endfacet
  facet normal -0.153217 0.895642 0.417552
    outer loop
      vertex 104.661 25.299 112.903
      vertex 100.964 24.6908 112.851
      vertex 101.149 24.6362 113.036
    endloop
  endfacet
  facet normal -0.153223 0.895692 0.417442
    outer loop
      vertex 104.661 25.299 112.903
      vertex 100.75 24.7241 112.701
      vertex 100.964 24.6908 112.851
    endloop
  endfacet
  facet normal -0.153246 0.896346 0.416029
    outer loop
      vertex 104.661 25.299 112.903
      vertex 100.513 24.7351 112.59
      vertex 100.75 24.7241 112.701
    endloop
  endfacet
  facet normal -0.153343 0.892325 0.424549
    outer loop
      vertex 104.661 25.299 112.903
      vertex 100.26 24.7235 112.523
      vertex 100.513 24.7351 112.59
    endloop
  endfacet
  facet normal -0.153173 0.895665 0.417519
    outer loop
      vertex 96.2917 24.9506 110.58
      vertex 100.26 24.7235 112.523
      vertex 104.661 25.299 112.903
    endloop
  endfacet
  facet normal -0.154087 0.894688 0.419273
    outer loop
      vertex 100.26 24.7235 112.523
      vertex 96.2917 24.9506 110.58
      vertex 100 24.6895 112.5
    endloop
  endfacet
  facet normal -0.150849 0.897939 0.413461
    outer loop
      vertex 99.9781 24.6849 112.502
      vertex 100 24.6895 112.5
      vertex 96.2917 24.9506 110.58
    endloop
  endfacet
  facet normal -0.0652663 0.963865 0.258272
    outer loop
      vertex 104.661 25.8818 110.728
      vertex 96.2917 26.4831 106.369
      vertex 104.661 25.299 112.903
    endloop
  endfacet
  facet normal 0 0.965925 0.258823
    outer loop
      vertex 104.671 25.8818 110.728
      vertex 104.661 25.299 112.903
      vertex 104.671 25.299 112.903
    endloop
  endfacet
  facet normal 0 0.965925 0.258823
    outer loop
      vertex 104.661 25.299 112.903
      vertex 104.671 25.8818 110.728
      vertex 104.661 25.8818 110.728
    endloop
  endfacet
  facet normal 0.0164745 0.99428 0.105524
    outer loop
      vertex 104.663 25.8831 110.717
      vertex 96.3017 26.4831 106.369
      vertex 104.671 25.8818 110.728
    endloop
  endfacet
  facet normal 0.00807042 0.992565 0.121449
    outer loop
      vertex 104.663 27.3423 98.7914
      vertex 96.3017 26.4831 106.369
      vertex 104.663 25.8831 110.717
    endloop
  endfacet
  facet normal 0.00807333 0.992564 0.121452
    outer loop
      vertex 96.3017 26.4831 106.369
      vertex 104.663 27.3423 98.7914
      vertex 98.4655 27.4401 98.4041
    endloop
  endfacet
  facet normal -0 0.422766 0.906239
    outer loop
      vertex 104.661 19.6193 119.671
      vertex 104.671 17.5786 120.623
      vertex 104.671 19.6193 119.671
    endloop
  endfacet
  facet normal 0 0.422766 0.906239
    outer loop
      vertex 104.671 17.5786 120.623
      vertex 104.661 19.6193 119.671
      vertex 104.661 17.5786 120.623
    endloop
  endfacet
  facet normal -0.360055 0.535129 0.764197
    outer loop
      vertex 96.2917 22.0704 114.012
      vertex 96.2917 20.2282 115.302
      vertex 104.661 21.4638 118.38
    endloop
  endfacet
  facet normal -0.436722 0.232921 0.86892
    outer loop
      vertex 104.661 17.5786 120.623
      vertex 96.2917 16.0176 116.835
      vertex 104.661 15.4037 121.206
    endloop
  endfacet
  facet normal -0.457076 0.0774224 0.886052
    outer loop
      vertex 104.661 15.4037 121.206
      vertex 96.2917 16.0176 116.835
      vertex 104.661 13.1606 121.402
    endloop
  endfacet
  facet normal -0.233368 0.796564 0.557696
    outer loop
      vertex 104.661 23.0559 116.788
      vertex 101.299 23.4978 114.75
      vertex 101.153 23.3094 114.958
    endloop
  endfacet
  facet normal -0.233194 0.796782 0.557457
    outer loop
      vertex 104.661 23.0559 116.788
      vertex 101.41 23.6961 114.513
      vertex 101.299 23.4978 114.75
    endloop
  endfacet
  facet normal -0.234327 0.795557 0.55873
    outer loop
      vertex 101.41 23.6961 114.513
      vertex 104.661 23.0559 116.788
      vertex 101.44 23.785 114.399
    endloop
  endfacet
  facet normal -0.233066 0.797113 0.557037
    outer loop
      vertex 98.5905 23.5885 113.487
      vertex 96.2917 23.6606 112.422
      vertex 98.5589 23.4968 113.605
    endloop
  endfacet
  facet normal -0.233383 0.796569 0.557683
    outer loop
      vertex 98.701 23.7868 113.25
      vertex 96.2917 23.6606 112.422
      vertex 98.5905 23.5885 113.487
    endloop
  endfacet
  facet normal -0.233534 0.796174 0.558183
    outer loop
      vertex 98.8509 23.9808 113.036
      vertex 96.2917 23.6606 112.422
      vertex 98.701 23.7868 113.25
    endloop
  endfacet
  facet normal -0.233421 0.796743 0.557418
    outer loop
      vertex 99.0358 24.1644 112.851
      vertex 96.2917 23.6606 112.422
      vertex 98.8509 23.9808 113.036
    endloop
  endfacet
  facet normal -0.234001 0.795954 0.558301
    outer loop
      vertex 96.2917 24.9506 110.58
      vertex 99.0358 24.1644 112.851
      vertex 99.1992 24.2924 112.737
    endloop
  endfacet
  facet normal -0.233431 0.796477 0.557794
    outer loop
      vertex 99.0358 24.1644 112.851
      vertex 96.2917 24.9506 110.58
      vertex 96.2917 23.6606 112.422
    endloop
  endfacet
  facet normal 0.0032214 0.99275 0.120156
    outer loop
      vertex 97.0224 27.4557 98.3139
      vertex 96.3017 26.4831 106.369
      vertex 98.4655 27.4401 98.4041
    endloop
  endfacet
  facet normal 0.00327624 0.992749 0.120161
    outer loop
      vertex 96.3017 26.4831 106.369
      vertex 97.0224 27.4557 98.3139
      vertex 96.3017 27.4536 98.3509
    endloop
  endfacet
  facet normal 0 -0.965925 0.258823
    outer loop
      vertex 104.661 -25.8818 110.728
      vertex 104.671 -25.299 112.903
      vertex 104.661 -25.299 112.903
    endloop
  endfacet
  facet normal 0 -0.965925 0.258823
    outer loop
      vertex 104.671 -25.299 112.903
      vertex 104.661 -25.8818 110.728
      vertex 104.671 -25.8818 110.728
    endloop
  endfacet
  facet normal -0 0.0870474 0.996204
    outer loop
      vertex 104.661 15.4037 121.206
      vertex 104.671 13.1606 121.402
      vertex 104.671 15.4037 121.206
    endloop
  endfacet
  facet normal 0 0.0870474 0.996204
    outer loop
      vertex 104.671 13.1606 121.402
      vertex 104.661 15.4037 121.206
      vertex 104.661 13.1606 121.402
    endloop
  endfacet
  facet normal 0.0529478 0.422173 0.904968
    outer loop
      vertex 104.671 19.6193 119.671
      vertex 104.671 17.5786 120.623
      vertex 113.174 17.4082 120.205
    endloop
  endfacet
  facet normal 0.0525967 0.258295 0.964633
    outer loop
      vertex 113.174 17.4082 120.205
      vertex 104.671 17.5786 120.623
      vertex 113.174 15.1861 120.8
    endloop
  endfacet
  facet normal 0.0507296 0.572679 0.818208
    outer loop
      vertex 104.671 21.4638 118.38
      vertex 104.671 19.6193 119.671
      vertex 113.174 21.3778 117.913
    endloop
  endfacet
  facet normal 0.0529478 -0.422173 0.904968
    outer loop
      vertex 104.671 -17.5786 120.623
      vertex 104.671 -19.6193 119.671
      vertex 113.174 -17.4082 120.205
    endloop
  endfacet
  facet normal 0.0459397 -0.706338 0.706382
    outer loop
      vertex 104.671 -23.0559 116.788
      vertex 113.174 -21.3778 117.913
      vertex 104.671 -21.4638 118.38
    endloop
  endfacet
  facet normal 0.0459685 -0.706424 0.706294
    outer loop
      vertex 113.174 -21.3778 117.913
      vertex 104.671 -23.0559 116.788
      vertex 113.174 -23.0045 116.286
    endloop
  endfacet
  facet normal 0.0507293 -0.57268 0.818208
    outer loop
      vertex 113.174 -19.4933 119.232
      vertex 104.671 -19.6193 119.671
      vertex 113.174 -21.3778 117.913
    endloop
  endfacet
  facet normal 0.0293586 -0.905926 0.422418
    outer loop
      vertex 113.174 -24.3241 114.402
      vertex 104.671 -24.3474 114.943
      vertex 113.174 -25.2963 112.317
    endloop
  endfacet
  facet normal 0.0507296 -0.572679 0.818208
    outer loop
      vertex 104.671 -19.6193 119.671
      vertex 104.671 -21.4638 118.38
      vertex 113.174 -21.3778 117.913
    endloop
  endfacet
  facet normal 0.0496553 -0.0872571 0.994948
    outer loop
      vertex 113.174 -12.8942 121.001
      vertex 104.671 -13.1606 121.402
      vertex 113.174 -15.1861 120.8
    endloop
  endfacet
  facet normal 0.0471075 0 0.99889
    outer loop
      vertex 104.671 13.1606 121.402
      vertex 113.174 -12.8942 121.001
      vertex 113.174 12.8942 121.001
    endloop
  endfacet
  facet normal 0.0471075 0 0.99889
    outer loop
      vertex 113.174 -12.8942 121.001
      vertex 104.671 13.1606 121.402
      vertex 104.671 -13.1606 121.402
    endloop
  endfacet
  facet normal 0.00901757 0.99059 0.136565
    outer loop
      vertex 113.166 25.8927 110.088
      vertex 104.671 25.8818 110.728
      vertex 113.174 25.8918 110.094
    endloop
  endfacet
  facet normal 0.00845261 0.991579 0.12923
    outer loop
      vertex 107.425 27.3914 98.964
      vertex 113.166 25.8927 110.088
      vertex 113.166 27.2957 99.3228
    endloop
  endfacet
  facet normal 0.00846326 0.991579 0.129224
    outer loop
      vertex 113.166 25.8927 110.088
      vertex 107.425 27.3914 98.964
      vertex 104.671 25.8818 110.728
    endloop
  endfacet
  facet normal 0.0293586 0.905926 0.422418
    outer loop
      vertex 113.174 25.2963 112.317
      vertex 104.671 24.3474 114.943
      vertex 113.174 24.3241 114.402
    endloop
  endfacet
  facet normal 0.0459397 0.706338 0.706382
    outer loop
      vertex 113.174 21.3778 117.913
      vertex 104.671 23.0559 116.788
      vertex 104.671 21.4638 118.38
    endloop
  endfacet
  facet normal 0.0459685 0.706424 0.706294
    outer loop
      vertex 104.671 23.0559 116.788
      vertex 113.174 21.3778 117.913
      vertex 113.174 23.0045 116.286
    endloop
  endfacet
  facet normal 0.00797398 -0.965904 0.258778
    outer loop
      vertex 107.913 -28.9985 98.9945
      vertex 104.671 -25.299 112.903
      vertex 107.745 -29.0027 98.984
    endloop
  endfacet
  facet normal -0.00594178 -0.966729 0.255736
    outer loop
      vertex 104.661 -25.8818 110.728
      vertex 104.661 -29.0395 98.7913
      vertex 107.415 -29.0109 98.9634
    endloop
  endfacet
  facet normal 0.0507293 0.57268 0.818208
    outer loop
      vertex 113.174 21.3778 117.913
      vertex 104.671 19.6193 119.671
      vertex 113.174 19.4933 119.232
    endloop
  endfacet
  facet normal 0.0529773 0.422275 0.904918
    outer loop
      vertex 113.174 19.4933 119.232
      vertex 104.671 19.6193 119.671
      vertex 113.174 17.4082 120.205
    endloop
  endfacet
  facet normal 0.0387165 -0.818454 0.573266
    outer loop
      vertex 113.174 -23.0045 116.286
      vertex 104.671 -24.3474 114.943
      vertex 113.174 -24.3241 114.402
    endloop
  endfacet
  facet normal 0.0387791 -0.818616 0.573031
    outer loop
      vertex 104.671 -23.0559 116.788
      vertex 104.671 -24.3474 114.943
      vertex 113.174 -23.0045 116.286
    endloop
  endfacet
  facet normal 0.0387791 0.818616 0.573031
    outer loop
      vertex 104.671 24.3474 114.943
      vertex 104.671 23.0559 116.788
      vertex 113.174 23.0045 116.286
    endloop
  endfacet
  facet normal 0.0387165 0.818454 0.573266
    outer loop
      vertex 113.174 24.3241 114.402
      vertex 104.671 24.3474 114.943
      vertex 113.174 23.0045 116.286
    endloop
  endfacet
  facet normal 0.0497326 -0.0869397 0.994971
    outer loop
      vertex 104.671 -13.1606 121.402
      vertex 104.671 -15.4037 121.206
      vertex 113.174 -15.1861 120.8
    endloop
  endfacet
  facet normal 0.0496553 0.0872571 0.994948
    outer loop
      vertex 113.174 15.1861 120.8
      vertex 104.671 13.1606 121.402
      vertex 113.174 12.8942 121.001
    endloop
  endfacet
  facet normal 0.0497326 0.0869397 0.994971
    outer loop
      vertex 104.671 15.4037 121.206
      vertex 104.671 13.1606 121.402
      vertex 113.174 15.1861 120.8
    endloop
  endfacet
  facet normal 0.0526724 0.258558 0.964559
    outer loop
      vertex 104.671 17.5786 120.623
      vertex 104.671 15.4037 121.206
      vertex 113.174 15.1861 120.8
    endloop
  endfacet
  facet normal -0.0253282 0.992279 0.121414
    outer loop
      vertex 104.663 27.3423 98.7914
      vertex 104.663 25.8831 110.717
      vertex 107.415 27.3915 98.9634
    endloop
  endfacet
  facet normal 0.00815449 -0.965893 0.258815
    outer loop
      vertex 104.671 -25.8818 110.728
      vertex 107.745 -29.0027 98.984
      vertex 104.671 -25.299 112.903
    endloop
  endfacet
  facet normal 0.00827125 -0.965884 0.258843
    outer loop
      vertex 107.745 -29.0027 98.984
      vertex 104.671 -25.8818 110.728
      vertex 107.425 -29.0108 98.964
    endloop
  endfacet
  facet normal 0.0294089 0.905859 0.422557
    outer loop
      vertex 104.671 25.299 112.903
      vertex 104.671 24.3474 114.943
      vertex 113.174 25.2963 112.317
    endloop
  endfacet
  facet normal 0.0181365 0.965783 0.258715
    outer loop
      vertex 113.174 25.8918 110.094
      vertex 104.671 25.299 112.903
      vertex 113.174 25.2963 112.317
    endloop
  endfacet
  facet normal -0.0104662 0.992119 0.124862
    outer loop
      vertex 107.425 27.3914 98.964
      vertex 104.663 25.8831 110.717
      vertex 104.671 25.8818 110.728
    endloop
  endfacet
  facet normal 0.00224942 0.991796 0.127809
    outer loop
      vertex 104.663 25.8831 110.717
      vertex 107.425 27.3914 98.964
      vertex 107.415 27.3915 98.9634
    endloop
  endfacet
  facet normal 0.0529773 -0.422275 0.904918
    outer loop
      vertex 113.174 -17.4082 120.205
      vertex 104.671 -19.6193 119.671
      vertex 113.174 -19.4933 119.232
    endloop
  endfacet
  facet normal 0.018302 -0.965133 0.26112
    outer loop
      vertex 104.671 -25.299 112.903
      vertex 113.173 -25.3066 112.279
      vertex 113.174 -25.2963 112.317
    endloop
  endfacet
  facet normal 0.0182923 -0.965169 0.260988
    outer loop
      vertex 107.913 -28.9985 98.9945
      vertex 113.173 -25.3066 112.279
      vertex 104.671 -25.299 112.903
    endloop
  endfacet
  facet normal 0.0182736 -0.965167 0.260995
    outer loop
      vertex 113.173 -25.3066 112.279
      vertex 107.913 -28.9985 98.9945
      vertex 113.173 -28.81 99.3233
    endloop
  endfacet
  facet normal 0.0181594 0.965765 0.258781
    outer loop
      vertex 104.671 25.8818 110.728
      vertex 104.671 25.299 112.903
      vertex 113.174 25.8918 110.094
    endloop
  endfacet
  facet normal 0.0525967 -0.258295 0.964633
    outer loop
      vertex 113.174 -15.1861 120.8
      vertex 104.671 -17.5786 120.623
      vertex 113.174 -17.4082 120.205
    endloop
  endfacet
  facet normal 0.0526724 -0.258558 0.964559
    outer loop
      vertex 104.671 -15.4037 121.206
      vertex 104.671 -17.5786 120.623
      vertex 113.174 -15.1861 120.8
    endloop
  endfacet
  facet normal 0.0294089 -0.905859 0.422557
    outer loop
      vertex 104.671 -24.3474 114.943
      vertex 104.671 -25.299 112.903
      vertex 113.174 -25.2963 112.317
    endloop
  endfacet
  facet normal 0 -0.966401 0.257039
    outer loop
      vertex 107.415 -29.0109 98.9634
      vertex 104.671 -25.8818 110.728
      vertex 104.661 -25.8818 110.728
    endloop
  endfacet
  facet normal -0.00568072 -0.966714 0.255798
    outer loop
      vertex 104.671 -25.8818 110.728
      vertex 107.415 -29.0109 98.9634
      vertex 107.425 -29.0108 98.964
    endloop
  endfacet
  facet normal 0.445258 0 0.895402
    outer loop
      vertex 113.174 12.8942 121.001
      vertex 121.787 -12.9232 116.718
      vertex 121.787 12.9232 116.718
    endloop
  endfacet
  facet normal 0.445258 0 0.895402
    outer loop
      vertex 121.787 -12.9232 116.718
      vertex 113.174 12.8942 121.001
      vertex 113.174 -12.8942 121.001
    endloop
  endfacet
  facet normal 0.43096 0.233401 0.871664
    outer loop
      vertex 113.174 17.4082 120.205
      vertex 113.174 15.1861 120.8
      vertex 121.787 15.308 116.509
    endloop
  endfacet
  facet normal 0.44367 0.0782408 0.892768
    outer loop
      vertex 121.787 15.308 116.509
      vertex 113.174 15.1861 120.8
      vertex 121.787 12.9232 116.718
    endloop
  endfacet
  facet normal 0.405437 -0.386554 0.82837
    outer loop
      vertex 113.174 -17.4082 120.205
      vertex 113.174 -19.4933 119.232
      vertex 121.787 -19.79 114.878
    endloop
  endfacet
  facet normal -0.00339169 -0.965323 0.261037
    outer loop
      vertex 113.173 -25.3066 112.279
      vertex 113.173 -28.81 99.3233
      vertex 116.011 -28.772 99.5007
    endloop
  endfacet
  facet normal 0.44368 -0.0782951 0.892759
    outer loop
      vertex 113.174 -12.8942 121.001
      vertex 113.174 -15.1861 120.8
      vertex 121.787 -12.9232 116.718
    endloop
  endfacet
  facet normal 0.43096 -0.233401 0.871664
    outer loop
      vertex 113.174 -15.1861 120.8
      vertex 113.174 -17.4082 120.205
      vertex 121.787 -15.308 116.509
    endloop
  endfacet
  facet normal 0.168974 -0.893305 0.416478
    outer loop
      vertex 121.787 -24.8168 109.851
      vertex 113.174 -25.2963 112.317
      vertex 121.787 -25.8285 107.681
    endloop
  endfacet
  facet normal 0.366885 0.533569 0.762036
    outer loop
      vertex 121.787 21.7509 113.505
      vertex 113.174 21.3778 117.913
      vertex 121.787 19.79 114.878
    endloop
  endfacet
  facet normal 0.168974 0.893305 0.416478
    outer loop
      vertex 121.787 25.8285 107.681
      vertex 113.174 25.2963 112.317
      vertex 121.787 24.8168 109.851
    endloop
  endfacet
  facet normal 0.366892 -0.53343 0.76213
    outer loop
      vertex 113.174 -19.4933 119.232
      vertex 113.174 -21.3778 117.913
      vertex 121.787 -19.79 114.878
    endloop
  endfacet
  facet normal 0.314413 -0.671309 0.671185
    outer loop
      vertex 113.174 -21.3778 117.913
      vertex 113.174 -23.0045 116.286
      vertex 121.787 -23.4437 111.812
    endloop
  endfacet
  facet normal 0.405508 -0.386391 0.828411
    outer loop
      vertex 121.787 -17.6203 115.89
      vertex 113.174 -17.4082 120.205
      vertex 121.787 -19.79 114.878
    endloop
  endfacet
  facet normal 0.405437 0.386554 0.82837
    outer loop
      vertex 113.174 19.4933 119.232
      vertex 113.174 17.4082 120.205
      vertex 121.787 19.79 114.878
    endloop
  endfacet
  facet normal 0.248158 -0.79353 0.555633
    outer loop
      vertex 121.787 -23.4437 111.812
      vertex 113.174 -23.0045 116.286
      vertex 121.787 -24.8168 109.851
    endloop
  endfacet
  facet normal 0.430954 0.233348 0.871681
    outer loop
      vertex 121.787 17.6203 115.89
      vertex 113.174 17.4082 120.205
      vertex 121.787 15.308 116.509
    endloop
  endfacet
  facet normal 0.0793412 0.962897 0.257942
    outer loop
      vertex 113.174 25.8918 110.094
      vertex 113.174 25.2963 112.317
      vertex 121.787 25.8285 107.681
    endloop
  endfacet
  facet normal 0.079369 0.962868 0.258042
    outer loop
      vertex 121.787 26.4481 105.369
      vertex 113.174 25.8918 110.094
      vertex 121.787 25.8285 107.681
    endloop
  endfacet
  facet normal 0.405508 0.386391 0.828411
    outer loop
      vertex 121.787 19.79 114.878
      vertex 113.174 17.4082 120.205
      vertex 121.787 17.6203 115.89
    endloop
  endfacet
  facet normal 0.168986 -0.893282 0.416522
    outer loop
      vertex 113.174 -24.3241 114.402
      vertex 113.174 -25.2963 112.317
      vertex 121.787 -24.8168 109.851
    endloop
  endfacet
  facet normal 0.248256 -0.793427 0.555736
    outer loop
      vertex 113.174 -23.0045 116.286
      vertex 113.174 -24.3241 114.402
      vertex 121.787 -24.8168 109.851
    endloop
  endfacet
  facet normal -0.0499011 0.990379 0.129073
    outer loop
      vertex 113.166 27.2957 99.3228
      vertex 113.166 25.8927 110.088
      vertex 115.536 27.3958 99.471
    endloop
  endfacet
  facet normal 0.0936408 -0.95438 0.283531
    outer loop
      vertex 113.174 -25.2963 112.317
      vertex 121.785 -25.8385 107.648
      vertex 121.787 -25.8285 107.681
    endloop
  endfacet
  facet normal 0.0913654 -0.955789 0.279498
    outer loop
      vertex 116.021 -28.7718 99.5013
      vertex 121.785 -25.8385 107.648
      vertex 113.174 -25.2963 112.317
    endloop
  endfacet
  facet normal 0.0913256 -0.955789 0.279513
    outer loop
      vertex 121.785 -25.8385 107.648
      vertex 119.753 -28.3469 99.7345
      vertex 121.785 -27.9435 100.45
    endloop
  endfacet
  facet normal 0.0911455 -0.955675 0.27996
    outer loop
      vertex 121.103 -28.1225 100.061
      vertex 121.785 -27.9435 100.45
      vertex 119.753 -28.3469 99.7345
    endloop
  endfacet
  facet normal 0.097517 -0.957955 0.269839
    outer loop
      vertex 121.785 -27.9435 100.45
      vertex 121.103 -28.1225 100.061
      vertex 121.715 -27.9664 100.394
    endloop
  endfacet
  facet normal 0.0916386 -0.956132 0.278235
    outer loop
      vertex 121.103 -28.1225 100.061
      vertex 119.753 -28.3469 99.7345
      vertex 120.442 -28.2506 99.8385
    endloop
  endfacet
  facet normal 0.0913542 -0.955788 0.279506
    outer loop
      vertex 121.785 -25.8385 107.648
      vertex 116.021 -28.7718 99.5013
      vertex 119.753 -28.3469 99.7345
    endloop
  endfacet
  facet normal 0.366885 -0.533569 0.762036
    outer loop
      vertex 121.787 -19.79 114.878
      vertex 113.174 -21.3778 117.913
      vertex 121.787 -21.7509 113.505
    endloop
  endfacet
  facet normal 0.314432 -0.671282 0.671203
    outer loop
      vertex 121.787 -21.7509 113.505
      vertex 113.174 -21.3778 117.913
      vertex 121.787 -23.4437 111.812
    endloop
  endfacet
  facet normal 0.44367 -0.0782408 0.892768
    outer loop
      vertex 121.787 -12.9232 116.718
      vertex 113.174 -15.1861 120.8
      vertex 121.787 -15.308 116.509
    endloop
  endfacet
  facet normal 0.314432 0.671282 0.671203
    outer loop
      vertex 121.787 23.4437 111.812
      vertex 113.174 21.3778 117.913
      vertex 121.787 21.7509 113.505
    endloop
  endfacet
  facet normal 0.44368 0.0782951 0.892759
    outer loop
      vertex 113.174 15.1861 120.8
      vertex 113.174 12.8942 121.001
      vertex 121.787 12.9232 116.718
    endloop
  endfacet
  facet normal 0.314413 0.671309 0.671185
    outer loop
      vertex 113.174 23.0045 116.286
      vertex 113.174 21.3778 117.913
      vertex 121.787 23.4437 111.812
    endloop
  endfacet
  facet normal 0.248158 0.79353 0.555633
    outer loop
      vertex 121.787 24.8168 109.851
      vertex 113.174 23.0045 116.286
      vertex 121.787 23.4437 111.812
    endloop
  endfacet
  facet normal 0.430954 -0.233348 0.871681
    outer loop
      vertex 121.787 -15.308 116.509
      vertex 113.174 -17.4082 120.205
      vertex 121.787 -17.6203 115.89
    endloop
  endfacet
  facet normal 0.00535588 0.989945 0.141351
    outer loop
      vertex 115.546 27.3957 99.4716
      vertex 113.166 25.8927 110.088
      vertex 113.174 25.8918 110.094
    endloop
  endfacet
  facet normal 0.00147087 0.99008 0.140499
    outer loop
      vertex 113.166 25.8927 110.088
      vertex 115.546 27.3957 99.4716
      vertex 115.536 27.3958 99.471
    endloop
  endfacet
  facet normal 0.00601175 0.991791 0.127728
    outer loop
      vertex 121.78 26.4484 105.367
      vertex 113.174 25.8918 110.094
      vertex 121.787 26.4481 105.369
    endloop
  endfacet
  facet normal 0.0303389 0.984771 0.171191
    outer loop
      vertex 121.779 26.4493 105.362
      vertex 113.174 25.8918 110.094
      vertex 121.78 26.4484 105.367
    endloop
  endfacet
  facet normal 0.0147208 0.989556 0.143392
    outer loop
      vertex 121.103 27.2275 100.061
      vertex 121.779 26.4493 105.362
      vertex 121.779 27.1618 100.445
    endloop
  endfacet
  facet normal 0.0163489 0.989933 0.14059
    outer loop
      vertex 121.103 27.2275 100.061
      vertex 121.779 27.1618 100.445
      vertex 121.715 27.1701 100.394
    endloop
  endfacet
  facet normal 0.0147605 0.989557 0.143387
    outer loop
      vertex 120.442 27.2696 99.8385
      vertex 121.779 26.4493 105.362
      vertex 121.103 27.2275 100.061
    endloop
  endfacet
  facet normal 0.0146905 0.989555 0.143404
    outer loop
      vertex 121.779 26.4493 105.362
      vertex 120.442 27.2696 99.8385
      vertex 119.753 27.2949 99.7345
    endloop
  endfacet
  facet normal 0.0147497 0.989557 0.143383
    outer loop
      vertex 115.546 27.3957 99.4716
      vertex 121.779 26.4493 105.362
      vertex 119.753 27.2949 99.7345
    endloop
  endfacet
  facet normal 0.0147415 0.989556 0.143391
    outer loop
      vertex 121.779 26.4493 105.362
      vertex 115.546 27.3957 99.4716
      vertex 113.174 25.8918 110.094
    endloop
  endfacet
  facet normal 0.168986 0.893282 0.416522
    outer loop
      vertex 113.174 25.2963 112.317
      vertex 113.174 24.3241 114.402
      vertex 121.787 24.8168 109.851
    endloop
  endfacet
  facet normal 0.248256 0.793427 0.555736
    outer loop
      vertex 113.174 24.3241 114.402
      vertex 113.174 23.0045 116.286
      vertex 121.787 24.8168 109.851
    endloop
  endfacet
  facet normal 0.366892 0.53343 0.76213
    outer loop
      vertex 113.174 21.3778 117.913
      vertex 113.174 19.4933 119.232
      vertex 121.787 19.79 114.878
    endloop
  endfacet
  facet normal -0.000536738 -0.965169 0.261626
    outer loop
      vertex 113.173 -25.3066 112.279
      vertex 116.021 -28.7718 99.5013
      vertex 113.174 -25.2963 112.317
    endloop
  endfacet
  facet normal 0.0035503 -0.964933 0.262473
    outer loop
      vertex 116.021 -28.7718 99.5013
      vertex 113.173 -25.3066 112.279
      vertex 116.011 -28.772 99.5007
    endloop
  endfacet
  facet normal 0.253528 -0.684045 0.683964
    outer loop
      vertex 121.787 -23.4437 111.812
      vertex 122.343 -21.7918 113.258
      vertex 121.787 -21.7509 113.505
    endloop
  endfacet
  facet normal 0.253115 -0.684042 0.68412
    outer loop
      vertex 122.343 -21.7918 113.258
      vertex 121.787 -23.4437 111.812
      vertex 122.547 -23.3515 111.623
    endloop
  endfacet
  facet normal 0.188552 -0.80446 0.563286
    outer loop
      vertex 121.787 -24.8168 109.851
      vertex 122.593 -23.6434 111.257
      vertex 121.787 -23.4437 111.812
    endloop
  endfacet
  facet normal 0.188346 -0.804439 0.563386
    outer loop
      vertex 122.593 -23.6434 111.257
      vertex 121.787 -24.8168 109.851
      vertex 122.829 -24.9104 109.369
    endloop
  endfacet
  facet normal 0.347776 -0.396118 0.849789
    outer loop
      vertex 121.787 -17.6203 115.89
      vertex 122.155 -19.7171 114.762
      vertex 122.027 -17.6327 115.786
    endloop
  endfacet
  facet normal 0.346521 -0.396515 0.850117
    outer loop
      vertex 122.155 -19.7171 114.762
      vertex 121.787 -17.6203 115.89
      vertex 121.787 -19.79 114.878
    endloop
  endfacet
  facet normal 0.0308421 0.965456 0.258735
    outer loop
      vertex 123.17 26.0633 106.64
      vertex 121.787 26.4481 105.369
      vertex 121.787 25.8285 107.681
    endloop
  endfacet
  facet normal 0.0307924 0.965444 0.258786
    outer loop
      vertex 121.787 26.4481 105.369
      vertex 123.17 26.0633 106.64
      vertex 123.429 26.6099 104.57
    endloop
  endfacet
  facet normal 0.0499086 -0.953717 0.296534
    outer loop
      vertex 121.787 -25.8285 107.681
      vertex 123.472 -26.8155 104.223
      vertex 123.119 -25.9553 107.049
    endloop
  endfacet
  facet normal 0.0497889 -0.95374 0.296482
    outer loop
      vertex 123.123 -27.5114 102.043
      vertex 123.472 -26.8155 104.223
      vertex 121.787 -25.8285 107.681
    endloop
  endfacet
  facet normal 0.0506461 -0.953737 0.296344
    outer loop
      vertex 123.472 -26.8155 104.223
      vertex 123.123 -27.5114 102.043
      vertex 123.478 -27.1085 103.279
    endloop
  endfacet
  facet normal 0.0498112 -0.95371 0.296575
    outer loop
      vertex 123.478 -27.1085 103.279
      vertex 123.123 -27.5114 102.043
      vertex 123.34 -27.3281 102.596
    endloop
  endfacet
  facet normal 0.306279 -0.546001 0.779792
    outer loop
      vertex 121.787 -21.7509 113.505
      vertex 122.169 -19.9042 114.648
      vertex 121.787 -19.79 114.878
    endloop
  endfacet
  facet normal 0.306257 -0.546002 0.7798
    outer loop
      vertex 122.169 -19.9042 114.648
      vertex 121.787 -21.7509 113.505
      vertex 122.343 -21.7918 113.258
    endloop
  endfacet
  facet normal 0.304923 0.548324 0.778693
    outer loop
      vertex 122.169 19.9042 114.648
      vertex 121.787 19.79 114.878
      vertex 122.161 19.8135 114.715
    endloop
  endfacet
  facet normal 0.113095 0.900867 0.419103
    outer loop
      vertex 123.119 25.9553 107.049
      vertex 121.787 25.8285 107.681
      vertex 123.074 25.7944 107.407
    endloop
  endfacet
  facet normal -0.0733356 0.986329 0.147573
    outer loop
      vertex 122.26 27.1393 100.829
      vertex 122.732 27.0936 101.369
      vertex 122.722 27.0954 101.352
    endloop
  endfacet
  facet normal -0.0680828 0.987368 0.14307
    outer loop
      vertex 122.732 27.0936 101.369
      vertex 122.26 27.1393 100.829
      vertex 121.779 26.4493 105.362
    endloop
  endfacet
  facet normal -0.0680355 0.987371 0.143075
    outer loop
      vertex 121.779 26.4493 105.362
      vertex 122.26 27.1393 100.829
      vertex 121.779 27.1618 100.445
    endloop
  endfacet
  facet normal 0.375555 0.239755 0.895252
    outer loop
      vertex 121.787 17.6203 115.89
      vertex 121.946 15.3586 116.429
      vertex 122.027 17.6327 115.786
    endloop
  endfacet
  facet normal 0.374375 0.239788 0.895737
    outer loop
      vertex 121.946 15.3586 116.429
      vertex 121.787 17.6203 115.89
      vertex 121.787 15.308 116.509
    endloop
  endfacet
  facet normal 0.030881 0.965441 0.258784
    outer loop
      vertex 123.17 26.0633 106.64
      vertex 121.787 25.8285 107.681
      vertex 123.119 25.9553 107.049
    endloop
  endfacet
  facet normal 0.113313 0.9005 0.419832
    outer loop
      vertex 122.829 24.9104 109.369
      vertex 121.787 25.8285 107.681
      vertex 121.787 24.8168 109.851
    endloop
  endfacet
  facet normal 0.113248 0.900492 0.419868
    outer loop
      vertex 121.787 25.8285 107.681
      vertex 122.829 24.9104 109.369
      vertex 123.074 25.7944 107.407
    endloop
  endfacet
  facet normal -0.0244068 -0.959514 0.280602
    outer loop
      vertex 121.785 -27.9435 100.45
      vertex 123.117 -27.5162 102.027
      vertex 121.785 -25.8385 107.648
    endloop
  endfacet
  facet normal -0.0241285 -0.959584 0.280386
    outer loop
      vertex 122.722 -27.7035 101.352
      vertex 123.117 -27.5162 102.027
      vertex 121.785 -27.9435 100.45
    endloop
  endfacet
  facet normal -0.0259955 -0.959243 0.281384
    outer loop
      vertex 123.117 -27.5162 102.027
      vertex 122.722 -27.7035 101.352
      vertex 123.085 -27.5388 101.947
    endloop
  endfacet
  facet normal -0.0241105 -0.959589 0.280369
    outer loop
      vertex 122.722 -27.7035 101.352
      vertex 121.785 -27.9435 100.45
      vertex 122.26 -27.8447 100.829
    endloop
  endfacet
  facet normal 0.395624 0 0.918413
    outer loop
      vertex 121.787 12.9232 116.718
      vertex 121.917 -12.9266 116.662
      vertex 121.917 12.9266 116.662
    endloop
  endfacet
  facet normal 0.395624 0 0.918413
    outer loop
      vertex 121.917 -12.9266 116.662
      vertex 121.787 12.9232 116.718
      vertex 121.787 -12.9232 116.718
    endloop
  endfacet
  facet normal 0.113313 -0.9005 0.419832
    outer loop
      vertex 121.787 -25.8285 107.681
      vertex 122.829 -24.9104 109.369
      vertex 121.787 -24.8168 109.851
    endloop
  endfacet
  facet normal 0.113248 -0.900492 0.419868
    outer loop
      vertex 122.829 -24.9104 109.369
      vertex 121.787 -25.8285 107.681
      vertex 123.074 -25.7944 107.407
    endloop
  endfacet
  facet normal 0.253205 -0.683267 0.68486
    outer loop
      vertex 122.547 -23.3515 111.623
      vertex 121.787 -23.4437 111.812
      vertex 122.568 -23.5081 111.459
    endloop
  endfacet
  facet normal 0.374375 -0.239788 0.895737
    outer loop
      vertex 121.787 -17.6203 115.89
      vertex 121.946 -15.3586 116.429
      vertex 121.787 -15.308 116.509
    endloop
  endfacet
  facet normal 0.375555 -0.239755 0.895252
    outer loop
      vertex 121.946 -15.3586 116.429
      vertex 121.787 -17.6203 115.89
      vertex 122.027 -17.6327 115.786
    endloop
  endfacet
  facet normal 0.369414 -0.252921 0.894183
    outer loop
      vertex 121.945 -15.3141 116.442
      vertex 121.787 -15.308 116.509
      vertex 121.946 -15.3586 116.429
    endloop
  endfacet
  facet normal 0.113095 -0.900867 0.419103
    outer loop
      vertex 123.074 -25.7944 107.407
      vertex 121.787 -25.8285 107.681
      vertex 123.119 -25.9553 107.049
    endloop
  endfacet
  facet normal 0.187868 -0.805144 0.562538
    outer loop
      vertex 122.568 -23.5081 111.459
      vertex 121.787 -23.4437 111.812
      vertex 122.593 -23.6434 111.257
    endloop
  endfacet
  facet normal 0.346387 -0.393603 0.851524
    outer loop
      vertex 122.155 -19.7171 114.762
      vertex 121.787 -19.79 114.878
      vertex 122.161 -19.8135 114.715
    endloop
  endfacet
  facet normal 0.393453 -0.0628832 0.917192
    outer loop
      vertex 121.917 -12.9266 116.662
      vertex 121.787 -12.9232 116.718
      vertex 121.918 -12.9641 116.659
    endloop
  endfacet
  facet normal 0.388332 -0.0804521 0.918001
    outer loop
      vertex 121.787 -15.308 116.509
      vertex 121.918 -12.9641 116.659
      vertex 121.787 -12.9232 116.718
    endloop
  endfacet
  facet normal 0.386504 -0.0803996 0.918777
    outer loop
      vertex 121.918 -12.9641 116.659
      vertex 121.787 -15.308 116.509
      vertex 121.945 -15.3141 116.442
    endloop
  endfacet
  facet normal 0.0145968 -0.957168 0.289166
    outer loop
      vertex 121.785 -25.8385 107.648
      vertex 123.123 -27.5114 102.043
      vertex 121.787 -25.8285 107.681
    endloop
  endfacet
  facet normal 0.00239526 -0.95807 0.286523
    outer loop
      vertex 123.123 -27.5114 102.043
      vertex 121.785 -25.8385 107.648
      vertex 123.117 -27.5162 102.027
    endloop
  endfacet
  facet normal 0.386504 0.0803996 0.918777
    outer loop
      vertex 121.787 15.308 116.509
      vertex 121.918 12.9641 116.659
      vertex 121.945 15.3141 116.442
    endloop
  endfacet
  facet normal 0.388332 0.0804521 0.918001
    outer loop
      vertex 121.918 12.9641 116.659
      vertex 121.787 15.308 116.509
      vertex 121.787 12.9232 116.718
    endloop
  endfacet
  facet normal 0.304923 -0.548324 0.778693
    outer loop
      vertex 122.161 -19.8135 114.715
      vertex 121.787 -19.79 114.878
      vertex 122.169 -19.9042 114.648
    endloop
  endfacet
  facet normal 0.253115 0.684042 0.68412
    outer loop
      vertex 121.787 23.4437 111.812
      vertex 122.343 21.7918 113.258
      vertex 122.547 23.3515 111.623
    endloop
  endfacet
  facet normal 0.253528 0.684045 0.683964
    outer loop
      vertex 122.343 21.7918 113.258
      vertex 121.787 23.4437 111.812
      vertex 121.787 21.7509 113.505
    endloop
  endfacet
  facet normal 0.187868 0.805144 0.562538
    outer loop
      vertex 122.593 23.6434 111.257
      vertex 121.787 23.4437 111.812
      vertex 122.568 23.5081 111.459
    endloop
  endfacet
  facet normal 0.369414 0.252921 0.894183
    outer loop
      vertex 121.946 15.3586 116.429
      vertex 121.787 15.308 116.509
      vertex 121.945 15.3141 116.442
    endloop
  endfacet
  facet normal 0.393453 0.0628832 0.917192
    outer loop
      vertex 121.918 12.9641 116.659
      vertex 121.787 12.9232 116.718
      vertex 121.917 12.9266 116.662
    endloop
  endfacet
  facet normal -0.00986291 0.98379 0.179055
    outer loop
      vertex 123.429 26.6109 104.565
      vertex 121.779 26.4493 105.362
      vertex 121.78 26.4484 105.367
    endloop
  endfacet
  facet normal -0.0223459 0.987814 0.154028
    outer loop
      vertex 123.472 26.6652 104.223
      vertex 121.779 26.4493 105.362
      vertex 123.429 26.6109 104.565
    endloop
  endfacet
  facet normal -0.0223683 0.987818 0.153995
    outer loop
      vertex 123.478 26.8125 103.279
      vertex 121.779 26.4493 105.362
      vertex 123.472 26.6652 104.223
    endloop
  endfacet
  facet normal -0.0221558 0.987797 0.154165
    outer loop
      vertex 123.34 26.916 102.596
      vertex 121.779 26.4493 105.362
      vertex 123.478 26.8125 103.279
    endloop
  endfacet
  facet normal -0.0222663 0.987804 0.154104
    outer loop
      vertex 123.085 27.0115 101.947
      vertex 121.779 26.4493 105.362
      vertex 123.34 26.916 102.596
    endloop
  endfacet
  facet normal -0.0224635 0.987811 0.154029
    outer loop
      vertex 121.779 26.4493 105.362
      vertex 123.085 27.0115 101.947
      vertex 122.732 27.0936 101.369
    endloop
  endfacet
  facet normal -0.00119437 0.98058 0.196116
    outer loop
      vertex 123.429 26.6109 104.565
      vertex 121.787 26.4481 105.369
      vertex 123.429 26.6099 104.57
    endloop
  endfacet
  facet normal -0.00931503 0.983596 0.180142
    outer loop
      vertex 121.787 26.4481 105.369
      vertex 123.429 26.6109 104.565
      vertex 121.78 26.4484 105.367
    endloop
  endfacet
  facet normal 0.253205 0.683267 0.68486
    outer loop
      vertex 122.568 23.5081 111.459
      vertex 121.787 23.4437 111.812
      vertex 122.547 23.3515 111.623
    endloop
  endfacet
  facet normal 0.306257 0.546002 0.7798
    outer loop
      vertex 121.787 21.7509 113.505
      vertex 122.169 19.9042 114.648
      vertex 122.343 21.7918 113.258
    endloop
  endfacet
  facet normal 0.306279 0.546001 0.779792
    outer loop
      vertex 122.169 19.9042 114.648
      vertex 121.787 21.7509 113.505
      vertex 121.787 19.79 114.878
    endloop
  endfacet
  facet normal 0.188552 0.80446 0.563286
    outer loop
      vertex 122.593 23.6434 111.257
      vertex 121.787 24.8168 109.851
      vertex 121.787 23.4437 111.812
    endloop
  endfacet
  facet normal 0.188346 0.804439 0.563386
    outer loop
      vertex 121.787 24.8168 109.851
      vertex 122.593 23.6434 111.257
      vertex 122.829 24.9104 109.369
    endloop
  endfacet
  facet normal 0.346521 0.396515 0.850117
    outer loop
      vertex 121.787 17.6203 115.89
      vertex 122.155 19.7171 114.762
      vertex 121.787 19.79 114.878
    endloop
  endfacet
  facet normal 0.347776 0.396118 0.849789
    outer loop
      vertex 122.155 19.7171 114.762
      vertex 121.787 17.6203 115.89
      vertex 122.027 17.6327 115.786
    endloop
  endfacet
  facet normal 0.346387 0.393603 0.851524
    outer loop
      vertex 122.161 19.8135 114.715
      vertex 121.787 19.79 114.878
      vertex 122.155 19.7171 114.762
    endloop
  endfacet
  facet normal 0.0582064 0.954263 -0.293249
    outer loop
      vertex 96.2917 -24.3505 107.977
      vertex 92.8273 -25.6797 102.964
      vertex 93.4445 -24.5794 106.667
    endloop
  endfacet
  facet normal 0.0581165 0.954285 -0.293193
    outer loop
      vertex 94.1067 -26.8712 99.3395
      vertex 92.8273 -25.6797 102.964
      vertex 96.2917 -24.3505 107.977
    endloop
  endfacet
  facet normal 0.0578721 0.954275 -0.293275
    outer loop
      vertex 92.8273 -25.6797 102.964
      vertex 94.1067 -26.8712 99.3395
      vertex 92.773 -25.89 102.269
    endloop
  endfacet
  facet normal 0.0581308 0.954293 -0.293164
    outer loop
      vertex 92.773 -25.89 102.269
      vertex 94.1067 -26.8712 99.3395
      vertex 92.8403 -26.1073 101.575
    endloop
  endfacet
  facet normal 0.0582339 0.954304 -0.293109
    outer loop
      vertex 92.8403 -26.1073 101.575
      vertex 94.1067 -26.8712 99.3395
      vertex 93.0271 -26.3251 100.903
    endloop
  endfacet
  facet normal 0.0577816 0.954242 -0.2934
    outer loop
      vertex 93.0271 -26.3251 100.903
      vertex 94.1067 -26.8712 99.3395
      vertex 93.3277 -26.5367 100.274
    endloop
  endfacet
  facet normal 0.059 0.954456 -0.292461
    outer loop
      vertex 93.3277 -26.5367 100.274
      vertex 94.1067 -26.8712 99.3395
      vertex 93.7329 -26.7357 99.7063
    endloop
  endfacet
  facet normal 0.12065 -0.899731 -0.419438
    outer loop
      vertex 96.2917 24.3505 107.977
      vertex 93.5552 24.2847 107.331
      vertex 93.4445 24.5794 106.667
    endloop
  endfacet
  facet normal 0.192827 0.803669 -0.562969
    outer loop
      vertex 96.2917 -23.5217 109.755
      vertex 94.0611 -22.5578 110.367
      vertex 96.2917 -22.3967 111.361
    endloop
  endfacet
  facet normal 0.19294 0.803793 -0.562752
    outer loop
      vertex 94.0611 -22.5578 110.367
      vertex 96.2917 -23.5217 109.755
      vertex 93.8576 -23.3638 109.146
    endloop
  endfacet
  facet normal 0.306994 0.545638 -0.779766
    outer loop
      vertex 94.3621 -20.7473 112.172
      vertex 96.2917 -21.0098 112.748
      vertex 94.3129 -21.1412 111.877
    endloop
  endfacet
  facet normal 0.306941 0.545904 -0.7796
    outer loop
      vertex 96.2917 -21.0098 112.748
      vertex 94.5167 -19.5091 113.1
      vertex 96.2917 -19.4032 113.873
    endloop
  endfacet
  facet normal 0.306974 0.545936 -0.779565
    outer loop
      vertex 94.5167 -19.5091 113.1
      vertex 96.2917 -21.0098 112.748
      vertex 94.3621 -20.7473 112.172
    endloop
  endfacet
  facet normal 0.374275 0.240351 -0.895628
    outer loop
      vertex 94.7584 -15.7991 114.551
      vertex 96.2917 -15.7311 115.21
      vertex 94.7406 -16.1701 114.444
    endloop
  endfacet
  facet normal 0.192951 0.803754 -0.562805
    outer loop
      vertex 93.8576 -23.3638 109.146
      vertex 96.2917 -23.5217 109.755
      vertex 93.7688 -23.7157 108.613
    endloop
  endfacet
  facet normal 0.374339 0.240164 -0.895652
    outer loop
      vertex 96.2917 -17.6256 114.702
      vertex 94.7406 -16.1701 114.444
      vertex 96.2917 -15.7311 115.21
    endloop
  endfacet
  facet normal 0.374364 0.240194 -0.895633
    outer loop
      vertex 94.7406 -16.1701 114.444
      vertex 96.2917 -17.6256 114.702
      vertex 94.6667 -17.7105 114
    endloop
  endfacet
  facet normal 0.25565 -0.683326 -0.683892
    outer loop
      vertex 96.2917 21.0098 112.748
      vertex 94.3129 21.1412 111.877
      vertex 94.2487 21.5025 111.492
    endloop
  endfacet
  facet normal -0.0632212 -0.990664 -0.120782
    outer loop
      vertex 95.4401 25.8263 98.5347
      vertex 94.5086 25.8257 99.0272
      vertex 94.8055 25.8316 98.8234
    endloop
  endfacet
  facet normal -0.0626992 -0.990817 -0.119794
    outer loop
      vertex 94.5086 25.8257 99.0272
      vertex 95.4401 25.8263 98.5347
      vertex 96.3017 25.794 98.3509
    endloop
  endfacet
  facet normal -0.0624651 -0.990967 -0.118671
    outer loop
      vertex 96.3017 25.794 98.3509
      vertex 95.4401 25.8263 98.5347
      vertex 96.1153 25.8046 98.3605
    endloop
  endfacet
  facet normal -0.0627441 -0.9908 -0.119914
    outer loop
      vertex 94.5086 25.8257 99.0272
      vertex 96.3017 25.794 98.3509
      vertex 96.3017 24.8582 106.083
    endloop
  endfacet
  facet normal 0.346729 -0.395603 -0.850457
    outer loop
      vertex 96.2917 17.6256 114.702
      vertex 94.6667 17.7105 114
      vertex 94.6356 18.0831 113.814
    endloop
  endfacet
  facet normal -0.048989 0.962075 -0.268351
    outer loop
      vertex 96.2958 -27.0359 98.3512
      vertex 94.1147 -26.8735 99.3316
      vertex 96.2958 -24.3574 107.954
    endloop
  endfacet
  facet normal -0.0490397 0.962042 -0.268458
    outer loop
      vertex 94.8055 -26.9801 98.8234
      vertex 94.1147 -26.8735 99.3316
      vertex 96.2958 -27.0359 98.3512
    endloop
  endfacet
  facet normal -0.0509876 0.961245 -0.270939
    outer loop
      vertex 94.1147 -26.8735 99.3316
      vertex 94.8055 -26.9801 98.8234
      vertex 94.2306 -26.8994 99.2179
    endloop
  endfacet
  facet normal -0.049328 0.961782 -0.269337
    outer loop
      vertex 94.8055 -26.9801 98.8234
      vertex 96.2958 -27.0359 98.3512
      vertex 95.4401 -27.0284 98.5347
    endloop
  endfacet
  facet normal -0.0489791 0.962249 -0.267729
    outer loop
      vertex 95.4401 -27.0284 98.5347
      vertex 96.2958 -27.0359 98.3512
      vertex 96.1153 -27.0425 98.3605
    endloop
  endfacet
  facet normal 0.390767 -0.0803272 -0.916978
    outer loop
      vertex 94.7644 15.4228 114.586
      vertex 96.2917 13.7773 115.381
      vertex 94.7893 13.8316 114.736
    endloop
  endfacet
  facet normal 0.390835 -0.0802535 -0.916955
    outer loop
      vertex 96.2917 13.7773 115.381
      vertex 94.7644 15.4228 114.586
      vertex 96.2917 15.7311 115.21
    endloop
  endfacet
  facet normal 0.12066 -0.899743 -0.419408
    outer loop
      vertex 93.7688 23.7157 108.613
      vertex 96.2917 24.3505 107.977
      vertex 96.2917 23.5217 109.755
    endloop
  endfacet
  facet normal 0.12065 -0.899731 -0.419437
    outer loop
      vertex 96.2917 24.3505 107.977
      vertex 93.7688 23.7157 108.613
      vertex 93.5552 24.2847 107.331
    endloop
  endfacet
  facet normal 0.374339 -0.240164 -0.895652
    outer loop
      vertex 94.7406 16.1701 114.444
      vertex 96.2917 17.6256 114.702
      vertex 96.2917 15.7311 115.21
    endloop
  endfacet
  facet normal 0.374364 -0.240194 -0.895633
    outer loop
      vertex 96.2917 17.6256 114.702
      vertex 94.7406 16.1701 114.444
      vertex 94.6667 17.7105 114
    endloop
  endfacet
  facet normal 0.346343 0.396498 -0.850198
    outer loop
      vertex 96.2917 -19.4032 113.873
      vertex 94.6356 -18.0831 113.814
      vertex 96.2917 -17.6256 114.702
    endloop
  endfacet
  facet normal 0.346512 0.396717 -0.850027
    outer loop
      vertex 94.6356 -18.0831 113.814
      vertex 96.2917 -19.4032 113.873
      vertex 94.5167 -19.5091 113.1
    endloop
  endfacet
  facet normal 0.346729 0.395603 -0.850457
    outer loop
      vertex 94.6667 -17.7105 114
      vertex 96.2917 -17.6256 114.702
      vertex 94.6356 -18.0831 113.814
    endloop
  endfacet
  facet normal 0.390668 0.0790739 -0.917129
    outer loop
      vertex 94.7644 -15.4228 114.586
      vertex 96.2917 -15.7311 115.21
      vertex 94.7584 -15.7991 114.551
    endloop
  endfacet
  facet normal 0.394495 0 -0.918898
    outer loop
      vertex 94.7893 -13.8316 114.736
      vertex 96.2917 13.7773 115.381
      vertex 96.2917 -13.7773 115.381
    endloop
  endfacet
  facet normal 0.394495 0 -0.918898
    outer loop
      vertex 96.2917 13.7773 115.381
      vertex 94.7893 -13.8316 114.736
      vertex 94.7893 13.8316 114.736
    endloop
  endfacet
  facet normal 0.255404 0.68368 -0.68363
    outer loop
      vertex 96.2917 -22.3967 111.361
      vertex 94.2487 -21.5025 111.492
      vertex 96.2917 -21.0098 112.748
    endloop
  endfacet
  facet normal 0.255339 0.683553 -0.683782
    outer loop
      vertex 94.2487 -21.5025 111.492
      vertex 96.2917 -22.3967 111.361
      vertex 94.0611 -22.5578 110.367
    endloop
  endfacet
  facet normal 0.12066 0.899743 -0.419408
    outer loop
      vertex 96.2917 -24.3505 107.977
      vertex 93.7688 -23.7157 108.613
      vertex 96.2917 -23.5217 109.755
    endloop
  endfacet
  facet normal 0.12065 0.899731 -0.419437
    outer loop
      vertex 93.7688 -23.7157 108.613
      vertex 96.2917 -24.3505 107.977
      vertex 93.5552 -24.2847 107.331
    endloop
  endfacet
  facet normal 0.12065 0.899731 -0.419438
    outer loop
      vertex 93.5552 -24.2847 107.331
      vertex 96.2917 -24.3505 107.977
      vertex 93.4445 -24.5794 106.667
    endloop
  endfacet
  facet normal 0.018156 0.958555 -0.28433
    outer loop
      vertex 96.2958 -24.3574 107.954
      vertex 94.1067 -26.8712 99.3395
      vertex 96.2917 -24.3505 107.977
    endloop
  endfacet
  facet normal -0.000508562 0.959998 -0.280008
    outer loop
      vertex 94.1067 -26.8712 99.3395
      vertex 96.2958 -24.3574 107.954
      vertex 94.1147 -26.8735 99.3316
    endloop
  endfacet
  facet normal 0.192827 -0.803669 -0.562969
    outer loop
      vertex 94.0611 22.5578 110.367
      vertex 96.2917 23.5217 109.755
      vertex 96.2917 22.3967 111.361
    endloop
  endfacet
  facet normal 0.19294 -0.803793 -0.562752
    outer loop
      vertex 96.2917 23.5217 109.755
      vertex 94.0611 22.5578 110.367
      vertex 93.8576 23.3638 109.146
    endloop
  endfacet
  facet normal 0.255404 -0.68368 -0.68363
    outer loop
      vertex 94.2487 21.5025 111.492
      vertex 96.2917 22.3967 111.361
      vertex 96.2917 21.0098 112.748
    endloop
  endfacet
  facet normal 0.255339 -0.683553 -0.683782
    outer loop
      vertex 96.2917 22.3967 111.361
      vertex 94.2487 21.5025 111.492
      vertex 94.0611 22.5578 110.367
    endloop
  endfacet
  facet normal 0.346343 -0.396498 -0.850198
    outer loop
      vertex 94.6356 18.0831 113.814
      vertex 96.2917 19.4032 113.873
      vertex 96.2917 17.6256 114.702
    endloop
  endfacet
  facet normal 0.346512 -0.396717 -0.850027
    outer loop
      vertex 96.2917 19.4032 113.873
      vertex 94.6356 18.0831 113.814
      vertex 94.5167 19.5091 113.1
    endloop
  endfacet
  facet normal 0.390835 0.0802535 -0.916955
    outer loop
      vertex 94.7644 -15.4228 114.586
      vertex 96.2917 -13.7773 115.381
      vertex 96.2917 -15.7311 115.21
    endloop
  endfacet
  facet normal 0.390767 0.0803272 -0.916978
    outer loop
      vertex 96.2917 -13.7773 115.381
      vertex 94.7644 -15.4228 114.586
      vertex 94.7893 -13.8316 114.736
    endloop
  endfacet
  facet normal 0.00188439 -0.984122 -0.177481
    outer loop
      vertex 93.0971 25.1226 104.583
      vertex 96.2917 24.8582 106.083
      vertex 93.098 25.1217 104.588
    endloop
  endfacet
  facet normal 0 -0.984818 -0.173591
    outer loop
      vertex 96.2917 24.8582 106.083
      vertex 93.0971 25.1226 104.583
      vertex 96.3017 24.8582 106.083
    endloop
  endfacet
  facet normal 0.390668 -0.0790739 -0.917129
    outer loop
      vertex 96.2917 15.7311 115.21
      vertex 94.7644 15.4228 114.586
      vertex 94.7584 15.7991 114.551
    endloop
  endfacet
  facet normal 0.192951 -0.803754 -0.562805
    outer loop
      vertex 96.2917 23.5217 109.755
      vertex 93.8576 23.3638 109.146
      vertex 93.7688 23.7157 108.613
    endloop
  endfacet
  facet normal 0.25565 0.683326 -0.683892
    outer loop
      vertex 94.3129 -21.1412 111.877
      vertex 96.2917 -21.0098 112.748
      vertex 94.2487 -21.5025 111.492
    endloop
  endfacet
  facet normal 0.306941 -0.545904 -0.7796
    outer loop
      vertex 94.5167 19.5091 113.1
      vertex 96.2917 21.0098 112.748
      vertex 96.2917 19.4032 113.873
    endloop
  endfacet
  facet normal 0.306974 -0.545936 -0.779565
    outer loop
      vertex 96.2917 21.0098 112.748
      vertex 94.5167 19.5091 113.1
      vertex 94.3621 20.7473 112.172
    endloop
  endfacet
  facet normal 0.0414198 -0.965081 -0.258655
    outer loop
      vertex 96.2917 24.3505 107.977
      vertex 93.4445 24.5794 106.667
      vertex 93.3163 24.78 105.898
    endloop
  endfacet
  facet normal 0.374275 -0.240351 -0.895628
    outer loop
      vertex 96.2917 15.7311 115.21
      vertex 94.7584 15.7991 114.551
      vertex 94.7406 16.1701 114.444
    endloop
  endfacet
  facet normal 0.306994 -0.545638 -0.779766
    outer loop
      vertex 96.2917 21.0098 112.748
      vertex 94.3621 20.7473 112.172
      vertex 94.3129 21.1412 111.877
    endloop
  endfacet
  facet normal 0.0414488 -0.96507 -0.258694
    outer loop
      vertex 93.3163 24.78 105.898
      vertex 96.2917 24.8582 106.083
      vertex 96.2917 24.3505 107.977
    endloop
  endfacet
  facet normal 0.0414458 -0.965085 -0.258639
    outer loop
      vertex 96.2917 24.8582 106.083
      vertex 93.3163 24.78 105.898
      vertex 93.098 25.1217 104.588
    endloop
  endfacet
  facet normal -0.0205997 -0.991207 -0.130708
    outer loop
      vertex 92.8273 25.3417 102.964
      vertex 96.3017 24.8582 106.083
      vertex 93.0971 25.1226 104.583
    endloop
  endfacet
  facet normal -0.0205667 -0.991203 -0.130744
    outer loop
      vertex 92.773 25.4345 102.269
      vertex 96.3017 24.8582 106.083
      vertex 92.8273 25.3417 102.964
    endloop
  endfacet
  facet normal -0.0207697 -0.991223 -0.130559
    outer loop
      vertex 92.8403 25.5245 101.575
      vertex 96.3017 24.8582 106.083
      vertex 92.773 25.4345 102.269
    endloop
  endfacet
  facet normal -0.0206261 -0.991212 -0.130668
    outer loop
      vertex 93.0271 25.6092 100.903
      vertex 96.3017 24.8582 106.083
      vertex 92.8403 25.5245 101.575
    endloop
  endfacet
  facet normal -0.0205741 -0.991208 -0.1307
    outer loop
      vertex 93.3277 25.6859 100.274
      vertex 96.3017 24.8582 106.083
      vertex 93.0271 25.6092 100.903
    endloop
  endfacet
  facet normal -0.0206395 -0.991211 -0.130667
    outer loop
      vertex 93.7329 25.7523 99.7063
      vertex 96.3017 24.8582 106.083
      vertex 93.3277 25.6859 100.274
    endloop
  endfacet
  facet normal -0.0199614 -0.99132 -0.129947
    outer loop
      vertex 94.5086 25.8257 99.0272
      vertex 93.7329 25.7523 99.7063
      vertex 94.2306 25.8063 99.2179
    endloop
  endfacet
  facet normal -0.0206117 -0.991211 -0.130678
    outer loop
      vertex 93.7329 25.7523 99.7063
      vertex 94.5086 25.8257 99.0272
      vertex 96.3017 24.8582 106.083
    endloop
  endfacet
  facet normal 0 -0.0870646 -0.996203
    outer loop
      vertex 104.661 13.1606 119.752
      vertex 104.671 15.1172 119.581
      vertex 104.671 13.1606 119.752
    endloop
  endfacet
  facet normal -0 -0.0870646 -0.996203
    outer loop
      vertex 104.671 15.1172 119.581
      vertex 104.661 13.1606 119.752
      vertex 104.661 15.1172 119.581
    endloop
  endfacet
  facet normal 0.43682 0.232681 -0.868935
    outer loop
      vertex 104.661 -15.1172 119.581
      vertex 104.661 -17.0143 119.073
      vertex 96.2917 -17.6256 114.702
    endloop
  endfacet
  facet normal 0.0652708 -0.963853 -0.258315
    outer loop
      vertex 104.661 24.2569 110.441
      vertex 104.661 23.7485 112.338
      vertex 96.2917 24.3505 107.977
    endloop
  endfacet
  facet normal 0.404528 0.386867 -0.828668
    outer loop
      vertex 104.661 -17.0143 119.073
      vertex 104.661 -18.7943 118.242
      vertex 96.2917 -17.6256 114.702
    endloop
  endfacet
  facet normal 0.404544 0.386527 -0.828819
    outer loop
      vertex 96.2917 -17.6256 114.702
      vertex 104.661 -18.7943 118.242
      vertex 96.2917 -19.4032 113.873
    endloop
  endfacet
  facet normal 0.359989 -0.535137 -0.764223
    outer loop
      vertex 96.2917 21.0098 112.748
      vertex 98.5228 20.3514 114.26
      vertex 96.2917 19.4032 113.873
    endloop
  endfacet
  facet normal 0.360144 -0.535691 -0.763761
    outer loop
      vertex 98.5905 20.0362 114.513
      vertex 96.2917 19.4032 113.873
      vertex 98.5228 20.3514 114.26
    endloop
  endfacet
  facet normal 0.360103 -0.535107 -0.76419
    outer loop
      vertex 98.701 19.7721 114.75
      vertex 96.2917 19.4032 113.873
      vertex 98.5905 20.0362 114.513
    endloop
  endfacet
  facet normal 0.36002 -0.536062 -0.76356
    outer loop
      vertex 96.2917 19.4032 113.873
      vertex 98.701 19.7721 114.75
      vertex 98.7555 19.6976 114.828
    endloop
  endfacet
  facet normal 0.360425 -0.534388 -0.764541
    outer loop
      vertex 98.5228 20.3514 114.26
      vertex 96.2917 21.0098 112.748
      vertex 98.5 20.708 114
    endloop
  endfacet
  facet normal 0.359942 -0.535536 -0.763965
    outer loop
      vertex 98.5 20.708 114
      vertex 96.2917 21.0098 112.748
      vertex 98.5083 20.8491 113.905
    endloop
  endfacet
  facet normal 0.360246 -0.534271 -0.764707
    outer loop
      vertex 104.661 20.4032 117.116
      vertex 100.75 20.3668 115.299
      vertex 100.933 20.6734 115.171
    endloop
  endfacet
  facet normal 0.359815 -0.535934 -0.763746
    outer loop
      vertex 104.661 20.4032 117.116
      vertex 100.513 20.0495 115.41
      vertex 100.75 20.3668 115.299
    endloop
  endfacet
  facet normal 0.360223 -0.533522 -0.76524
    outer loop
      vertex 100.513 20.0495 115.41
      vertex 104.661 20.4032 117.116
      vertex 100.361 19.8895 115.45
    endloop
  endfacet
  facet normal 0.0740341 0.958753 -0.274429
    outer loop
      vertex 104.661 -23.7485 112.338
      vertex 96.2958 -24.3574 107.954
      vertex 96.2917 -24.3505 107.977
    endloop
  endfacet
  facet normal 0.0705253 0.960828 -0.268022
    outer loop
      vertex 101.48 -27.3493 98.5925
      vertex 96.2958 -24.3574 107.954
      vertex 104.661 -23.7485 112.338
    endloop
  endfacet
  facet normal 0.0705514 0.96083 -0.268008
    outer loop
      vertex 97.0224 -27.0997 98.3139
      vertex 96.2958 -24.3574 107.954
      vertex 101.48 -27.3493 98.5925
    endloop
  endfacet
  facet normal 0.0706087 0.960827 -0.268003
    outer loop
      vertex 96.2958 -24.3574 107.954
      vertex 97.0224 -27.0997 98.3139
      vertex 96.2958 -27.0359 98.3512
    endloop
  endfacet
  facet normal 0.302661 0.6755 -0.672381
    outer loop
      vertex 98.5905 -21.3042 113.487
      vertex 96.2917 -21.0098 112.748
      vertex 98.571 -21.2228 113.56
    endloop
  endfacet
  facet normal 0.302919 0.673976 -0.673793
    outer loop
      vertex 98.701 -21.5908 113.25
      vertex 96.2917 -21.0098 112.748
      vertex 98.5905 -21.3042 113.487
    endloop
  endfacet
  facet normal 0.302908 0.673586 -0.674187
    outer loop
      vertex 98.8509 -21.8724 113.036
      vertex 96.2917 -21.0098 112.748
      vertex 98.701 -21.5908 113.25
    endloop
  endfacet
  facet normal 0.302875 0.674045 -0.673743
    outer loop
      vertex 96.2917 -22.3967 111.361
      vertex 98.8509 -21.8724 113.036
      vertex 99.0358 -22.1404 112.851
    endloop
  endfacet
  facet normal 0.303771 0.672291 -0.675091
    outer loop
      vertex 96.2917 -22.3967 111.361
      vertex 99.0358 -22.1404 112.851
      vertex 99.0833 -22.195 112.818
    endloop
  endfacet
  facet normal 0.302974 0.673896 -0.673848
    outer loop
      vertex 98.8509 -21.8724 113.036
      vertex 96.2917 -22.3967 111.361
      vertex 96.2917 -21.0098 112.748
    endloop
  endfacet
  facet normal 0.30244 0.675367 -0.672614
    outer loop
      vertex 104.661 -21.7919 115.727
      vertex 101.41 -21.5451 114.513
      vertex 101.387 -21.486 114.562
    endloop
  endfacet
  facet normal 0.302746 0.674173 -0.673674
    outer loop
      vertex 104.661 -21.7919 115.727
      vertex 101.477 -21.828 114.26
      vertex 101.41 -21.5451 114.513
    endloop
  endfacet
  facet normal 0.303309 0.67273 -0.674862
    outer loop
      vertex 101.477 -21.828 114.26
      vertex 104.661 -21.7919 115.727
      vertex 101.493 -22.0208 114.075
    endloop
  endfacet
  facet normal 0.360044 -0.53493 -0.764342
    outer loop
      vertex 104.661 18.7943 118.242
      vertex 100.361 19.8895 115.45
      vertex 104.661 20.4032 117.116
    endloop
  endfacet
  facet normal 0.360112 -0.534804 -0.764398
    outer loop
      vertex 104.661 18.7943 118.242
      vertex 100.26 19.7829 115.477
      vertex 100.361 19.8895 115.45
    endloop
  endfacet
  facet normal 0.359998 -0.535026 -0.764296
    outer loop
      vertex 104.661 18.7943 118.242
      vertex 100 19.5751 115.5
      vertex 100.26 19.7829 115.477
    endloop
  endfacet
  facet normal 0.360266 -0.534435 -0.764583
    outer loop
      vertex 104.661 18.7943 118.242
      vertex 99.7395 19.4324 115.477
      vertex 100 19.5751 115.5
    endloop
  endfacet
  facet normal 0.358636 -0.538365 -0.762589
    outer loop
      vertex 104.661 18.7943 118.242
      vertex 99.487 19.3591 115.41
      vertex 99.7395 19.4324 115.477
    endloop
  endfacet
  facet normal 0.364009 -0.524538 -0.769647
    outer loop
      vertex 104.661 18.7943 118.242
      vertex 99.25 19.3575 115.299
      vertex 99.487 19.3591 115.41
    endloop
  endfacet
  facet normal 0.360273 -0.534091 -0.76482
    outer loop
      vertex 98.8509 19.5672 114.964
      vertex 96.2917 19.4032 113.873
      vertex 98.7555 19.6976 114.828
    endloop
  endfacet
  facet normal 0.360034 -0.535317 -0.764076
    outer loop
      vertex 99.0358 19.4275 115.149
      vertex 96.2917 19.4032 113.873
      vertex 98.8509 19.5672 114.964
    endloop
  endfacet
  facet normal 0.359982 -0.535514 -0.763962
    outer loop
      vertex 99.25 19.3575 115.299
      vertex 96.2917 19.4032 113.873
      vertex 99.0358 19.4275 115.149
    endloop
  endfacet
  facet normal 0.360467 -0.533827 -0.764913
    outer loop
      vertex 96.2917 19.4032 113.873
      vertex 99.25 19.3575 115.299
      vertex 104.661 18.7943 118.242
    endloop
  endfacet
  facet normal 0 -0.965913 -0.258867
    outer loop
      vertex 104.661 24.2569 110.441
      vertex 104.671 23.7485 112.338
      vertex 104.661 23.7485 112.338
    endloop
  endfacet
  facet normal 0 -0.965913 -0.258867
    outer loop
      vertex 104.671 23.7485 112.338
      vertex 104.661 24.2569 110.441
      vertex 104.671 24.2569 110.441
    endloop
  endfacet
  facet normal 0 0.0870646 -0.996203
    outer loop
      vertex 104.661 -15.1172 119.581
      vertex 104.671 -13.1606 119.752
      vertex 104.671 -15.1172 119.581
    endloop
  endfacet
  facet normal 0 0.0870646 -0.996203
    outer loop
      vertex 104.671 -13.1606 119.752
      vertex 104.661 -15.1172 119.581
      vertex 104.661 -13.1606 119.752
    endloop
  endfacet
  facet normal 0.0254037 0.96559 -0.258824
    outer loop
      vertex 101.628 -27.3506 98.6017
      vertex 104.661 -24.2569 110.441
      vertex 101.913 -27.3533 98.6196
    endloop
  endfacet
  facet normal 0.0252329 0.965606 -0.258784
    outer loop
      vertex 104.661 -24.2569 110.441
      vertex 101.628 -27.3506 98.6017
      vertex 104.661 -23.7485 112.338
    endloop
  endfacet
  facet normal 0 -0.81916 -0.573565
    outer loop
      vertex 104.661 22.9185 114.118
      vertex 104.671 21.7919 115.727
      vertex 104.661 21.7919 115.727
    endloop
  endfacet
  facet normal 0 -0.81916 -0.573565
    outer loop
      vertex 104.671 21.7919 115.727
      vertex 104.661 22.9185 114.118
      vertex 104.671 22.9185 114.118
    endloop
  endfacet
  facet normal 0.303507 0.672615 -0.674886
    outer loop
      vertex 98.5228 -21.0212 113.74
      vertex 96.2917 -21.0098 112.748
      vertex 98.5083 -20.8491 113.905
    endloop
  endfacet
  facet normal 0.303003 0.673994 -0.673736
    outer loop
      vertex 96.2917 -21.0098 112.748
      vertex 98.5228 -21.0212 113.74
      vertex 98.571 -21.2228 113.56
    endloop
  endfacet
  facet normal 0.3028 0.673984 -0.673838
    outer loop
      vertex 101.149 -20.9769 114.964
      vertex 104.661 -20.4032 117.116
      vertex 104.661 -21.7919 115.727
    endloop
  endfacet
  facet normal 0.300707 0.678159 -0.670578
    outer loop
      vertex 104.661 -20.4032 117.116
      vertex 100.964 -20.7089 115.149
      vertex 100.933 -20.6734 115.171
    endloop
  endfacet
  facet normal 0.302741 0.674082 -0.673767
    outer loop
      vertex 104.661 -20.4032 117.116
      vertex 101.149 -20.9769 114.964
      vertex 100.964 -20.7089 115.149
    endloop
  endfacet
  facet normal 0.302798 0.673772 -0.674052
    outer loop
      vertex 104.661 -21.7919 115.727
      vertex 101.299 -21.2584 114.75
      vertex 101.149 -20.9769 114.964
    endloop
  endfacet
  facet normal 0.302793 0.673814 -0.674012
    outer loop
      vertex 101.299 -21.2584 114.75
      vertex 104.661 -21.7919 115.727
      vertex 101.387 -21.486 114.562
    endloop
  endfacet
  facet normal 0 0.906313 -0.422607
    outer loop
      vertex 104.671 -23.7485 112.338
      vertex 104.661 -22.9185 114.118
      vertex 104.671 -22.9185 114.118
    endloop
  endfacet
  facet normal 0 0.906313 -0.422607
    outer loop
      vertex 104.661 -22.9185 114.118
      vertex 104.671 -23.7485 112.338
      vertex 104.661 -23.7485 112.338
    endloop
  endfacet
  facet normal 0.233383 0.796539 -0.557726
    outer loop
      vertex 104.661 -22.9185 114.118
      vertex 101.354 -22.4754 113.367
      vertex 104.661 -21.7919 115.727
    endloop
  endfacet
  facet normal 0.233571 0.795453 -0.559195
    outer loop
      vertex 104.661 -22.9185 114.118
      vertex 101.299 -22.5415 113.25
      vertex 101.354 -22.4754 113.367
    endloop
  endfacet
  facet normal 0.233368 0.796336 -0.558022
    outer loop
      vertex 104.661 -22.9185 114.118
      vertex 101.149 -22.6475 113.036
      vertex 101.299 -22.5415 113.25
    endloop
  endfacet
  facet normal 0.233245 0.796716 -0.55753
    outer loop
      vertex 104.661 -22.9185 114.118
      vertex 100.964 -22.7228 112.851
      vertex 101.149 -22.6475 113.036
    endloop
  endfacet
  facet normal 0.23321 0.796808 -0.557413
    outer loop
      vertex 104.661 -22.9185 114.118
      vertex 100.75 -22.7651 112.701
      vertex 100.964 -22.7228 112.851
    endloop
  endfacet
  facet normal 0.233282 0.796637 -0.557629
    outer loop
      vertex 96.2917 -23.5217 109.755
      vertex 100.75 -22.7651 112.701
      vertex 104.661 -22.9185 114.118
    endloop
  endfacet
  facet normal 0.234847 0.794968 -0.55935
    outer loop
      vertex 100.26 -22.7464 112.523
      vertex 96.2917 -23.5217 109.755
      vertex 100.158 -22.7226 112.514
    endloop
  endfacet
  facet normal 0.230995 0.799137 -0.554996
    outer loop
      vertex 100.513 -22.773 112.59
      vertex 96.2917 -23.5217 109.755
      vertex 100.26 -22.7464 112.523
    endloop
  endfacet
  facet normal 0.236684 0.792714 -0.56177
    outer loop
      vertex 100.75 -22.7651 112.701
      vertex 96.2917 -23.5217 109.755
      vertex 100.513 -22.773 112.59
    endloop
  endfacet
  facet normal 0.153128 0.895676 -0.417512
    outer loop
      vertex 96.2917 -23.5217 109.755
      vertex 104.661 -23.7485 112.338
      vertex 96.2917 -24.3505 107.977
    endloop
  endfacet
  facet normal 0.15316 0.89562 -0.417621
    outer loop
      vertex 104.661 -22.9185 114.118
      vertex 104.661 -23.7485 112.338
      vertex 96.2917 -23.5217 109.755
    endloop
  endfacet
  facet normal 0 -0.906313 -0.422607
    outer loop
      vertex 104.661 23.7485 112.338
      vertex 104.671 22.9185 114.118
      vertex 104.661 22.9185 114.118
    endloop
  endfacet
  facet normal 0 -0.906313 -0.422607
    outer loop
      vertex 104.671 22.9185 114.118
      vertex 104.661 23.7485 112.338
      vertex 104.671 23.7485 112.338
    endloop
  endfacet
  facet normal 0 -0.573384 -0.819287
    outer loop
      vertex 104.661 18.7943 118.242
      vertex 104.671 20.4032 117.116
      vertex 104.671 18.7943 118.242
    endloop
  endfacet
  facet normal -0 -0.573384 -0.819287
    outer loop
      vertex 104.671 20.4032 117.116
      vertex 104.661 18.7943 118.242
      vertex 104.661 20.4032 117.116
    endloop
  endfacet
  facet normal -0 -0.990615 -0.136681
    outer loop
      vertex 96.3017 24.8582 106.083
      vertex 104.661 24.2569 110.441
      vertex 96.2917 24.8582 106.083
    endloop
  endfacet
  facet normal 0 -0.990615 -0.136681
    outer loop
      vertex 104.661 24.2569 110.441
      vertex 96.3017 24.8582 106.083
      vertex 104.671 24.2569 110.441
    endloop
  endfacet
  facet normal 0 -0.707183 -0.70703
    outer loop
      vertex 104.661 21.7919 115.727
      vertex 104.671 20.4032 117.116
      vertex 104.661 20.4032 117.116
    endloop
  endfacet
  facet normal 0 -0.707183 -0.70703
    outer loop
      vertex 104.671 20.4032 117.116
      vertex 104.661 21.7919 115.727
      vertex 104.671 21.7919 115.727
    endloop
  endfacet
  facet normal -0.00706418 -0.992338 -0.123353
    outer loop
      vertex 96.3017 24.8582 106.083
      vertex 104.663 24.2582 110.431
      vertex 104.671 24.2569 110.441
    endloop
  endfacet
  facet normal -0.00807511 -0.992566 -0.12144
    outer loop
      vertex 96.3017 24.8582 106.083
      vertex 104.663 25.6823 98.7914
      vertex 104.663 24.2582 110.431
    endloop
  endfacet
  facet normal -0.00807276 -0.992566 -0.121437
    outer loop
      vertex 104.663 25.6823 98.7914
      vertex 96.3017 24.8582 106.083
      vertex 98.389 25.7813 98.3993
    endloop
  endfacet
  facet normal 0.0652854 -0.963839 -0.258364
    outer loop
      vertex 96.2917 24.8582 106.083
      vertex 104.661 24.2569 110.441
      vertex 96.2917 24.3505 107.977
    endloop
  endfacet
  facet normal 0 0.258664 -0.965967
    outer loop
      vertex 104.661 -17.0143 119.073
      vertex 104.671 -15.1172 119.581
      vertex 104.671 -17.0143 119.073
    endloop
  endfacet
  facet normal 0 0.258664 -0.965967
    outer loop
      vertex 104.671 -15.1172 119.581
      vertex 104.661 -17.0143 119.073
      vertex 104.661 -15.1172 119.581
    endloop
  endfacet
  facet normal 0.462933 0 -0.886393
    outer loop
      vertex 96.2917 -13.7773 115.381
      vertex 104.661 13.1606 119.752
      vertex 104.661 -13.1606 119.752
    endloop
  endfacet
  facet normal 0.462933 0 -0.886393
    outer loop
      vertex 104.661 13.1606 119.752
      vertex 96.2917 -13.7773 115.381
      vertex 96.2917 13.7773 115.381
    endloop
  endfacet
  facet normal 0 0.965913 -0.258867
    outer loop
      vertex 104.671 -24.2569 110.441
      vertex 104.661 -23.7485 112.338
      vertex 104.671 -23.7485 112.338
    endloop
  endfacet
  facet normal 0 0.965913 -0.258867
    outer loop
      vertex 104.661 -23.7485 112.338
      vertex 104.671 -24.2569 110.441
      vertex 104.661 -24.2569 110.441
    endloop
  endfacet
  facet normal 0 0.573384 -0.819287
    outer loop
      vertex 104.661 -20.4032 117.116
      vertex 104.671 -18.7943 118.242
      vertex 104.671 -20.4032 117.116
    endloop
  endfacet
  facet normal 0 0.573384 -0.819287
    outer loop
      vertex 104.671 -18.7943 118.242
      vertex 104.661 -20.4032 117.116
      vertex 104.661 -18.7943 118.242
    endloop
  endfacet
  facet normal 0 -0.423025 -0.906118
    outer loop
      vertex 104.661 17.0143 119.073
      vertex 104.671 18.7943 118.242
      vertex 104.671 17.0143 119.073
    endloop
  endfacet
  facet normal -0 -0.423025 -0.906118
    outer loop
      vertex 104.671 18.7943 118.242
      vertex 104.661 17.0143 119.073
      vertex 104.661 18.7943 118.242
    endloop
  endfacet
  facet normal 0.233861 0.796016 -0.558272
    outer loop
      vertex 96.2917 -23.5217 109.755
      vertex 100 -22.686 112.5
      vertex 100.158 -22.7226 112.514
    endloop
  endfacet
  facet normal 0.233482 0.796403 -0.557879
    outer loop
      vertex 100 -22.686 112.5
      vertex 96.2917 -23.5217 109.755
      vertex 96.2917 -22.3967 111.361
    endloop
  endfacet
  facet normal 0.233108 0.797137 -0.556985
    outer loop
      vertex 99.25 -22.3255 112.701
      vertex 96.2917 -22.3967 111.361
      vertex 99.0833 -22.195 112.818
    endloop
  endfacet
  facet normal 0.233146 0.797071 -0.557065
    outer loop
      vertex 99.487 -22.4724 112.59
      vertex 96.2917 -22.3967 111.361
      vertex 99.25 -22.3255 112.701
    endloop
  endfacet
  facet normal 0.233958 0.795276 -0.559286
    outer loop
      vertex 99.7395 -22.5938 112.523
      vertex 96.2917 -22.3967 111.361
      vertex 99.487 -22.4724 112.59
    endloop
  endfacet
  facet normal 0.233132 0.797498 -0.556458
    outer loop
      vertex 96.2917 -22.3967 111.361
      vertex 99.7395 -22.5938 112.523
      vertex 100 -22.686 112.5
    endloop
  endfacet
  facet normal 0.232683 0.797457 -0.556705
    outer loop
      vertex 104.661 -21.7919 115.727
      vertex 101.5 -22.0752 114
      vertex 101.493 -22.0208 114.075
    endloop
  endfacet
  facet normal 0.233933 0.795692 -0.558704
    outer loop
      vertex 104.661 -21.7919 115.727
      vertex 101.477 -22.251 113.74
      vertex 101.5 -22.0752 114
    endloop
  endfacet
  facet normal 0.232286 0.797697 -0.556528
    outer loop
      vertex 104.661 -21.7919 115.727
      vertex 101.41 -22.408 113.487
      vertex 101.477 -22.251 113.74
    endloop
  endfacet
  facet normal 0.232218 0.797771 -0.55645
    outer loop
      vertex 101.41 -22.408 113.487
      vertex 104.661 -21.7919 115.727
      vertex 101.354 -22.4754 113.367
    endloop
  endfacet
  facet normal 0 0 -1
    outer loop
      vertex 104.661 -13.1606 119.752
      vertex 104.671 13.1606 119.752
      vertex 104.671 -13.1606 119.752
    endloop
  endfacet
  facet normal -0 0 -1
    outer loop
      vertex 104.671 13.1606 119.752
      vertex 104.661 -13.1606 119.752
      vertex 104.661 13.1606 119.752
    endloop
  endfacet
  facet normal 0.359942 0.535536 -0.763965
    outer loop
      vertex 98.5083 -20.8491 113.905
      vertex 96.2917 -21.0098 112.748
      vertex 98.5 -20.708 114
    endloop
  endfacet
  facet normal 0.360425 0.534388 -0.764541
    outer loop
      vertex 96.2917 -21.0098 112.748
      vertex 98.5228 -20.3514 114.26
      vertex 98.5 -20.708 114
    endloop
  endfacet
  facet normal 0.359989 0.535137 -0.764223
    outer loop
      vertex 96.2917 -19.4032 113.873
      vertex 98.5228 -20.3514 114.26
      vertex 96.2917 -21.0098 112.748
    endloop
  endfacet
  facet normal 0.360144 0.535691 -0.763761
    outer loop
      vertex 98.5228 -20.3514 114.26
      vertex 96.2917 -19.4032 113.873
      vertex 98.5905 -20.0362 114.513
    endloop
  endfacet
  facet normal 0.360103 0.535107 -0.76419
    outer loop
      vertex 98.5905 -20.0362 114.513
      vertex 96.2917 -19.4032 113.873
      vertex 98.701 -19.7721 114.75
    endloop
  endfacet
  facet normal 0.36002 0.536062 -0.76356
    outer loop
      vertex 98.701 -19.7721 114.75
      vertex 96.2917 -19.4032 113.873
      vertex 98.7555 -19.6976 114.828
    endloop
  endfacet
  facet normal 0.360246 0.534271 -0.764707
    outer loop
      vertex 100.75 -20.3668 115.299
      vertex 104.661 -20.4032 117.116
      vertex 100.933 -20.6734 115.171
    endloop
  endfacet
  facet normal 0.359815 0.535934 -0.763746
    outer loop
      vertex 100.513 -20.0495 115.41
      vertex 104.661 -20.4032 117.116
      vertex 100.75 -20.3668 115.299
    endloop
  endfacet
  facet normal 0.360223 0.533522 -0.76524
    outer loop
      vertex 104.661 -20.4032 117.116
      vertex 100.513 -20.0495 115.41
      vertex 100.361 -19.8895 115.45
    endloop
  endfacet
  facet normal 0.404544 -0.386527 -0.828819
    outer loop
      vertex 96.2917 19.4032 113.873
      vertex 104.661 18.7943 118.242
      vertex 96.2917 17.6256 114.702
    endloop
  endfacet
  facet normal 0.360044 0.53493 -0.764342
    outer loop
      vertex 100.361 -19.8895 115.45
      vertex 104.661 -18.7943 118.242
      vertex 104.661 -20.4032 117.116
    endloop
  endfacet
  facet normal 0.360112 0.534804 -0.764398
    outer loop
      vertex 100.26 -19.7829 115.477
      vertex 104.661 -18.7943 118.242
      vertex 100.361 -19.8895 115.45
    endloop
  endfacet
  facet normal 0.359998 0.535026 -0.764296
    outer loop
      vertex 100 -19.5751 115.5
      vertex 104.661 -18.7943 118.242
      vertex 100.26 -19.7829 115.477
    endloop
  endfacet
  facet normal 0.360266 0.534435 -0.764583
    outer loop
      vertex 99.7395 -19.4324 115.477
      vertex 104.661 -18.7943 118.242
      vertex 100 -19.5751 115.5
    endloop
  endfacet
  facet normal 0.358636 0.538365 -0.762589
    outer loop
      vertex 99.487 -19.3591 115.41
      vertex 104.661 -18.7943 118.242
      vertex 99.7395 -19.4324 115.477
    endloop
  endfacet
  facet normal 0.364009 0.524538 -0.769647
    outer loop
      vertex 99.25 -19.3575 115.299
      vertex 104.661 -18.7943 118.242
      vertex 99.487 -19.3591 115.41
    endloop
  endfacet
  facet normal 0.360467 0.533827 -0.764913
    outer loop
      vertex 99.25 -19.3575 115.299
      vertex 96.2917 -19.4032 113.873
      vertex 104.661 -18.7943 118.242
    endloop
  endfacet
  facet normal 0.359982 0.535514 -0.763962
    outer loop
      vertex 99.0358 -19.4275 115.149
      vertex 96.2917 -19.4032 113.873
      vertex 99.25 -19.3575 115.299
    endloop
  endfacet
  facet normal 0.360034 0.535317 -0.764076
    outer loop
      vertex 98.8509 -19.5672 114.964
      vertex 96.2917 -19.4032 113.873
      vertex 99.0358 -19.4275 115.149
    endloop
  endfacet
  facet normal 0.360273 0.534091 -0.76482
    outer loop
      vertex 96.2917 -19.4032 113.873
      vertex 98.8509 -19.5672 114.964
      vertex 98.7555 -19.6976 114.828
    endloop
  endfacet
  facet normal 0 -0.258664 -0.965967
    outer loop
      vertex 104.661 15.1172 119.581
      vertex 104.671 17.0143 119.073
      vertex 104.671 15.1172 119.581
    endloop
  endfacet
  facet normal -0 -0.258664 -0.965967
    outer loop
      vertex 104.671 17.0143 119.073
      vertex 104.661 15.1172 119.581
      vertex 104.661 17.0143 119.073
    endloop
  endfacet
  facet normal 0.457054 0.0774387 -0.886062
    outer loop
      vertex 104.661 -13.1606 119.752
      vertex 104.661 -15.1172 119.581
      vertex 96.2917 -13.7773 115.381
    endloop
  endfacet
  facet normal -0.00327569 -0.99275 -0.120151
    outer loop
      vertex 97.0224 25.7961 98.3139
      vertex 96.3017 24.8582 106.083
      vertex 96.3017 25.794 98.3509
    endloop
  endfacet
  facet normal -0.00324317 -0.992751 -0.120148
    outer loop
      vertex 96.3017 24.8582 106.083
      vertex 97.0224 25.7961 98.3139
      vertex 98.389 25.7813 98.3993
    endloop
  endfacet
  facet normal 0.43671 0.232993 -0.868907
    outer loop
      vertex 96.2917 -15.7311 115.21
      vertex 104.661 -15.1172 119.581
      vertex 96.2917 -17.6256 114.702
    endloop
  endfacet
  facet normal 0.0245604 0.965659 -0.25865
    outer loop
      vertex 104.661 -23.7485 112.338
      vertex 101.628 -27.3506 98.6017
      vertex 101.48 -27.3493 98.5925
    endloop
  endfacet
  facet normal 0.404528 -0.386867 -0.828668
    outer loop
      vertex 104.661 18.7943 118.242
      vertex 104.661 17.0143 119.073
      vertex 96.2917 17.6256 114.702
    endloop
  endfacet
  facet normal 0.43671 -0.232993 -0.868907
    outer loop
      vertex 96.2917 17.6256 114.702
      vertex 104.661 15.1172 119.581
      vertex 96.2917 15.7311 115.21
    endloop
  endfacet
  facet normal 0.010878 0.966686 -0.255734
    outer loop
      vertex 104.661 -24.2569 110.441
      vertex 104.661 -27.3388 98.7913
      vertex 101.913 -27.3533 98.6196
    endloop
  endfacet
  facet normal 0.457064 0.0775484 -0.886047
    outer loop
      vertex 96.2917 -13.7773 115.381
      vertex 104.661 -15.1172 119.581
      vertex 96.2917 -15.7311 115.21
    endloop
  endfacet
  facet normal 0.233383 -0.796539 -0.557726
    outer loop
      vertex 101.354 22.4754 113.367
      vertex 104.661 22.9185 114.118
      vertex 104.661 21.7919 115.727
    endloop
  endfacet
  facet normal 0.233571 -0.795453 -0.559195
    outer loop
      vertex 101.299 22.5415 113.25
      vertex 104.661 22.9185 114.118
      vertex 101.354 22.4754 113.367
    endloop
  endfacet
  facet normal 0.233368 -0.796336 -0.558022
    outer loop
      vertex 101.149 22.6475 113.036
      vertex 104.661 22.9185 114.118
      vertex 101.299 22.5415 113.25
    endloop
  endfacet
  facet normal 0.233245 -0.796716 -0.55753
    outer loop
      vertex 100.964 22.7228 112.851
      vertex 104.661 22.9185 114.118
      vertex 101.149 22.6475 113.036
    endloop
  endfacet
  facet normal 0.23321 -0.796808 -0.557413
    outer loop
      vertex 100.75 22.7651 112.701
      vertex 104.661 22.9185 114.118
      vertex 100.964 22.7228 112.851
    endloop
  endfacet
  facet normal 0.236684 -0.792714 -0.56177
    outer loop
      vertex 96.2917 23.5217 109.755
      vertex 100.75 22.7651 112.701
      vertex 100.513 22.773 112.59
    endloop
  endfacet
  facet normal 0.233282 -0.796637 -0.557629
    outer loop
      vertex 100.75 22.7651 112.701
      vertex 96.2917 23.5217 109.755
      vertex 104.661 22.9185 114.118
    endloop
  endfacet
  facet normal 0.230995 -0.799137 -0.554996
    outer loop
      vertex 100.26 22.7464 112.523
      vertex 96.2917 23.5217 109.755
      vertex 100.513 22.773 112.59
    endloop
  endfacet
  facet normal 0.234847 -0.794968 -0.55935
    outer loop
      vertex 96.2917 23.5217 109.755
      vertex 100.26 22.7464 112.523
      vertex 100.158 22.7226 112.514
    endloop
  endfacet
  facet normal 0.457054 -0.0774387 -0.886062
    outer loop
      vertex 104.661 15.1172 119.581
      vertex 104.661 13.1606 119.752
      vertex 96.2917 13.7773 115.381
    endloop
  endfacet
  facet normal 0.457064 -0.0775484 -0.886047
    outer loop
      vertex 96.2917 15.7311 115.21
      vertex 104.661 15.1172 119.581
      vertex 96.2917 13.7773 115.381
    endloop
  endfacet
  facet normal 0 0.423025 -0.906118
    outer loop
      vertex 104.661 -18.7943 118.242
      vertex 104.671 -17.0143 119.073
      vertex 104.671 -18.7943 118.242
    endloop
  endfacet
  facet normal 0 0.423025 -0.906118
    outer loop
      vertex 104.671 -17.0143 119.073
      vertex 104.661 -18.7943 118.242
      vertex 104.661 -17.0143 119.073
    endloop
  endfacet
  facet normal 0.43682 -0.232681 -0.868935
    outer loop
      vertex 104.661 17.0143 119.073
      vertex 104.661 15.1172 119.581
      vertex 96.2917 17.6256 114.702
    endloop
  endfacet
  facet normal 0 0.707183 -0.70703
    outer loop
      vertex 104.671 -21.7919 115.727
      vertex 104.661 -20.4032 117.116
      vertex 104.671 -20.4032 117.116
    endloop
  endfacet
  facet normal 0 0.707183 -0.70703
    outer loop
      vertex 104.661 -20.4032 117.116
      vertex 104.671 -21.7919 115.727
      vertex 104.661 -21.7919 115.727
    endloop
  endfacet
  facet normal 0 0.81916 -0.573565
    outer loop
      vertex 104.671 -22.9185 114.118
      vertex 104.661 -21.7919 115.727
      vertex 104.671 -21.7919 115.727
    endloop
  endfacet
  facet normal 0 0.81916 -0.573565
    outer loop
      vertex 104.661 -21.7919 115.727
      vertex 104.671 -22.9185 114.118
      vertex 104.661 -22.9185 114.118
    endloop
  endfacet
  facet normal 0.303003 -0.673994 -0.673736
    outer loop
      vertex 98.5228 21.0212 113.74
      vertex 96.2917 21.0098 112.748
      vertex 98.571 21.2228 113.56
    endloop
  endfacet
  facet normal 0.303507 -0.672615 -0.674886
    outer loop
      vertex 96.2917 21.0098 112.748
      vertex 98.5228 21.0212 113.74
      vertex 98.5083 20.8491 113.905
    endloop
  endfacet
  facet normal 0.300707 -0.678159 -0.670578
    outer loop
      vertex 100.964 20.7089 115.149
      vertex 104.661 20.4032 117.116
      vertex 100.933 20.6734 115.171
    endloop
  endfacet
  facet normal 0.302741 -0.674082 -0.673767
    outer loop
      vertex 101.149 20.9769 114.964
      vertex 104.661 20.4032 117.116
      vertex 100.964 20.7089 115.149
    endloop
  endfacet
  facet normal 0.3028 -0.673984 -0.673838
    outer loop
      vertex 104.661 20.4032 117.116
      vertex 101.149 20.9769 114.964
      vertex 104.661 21.7919 115.727
    endloop
  endfacet
  facet normal 0.302798 -0.673772 -0.674052
    outer loop
      vertex 101.299 21.2584 114.75
      vertex 104.661 21.7919 115.727
      vertex 101.149 20.9769 114.964
    endloop
  endfacet
  facet normal 0.302793 -0.673814 -0.674012
    outer loop
      vertex 104.661 21.7919 115.727
      vertex 101.299 21.2584 114.75
      vertex 101.387 21.486 114.562
    endloop
  endfacet
  facet normal 0.302661 -0.6755 -0.672381
    outer loop
      vertex 96.2917 21.0098 112.748
      vertex 98.5905 21.3042 113.487
      vertex 98.571 21.2228 113.56
    endloop
  endfacet
  facet normal 0.302919 -0.673976 -0.673793
    outer loop
      vertex 96.2917 21.0098 112.748
      vertex 98.701 21.5908 113.25
      vertex 98.5905 21.3042 113.487
    endloop
  endfacet
  facet normal 0.302908 -0.673586 -0.674187
    outer loop
      vertex 96.2917 21.0098 112.748
      vertex 98.8509 21.8724 113.036
      vertex 98.701 21.5908 113.25
    endloop
  endfacet
  facet normal 0.302974 -0.673896 -0.673848
    outer loop
      vertex 96.2917 22.3967 111.361
      vertex 98.8509 21.8724 113.036
      vertex 96.2917 21.0098 112.748
    endloop
  endfacet
  facet normal 0.302875 -0.674045 -0.673743
    outer loop
      vertex 98.8509 21.8724 113.036
      vertex 96.2917 22.3967 111.361
      vertex 99.0358 22.1404 112.851
    endloop
  endfacet
  facet normal 0.303771 -0.672291 -0.675091
    outer loop
      vertex 99.0358 22.1404 112.851
      vertex 96.2917 22.3967 111.361
      vertex 99.0833 22.195 112.818
    endloop
  endfacet
  facet normal 0.30244 -0.675367 -0.672614
    outer loop
      vertex 101.41 21.5451 114.513
      vertex 104.661 21.7919 115.727
      vertex 101.387 21.486 114.562
    endloop
  endfacet
  facet normal 0.302746 -0.674173 -0.673674
    outer loop
      vertex 101.477 21.828 114.26
      vertex 104.661 21.7919 115.727
      vertex 101.41 21.5451 114.513
    endloop
  endfacet
  facet normal 0.303309 -0.67273 -0.674862
    outer loop
      vertex 104.661 21.7919 115.727
      vertex 101.477 21.828 114.26
      vertex 101.493 22.0208 114.075
    endloop
  endfacet
  facet normal 0.15316 -0.89562 -0.417621
    outer loop
      vertex 104.661 23.7485 112.338
      vertex 104.661 22.9185 114.118
      vertex 96.2917 23.5217 109.755
    endloop
  endfacet
  facet normal 0.153128 -0.895676 -0.417512
    outer loop
      vertex 96.2917 24.3505 107.977
      vertex 104.661 23.7485 112.338
      vertex 96.2917 23.5217 109.755
    endloop
  endfacet
  facet normal 0.234323 -0.795654 -0.558594
    outer loop
      vertex 99.487 22.4724 112.59
      vertex 96.2917 23.5217 109.755
      vertex 99.7395 22.5938 112.523
    endloop
  endfacet
  facet normal 0.233445 -0.79641 -0.557884
    outer loop
      vertex 96.2917 23.5217 109.755
      vertex 99.487 22.4724 112.59
      vertex 96.2917 22.3967 111.361
    endloop
  endfacet
  facet normal 0.233146 -0.797071 -0.557065
    outer loop
      vertex 99.25 22.3255 112.701
      vertex 96.2917 22.3967 111.361
      vertex 99.487 22.4724 112.59
    endloop
  endfacet
  facet normal 0.233108 -0.797137 -0.556985
    outer loop
      vertex 96.2917 22.3967 111.361
      vertex 99.25 22.3255 112.701
      vertex 99.0833 22.195 112.818
    endloop
  endfacet
  facet normal 0.232888 -0.79701 -0.55726
    outer loop
      vertex 99.7395 22.5938 112.523
      vertex 96.2917 23.5217 109.755
      vertex 100 22.686 112.5
    endloop
  endfacet
  facet normal 0.233861 -0.796016 -0.558272
    outer loop
      vertex 100 22.686 112.5
      vertex 96.2917 23.5217 109.755
      vertex 100.158 22.7226 112.514
    endloop
  endfacet
  facet normal 0.232683 -0.797457 -0.556705
    outer loop
      vertex 101.5 22.0752 114
      vertex 104.661 21.7919 115.727
      vertex 101.493 22.0208 114.075
    endloop
  endfacet
  facet normal 0.233933 -0.795692 -0.558704
    outer loop
      vertex 101.477 22.251 113.74
      vertex 104.661 21.7919 115.727
      vertex 101.5 22.0752 114
    endloop
  endfacet
  facet normal 0.232286 -0.797697 -0.556528
    outer loop
      vertex 101.41 22.408 113.487
      vertex 104.661 21.7919 115.727
      vertex 101.477 22.251 113.74
    endloop
  endfacet
  facet normal 0.232218 -0.797771 -0.55645
    outer loop
      vertex 104.661 21.7919 115.727
      vertex 101.41 22.408 113.487
      vertex 101.354 22.4754 113.367
    endloop
  endfacet
  facet normal -0.0507305 -0.572645 -0.818232
    outer loop
      vertex 104.671 20.4032 117.116
      vertex 113.174 20.3172 116.649
      vertex 104.671 18.7943 118.242
    endloop
  endfacet
  facet normal -0.0506269 -0.572983 -0.818002
    outer loop
      vertex 113.174 20.3172 116.649
      vertex 113.174 18.6683 117.804
      vertex 104.671 18.7943 118.242
    endloop
  endfacet
  facet normal 0.0253214 -0.99228 -0.121405
    outer loop
      vertex 104.663 25.6823 98.7914
      vertex 107.349 25.7303 98.9593
      vertex 104.663 24.2582 110.431
    endloop
  endfacet
  facet normal 0.00594997 0.966726 -0.255745
    outer loop
      vertex 104.661 -24.2569 110.441
      vertex 107.349 -27.3109 98.9593
      vertex 104.661 -27.3388 98.7913
    endloop
  endfacet
  facet normal -0.0506269 0.572983 -0.818002
    outer loop
      vertex 113.174 -18.6683 117.804
      vertex 113.174 -20.3172 116.649
      vertex 104.671 -18.7943 118.242
    endloop
  endfacet
  facet normal -0.0038501 0.966167 -0.257887
    outer loop
      vertex 107.349 -27.3109 98.9593
      vertex 104.671 -24.2569 110.441
      vertex 107.359 -27.3107 98.9599
    endloop
  endfacet
  facet normal 0 0.966398 -0.257051
    outer loop
      vertex 104.671 -24.2569 110.441
      vertex 107.349 -27.3109 98.9593
      vertex 104.661 -24.2569 110.441
    endloop
  endfacet
  facet normal -0.052711 -0.258459 -0.964583
    outer loop
      vertex 113.174 16.8439 118.654
      vertex 113.174 14.8995 119.175
      vertex 104.671 17.0143 119.073
    endloop
  endfacet
  facet normal -0.00160749 -0.991818 -0.12765
    outer loop
      vertex 104.663 24.2582 110.431
      vertex 107.359 25.7302 98.9599
      vertex 104.671 24.2569 110.441
    endloop
  endfacet
  facet normal -0.00225005 -0.991798 -0.127799
    outer loop
      vertex 107.359 25.7302 98.9599
      vertex 104.663 24.2582 110.431
      vertex 107.349 25.7303 98.9593
    endloop
  endfacet
  facet normal -0.0497418 0.0873231 -0.994937
    outer loop
      vertex 113.174 -12.8942 119.351
      vertex 113.174 -14.8995 119.175
      vertex 104.671 -15.1172 119.581
    endloop
  endfacet
  facet normal -0.0471075 0 -0.99889
    outer loop
      vertex 104.671 -13.1606 119.752
      vertex 113.174 12.8942 119.351
      vertex 113.174 -12.8942 119.351
    endloop
  endfacet
  facet normal -0.0471075 0 -0.99889
    outer loop
      vertex 113.174 12.8942 119.351
      vertex 104.671 -13.1606 119.752
      vertex 104.671 13.1606 119.752
    endloop
  endfacet
  facet normal -0.052711 0.258459 -0.964583
    outer loop
      vertex 113.174 -14.8995 119.175
      vertex 113.174 -16.8439 118.654
      vertex 104.671 -17.0143 119.073
    endloop
  endfacet
  facet normal -0.0293625 0.905976 -0.422309
    outer loop
      vertex 113.174 -22.8951 113.577
      vertex 113.174 -23.7458 111.752
      vertex 104.671 -22.9185 114.118
    endloop
  endfacet
  facet normal -0.018302 0.965133 -0.26112
    outer loop
      vertex 113.173 -23.7561 111.714
      vertex 104.671 -23.7485 112.338
      vertex 113.174 -23.7458 111.752
    endloop
  endfacet
  facet normal -0.0182813 0.965164 -0.261008
    outer loop
      vertex 107.783 -27.3001 98.9864
      vertex 113.173 -23.7561 111.714
      vertex 113.173 -27.1069 99.3233
    endloop
  endfacet
  facet normal -0.0182934 0.965165 -0.261003
    outer loop
      vertex 113.173 -23.7561 111.714
      vertex 107.783 -27.3001 98.9864
      vertex 104.671 -23.7485 112.338
    endloop
  endfacet
  facet normal -0.0293998 0.905921 -0.422424
    outer loop
      vertex 104.671 -22.9185 114.118
      vertex 113.174 -23.7458 111.752
      vertex 104.671 -23.7485 112.338
    endloop
  endfacet
  facet normal -0.0387159 -0.818571 -0.573099
    outer loop
      vertex 113.174 22.8951 113.577
      vertex 113.174 21.7406 115.226
      vertex 104.671 22.9185 114.118
    endloop
  endfacet
  facet normal -0.0528697 0.422433 -0.904851
    outer loop
      vertex 104.671 -17.0143 119.073
      vertex 113.174 -18.6683 117.804
      vertex 104.671 -18.7943 118.242
    endloop
  endfacet
  facet normal -0.0387159 0.818571 -0.573099
    outer loop
      vertex 113.174 -21.7406 115.226
      vertex 113.174 -22.8951 113.577
      vertex 104.671 -22.9185 114.118
    endloop
  endfacet
  facet normal -0.0181437 -0.965754 -0.258826
    outer loop
      vertex 113.174 24.2668 109.808
      vertex 113.174 23.7458 111.752
      vertex 104.671 24.2569 110.441
    endloop
  endfacet
  facet normal -0.0497418 -0.0873231 -0.994937
    outer loop
      vertex 113.174 14.8995 119.175
      vertex 113.174 12.8942 119.351
      vertex 104.671 15.1172 119.581
    endloop
  endfacet
  facet normal -0.0496472 0.0869573 -0.994974
    outer loop
      vertex 104.671 -13.1606 119.752
      vertex 113.174 -12.8942 119.351
      vertex 104.671 -15.1172 119.581
    endloop
  endfacet
  facet normal -0.00781877 0.965913 -0.258749
    outer loop
      vertex 107.492 -27.3074 98.9682
      vertex 107.359 -27.3107 98.9599
      vertex 104.671 -24.2569 110.441
    endloop
  endfacet
  facet normal -0.00769277 -0.992881 -0.118864
    outer loop
      vertex 104.671 24.2569 110.441
      vertex 113.166 24.2677 109.801
      vertex 113.174 24.2668 109.808
    endloop
  endfacet
  facet normal -0.00847517 -0.991579 -0.129228
    outer loop
      vertex 107.359 25.7302 98.9599
      vertex 113.166 24.2677 109.801
      vertex 104.671 24.2569 110.441
    endloop
  endfacet
  facet normal -0.0084525 -0.991577 -0.129239
    outer loop
      vertex 113.166 24.2677 109.801
      vertex 107.359 25.7302 98.9599
      vertex 113.166 25.6334 99.3228
    endloop
  endfacet
  facet normal -0.0293625 -0.905976 -0.422309
    outer loop
      vertex 113.174 23.7458 111.752
      vertex 113.174 22.8951 113.577
      vertex 104.671 22.9185 114.118
    endloop
  endfacet
  facet normal -0.0526722 -0.258305 -0.964626
    outer loop
      vertex 104.671 17.0143 119.073
      vertex 113.174 14.8995 119.175
      vertex 104.671 15.1172 119.581
    endloop
  endfacet
  facet normal -0.0387078 0.818546 -0.573135
    outer loop
      vertex 104.671 -21.7919 115.727
      vertex 113.174 -21.7406 115.226
      vertex 104.671 -22.9185 114.118
    endloop
  endfacet
  facet normal -0.0530552 -0.421725 -0.90517
    outer loop
      vertex 113.174 18.6683 117.804
      vertex 113.174 16.8439 118.654
      vertex 104.671 17.0143 119.073
    endloop
  endfacet
  facet normal -0.0528697 -0.422433 -0.904851
    outer loop
      vertex 104.671 18.7943 118.242
      vertex 113.174 18.6683 117.804
      vertex 104.671 17.0143 119.073
    endloop
  endfacet
  facet normal -0.00827359 0.96588 -0.258858
    outer loop
      vertex 107.783 -27.3001 98.9864
      vertex 104.671 -24.2569 110.441
      vertex 104.671 -23.7485 112.338
    endloop
  endfacet
  facet normal -0.00804429 0.965897 -0.2588
    outer loop
      vertex 104.671 -24.2569 110.441
      vertex 107.783 -27.3001 98.9864
      vertex 107.492 -27.3074 98.9682
    endloop
  endfacet
  facet normal -0.0530552 0.421725 -0.90517
    outer loop
      vertex 113.174 -16.8439 118.654
      vertex 113.174 -18.6683 117.804
      vertex 104.671 -17.0143 119.073
    endloop
  endfacet
  facet normal -0.0526722 0.258305 -0.964626
    outer loop
      vertex 104.671 -15.1172 119.581
      vertex 113.174 -14.8995 119.175
      vertex 104.671 -17.0143 119.073
    endloop
  endfacet
  facet normal -0.0387078 -0.818546 -0.573135
    outer loop
      vertex 104.671 22.9185 114.118
      vertex 113.174 21.7406 115.226
      vertex 104.671 21.7919 115.727
    endloop
  endfacet
  facet normal -0.0496472 -0.0869573 -0.994974
    outer loop
      vertex 104.671 15.1172 119.581
      vertex 113.174 12.8942 119.351
      vertex 104.671 13.1606 119.752
    endloop
  endfacet
  facet normal -0.0507305 0.572645 -0.818232
    outer loop
      vertex 104.671 -18.7943 118.242
      vertex 113.174 -20.3172 116.649
      vertex 104.671 -20.4032 117.116
    endloop
  endfacet
  facet normal -0.0459353 -0.706437 -0.706284
    outer loop
      vertex 104.671 21.7919 115.727
      vertex 113.174 20.3172 116.649
      vertex 104.671 20.4032 117.116
    endloop
  endfacet
  facet normal -0.045886 -0.706263 -0.706461
    outer loop
      vertex 113.174 20.3172 116.649
      vertex 104.671 21.7919 115.727
      vertex 113.174 21.7406 115.226
    endloop
  endfacet
  facet normal -0.0293998 -0.905921 -0.422424
    outer loop
      vertex 104.671 23.7485 112.338
      vertex 113.174 23.7458 111.752
      vertex 104.671 22.9185 114.118
    endloop
  endfacet
  facet normal -0.018144 -0.965754 -0.258824
    outer loop
      vertex 104.671 24.2569 110.441
      vertex 113.174 23.7458 111.752
      vertex 104.671 23.7485 112.338
    endloop
  endfacet
  facet normal -0.0459353 0.706437 -0.706284
    outer loop
      vertex 113.174 -20.3172 116.649
      vertex 104.671 -21.7919 115.727
      vertex 104.671 -20.4032 117.116
    endloop
  endfacet
  facet normal -0.045886 0.706263 -0.706461
    outer loop
      vertex 104.671 -21.7919 115.727
      vertex 113.174 -20.3172 116.649
      vertex 113.174 -21.7406 115.226
    endloop
  endfacet
  facet normal -0.44368 0.0782861 -0.892759
    outer loop
      vertex 121.787 -12.9232 115.068
      vertex 121.787 -15.0215 114.884
      vertex 113.174 -12.8942 119.351
    endloop
  endfacet
  facet normal -0.168918 0.893343 -0.41642
    outer loop
      vertex 113.174 -22.8951 113.577
      vertex 121.787 -23.3879 109.026
      vertex 113.174 -23.7458 111.752
    endloop
  endfacet
  facet normal -0.445258 0 -0.895402
    outer loop
      vertex 113.174 -12.8942 119.351
      vertex 121.787 12.9232 115.068
      vertex 121.787 -12.9232 115.068
    endloop
  endfacet
  facet normal -0.445258 0 -0.895402
    outer loop
      vertex 121.787 12.9232 115.068
      vertex 113.174 -12.8942 119.351
      vertex 113.174 12.8942 119.351
    endloop
  endfacet
  facet normal -0.405584 0.386233 -0.828448
    outer loop
      vertex 121.787 -17.056 114.339
      vertex 121.787 -18.965 113.449
      vertex 113.174 -18.6683 117.804
    endloop
  endfacet
  facet normal 0.00061113 0.965169 -0.261628
    outer loop
      vertex 115.897 -27.0704 99.4936
      vertex 113.173 -23.7561 111.714
      vertex 113.174 -23.7458 111.752
    endloop
  endfacet
  facet normal -0.00393766 0.964905 -0.26257
    outer loop
      vertex 113.173 -23.7561 111.714
      vertex 115.897 -27.0704 99.4936
      vertex 115.888 -27.0706 99.493
    endloop
  endfacet
  facet normal -0.430946 0.233495 -0.871645
    outer loop
      vertex 121.787 -15.0215 114.884
      vertex 121.787 -17.056 114.339
      vertex 113.174 -14.8995 119.175
    endloop
  endfacet
  facet normal -0.168945 0.893295 -0.416512
    outer loop
      vertex 121.787 -23.3879 109.026
      vertex 121.787 -24.278 107.117
      vertex 113.174 -23.7458 111.752
    endloop
  endfacet
  facet normal -0.405584 -0.386233 -0.828448
    outer loop
      vertex 121.787 18.965 113.449
      vertex 121.787 17.056 114.339
      vertex 113.174 18.6683 117.804
    endloop
  endfacet
  facet normal -0.168945 -0.893295 -0.416512
    outer loop
      vertex 121.787 24.278 107.117
      vertex 121.787 23.3879 109.026
      vertex 113.174 23.7458 111.752
    endloop
  endfacet
  facet normal -0.248162 0.79356 -0.555588
    outer loop
      vertex 113.174 -21.7406 115.226
      vertex 121.787 -23.3879 109.026
      vertex 113.174 -22.8951 113.577
    endloop
  endfacet
  facet normal -0.443664 0.0783553 -0.892761
    outer loop
      vertex 113.174 -12.8942 119.351
      vertex 121.787 -15.0215 114.884
      vertex 113.174 -14.8995 119.175
    endloop
  endfacet
  facet normal -0.314492 0.671134 -0.671323
    outer loop
      vertex 113.174 -20.3172 116.649
      vertex 121.787 -20.6904 112.241
      vertex 113.174 -21.7406 115.226
    endloop
  endfacet
  facet normal -0.314441 0.671398 -0.671082
    outer loop
      vertex 121.787 -20.6904 112.241
      vertex 121.787 -22.1797 110.751
      vertex 113.174 -21.7406 115.226
    endloop
  endfacet
  facet normal -0.168918 -0.893343 -0.41642
    outer loop
      vertex 113.174 23.7458 111.752
      vertex 121.787 23.3879 109.026
      vertex 113.174 22.8951 113.577
    endloop
  endfacet
  facet normal -0.0793917 -0.962854 -0.258087
    outer loop
      vertex 121.787 24.8232 105.083
      vertex 121.787 24.278 107.117
      vertex 113.174 23.7458 111.752
    endloop
  endfacet
  facet normal -0.248283 0.793428 -0.555722
    outer loop
      vertex 121.787 -22.1797 110.751
      vertex 121.787 -23.3879 109.026
      vertex 113.174 -21.7406 115.226
    endloop
  endfacet
  facet normal -0.44368 -0.0782861 -0.892759
    outer loop
      vertex 121.787 15.0215 114.884
      vertex 121.787 12.9232 115.068
      vertex 113.174 12.8942 119.351
    endloop
  endfacet
  facet normal -0.36683 0.533724 -0.761954
    outer loop
      vertex 113.174 -18.6683 117.804
      vertex 121.787 -20.6904 112.241
      vertex 113.174 -20.3172 116.649
    endloop
  endfacet
  facet normal -0.0936092 0.954383 -0.283534
    outer loop
      vertex 121.785 -24.288 107.084
      vertex 113.174 -23.7458 111.752
      vertex 121.787 -24.278 107.117
    endloop
  endfacet
  facet normal -0.0913289 0.955791 -0.279505
    outer loop
      vertex 119.753 -26.6314 99.7345
      vertex 121.785 -24.288 107.084
      vertex 121.785 -26.228 100.45
    endloop
  endfacet
  facet normal -0.097517 0.957955 -0.269839
    outer loop
      vertex 121.103 -26.407 100.061
      vertex 121.785 -26.228 100.45
      vertex 121.715 -26.2509 100.394
    endloop
  endfacet
  facet normal -0.0911455 0.955675 -0.27996
    outer loop
      vertex 121.785 -26.228 100.45
      vertex 121.103 -26.407 100.061
      vertex 119.753 -26.6314 99.7345
    endloop
  endfacet
  facet normal -0.0916386 0.956132 -0.278235
    outer loop
      vertex 119.753 -26.6314 99.7345
      vertex 121.103 -26.407 100.061
      vertex 120.442 -26.5351 99.8385
    endloop
  endfacet
  facet normal -0.091354 0.955791 -0.279498
    outer loop
      vertex 115.897 -27.0704 99.4936
      vertex 121.785 -24.288 107.084
      vertex 119.753 -26.6314 99.7345
    endloop
  endfacet
  facet normal -0.0913388 0.955789 -0.279509
    outer loop
      vertex 121.785 -24.288 107.084
      vertex 115.897 -27.0704 99.4936
      vertex 113.174 -23.7458 111.752
    endloop
  endfacet
  facet normal -0.314441 -0.671398 -0.671082
    outer loop
      vertex 121.787 22.1797 110.751
      vertex 121.787 20.6904 112.241
      vertex 113.174 21.7406 115.226
    endloop
  endfacet
  facet normal -0.366933 0.533527 -0.762043
    outer loop
      vertex 121.787 -18.965 113.449
      vertex 121.787 -20.6904 112.241
      vertex 113.174 -18.6683 117.804
    endloop
  endfacet
  facet normal 0.00341035 0.965319 -0.26105
    outer loop
      vertex 113.173 -23.7561 111.714
      vertex 115.888 -27.0706 99.493
      vertex 113.173 -27.1069 99.3233
    endloop
  endfacet
  facet normal -0.366933 -0.533527 -0.762043
    outer loop
      vertex 121.787 20.6904 112.241
      vertex 121.787 18.965 113.449
      vertex 113.174 18.6683 117.804
    endloop
  endfacet
  facet normal 0.0499299 -0.990376 -0.129083
    outer loop
      vertex 113.166 25.6334 99.3228
      vertex 115.473 25.7309 99.4671
      vertex 113.166 24.2677 109.801
    endloop
  endfacet
  facet normal -0.443664 -0.0783553 -0.892761
    outer loop
      vertex 113.174 14.8995 119.175
      vertex 121.787 15.0215 114.884
      vertex 113.174 12.8942 119.351
    endloop
  endfacet
  facet normal -0.405584 0.386025 -0.828545
    outer loop
      vertex 113.174 -16.8439 118.654
      vertex 121.787 -17.056 114.339
      vertex 113.174 -18.6683 117.804
    endloop
  endfacet
  facet normal -0.430928 0.233555 -0.871638
    outer loop
      vertex 113.174 -14.8995 119.175
      vertex 121.787 -17.056 114.339
      vertex 113.174 -16.8439 118.654
    endloop
  endfacet
  facet normal -0.0793634 -0.962866 -0.258052
    outer loop
      vertex 113.174 24.2668 109.808
      vertex 121.787 24.8232 105.083
      vertex 113.174 23.7458 111.752
    endloop
  endfacet
  facet normal -0.405584 -0.386025 -0.828545
    outer loop
      vertex 113.174 18.6683 117.804
      vertex 121.787 17.056 114.339
      vertex 113.174 16.8439 118.654
    endloop
  endfacet
  facet normal -0.430946 -0.233495 -0.871645
    outer loop
      vertex 121.787 17.056 114.339
      vertex 121.787 15.0215 114.884
      vertex 113.174 14.8995 119.175
    endloop
  endfacet
  facet normal -0.430928 -0.233555 -0.871638
    outer loop
      vertex 113.174 16.8439 118.654
      vertex 121.787 17.056 114.339
      vertex 113.174 14.8995 119.175
    endloop
  endfacet
  facet normal -0.36683 -0.533724 -0.761954
    outer loop
      vertex 113.174 20.3172 116.649
      vertex 121.787 20.6904 112.241
      vertex 113.174 18.6683 117.804
    endloop
  endfacet
  facet normal 0.00943175 -0.990372 -0.138113
    outer loop
      vertex 113.166 24.2677 109.801
      vertex 115.483 25.7308 99.4677
      vertex 113.174 24.2668 109.808
    endloop
  endfacet
  facet normal -0.00146985 -0.990077 -0.140515
    outer loop
      vertex 115.483 25.7308 99.4677
      vertex 113.166 24.2677 109.801
      vertex 115.473 25.7309 99.4671
    endloop
  endfacet
  facet normal -0.0060078 -0.991789 -0.127741
    outer loop
      vertex 113.174 24.2668 109.808
      vertex 121.78 24.8235 105.081
      vertex 121.787 24.8232 105.083
    endloop
  endfacet
  facet normal -0.0160429 -0.989198 -0.145706
    outer loop
      vertex 113.174 24.2668 109.808
      vertex 121.779 24.8244 105.075
      vertex 121.78 24.8235 105.081
    endloop
  endfacet
  facet normal -0.0147497 -0.989555 -0.143397
    outer loop
      vertex 115.483 25.7308 99.4677
      vertex 121.779 24.8244 105.075
      vertex 113.174 24.2668 109.808
    endloop
  endfacet
  facet normal -0.0148402 -0.989559 -0.143364
    outer loop
      vertex 120.442 25.6031 99.8385
      vertex 121.779 24.8244 105.075
      vertex 119.753 25.6285 99.7345
    endloop
  endfacet
  facet normal -0.0147101 -0.989554 -0.143411
    outer loop
      vertex 121.779 24.8244 105.075
      vertex 121.103 25.5611 100.061
      vertex 121.779 25.4954 100.445
    endloop
  endfacet
  facet normal -0.020206 -0.990783 -0.133946
    outer loop
      vertex 121.779 25.4954 100.445
      vertex 121.103 25.5611 100.061
      vertex 121.715 25.5036 100.394
    endloop
  endfacet
  facet normal -0.0145976 -0.989553 -0.143426
    outer loop
      vertex 121.779 24.8244 105.075
      vertex 120.442 25.6031 99.8385
      vertex 121.103 25.5611 100.061
    endloop
  endfacet
  facet normal -0.0147477 -0.989555 -0.143399
    outer loop
      vertex 121.779 24.8244 105.075
      vertex 115.483 25.7308 99.4677
      vertex 119.753 25.6285 99.7345
    endloop
  endfacet
  facet normal -0.248283 -0.793428 -0.555722
    outer loop
      vertex 121.787 23.3879 109.026
      vertex 121.787 22.1797 110.751
      vertex 113.174 21.7406 115.226
    endloop
  endfacet
  facet normal -0.314492 -0.671134 -0.671323
    outer loop
      vertex 113.174 21.7406 115.226
      vertex 121.787 20.6904 112.241
      vertex 113.174 20.3172 116.649
    endloop
  endfacet
  facet normal -0.248162 -0.79356 -0.555588
    outer loop
      vertex 113.174 22.8951 113.577
      vertex 121.787 23.3879 109.026
      vertex 113.174 21.7406 115.226
    endloop
  endfacet
  facet normal -0.0307302 -0.965447 -0.258782
    outer loop
      vertex 121.787 24.8232 105.083
      vertex 123.194 24.412 106.45
      vertex 121.787 24.278 107.117
    endloop
  endfacet
  facet normal -0.0309148 -0.965489 -0.258604
    outer loop
      vertex 123.194 24.412 106.45
      vertex 121.787 24.8232 105.083
      vertex 123.414 24.8761 104.691
    endloop
  endfacet
  facet normal -0.0310202 -0.965372 -0.259026
    outer loop
      vertex 123.467 24.9887 104.265
      vertex 123.414 24.8761 104.691
      vertex 121.787 24.8232 105.083
    endloop
  endfacet
  facet normal -0.373826 0.239996 -0.895911
    outer loop
      vertex 121.787 -15.0215 114.884
      vertex 122.228 -16.9701 114.178
      vertex 121.787 -17.056 114.339
    endloop
  endfacet
  facet normal -0.373603 0.240073 -0.895983
    outer loop
      vertex 122.228 -16.9701 114.178
      vertex 121.787 -15.0215 114.884
      vertex 122.159 -15.036 114.725
    endloop
  endfacet
  facet normal 0.0249795 0.959324 -0.281201
    outer loop
      vertex 121.785 -26.228 100.45
      vertex 123.025 -25.8505 101.848
      vertex 122.722 -25.988 101.352
    endloop
  endfacet
  facet normal 0.0241105 0.959589 -0.280369
    outer loop
      vertex 121.785 -26.228 100.45
      vertex 122.722 -25.988 101.352
      vertex 122.26 -26.1292 100.829
    endloop
  endfacet
  facet normal 0.0242366 0.95952 -0.280595
    outer loop
      vertex 123.025 -25.8505 101.848
      vertex 121.785 -26.228 100.45
      vertex 121.785 -24.288 107.084
    endloop
  endfacet
  facet normal -0.343486 -0.402513 -0.848529
    outer loop
      vertex 122.238 17.1834 114.096
      vertex 122.232 17.0789 114.148
      vertex 121.787 17.056 114.339
    endloop
  endfacet
  facet normal -0.306085 0.546164 -0.779754
    outer loop
      vertex 122.496 -20.5943 112.03
      vertex 122.51 -20.7435 111.92
      vertex 121.787 -20.6904 112.241
    endloop
  endfacet
  facet normal -0.254039 -0.682703 -0.685114
    outer loop
      vertex 122.528 20.8783 111.779
      vertex 122.51 20.7435 111.92
      vertex 121.787 20.6904 112.241
    endloop
  endfacet
  facet normal -0.390572 -0.0799676 -0.917092
    outer loop
      vertex 121.787 12.9232 115.068
      vertex 122.158 14.9416 114.734
      vertex 122.135 12.9323 114.919
    endloop
  endfacet
  facet normal -0.38847 -0.0804941 -0.917939
    outer loop
      vertex 122.158 14.9416 114.734
      vertex 121.787 12.9232 115.068
      vertex 121.787 15.0215 114.884
    endloop
  endfacet
  facet normal -0.188283 -0.804426 -0.563425
    outer loop
      vertex 121.787 23.3879 109.026
      vertex 122.734 22.3965 110.125
      vertex 121.787 22.1797 110.751
    endloop
  endfacet
  facet normal -0.188555 -0.804488 -0.563247
    outer loop
      vertex 122.734 22.3965 110.125
      vertex 121.787 23.3879 109.026
      vertex 122.938 23.4913 108.493
    endloop
  endfacet
  facet normal -0.388908 0.0833536 -0.917498
    outer loop
      vertex 122.158 -14.9416 114.734
      vertex 122.159 -15.036 114.725
      vertex 121.787 -15.0215 114.884
    endloop
  endfacet
  facet normal -0.373299 -0.23382 -0.897762
    outer loop
      vertex 122.232 17.0789 114.148
      vertex 122.228 16.9701 114.178
      vertex 121.787 17.056 114.339
    endloop
  endfacet
  facet normal -0.343486 0.402513 -0.848529
    outer loop
      vertex 122.232 -17.0789 114.148
      vertex 122.238 -17.1834 114.096
      vertex 121.787 -17.056 114.339
    endloop
  endfacet
  facet normal -0.373299 0.23382 -0.897762
    outer loop
      vertex 122.228 -16.9701 114.178
      vertex 122.232 -17.0789 114.148
      vertex 121.787 -17.056 114.339
    endloop
  endfacet
  facet normal -0.346164 -0.396423 -0.850305
    outer loop
      vertex 121.787 18.965 113.449
      vertex 122.238 17.1834 114.096
      vertex 121.787 17.056 114.339
    endloop
  endfacet
  facet normal -0.345278 -0.396343 -0.850703
    outer loop
      vertex 122.238 17.1834 114.096
      vertex 121.787 18.965 113.449
      vertex 122.35 19.0004 113.204
    endloop
  endfacet
  facet normal -0.373603 -0.240073 -0.895983
    outer loop
      vertex 121.787 15.0215 114.884
      vertex 122.228 16.9701 114.178
      vertex 122.159 15.036 114.725
    endloop
  endfacet
  facet normal -0.373826 -0.239996 -0.895911
    outer loop
      vertex 122.228 16.9701 114.178
      vertex 121.787 15.0215 114.884
      vertex 121.787 17.056 114.339
    endloop
  endfacet
  facet normal -0.38847 0.0804941 -0.917939
    outer loop
      vertex 121.787 -12.9232 115.068
      vertex 122.158 -14.9416 114.734
      vertex 121.787 -15.0215 114.884
    endloop
  endfacet
  facet normal -0.390572 0.0799676 -0.917092
    outer loop
      vertex 122.158 -14.9416 114.734
      vertex 121.787 -12.9232 115.068
      vertex 122.135 -12.9323 114.919
    endloop
  endfacet
  facet normal 0.023227 -0.988094 -0.152085
    outer loop
      vertex 121.779 24.8244 105.075
      vertex 123.468 24.9897 104.259
      vertex 121.78 24.8235 105.081
    endloop
  endfacet
  facet normal 0.0194928 -0.986991 -0.159591
    outer loop
      vertex 121.779 24.8244 105.075
      vertex 123.472 24.9956 104.223
      vertex 123.468 24.9897 104.259
    endloop
  endfacet
  facet normal 0.0223926 -0.987818 -0.153995
    outer loop
      vertex 121.779 24.8244 105.075
      vertex 123.478 25.1429 103.279
      vertex 123.472 24.9956 104.223
    endloop
  endfacet
  facet normal 0.0221998 -0.987794 -0.154173
    outer loop
      vertex 121.779 24.8244 105.075
      vertex 123.34 25.2464 102.596
      vertex 123.478 25.1429 103.279
    endloop
  endfacet
  facet normal 0.022295 -0.987801 -0.154114
    outer loop
      vertex 121.779 24.8244 105.075
      vertex 123.085 25.3419 101.947
      vertex 123.34 25.2464 102.596
    endloop
  endfacet
  facet normal 0.0223768 -0.987805 -0.154081
    outer loop
      vertex 122.679 25.433 101.304
      vertex 123.085 25.3419 101.947
      vertex 121.779 24.8244 105.075
    endloop
  endfacet
  facet normal 0.0156263 -0.988574 -0.149927
    outer loop
      vertex 123.085 25.3419 101.947
      vertex 122.679 25.433 101.304
      vertex 122.722 25.4264 101.352
    endloop
  endfacet
  facet normal 0.0681776 -0.98736 -0.143078
    outer loop
      vertex 121.779 24.8244 105.075
      vertex 122.26 25.4729 100.829
      vertex 122.679 25.433 101.304
    endloop
  endfacet
  facet normal 0.0680503 -0.987367 -0.143094
    outer loop
      vertex 122.26 25.4729 100.829
      vertex 121.779 24.8244 105.075
      vertex 121.779 25.4954 100.445
    endloop
  endfacet
  facet normal 0.00924386 -0.983642 -0.1799
    outer loop
      vertex 123.468 24.9897 104.259
      vertex 121.787 24.8232 105.083
      vertex 121.78 24.8235 105.081
    endloop
  endfacet
  facet normal 0.0186435 -0.986722 -0.161346
    outer loop
      vertex 121.787 24.8232 105.083
      vertex 123.468 24.9897 104.259
      vertex 123.467 24.9887 104.265
    endloop
  endfacet
  facet normal -0.254039 0.682703 -0.685114
    outer loop
      vertex 122.51 -20.7435 111.92
      vertex 122.528 -20.8783 111.779
      vertex 121.787 -20.6904 112.241
    endloop
  endfacet
  facet normal -0.306085 -0.546164 -0.779754
    outer loop
      vertex 122.51 20.7435 111.92
      vertex 122.496 20.5943 112.03
      vertex 121.787 20.6904 112.241
    endloop
  endfacet
  facet normal -0.113502 0.900263 -0.420289
    outer loop
      vertex 123.152 -24.2609 106.785
      vertex 123.194 -24.412 106.45
      vertex 121.787 -24.278 107.117
    endloop
  endfacet
  facet normal -0.305139 -0.546179 -0.780114
    outer loop
      vertex 121.787 20.6904 112.241
      vertex 122.35 19.0004 113.204
      vertex 121.787 18.965 113.449
    endloop
  endfacet
  facet normal -0.30608 -0.546253 -0.779694
    outer loop
      vertex 122.35 19.0004 113.204
      vertex 121.787 20.6904 112.241
      vertex 122.496 20.5943 112.03
    endloop
  endfacet
  facet normal -0.113502 -0.900263 -0.420289
    outer loop
      vertex 123.194 24.412 106.45
      vertex 123.152 24.2609 106.785
      vertex 121.787 24.278 107.117
    endloop
  endfacet
  facet normal -0.252918 0.684278 -0.683956
    outer loop
      vertex 122.528 -20.8783 111.779
      vertex 121.787 -22.1797 110.751
      vertex 121.787 -20.6904 112.241
    endloop
  endfacet
  facet normal -0.252556 0.684222 -0.684146
    outer loop
      vertex 121.787 -22.1797 110.751
      vertex 122.528 -20.8783 111.779
      vertex 122.708 -22.2557 110.335
    endloop
  endfacet
  facet normal -0.30608 0.546253 -0.779694
    outer loop
      vertex 121.787 -20.6904 112.241
      vertex 122.35 -19.0004 113.204
      vertex 122.496 -20.5943 112.03
    endloop
  endfacet
  facet normal -0.305139 0.546179 -0.780114
    outer loop
      vertex 122.35 -19.0004 113.204
      vertex 121.787 -20.6904 112.241
      vertex 121.787 -18.965 113.449
    endloop
  endfacet
  facet normal -0.3936 0 -0.919282
    outer loop
      vertex 121.787 -12.9232 115.068
      vertex 122.135 12.9323 114.919
      vertex 122.135 -12.9323 114.919
    endloop
  endfacet
  facet normal -0.3936 0 -0.919282
    outer loop
      vertex 122.135 12.9323 114.919
      vertex 121.787 -12.9232 115.068
      vertex 121.787 12.9232 115.068
    endloop
  endfacet
  facet normal -0.113531 0.900463 -0.419854
    outer loop
      vertex 122.938 -23.4913 108.493
      vertex 121.787 -24.278 107.117
      vertex 121.787 -23.3879 109.026
    endloop
  endfacet
  facet normal -0.113418 0.900439 -0.419935
    outer loop
      vertex 121.787 -24.278 107.117
      vertex 122.938 -23.4913 108.493
      vertex 123.152 -24.2609 106.785
    endloop
  endfacet
  facet normal -0.388908 -0.0833536 -0.917498
    outer loop
      vertex 122.159 15.036 114.725
      vertex 122.158 14.9416 114.734
      vertex 121.787 15.0215 114.884
    endloop
  endfacet
  facet normal -0.345278 0.396343 -0.850703
    outer loop
      vertex 121.787 -18.965 113.449
      vertex 122.238 -17.1834 114.096
      vertex 122.35 -19.0004 113.204
    endloop
  endfacet
  facet normal -0.346164 0.396423 -0.850305
    outer loop
      vertex 122.238 -17.1834 114.096
      vertex 121.787 -18.965 113.449
      vertex 121.787 -17.056 114.339
    endloop
  endfacet
  facet normal -0.113531 -0.900463 -0.419854
    outer loop
      vertex 121.787 24.278 107.117
      vertex 122.938 23.4913 108.493
      vertex 121.787 23.3879 109.026
    endloop
  endfacet
  facet normal -0.113418 -0.900439 -0.419935
    outer loop
      vertex 122.938 23.4913 108.493
      vertex 121.787 24.278 107.117
      vertex 123.152 24.2609 106.785
    endloop
  endfacet
  facet normal -0.18784 0.804887 -0.562914
    outer loop
      vertex 122.708 -22.2557 110.335
      vertex 122.734 -22.3965 110.125
      vertex 121.787 -22.1797 110.751
    endloop
  endfacet
  facet normal -0.252918 -0.684278 -0.683956
    outer loop
      vertex 121.787 22.1797 110.751
      vertex 122.528 20.8783 111.779
      vertex 121.787 20.6904 112.241
    endloop
  endfacet
  facet normal -0.252556 -0.684222 -0.684146
    outer loop
      vertex 122.528 20.8783 111.779
      vertex 121.787 22.1797 110.751
      vertex 122.708 22.2557 110.335
    endloop
  endfacet
  facet normal -0.18784 -0.804887 -0.562914
    outer loop
      vertex 122.734 22.3965 110.125
      vertex 122.708 22.2557 110.335
      vertex 121.787 22.1797 110.751
    endloop
  endfacet
  facet normal -0.188283 0.804426 -0.563425
    outer loop
      vertex 122.734 -22.3965 110.125
      vertex 121.787 -23.3879 109.026
      vertex 121.787 -22.1797 110.751
    endloop
  endfacet
  facet normal -0.188555 0.804488 -0.563247
    outer loop
      vertex 121.787 -23.3879 109.026
      vertex 122.734 -22.3965 110.125
      vertex 122.938 -23.4913 108.493
    endloop
  endfacet
  facet normal -0.0147102 0.957168 -0.289159
    outer loop
      vertex 123.032 -25.847 101.86
      vertex 121.785 -24.288 107.084
      vertex 121.787 -24.278 107.117
    endloop
  endfacet
  facet normal 0.00788828 0.958724 -0.284229
    outer loop
      vertex 121.785 -24.288 107.084
      vertex 123.032 -25.847 101.86
      vertex 123.025 -25.8505 101.848
    endloop
  endfacet
  facet normal -0.049676 0.953771 -0.296401
    outer loop
      vertex 123.472 -25.0896 104.223
      vertex 121.787 -24.278 107.117
      vertex 123.194 -24.412 106.45
    endloop
  endfacet
  facet normal -0.0502407 0.953758 -0.296348
    outer loop
      vertex 123.032 -25.847 101.86
      vertex 123.472 -25.0896 104.223
      vertex 123.478 -25.3826 103.279
    endloop
  endfacet
  facet normal -0.0488509 0.9537 -0.296766
    outer loop
      vertex 123.032 -25.847 101.86
      vertex 123.478 -25.3826 103.279
      vertex 123.34 -25.6022 102.596
    endloop
  endfacet
  facet normal -0.0438412 0.953327 -0.298738
    outer loop
      vertex 123.032 -25.847 101.86
      vertex 123.34 -25.6022 102.596
      vertex 123.085 -25.8173 101.947
    endloop
  endfacet
  facet normal -0.0497485 0.953755 -0.296439
    outer loop
      vertex 123.472 -25.0896 104.223
      vertex 123.032 -25.847 101.86
      vertex 121.787 -24.278 107.117
    endloop
  endfacet
  facet normal -0.700567 0 -0.713587
    outer loop
      vertex 94.0004 -28.556 99.4439
      vertex 94.2306 -26.8994 99.2179
      vertex 94.2306 -28.6073 99.2179
    endloop
  endfacet
  facet normal -0.693907 -0.00180894 -0.720062
    outer loop
      vertex 93.9923 -28.5537 99.4517
      vertex 94.2306 -26.8994 99.2179
      vertex 94.0004 -28.556 99.4439
    endloop
  endfacet
  facet normal -0.700466 3.70791e-05 -0.713686
    outer loop
      vertex 93.7329 -28.4596 99.7063
      vertex 94.2306 -26.8994 99.2179
      vertex 93.9923 -28.5537 99.4517
    endloop
  endfacet
  facet normal -0.700306 -6.29023e-05 -0.713842
    outer loop
      vertex 94.2306 -26.8994 99.2179
      vertex 93.7329 -28.4596 99.7063
      vertex 94.1147 -26.8735 99.3316
    endloop
  endfacet
  facet normal -0.702503 0.000976748 -0.71168
    outer loop
      vertex 94.1147 -26.8735 99.3316
      vertex 93.7329 -28.4596 99.7063
      vertex 94.1067 -26.8712 99.3395
    endloop
  endfacet
  facet normal -0.700392 0 -0.713758
    outer loop
      vertex 94.1067 -26.8712 99.3395
      vertex 93.7329 -28.4596 99.7063
      vertex 93.7329 -26.7357 99.7063
    endloop
  endfacet
  facet normal 0.749461 0 -0.662048
    outer loop
      vertex 122.722 -27.7035 101.352
      vertex 122.26 -26.1292 100.829
      vertex 122.722 -25.988 101.352
    endloop
  endfacet
  facet normal 0.749461 0 -0.662048
    outer loop
      vertex 122.26 -26.1292 100.829
      vertex 122.722 -27.7035 101.352
      vertex 122.26 -27.8447 100.829
    endloop
  endfacet
  facet normal 0.6237 -6.74762e-05 -0.781664
    outer loop
      vertex 121.715 -26.2509 100.394
      vertex 122.26 -27.8447 100.829
      vertex 121.785 -27.9435 100.45
    endloop
  endfacet
  facet normal 0.623691 0 -0.781671
    outer loop
      vertex 122.26 -27.8447 100.829
      vertex 121.785 -26.228 100.45
      vertex 122.26 -26.1292 100.829
    endloop
  endfacet
  facet normal 0.624695 0 -0.780869
    outer loop
      vertex 121.715 -26.2509 100.394
      vertex 121.785 -27.9435 100.45
      vertex 121.715 -27.9664 100.394
    endloop
  endfacet
  facet normal 0.624607 0.000440687 -0.780939
    outer loop
      vertex 122.26 -27.8447 100.829
      vertex 121.715 -26.2509 100.394
      vertex 121.785 -26.228 100.45
    endloop
  endfacet
  facet normal 0.149253 0 -0.988799
    outer loop
      vertex 119.753 -26.6314 99.7345
      vertex 120.442 -28.2506 99.8385
      vertex 119.753 -28.3469 99.7345
    endloop
  endfacet
  facet normal 0.149253 0 -0.988799
    outer loop
      vertex 120.442 -28.2506 99.8385
      vertex 119.753 -26.6314 99.7345
      vertex 120.442 -26.5351 99.8385
    endloop
  endfacet
  facet normal 0.930734 0 -0.365697
    outer loop
      vertex 123.34 -27.3281 102.596
      vertex 123.085 -25.8173 101.947
      vertex 123.34 -25.6022 102.596
    endloop
  endfacet
  facet normal 0.930875 0.000177507 -0.365339
    outer loop
      vertex 123.123 -27.5114 102.043
      vertex 123.085 -25.8173 101.947
      vertex 123.34 -27.3281 102.596
    endloop
  endfacet
  facet normal 0.936221 0.0010868 -0.351409
    outer loop
      vertex 123.117 -27.5162 102.027
      vertex 123.085 -25.8173 101.947
      vertex 123.123 -27.5114 102.043
    endloop
  endfacet
  facet normal 0.928477 0 -0.371391
    outer loop
      vertex 123.085 -25.8173 101.947
      vertex 123.117 -27.5162 102.027
      vertex 123.085 -27.5388 101.947
    endloop
  endfacet
  facet normal 0.854009 0 -0.520258
    outer loop
      vertex 123.085 -27.5388 101.947
      vertex 123.032 -25.847 101.86
      vertex 123.085 -25.8173 101.947
    endloop
  endfacet
  facet normal 0.863635 0.00113161 -0.504117
    outer loop
      vertex 123.085 -27.5388 101.947
      vertex 123.025 -25.8505 101.848
      vertex 123.032 -25.847 101.86
    endloop
  endfacet
  facet normal 0.853396 -0.000237665 -0.521263
    outer loop
      vertex 123.085 -27.5388 101.947
      vertex 122.722 -25.988 101.352
      vertex 123.025 -25.8505 101.848
    endloop
  endfacet
  facet normal 0.853672 0 -0.520811
    outer loop
      vertex 122.722 -25.988 101.352
      vertex 123.085 -27.5388 101.947
      vertex 122.722 -27.7035 101.352
    endloop
  endfacet
  facet normal 0.999721 0.0231747 0.00463494
    outer loop
      vertex 123.468 24.9897 104.259
      vertex 123.429 26.6109 104.565
      vertex 123.429 26.6099 104.57
    endloop
  endfacet
  facet normal 0.99226 8.14015e-05 0.124174
    outer loop
      vertex 123.414 24.8761 104.691
      vertex 123.429 26.6099 104.57
      vertex 123.17 26.0633 106.64
    endloop
  endfacet
  facet normal 0.992309 0.000179668 0.123783
    outer loop
      vertex 123.194 24.412 106.45
      vertex 123.17 26.0633 106.64
      vertex 123.119 25.9553 107.049
    endloop
  endfacet
  facet normal 0.992201 -0.000160555 0.124646
    outer loop
      vertex 123.194 24.412 106.45
      vertex 123.119 25.9553 107.049
      vertex 123.074 25.7944 107.407
    endloop
  endfacet
  facet normal 0.992348 3.14825e-05 0.12347
    outer loop
      vertex 123.467 24.9887 104.265
      vertex 123.429 26.6099 104.57
      vertex 123.414 24.8761 104.691
    endloop
  endfacet
  facet normal 0.992188 0 0.124749
    outer loop
      vertex 123.429 26.6109 104.565
      vertex 123.472 24.9956 104.223
      vertex 123.472 26.6652 104.223
    endloop
  endfacet
  facet normal 0.993826 0.00297312 0.110912
    outer loop
      vertex 123.429 26.6109 104.565
      vertex 123.468 24.9897 104.259
      vertex 123.472 24.9956 104.223
    endloop
  endfacet
  facet normal 0.992305 -0.000212478 0.123816
    outer loop
      vertex 122.938 23.4913 108.493
      vertex 123.074 25.7944 107.407
      vertex 122.829 24.9104 109.369
    endloop
  endfacet
  facet normal 0.98657 -0.0075722 0.163166
    outer loop
      vertex 123.468 24.9897 104.259
      vertex 123.429 26.6099 104.57
      vertex 123.467 24.9887 104.265
    endloop
  endfacet
  facet normal 0.992265 0.000137924 0.12414
    outer loop
      vertex 123.17 26.0633 106.64
      vertex 123.194 24.412 106.45
      vertex 123.414 24.8761 104.691
    endloop
  endfacet
  facet normal 0.992232 9.79649e-06 0.124404
    outer loop
      vertex 123.074 25.7944 107.407
      vertex 123.152 24.2609 106.785
      vertex 123.194 24.412 106.45
    endloop
  endfacet
  facet normal 0.992298 -0.000247263 0.123871
    outer loop
      vertex 122.734 22.3965 110.125
      vertex 122.829 24.9104 109.369
      vertex 122.593 23.6434 111.257
    endloop
  endfacet
  facet normal 0.992392 0.000440996 0.123116
    outer loop
      vertex 122.708 22.2557 110.335
      vertex 122.593 23.6434 111.257
      vertex 122.568 23.5081 111.459
    endloop
  endfacet
  facet normal 0.99224 3.7154e-05 0.124337
    outer loop
      vertex 123.074 25.7944 107.407
      vertex 122.938 23.4913 108.493
      vertex 123.152 24.2609 106.785
    endloop
  endfacet
  facet normal 0.9921 -0.00167512 0.125438
    outer loop
      vertex 122.708 22.2557 110.335
      vertex 122.568 23.5081 111.459
      vertex 122.547 23.3515 111.623
    endloop
  endfacet
  facet normal 0.992298 -0.00024724 0.123871
    outer loop
      vertex 122.829 24.9104 109.369
      vertex 122.734 22.3965 110.125
      vertex 122.938 23.4913 108.493
    endloop
  endfacet
  facet normal 0.992388 0.000419351 0.123148
    outer loop
      vertex 122.593 23.6434 111.257
      vertex 122.708 22.2557 110.335
      vertex 122.734 22.3965 110.125
    endloop
  endfacet
  facet normal 0.992283 0.000198176 0.123997
    outer loop
      vertex 122.528 20.8783 111.779
      vertex 122.547 23.3515 111.623
      vertex 122.343 21.7918 113.258
    endloop
  endfacet
  facet normal 0.992298 0.000190393 0.123875
    outer loop
      vertex 122.547 23.3515 111.623
      vertex 122.528 20.8783 111.779
      vertex 122.708 22.2557 110.335
    endloop
  endfacet
  facet normal 0.992142 -0.00162348 0.125104
    outer loop
      vertex 122.343 21.7918 113.258
      vertex 122.51 20.7435 111.92
      vertex 122.528 20.8783 111.779
    endloop
  endfacet
  facet normal 0.99219 -0.00114044 0.124732
    outer loop
      vertex 122.343 21.7918 113.258
      vertex 122.496 20.5943 112.03
      vertex 122.51 20.7435 111.92
    endloop
  endfacet
  facet normal 0.992298 -0.000249663 0.123877
    outer loop
      vertex 122.169 19.9042 114.648
      vertex 122.496 20.5943 112.03
      vertex 122.343 21.7918 113.258
    endloop
  endfacet
  facet normal 0.99463 -0.0117767 0.102819
    outer loop
      vertex 122.155 19.7171 114.762
      vertex 122.169 19.9042 114.648
      vertex 122.161 19.8135 114.715
    endloop
  endfacet
  facet normal 0.992321 0.00111142 0.123688
    outer loop
      vertex 122.169 19.9042 114.648
      vertex 122.155 19.7171 114.762
      vertex 122.35 19.0004 113.204
    endloop
  endfacet
  facet normal 0.992273 0.000492794 0.124069
    outer loop
      vertex 122.169 19.9042 114.648
      vertex 122.35 19.0004 113.204
      vertex 122.496 20.5943 112.03
    endloop
  endfacet
  facet normal 0.992294 -6.37824e-05 0.123907
    outer loop
      vertex 122.238 17.1834 114.096
      vertex 122.155 19.7171 114.762
      vertex 122.027 17.6327 115.786
    endloop
  endfacet
  facet normal 0.992249 -0.00015898 0.124264
    outer loop
      vertex 122.155 19.7171 114.762
      vertex 122.238 17.1834 114.096
      vertex 122.35 19.0004 113.204
    endloop
  endfacet
  facet normal 0.992422 0.00412912 0.122808
    outer loop
      vertex 122.027 17.6327 115.786
      vertex 122.232 17.0789 114.148
      vertex 122.238 17.1834 114.096
    endloop
  endfacet
  facet normal 0.992172 -0.0020472 0.124865
    outer loop
      vertex 122.027 17.6327 115.786
      vertex 122.228 16.9701 114.178
      vertex 122.232 17.0789 114.148
    endloop
  endfacet
  facet normal 0.992265 -0.00024425 0.124134
    outer loop
      vertex 121.946 15.3586 116.429
      vertex 122.228 16.9701 114.178
      vertex 122.027 17.6327 115.786
    endloop
  endfacet
  facet normal 0.992496 0.013209 0.121561
    outer loop
      vertex 122.159 15.036 114.725
      vertex 121.946 15.3586 116.429
      vertex 121.945 15.3141 116.442
    endloop
  endfacet
  facet normal 0.992271 -0.000304354 0.124091
    outer loop
      vertex 121.946 15.3586 116.429
      vertex 122.159 15.036 114.725
      vertex 122.228 16.9701 114.178
    endloop
  endfacet
  facet normal 0.992347 0.00126012 0.123478
    outer loop
      vertex 121.945 15.3141 116.442
      vertex 122.158 14.9416 114.734
      vertex 122.159 15.036 114.725
    endloop
  endfacet
  facet normal 0.992314 2.54462e-05 0.123743
    outer loop
      vertex 121.918 12.9641 116.659
      vertex 122.158 14.9416 114.734
      vertex 121.945 15.3141 116.442
    endloop
  endfacet
  facet normal 0.992313 3.54189e-05 0.123753
    outer loop
      vertex 121.918 12.9641 116.659
      vertex 122.135 12.9323 114.919
      vertex 122.158 14.9416 114.734
    endloop
  endfacet
  facet normal 0.99214 -0.0165343 0.124035
    outer loop
      vertex 121.917 12.9266 116.662
      vertex 122.135 12.9323 114.919
      vertex 121.918 12.9641 116.659
    endloop
  endfacet
  facet normal 0.992269 -0 0.124105
    outer loop
      vertex 121.917 -12.9266 116.662
      vertex 122.135 12.9323 114.919
      vertex 121.917 12.9266 116.662
    endloop
  endfacet
  facet normal 0.992269 0 0.124105
    outer loop
      vertex 121.917 -12.9266 116.662
      vertex 122.135 -12.9323 114.919
      vertex 122.135 12.9323 114.919
    endloop
  endfacet
  facet normal 0.99214 0.0165343 0.124035
    outer loop
      vertex 121.918 -12.9641 116.659
      vertex 122.135 -12.9323 114.919
      vertex 121.917 -12.9266 116.662
    endloop
  endfacet
  facet normal 0.992313 -3.54189e-05 0.123753
    outer loop
      vertex 121.918 -12.9641 116.659
      vertex 122.158 -14.9416 114.734
      vertex 122.135 -12.9323 114.919
    endloop
  endfacet
  facet normal 0.992314 -2.54462e-05 0.123743
    outer loop
      vertex 121.945 -15.3141 116.442
      vertex 122.158 -14.9416 114.734
      vertex 121.918 -12.9641 116.659
    endloop
  endfacet
  facet normal 0.992347 -0.00126012 0.123478
    outer loop
      vertex 122.158 -14.9416 114.734
      vertex 121.945 -15.3141 116.442
      vertex 122.159 -15.036 114.725
    endloop
  endfacet
  facet normal 0.992496 -0.013209 0.121561
    outer loop
      vertex 121.946 -15.3586 116.429
      vertex 122.159 -15.036 114.725
      vertex 121.945 -15.3141 116.442
    endloop
  endfacet
  facet normal 0.992271 0.000304354 0.124091
    outer loop
      vertex 121.946 -15.3586 116.429
      vertex 122.228 -16.9701 114.178
      vertex 122.159 -15.036 114.725
    endloop
  endfacet
  facet normal 0.992265 0.00024425 0.124134
    outer loop
      vertex 122.027 -17.6327 115.786
      vertex 122.228 -16.9701 114.178
      vertex 121.946 -15.3586 116.429
    endloop
  endfacet
  facet normal 0.992172 0.0020472 0.124865
    outer loop
      vertex 122.228 -16.9701 114.178
      vertex 122.027 -17.6327 115.786
      vertex 122.232 -17.0789 114.148
    endloop
  endfacet
  facet normal 0.992422 -0.00412912 0.122808
    outer loop
      vertex 122.232 -17.0789 114.148
      vertex 122.027 -17.6327 115.786
      vertex 122.238 -17.1834 114.096
    endloop
  endfacet
  facet normal 0.992294 6.37824e-05 0.123907
    outer loop
      vertex 122.155 -19.7171 114.762
      vertex 122.238 -17.1834 114.096
      vertex 122.027 -17.6327 115.786
    endloop
  endfacet
  facet normal 0.992249 0.00015898 0.124264
    outer loop
      vertex 122.238 -17.1834 114.096
      vertex 122.155 -19.7171 114.762
      vertex 122.35 -19.0004 113.204
    endloop
  endfacet
  facet normal 0.99463 0.0117767 0.102819
    outer loop
      vertex 122.169 -19.9042 114.648
      vertex 122.155 -19.7171 114.762
      vertex 122.161 -19.8135 114.715
    endloop
  endfacet
  facet normal 0.992321 -0.00111142 0.123688
    outer loop
      vertex 122.155 -19.7171 114.762
      vertex 122.169 -19.9042 114.648
      vertex 122.35 -19.0004 113.204
    endloop
  endfacet
  facet normal 0.992273 -0.000492794 0.124069
    outer loop
      vertex 122.169 -19.9042 114.648
      vertex 122.496 -20.5943 112.03
      vertex 122.35 -19.0004 113.204
    endloop
  endfacet
  facet normal 0.992298 0.000249663 0.123877
    outer loop
      vertex 122.343 -21.7918 113.258
      vertex 122.496 -20.5943 112.03
      vertex 122.169 -19.9042 114.648
    endloop
  endfacet
  facet normal 0.99219 0.00114044 0.124732
    outer loop
      vertex 122.496 -20.5943 112.03
      vertex 122.343 -21.7918 113.258
      vertex 122.51 -20.7435 111.92
    endloop
  endfacet
  facet normal 0.992142 0.00162348 0.125104
    outer loop
      vertex 122.51 -20.7435 111.92
      vertex 122.343 -21.7918 113.258
      vertex 122.528 -20.8783 111.779
    endloop
  endfacet
  facet normal 0.992283 -0.000198176 0.123997
    outer loop
      vertex 122.547 -23.3515 111.623
      vertex 122.528 -20.8783 111.779
      vertex 122.343 -21.7918 113.258
    endloop
  endfacet
  facet normal 0.992298 -0.000190393 0.123875
    outer loop
      vertex 122.528 -20.8783 111.779
      vertex 122.547 -23.3515 111.623
      vertex 122.708 -22.2557 110.335
    endloop
  endfacet
  facet normal 0.9921 0.00167512 0.125438
    outer loop
      vertex 122.568 -23.5081 111.459
      vertex 122.708 -22.2557 110.335
      vertex 122.547 -23.3515 111.623
    endloop
  endfacet
  facet normal 0.992392 -0.000440996 0.123116
    outer loop
      vertex 122.593 -23.6434 111.257
      vertex 122.708 -22.2557 110.335
      vertex 122.568 -23.5081 111.459
    endloop
  endfacet
  facet normal 0.992388 -0.000419351 0.123148
    outer loop
      vertex 122.708 -22.2557 110.335
      vertex 122.593 -23.6434 111.257
      vertex 122.734 -22.3965 110.125
    endloop
  endfacet
  facet normal 0.992298 0.000247263 0.123871
    outer loop
      vertex 122.829 -24.9104 109.369
      vertex 122.734 -22.3965 110.125
      vertex 122.593 -23.6434 111.257
    endloop
  endfacet
  facet normal 0.992298 0.00024724 0.123871
    outer loop
      vertex 122.734 -22.3965 110.125
      vertex 122.829 -24.9104 109.369
      vertex 122.938 -23.4913 108.493
    endloop
  endfacet
  facet normal 0.992305 0.000212478 0.123816
    outer loop
      vertex 123.074 -25.7944 107.407
      vertex 122.938 -23.4913 108.493
      vertex 122.829 -24.9104 109.369
    endloop
  endfacet
  facet normal 0.99224 -3.7154e-05 0.124337
    outer loop
      vertex 122.938 -23.4913 108.493
      vertex 123.074 -25.7944 107.407
      vertex 123.152 -24.2609 106.785
    endloop
  endfacet
  facet normal 0.992232 -9.79649e-06 0.124404
    outer loop
      vertex 123.152 -24.2609 106.785
      vertex 123.074 -25.7944 107.407
      vertex 123.194 -24.412 106.45
    endloop
  endfacet
  facet normal 0.992201 0.000160555 0.124646
    outer loop
      vertex 123.119 -25.9553 107.049
      vertex 123.194 -24.412 106.45
      vertex 123.074 -25.7944 107.407
    endloop
  endfacet
  facet normal 0.992294 -0.000129885 0.123909
    outer loop
      vertex 123.194 -24.412 106.45
      vertex 123.119 -25.9553 107.049
      vertex 123.472 -25.0896 104.223
    endloop
  endfacet
  facet normal 0.992289 0 0.123948
    outer loop
      vertex 123.472 -25.0896 104.223
      vertex 123.119 -25.9553 107.049
      vertex 123.472 -26.8155 104.223
    endloop
  endfacet
  facet normal -0.996962 0 0.0778921
    outer loop
      vertex 92.773 -25.89 102.269
      vertex 92.8273 -27.4036 102.964
      vertex 92.8273 -25.6797 102.964
    endloop
  endfacet
  facet normal -0.996962 0 0.0778921
    outer loop
      vertex 92.8273 -27.4036 102.964
      vertex 92.773 -25.89 102.269
      vertex 92.773 -27.6138 102.269
    endloop
  endfacet
  facet normal 0.319022 0 -0.947747
    outer loop
      vertex 120.442 -26.5351 99.8385
      vertex 121.103 -28.1225 100.061
      vertex 120.442 -28.2506 99.8385
    endloop
  endfacet
  facet normal 0.319022 0 -0.947747
    outer loop
      vertex 121.103 -28.1225 100.061
      vertex 120.442 -26.5351 99.8385
      vertex 121.103 -26.407 100.061
    endloop
  endfacet
  facet normal 0.477947 0 -0.878389
    outer loop
      vertex 121.103 -26.407 100.061
      vertex 121.715 -27.9664 100.394
      vertex 121.103 -28.1225 100.061
    endloop
  endfacet
  facet normal 0.477947 0 -0.878389
    outer loop
      vertex 121.715 -27.9664 100.394
      vertex 121.103 -26.407 100.061
      vertex 121.715 -26.2509 100.394
    endloop
  endfacet
  facet normal 0.99998 -0 0.0063558
    outer loop
      vertex 123.472 -26.8155 104.223
      vertex 123.478 -25.3826 103.279
      vertex 123.472 -25.0896 104.223
    endloop
  endfacet
  facet normal 0.99998 0 0.0063558
    outer loop
      vertex 123.478 -25.3826 103.279
      vertex 123.472 -26.8155 104.223
      vertex 123.478 -27.1085 103.279
    endloop
  endfacet
  facet normal 0.0623618 2.81225e-05 -0.998054
    outer loop
      vertex 115.897 -27.0704 99.4936
      vertex 119.753 -28.3469 99.7345
      vertex 116.021 -28.7718 99.5013
    endloop
  endfacet
  facet normal 0.0598953 -0.000152319 -0.998205
    outer loop
      vertex 115.897 -27.0704 99.4936
      vertex 116.021 -28.7718 99.5013
      vertex 116.011 -28.772 99.5007
    endloop
  endfacet
  facet normal 0.0623525 0 -0.998054
    outer loop
      vertex 119.753 -28.3469 99.7345
      vertex 115.897 -27.0704 99.4936
      vertex 119.753 -26.6314 99.7345
    endloop
  endfacet
  facet normal 0.0665125 0.000292755 -0.997786
    outer loop
      vertex 116.011 -28.772 99.5007
      vertex 115.888 -27.0706 99.493
      vertex 115.897 -27.0704 99.4936
    endloop
  endfacet
  facet normal 0.0623871 -6.69051e-06 -0.998052
    outer loop
      vertex 113.173 -28.81 99.3233
      vertex 115.888 -27.0706 99.493
      vertex 116.011 -28.772 99.5007
    endloop
  endfacet
  facet normal 0.0623829 0 -0.998052
    outer loop
      vertex 113.173 -28.81 99.3233
      vertex 113.173 -27.1069 99.3233
      vertex 115.888 -27.0706 99.493
    endloop
  endfacet
  facet normal 0.0623877 0 -0.998052
    outer loop
      vertex 107.913 -28.9985 98.9945
      vertex 113.173 -27.1069 99.3233
      vertex 113.173 -28.81 99.3233
    endloop
  endfacet
  facet normal 0.0623824 1.50042e-05 -0.998052
    outer loop
      vertex 107.913 -28.9985 98.9945
      vertex 107.783 -27.3001 98.9864
      vertex 113.173 -27.1069 99.3233
    endloop
  endfacet
  facet normal 0.0623779 1.4663e-05 -0.998053
    outer loop
      vertex 107.745 -29.0027 98.984
      vertex 107.783 -27.3001 98.9864
      vertex 107.913 -28.9985 98.9945
    endloop
  endfacet
  facet normal 0.0624206 1.37056e-05 -0.99805
    outer loop
      vertex 107.745 -29.0027 98.984
      vertex 107.492 -27.3074 98.9682
      vertex 107.783 -27.3001 98.9864
    endloop
  endfacet
  facet normal 0.0623781 7.33127e-06 -0.998053
    outer loop
      vertex 107.425 -29.0108 98.964
      vertex 107.492 -27.3074 98.9682
      vertex 107.745 -29.0027 98.984
    endloop
  endfacet
  facet normal 0.0598931 -8.21684e-05 -0.998205
    outer loop
      vertex 107.359 -27.3107 98.9599
      vertex 107.425 -29.0108 98.964
      vertex 107.415 -29.0109 98.9634
    endloop
  endfacet
  facet normal 0.0622846 1.10243e-05 -0.998058
    outer loop
      vertex 107.425 -29.0108 98.964
      vertex 107.359 -27.3107 98.9599
      vertex 107.492 -27.3074 98.9682
    endloop
  endfacet
  facet normal 0.0598939 -8.21413e-05 -0.998205
    outer loop
      vertex 107.415 -29.0109 98.9634
      vertex 107.349 -27.3109 98.9593
      vertex 107.359 -27.3107 98.9599
    endloop
  endfacet
  facet normal 0.0623691 1.43197e-05 -0.998053
    outer loop
      vertex 104.661 -29.0395 98.7913
      vertex 107.349 -27.3109 98.9593
      vertex 107.415 -29.0109 98.9634
    endloop
  endfacet
  facet normal 0.0623783 0 -0.998053
    outer loop
      vertex 104.661 -29.0395 98.7913
      vertex 104.661 -27.3388 98.7913
      vertex 107.349 -27.3109 98.9593
    endloop
  endfacet
  facet normal 0.0623602 0 -0.998054
    outer loop
      vertex 104.661 -29.0395 98.7913
      vertex 101.913 -27.3533 98.6196
      vertex 104.661 -27.3388 98.7913
    endloop
  endfacet
  facet normal 0.0624 6.51493e-05 -0.998051
    outer loop
      vertex 101.846 -29.0543 98.6153
      vertex 101.913 -27.3533 98.6196
      vertex 104.661 -29.0395 98.7913
    endloop
  endfacet
  facet normal 0.062684 5.39182e-05 -0.998033
    outer loop
      vertex 101.846 -29.0543 98.6153
      vertex 101.628 -27.3506 98.6017
      vertex 101.913 -27.3533 98.6196
    endloop
  endfacet
  facet normal 0.0621846 -1.02318e-05 -0.998065
    outer loop
      vertex 101.525 -29.0514 98.5953
      vertex 101.628 -27.3506 98.6017
      vertex 101.846 -29.0543 98.6153
    endloop
  endfacet
  facet normal 0.0620424 -1.58517e-06 -0.998074
    outer loop
      vertex 101.525 -29.0514 98.5953
      vertex 101.48 -27.3493 98.5925
      vertex 101.628 -27.3506 98.6017
    endloop
  endfacet
  facet normal 0.0622387 3.6245e-06 -0.998061
    outer loop
      vertex 101.347 -29.0498 98.5842
      vertex 101.48 -27.3493 98.5925
      vertex 101.525 -29.0514 98.5953
    endloop
  endfacet
  facet normal 0.0623807 -7.52911e-06 -0.998052
    outer loop
      vertex 97.0224 -28.8076 98.3139
      vertex 101.48 -27.3493 98.5925
      vertex 101.347 -29.0498 98.5842
    endloop
  endfacet
  facet normal 0.0623783 0 -0.998053
    outer loop
      vertex 101.48 -27.3493 98.5925
      vertex 97.0224 -28.8076 98.3139
      vertex 97.0224 -27.0997 98.3139
    endloop
  endfacet
  facet normal 0.980192 0 -0.198048
    outer loop
      vertex 123.478 -27.1085 103.279
      vertex 123.34 -25.6022 102.596
      vertex 123.478 -25.3826 103.279
    endloop
  endfacet
  facet normal 0.980192 0 -0.198048
    outer loop
      vertex 123.34 -25.6022 102.596
      vertex 123.478 -27.1085 103.279
      vertex 123.34 -27.3281 102.596
    endloop
  endfacet
  facet normal -0.963469 0 -0.267821
    outer loop
      vertex 93.0271 -26.3251 100.903
      vertex 92.8403 -27.8312 101.575
      vertex 92.8403 -26.1073 101.575
    endloop
  endfacet
  facet normal -0.963469 0 -0.267821
    outer loop
      vertex 92.8403 -27.8312 101.575
      vertex 93.0271 -26.3251 100.903
      vertex 93.0271 -28.049 100.903
    endloop
  endfacet
  facet normal -0.813937 0 -0.580953
    outer loop
      vertex 93.7329 -26.7357 99.7063
      vertex 93.3277 -28.2606 100.274
      vertex 93.3277 -26.5367 100.274
    endloop
  endfacet
  facet normal -0.813937 0 -0.580953
    outer loop
      vertex 93.3277 -28.2606 100.274
      vertex 93.7329 -26.7357 99.7063
      vertex 93.7329 -28.4596 99.7063
    endloop
  endfacet
  facet normal -0.414095 0 -0.910234
    outer loop
      vertex 94.8055 -28.688 98.8234
      vertex 95.4401 -27.0284 98.5347
      vertex 95.4401 -28.7363 98.5347
    endloop
  endfacet
  facet normal -0.414095 0 -0.910234
    outer loop
      vertex 95.4401 -27.0284 98.5347
      vertex 94.8055 -28.688 98.8234
      vertex 94.8055 -26.9801 98.8234
    endloop
  endfacet
  facet normal -0.995331 0 -0.0965213
    outer loop
      vertex 92.8403 -26.1073 101.575
      vertex 92.773 -27.6138 102.269
      vertex 92.773 -25.89 102.269
    endloop
  endfacet
  facet normal -0.995331 0 -0.0965213
    outer loop
      vertex 92.773 -27.6138 102.269
      vertex 92.8403 -26.1073 101.575
      vertex 92.8403 -27.8312 101.575
    endloop
  endfacet
  facet normal -0.249817 0 -0.968293
    outer loop
      vertex 95.4401 -28.7363 98.5347
      vertex 96.1153 -27.0425 98.3605
      vertex 96.1153 -28.7504 98.3605
    endloop
  endfacet
  facet normal -0.249817 0 -0.968293
    outer loop
      vertex 96.1153 -27.0425 98.3605
      vertex 95.4401 -28.7363 98.5347
      vertex 95.4401 -27.0284 98.5347
    endloop
  endfacet
  facet normal -0.90226 0 -0.431192
    outer loop
      vertex 93.3277 -26.5367 100.274
      vertex 93.0271 -28.049 100.903
      vertex 93.0271 -26.3251 100.903
    endloop
  endfacet
  facet normal -0.90226 0 -0.431192
    outer loop
      vertex 93.0271 -28.049 100.903
      vertex 93.3277 -26.5367 100.274
      vertex 93.3277 -28.2606 100.274
    endloop
  endfacet
  facet normal -0.565804 0 -0.82454
    outer loop
      vertex 94.2306 -28.6073 99.2179
      vertex 94.8055 -26.9801 98.8234
      vertex 94.8055 -28.688 98.8234
    endloop
  endfacet
  facet normal -0.565804 0 -0.82454
    outer loop
      vertex 94.8055 -26.9801 98.8234
      vertex 94.2306 -28.6073 99.2179
      vertex 94.2306 -26.8994 99.2179
    endloop
  endfacet
  facet normal -0.986399 0 0.164366
    outer loop
      vertex 92.8273 25.3417 102.964
      vertex 93.1489 26.7432 104.894
      vertex 92.8273 27.0044 102.964
    endloop
  endfacet
  facet normal -0.986398 -1.59765e-05 0.164377
    outer loop
      vertex 93.0971 25.1226 104.583
      vertex 93.1489 26.7432 104.894
      vertex 92.8273 25.3417 102.964
    endloop
  endfacet
  facet normal -0.984257 -0.00245392 0.176725
    outer loop
      vertex 93.1489 26.7432 104.894
      vertex 93.098 25.1217 104.588
      vertex 93.1498 26.7423 104.899
    endloop
  endfacet
  facet normal -0.986398 -1.68138e-06 0.164374
    outer loop
      vertex 93.3163 24.78 105.898
      vertex 93.2973 26.5115 105.784
      vertex 93.098 25.1217 104.588
    endloop
  endfacet
  facet normal -0.984257 -0.00245392 0.176725
    outer loop
      vertex 93.098 25.1217 104.588
      vertex 93.1489 26.7432 104.894
      vertex 93.0971 25.1226 104.583
    endloop
  endfacet
  facet normal -0.986395 -1.93217e-05 0.164394
    outer loop
      vertex 93.1498 26.7423 104.899
      vertex 93.098 25.1217 104.588
      vertex 93.2973 26.5115 105.784
    endloop
  endfacet
  facet normal -0.986383 4.42285e-06 0.164464
    outer loop
      vertex 93.2973 26.5115 105.784
      vertex 93.3163 24.78 105.898
      vertex 93.5464 26.1217 107.278
    endloop
  endfacet
  facet normal -0.986386 2.32916e-05 0.164446
    outer loop
      vertex 93.4445 24.5794 106.667
      vertex 93.5464 26.1217 107.278
      vertex 93.3163 24.78 105.898
    endloop
  endfacet
  facet normal -0.986384 1.95778e-05 0.164456
    outer loop
      vertex 93.5552 24.2847 107.331
      vertex 93.5464 26.1217 107.278
      vertex 93.4445 24.5794 106.667
    endloop
  endfacet
  facet normal -0.986403 1.62577e-05 0.164344
    outer loop
      vertex 93.5464 26.1217 107.278
      vertex 93.5552 24.2847 107.331
      vertex 93.8028 25.4389 108.817
    endloop
  endfacet
  facet normal -0.986402 5.76938e-06 0.164352
    outer loop
      vertex 93.7688 23.7157 108.613
      vertex 93.8028 25.4389 108.817
      vertex 93.5552 24.2847 107.331
    endloop
  endfacet
  facet normal -0.986387 -5.37487e-06 0.164443
    outer loop
      vertex 93.8028 25.4389 108.817
      vertex 93.7688 23.7157 108.613
      vertex 93.9175 25.1332 109.505
    endloop
  endfacet
  facet normal -0.986392 1.63889e-05 0.16441
    outer loop
      vertex 93.9175 25.1332 109.505
      vertex 93.7688 23.7157 108.613
      vertex 94.0125 24.757 110.075
    endloop
  endfacet
  facet normal -0.986397 6.13333e-05 0.164378
    outer loop
      vertex 93.8576 23.3638 109.146
      vertex 94.0125 24.757 110.075
      vertex 93.7688 23.7157 108.613
    endloop
  endfacet
  facet normal -0.98639 3.2774e-05 0.16442
    outer loop
      vertex 94.0611 22.5578 110.367
      vertex 94.0125 24.757 110.075
      vertex 93.8576 23.3638 109.146
    endloop
  endfacet
  facet normal -0.986378 4.27653e-05 0.164493
    outer loop
      vertex 94.0125 24.757 110.075
      vertex 94.0611 22.5578 110.367
      vertex 94.2521 23.8079 111.512
    endloop
  endfacet
  facet normal -0.986376 2.75389e-05 0.164509
    outer loop
      vertex 94.2487 21.5025 111.492
      vertex 94.2521 23.8079 111.512
      vertex 94.0611 22.5578 110.367
    endloop
  endfacet
  facet normal -0.986401 2.89287e-05 0.164354
    outer loop
      vertex 94.2521 23.8079 111.512
      vertex 94.2487 21.5025 111.492
      vertex 94.475 22.5535 112.85
    endloop
  endfacet
  facet normal -0.98639 -6.40126e-05 0.164424
    outer loop
      vertex 94.3129 21.1412 111.877
      vertex 94.475 22.5535 112.85
      vertex 94.2487 21.5025 111.492
    endloop
  endfacet
  facet normal -0.98639 -6.34732e-05 0.164423
    outer loop
      vertex 94.475 22.5535 112.85
      vertex 94.3129 21.1412 111.877
      vertex 94.5402 22.1867 113.241
    endloop
  endfacet
  facet normal -0.98639 -6.44995e-05 0.164424
    outer loop
      vertex 94.3621 20.7473 112.172
      vertex 94.5402 22.1867 113.241
      vertex 94.3129 21.1412 111.877
    endloop
  endfacet
  facet normal -0.986401 -1.20641e-05 0.164355
    outer loop
      vertex 94.3621 20.7473 112.172
      vertex 94.728 20.683 114.368
      vertex 94.5402 22.1867 113.241
    endloop
  endfacet
  facet normal -0.986401 1.98807e-05 0.164356
    outer loop
      vertex 94.5167 19.5091 113.1
      vertex 94.728 20.683 114.368
      vertex 94.3621 20.7473 112.172
    endloop
  endfacet
  facet normal -0.986396 -1.14744e-05 0.164384
    outer loop
      vertex 94.728 20.683 114.368
      vertex 94.5167 19.5091 113.1
      vertex 94.7735 20.3188 114.641
    endloop
  endfacet
  facet normal -0.986385 -0.000144777 0.164452
    outer loop
      vertex 94.7735 20.3188 114.641
      vertex 94.5167 19.5091 113.1
      vertex 94.8054 19.9368 114.832
    endloop
  endfacet
  facet normal -0.986394 7.00198e-05 0.164401
    outer loop
      vertex 94.6356 18.0831 113.814
      vertex 94.8054 19.9368 114.832
      vertex 94.5167 19.5091 113.1
    endloop
  endfacet
  facet normal -0.986386 4.40889e-05 0.164447
    outer loop
      vertex 94.8054 19.9368 114.832
      vertex 94.6356 18.0831 113.814
      vertex 94.9452 18.2603 115.671
    endloop
  endfacet
  facet normal -0.986382 -0.000227382 0.164472
    outer loop
      vertex 94.6667 17.7105 114
      vertex 94.9452 18.2603 115.671
      vertex 94.6356 18.0831 113.814
    endloop
  endfacet
  facet normal -0.986407 0.000247998 0.16432
    outer loop
      vertex 94.9452 18.2603 115.671
      vertex 94.6667 17.7105 114
      vertex 94.9626 17.8971 115.776
    endloop
  endfacet
  facet normal -0.986404 4.6615e-05 0.16434
    outer loop
      vertex 94.7406 16.1701 114.444
      vertex 94.9626 17.8971 115.776
      vertex 94.6667 17.7105 114
    endloop
  endfacet
  facet normal -0.986386 -3.93753e-05 0.164449
    outer loop
      vertex 94.7406 16.1701 114.444
      vertex 95.0502 16.0727 116.301
      vertex 94.9626 17.8971 115.776
    endloop
  endfacet
  facet normal -0.986384 0.00010554 0.164456
    outer loop
      vertex 94.7584 15.7991 114.551
      vertex 95.0502 16.0727 116.301
      vertex 94.7406 16.1701 114.444
    endloop
  endfacet
  facet normal -0.986371 -0.000423721 0.164537
    outer loop
      vertex 94.7644 15.4228 114.586
      vertex 95.0502 16.0727 116.301
      vertex 94.7584 15.7991 114.551
    endloop
  endfacet
  facet normal -0.986397 -1.74351e-06 0.164381
    outer loop
      vertex 94.7644 15.4228 114.586
      vertex 95.0802 14.1616 116.481
      vertex 95.0502 16.0727 116.301
    endloop
  endfacet
  facet normal -0.98639 6.43948e-05 0.164424
    outer loop
      vertex 94.7893 13.8316 114.736
      vertex 95.0802 14.1616 116.481
      vertex 94.7644 15.4228 114.586
    endloop
  endfacet
  facet normal -0.986391 9.82998e-05 0.164418
    outer loop
      vertex 94.7893 13.8316 114.736
      vertex 95.0855 13.8209 116.513
      vertex 95.0802 14.1616 116.481
    endloop
  endfacet
  facet normal -0.986391 0 0.164417
    outer loop
      vertex 94.7893 13.8316 114.736
      vertex 95.0855 -13.8209 116.513
      vertex 95.0855 13.8209 116.513
    endloop
  endfacet
  facet normal -0.986391 0 0.164417
    outer loop
      vertex 94.7893 -13.8316 114.736
      vertex 95.0855 -13.8209 116.513
      vertex 94.7893 13.8316 114.736
    endloop
  endfacet
  facet normal -0.986391 -9.82998e-05 0.164418
    outer loop
      vertex 94.7893 -13.8316 114.736
      vertex 95.0802 -14.1616 116.481
      vertex 95.0855 -13.8209 116.513
    endloop
  endfacet
  facet normal -0.98639 -6.43948e-05 0.164424
    outer loop
      vertex 94.7644 -15.4228 114.586
      vertex 95.0802 -14.1616 116.481
      vertex 94.7893 -13.8316 114.736
    endloop
  endfacet
  facet normal -0.986371 0.000423721 0.164537
    outer loop
      vertex 95.0502 -16.0727 116.301
      vertex 94.7644 -15.4228 114.586
      vertex 94.7584 -15.7991 114.551
    endloop
  endfacet
  facet normal -0.986397 1.74351e-06 0.164381
    outer loop
      vertex 94.7644 -15.4228 114.586
      vertex 95.0502 -16.0727 116.301
      vertex 95.0802 -14.1616 116.481
    endloop
  endfacet
  facet normal -0.986384 -0.00010554 0.164456
    outer loop
      vertex 94.7406 -16.1701 114.444
      vertex 95.0502 -16.0727 116.301
      vertex 94.7584 -15.7991 114.551
    endloop
  endfacet
  facet normal -0.986404 -4.6615e-05 0.16434
    outer loop
      vertex 94.9626 -17.8971 115.776
      vertex 94.7406 -16.1701 114.444
      vertex 94.6667 -17.7105 114
    endloop
  endfacet
  facet normal -0.986386 3.93753e-05 0.164449
    outer loop
      vertex 94.7406 -16.1701 114.444
      vertex 94.9626 -17.8971 115.776
      vertex 95.0502 -16.0727 116.301
    endloop
  endfacet
  facet normal -0.986382 0.000227382 0.164472
    outer loop
      vertex 94.9452 -18.2603 115.671
      vertex 94.6667 -17.7105 114
      vertex 94.6356 -18.0831 113.814
    endloop
  endfacet
  facet normal -0.986407 -0.000247998 0.16432
    outer loop
      vertex 94.6667 -17.7105 114
      vertex 94.9452 -18.2603 115.671
      vertex 94.9626 -17.8971 115.776
    endloop
  endfacet
  facet normal -0.986394 -7.00198e-05 0.164401
    outer loop
      vertex 94.8054 -19.9368 114.832
      vertex 94.6356 -18.0831 113.814
      vertex 94.5167 -19.5091 113.1
    endloop
  endfacet
  facet normal -0.986386 -4.40889e-05 0.164447
    outer loop
      vertex 94.6356 -18.0831 113.814
      vertex 94.8054 -19.9368 114.832
      vertex 94.9452 -18.2603 115.671
    endloop
  endfacet
  facet normal -0.986385 0.000144777 0.164452
    outer loop
      vertex 94.5167 -19.5091 113.1
      vertex 94.7735 -20.3188 114.641
      vertex 94.8054 -19.9368 114.832
    endloop
  endfacet
  facet normal -0.986396 1.14744e-05 0.164384
    outer loop
      vertex 94.5167 -19.5091 113.1
      vertex 94.728 -20.683 114.368
      vertex 94.7735 -20.3188 114.641
    endloop
  endfacet
  facet normal -0.986401 -1.98807e-05 0.164356
    outer loop
      vertex 94.3621 -20.7473 112.172
      vertex 94.728 -20.683 114.368
      vertex 94.5167 -19.5091 113.1
    endloop
  endfacet
  facet normal -0.98639 6.44995e-05 0.164424
    outer loop
      vertex 94.5402 -22.1867 113.241
      vertex 94.3621 -20.7473 112.172
      vertex 94.3129 -21.1412 111.877
    endloop
  endfacet
  facet normal -0.98639 6.40126e-05 0.164424
    outer loop
      vertex 94.475 -22.5535 112.85
      vertex 94.3129 -21.1412 111.877
      vertex 94.2487 -21.5025 111.492
    endloop
  endfacet
  facet normal -0.986401 1.20641e-05 0.164355
    outer loop
      vertex 94.3621 -20.7473 112.172
      vertex 94.5402 -22.1867 113.241
      vertex 94.728 -20.683 114.368
    endloop
  endfacet
  facet normal -0.98639 6.34732e-05 0.164423
    outer loop
      vertex 94.3129 -21.1412 111.877
      vertex 94.475 -22.5535 112.85
      vertex 94.5402 -22.1867 113.241
    endloop
  endfacet
  facet normal -0.986376 -2.75389e-05 0.164509
    outer loop
      vertex 94.2521 -23.8079 111.512
      vertex 94.2487 -21.5025 111.492
      vertex 94.0611 -22.5578 110.367
    endloop
  endfacet
  facet normal -0.98639 -3.2774e-05 0.16442
    outer loop
      vertex 94.0125 -24.757 110.075
      vertex 94.0611 -22.5578 110.367
      vertex 93.8576 -23.3638 109.146
    endloop
  endfacet
  facet normal -0.986397 -6.13333e-05 0.164378
    outer loop
      vertex 94.0125 -24.757 110.075
      vertex 93.8576 -23.3638 109.146
      vertex 93.7688 -23.7157 108.613
    endloop
  endfacet
  facet normal -0.986401 -2.89287e-05 0.164354
    outer loop
      vertex 94.2487 -21.5025 111.492
      vertex 94.2521 -23.8079 111.512
      vertex 94.475 -22.5535 112.85
    endloop
  endfacet
  facet normal -0.986402 -5.76938e-06 0.164352
    outer loop
      vertex 93.8028 -25.4389 108.817
      vertex 93.7688 -23.7157 108.613
      vertex 93.5552 -24.2847 107.331
    endloop
  endfacet
  facet normal -0.986384 -1.95778e-05 0.164456
    outer loop
      vertex 93.5464 -26.1217 107.278
      vertex 93.5552 -24.2847 107.331
      vertex 93.4445 -24.5794 106.667
    endloop
  endfacet
  facet normal -0.986378 -4.27653e-05 0.164493
    outer loop
      vertex 94.0611 -22.5578 110.367
      vertex 94.0125 -24.757 110.075
      vertex 94.2521 -23.8079 111.512
    endloop
  endfacet
  facet normal -0.986392 -1.63889e-05 0.16441
    outer loop
      vertex 93.7688 -23.7157 108.613
      vertex 93.9175 -25.1332 109.505
      vertex 94.0125 -24.757 110.075
    endloop
  endfacet
  facet normal -0.986387 5.37487e-06 0.164443
    outer loop
      vertex 93.7688 -23.7157 108.613
      vertex 93.8028 -25.4389 108.817
      vertex 93.9175 -25.1332 109.505
    endloop
  endfacet
  facet normal -0.986391 -3.49997e-05 0.164418
    outer loop
      vertex 93.5464 -26.1217 107.278
      vertex 93.4445 -24.5794 106.667
      vertex 92.8273 -25.6797 102.964
    endloop
  endfacet
  facet normal -0.986403 -1.62577e-05 0.164344
    outer loop
      vertex 93.5552 -24.2847 107.331
      vertex 93.5464 -26.1217 107.278
      vertex 93.8028 -25.4389 108.817
    endloop
  endfacet
  facet normal -0.98639 0 0.164421
    outer loop
      vertex 93.5464 -26.1217 107.278
      vertex 92.8273 -25.6797 102.964
      vertex 92.8273 -27.4036 102.964
    endloop
  endfacet
  facet normal -0.0512675 0 -0.998685
    outer loop
      vertex 96.2958 -28.7438 98.3512
      vertex 97.0224 -27.0997 98.3139
      vertex 97.0224 -28.8076 98.3139
    endloop
  endfacet
  facet normal -0.0512675 0 -0.998685
    outer loop
      vertex 96.2958 -28.7438 98.3512
      vertex 96.2958 -27.0359 98.3512
      vertex 97.0224 -27.0997 98.3139
    endloop
  endfacet
  facet normal -0.0514553 -0 -0.998675
    outer loop
      vertex 96.1153 -27.0425 98.3605
      vertex 96.2958 -28.7438 98.3512
      vertex 96.1153 -28.7504 98.3605
    endloop
  endfacet
  facet normal -0.0514553 0 -0.998675
    outer loop
      vertex 96.2958 -28.7438 98.3512
      vertex 96.1153 -27.0425 98.3605
      vertex 96.2958 -27.0359 98.3512
    endloop
  endfacet
  facet normal -0.818872 0 0.573976
    outer loop
      vertex 101.149 -22.6475 113.036
      vertex 101.299 -24.5481 113.25
      vertex 101.299 -22.5415 113.25
    endloop
  endfacet
  facet normal -0.818872 0 0.573976
    outer loop
      vertex 101.149 -24.6362 113.036
      vertex 101.299 -24.5481 113.25
      vertex 101.149 -22.6475 113.036
    endloop
  endfacet
  facet normal -0.815029 -0.0190105 0.579108
    outer loop
      vertex 101.299 -24.5481 113.25
      vertex 101.149 -24.6362 113.036
      vertex 101.234 -24.5944 113.157
    endloop
  endfacet
  facet normal 0.0879496 0 -0.996125
    outer loop
      vertex 99.7395 -22.1549 115.477
      vertex 100 -19.5751 115.5
      vertex 100 -22.2492 115.5
    endloop
  endfacet
  facet normal 0.0879496 0 -0.996125
    outer loop
      vertex 100 -19.5751 115.5
      vertex 99.7395 -22.1549 115.477
      vertex 99.7395 -19.4324 115.477
    endloop
  endfacet
  facet normal -0.966677 0 -0.255998
    outer loop
      vertex 101.477 -21.828 114.26
      vertex 101.41 -23.6961 114.513
      vertex 101.41 -21.5451 114.513
    endloop
  endfacet
  facet normal -0.967037 0.000197141 -0.254637
    outer loop
      vertex 101.477 -21.828 114.26
      vertex 101.44 -23.785 114.399
      vertex 101.41 -23.6961 114.513
    endloop
  endfacet
  facet normal -0.96635 0 -0.25723
    outer loop
      vertex 101.44 -23.785 114.399
      vertex 101.477 -21.828 114.26
      vertex 101.477 -23.8928 114.26
    endloop
  endfacet
  facet normal 0.996177 0 -0.0873571
    outer loop
      vertex 98.5228 -22.8249 114.26
      vertex 98.5 -20.708 114
      vertex 98.5228 -20.3514 114.26
    endloop
  endfacet
  facet normal 0.996177 0 -0.0873571
    outer loop
      vertex 98.5 -20.708 114
      vertex 98.5228 -22.8249 114.26
      vertex 98.5 -23.0751 114
    endloop
  endfacet
  facet normal -0.42414 0 -0.905597
    outer loop
      vertex 100.513 -22.5702 115.41
      vertex 100.75 -20.3668 115.299
      vertex 100.75 -22.7872 115.299
    endloop
  endfacet
  facet normal -0.42414 0 -0.905597
    outer loop
      vertex 100.75 -20.3668 115.299
      vertex 100.513 -22.5702 115.41
      vertex 100.513 -20.0495 115.41
    endloop
  endfacet
  facet normal -0.905283 -9.90381e-05 -0.424809
    outer loop
      vertex 101.299 -23.4978 114.75
      vertex 101.387 -21.486 114.562
      vertex 101.41 -21.5451 114.513
    endloop
  endfacet
  facet normal -0.90569 0 -0.42394
    outer loop
      vertex 101.387 -21.486 114.562
      vertex 101.299 -23.4978 114.75
      vertex 101.299 -21.2584 114.75
    endloop
  endfacet
  facet normal -0.905597 0 -0.42414
    outer loop
      vertex 101.299 -23.4978 114.75
      vertex 101.41 -21.5451 114.513
      vertex 101.41 -23.6961 114.513
    endloop
  endfacet
  facet normal -0.255998 0 0.966677
    outer loop
      vertex 100.26 -24.7235 112.523
      vertex 100.513 -22.773 112.59
      vertex 100.26 -22.7464 112.523
    endloop
  endfacet
  facet normal -0.255998 0 0.966677
    outer loop
      vertex 100.513 -22.773 112.59
      vertex 100.26 -24.7235 112.523
      vertex 100.513 -24.7351 112.59
    endloop
  endfacet
  facet normal -0.42414 0 0.905597
    outer loop
      vertex 100.513 -22.773 112.59
      vertex 100.75 -24.7241 112.701
      vertex 100.75 -22.7651 112.701
    endloop
  endfacet
  facet normal -0.42414 0 0.905597
    outer loop
      vertex 100.75 -24.7241 112.701
      vertex 100.513 -22.773 112.59
      vertex 100.513 -24.7351 112.59
    endloop
  endfacet
  facet normal -0.573976 0 -0.818872
    outer loop
      vertex 100.75 -22.7872 115.299
      vertex 100.964 -20.7089 115.149
      vertex 100.964 -23.0335 115.149
    endloop
  endfacet
  facet normal -0.578246 0.000657 -0.815862
    outer loop
      vertex 100.964 -20.7089 115.149
      vertex 100.75 -22.7872 115.299
      vertex 100.933 -20.6734 115.171
    endloop
  endfacet
  facet normal -0.573162 0 -0.819442
    outer loop
      vertex 100.933 -20.6734 115.171
      vertex 100.75 -22.7872 115.299
      vertex 100.75 -20.3668 115.299
    endloop
  endfacet
  facet normal -0.996281 0 -0.0861648
    outer loop
      vertex 101.493 -22.0208 114.075
      vertex 101.477 -23.8928 114.26
      vertex 101.477 -21.828 114.26
    endloop
  endfacet
  facet normal -0.995715 -0.000628675 -0.0924774
    outer loop
      vertex 101.5 -22.0752 114
      vertex 101.477 -23.8928 114.26
      vertex 101.493 -22.0208 114.075
    endloop
  endfacet
  facet normal -0.99611 0 -0.0881174
    outer loop
      vertex 101.477 -23.8928 114.26
      vertex 101.5 -22.0752 114
      vertex 101.5 -24.0819 114
    endloop
  endfacet
  facet normal 0.707298 -0 0.706916
    outer loop
      vertex 98.8509 -23.9808 113.036
      vertex 99.0358 -22.1404 112.851
      vertex 98.8509 -21.8724 113.036
    endloop
  endfacet
  facet normal 0.707298 0 0.706916
    outer loop
      vertex 99.0358 -22.1404 112.851
      vertex 98.8509 -23.9808 113.036
      vertex 99.0358 -24.1644 112.851
    endloop
  endfacet
  facet normal -0.0881174 0 -0.99611
    outer loop
      vertex 100 -22.2492 115.5
      vertex 100.26 -19.7829 115.477
      vertex 100.26 -22.3891 115.477
    endloop
  endfacet
  facet normal -0.0881174 0 -0.99611
    outer loop
      vertex 100.26 -19.7829 115.477
      vertex 100 -22.2492 115.5
      vertex 100 -19.5751 115.5
    endloop
  endfacet
  facet normal 0.256471 0 -0.966552
    outer loop
      vertex 99.487 -22.1091 115.41
      vertex 99.7395 -19.4324 115.477
      vertex 99.7395 -22.1549 115.477
    endloop
  endfacet
  facet normal 0.256471 0 -0.966552
    outer loop
      vertex 99.7395 -19.4324 115.477
      vertex 99.487 -22.1091 115.41
      vertex 99.487 -19.3591 115.41
    endloop
  endfacet
  facet normal -0.255998 0 -0.966677
    outer loop
      vertex 100.26 -22.3891 115.477
      vertex 100.513 -20.0495 115.41
      vertex 100.513 -22.5702 115.41
    endloop
  endfacet
  facet normal -0.254647 -0.000156249 -0.967034
    outer loop
      vertex 100.513 -20.0495 115.41
      vertex 100.26 -22.3891 115.477
      vertex 100.361 -19.8895 115.45
    endloop
  endfacet
  facet normal -0.258258 0 -0.966076
    outer loop
      vertex 100.361 -19.8895 115.45
      vertex 100.26 -22.3891 115.477
      vertex 100.26 -19.7829 115.477
    endloop
  endfacet
  facet normal 0.42414 0 -0.905597
    outer loop
      vertex 99.25 -22.1131 115.299
      vertex 99.487 -19.3591 115.41
      vertex 99.487 -22.1091 115.41
    endloop
  endfacet
  facet normal 0.42414 0 -0.905597
    outer loop
      vertex 99.487 -19.3591 115.41
      vertex 99.25 -22.1131 115.299
      vertex 99.25 -19.3575 115.299
    endloop
  endfacet
  facet normal -0.906183 0 0.422885
    outer loop
      vertex 101.354 -22.4754 113.367
      vertex 101.41 -24.4146 113.487
      vertex 101.41 -22.408 113.487
    endloop
  endfacet
  facet normal -0.905034 0.000185001 0.425339
    outer loop
      vertex 101.299 -22.5415 113.25
      vertex 101.41 -24.4146 113.487
      vertex 101.354 -22.4754 113.367
    endloop
  endfacet
  facet normal -0.905597 0 0.42414
    outer loop
      vertex 101.41 -24.4146 113.487
      vertex 101.299 -22.5415 113.25
      vertex 101.299 -24.5481 113.25
    endloop
  endfacet
  facet normal -0.99611 0 0.0881174
    outer loop
      vertex 101.477 -22.251 113.74
      vertex 101.5 -24.0819 114
      vertex 101.5 -22.0752 114
    endloop
  endfacet
  facet normal -0.99611 0 0.0881174
    outer loop
      vertex 101.5 -24.0819 114
      vertex 101.477 -22.251 113.74
      vertex 101.477 -24.2576 113.74
    endloop
  endfacet
  facet normal -0.573976 0 0.818872
    outer loop
      vertex 100.75 -22.7651 112.701
      vertex 100.964 -24.6908 112.851
      vertex 100.964 -22.7228 112.851
    endloop
  endfacet
  facet normal -0.573976 0 0.818872
    outer loop
      vertex 100.964 -24.6908 112.851
      vertex 100.75 -22.7651 112.701
      vertex 100.75 -24.7241 112.701
    endloop
  endfacet
  facet normal -0.818872 0 -0.573976
    outer loop
      vertex 101.299 -21.2584 114.75
      vertex 101.149 -23.3014 114.964
      vertex 101.149 -20.9769 114.964
    endloop
  endfacet
  facet normal -0.818872 0 -0.573976
    outer loop
      vertex 101.299 -23.4978 114.75
      vertex 101.149 -23.3014 114.964
      vertex 101.299 -21.2584 114.75
    endloop
  endfacet
  facet normal -0.788129 0.0649881 -0.61207
    outer loop
      vertex 101.149 -23.3014 114.964
      vertex 101.299 -23.4978 114.75
      vertex 101.153 -23.3094 114.958
    endloop
  endfacet
  facet normal 0.0909457 0 0.995856
    outer loop
      vertex 100 -22.686 112.5
      vertex 99.9781 -24.6849 112.502
      vertex 100 -24.6895 112.5
    endloop
  endfacet
  facet normal 0.0879496 -0 0.996125
    outer loop
      vertex 99.7395 -24.6004 112.523
      vertex 100 -22.686 112.5
      vertex 99.7395 -22.5938 112.523
    endloop
  endfacet
  facet normal 0.0876871 3.59937e-05 0.996148
    outer loop
      vertex 100 -22.686 112.5
      vertex 99.7395 -24.6004 112.523
      vertex 99.9781 -24.6849 112.502
    endloop
  endfacet
  facet normal -0.966677 0 0.255998
    outer loop
      vertex 101.41 -22.408 113.487
      vertex 101.477 -24.2576 113.74
      vertex 101.477 -22.251 113.74
    endloop
  endfacet
  facet normal -0.966677 0 0.255998
    outer loop
      vertex 101.477 -24.2576 113.74
      vertex 101.41 -22.408 113.487
      vertex 101.41 -24.4146 113.487
    endloop
  endfacet
  facet normal -0.707107 0 -0.707107
    outer loop
      vertex 101.149 -20.9769 114.964
      vertex 100.964 -23.0335 115.149
      vertex 100.964 -20.7089 115.149
    endloop
  endfacet
  facet normal -0.707107 0 -0.707107
    outer loop
      vertex 100.964 -23.0335 115.149
      vertex 101.149 -20.9769 114.964
      vertex 101.149 -23.3014 114.964
    endloop
  endfacet
  facet normal 0.707298 0 -0.706916
    outer loop
      vertex 99.0358 -22.1668 115.149
      vertex 98.8509 -19.5672 114.964
      vertex 99.0358 -19.4275 115.149
    endloop
  endfacet
  facet normal 0.707298 0 -0.706916
    outer loop
      vertex 98.8509 -19.5672 114.964
      vertex 99.0358 -22.1668 115.149
      vertex 98.8509 -22.2686 114.964
    endloop
  endfacet
  facet normal -0.707107 0 0.707107
    outer loop
      vertex 100.964 -22.7228 112.851
      vertex 101.149 -24.6362 113.036
      vertex 101.149 -22.6475 113.036
    endloop
  endfacet
  facet normal -0.707107 0 0.707107
    outer loop
      vertex 101.149 -24.6362 113.036
      vertex 100.964 -22.7228 112.851
      vertex 100.964 -24.6908 112.851
    endloop
  endfacet
  facet normal 0.42414 -0 0.905597
    outer loop
      vertex 99.25 -24.3322 112.701
      vertex 99.487 -22.4724 112.59
      vertex 99.25 -22.3255 112.701
    endloop
  endfacet
  facet normal 0.42414 0 0.905597
    outer loop
      vertex 99.487 -22.4724 112.59
      vertex 99.25 -24.3322 112.701
      vertex 99.487 -24.479 112.59
    endloop
  endfacet
  facet normal 0.573616 0 -0.819124
    outer loop
      vertex 99.0358 -19.4275 115.149
      vertex 99.25 -22.1131 115.299
      vertex 99.0358 -22.1668 115.149
    endloop
  endfacet
  facet normal 0.573616 0 -0.819124
    outer loop
      vertex 99.25 -22.1131 115.299
      vertex 99.0358 -19.4275 115.149
      vertex 99.25 -19.3575 115.299
    endloop
  endfacet
  facet normal 0.996205 -0 0.0870369
    outer loop
      vertex 98.5 -23.0751 114
      vertex 98.5083 -20.8491 113.905
      vertex 98.5 -20.708 114
    endloop
  endfacet
  facet normal 0.996163 2.07729e-05 0.0875199
    outer loop
      vertex 98.5 -23.0751 114
      vertex 98.5228 -21.0212 113.74
      vertex 98.5083 -20.8491 113.905
    endloop
  endfacet
  facet normal 0.996177 0 0.0873571
    outer loop
      vertex 98.5228 -21.0212 113.74
      vertex 98.5 -23.0751 114
      vertex 98.5228 -23.3458 113.74
    endloop
  endfacet
  facet normal 0.90633 -0 0.422571
    outer loop
      vertex 98.5905 -23.5885 113.487
      vertex 98.701 -21.5908 113.25
      vertex 98.5905 -21.3042 113.487
    endloop
  endfacet
  facet normal 0.90633 0 0.422571
    outer loop
      vertex 98.701 -21.5908 113.25
      vertex 98.5905 -23.5885 113.487
      vertex 98.701 -23.7868 113.25
    endloop
  endfacet
  facet normal 0.965967 -0 0.258665
    outer loop
      vertex 98.5228 -23.3458 113.74
      vertex 98.571 -21.2228 113.56
      vertex 98.5228 -21.0212 113.74
    endloop
  endfacet
  facet normal 0.966111 -4.89802e-05 0.258125
    outer loop
      vertex 98.5228 -23.3458 113.74
      vertex 98.5905 -21.3042 113.487
      vertex 98.571 -21.2228 113.56
    endloop
  endfacet
  facet normal 0.965748 -0.00110097 0.25948
    outer loop
      vertex 98.5905 -23.5885 113.487
      vertex 98.5228 -23.3458 113.74
      vertex 98.5589 -23.4968 113.605
    endloop
  endfacet
  facet normal 0.966013 0 0.258494
    outer loop
      vertex 98.5228 -23.3458 113.74
      vertex 98.5905 -23.5885 113.487
      vertex 98.5905 -21.3042 113.487
    endloop
  endfacet
  facet normal 0.578196 0 0.815898
    outer loop
      vertex 99.25 -22.3255 112.701
      vertex 99.1992 -24.2924 112.737
      vertex 99.25 -24.3322 112.701
    endloop
  endfacet
  facet normal 0.574411 -0.000138019 0.818567
    outer loop
      vertex 99.0358 -24.1644 112.851
      vertex 99.25 -22.3255 112.701
      vertex 99.0833 -22.195 112.818
    endloop
  endfacet
  facet normal 0.570558 -0 0.821257
    outer loop
      vertex 99.0358 -24.1644 112.851
      vertex 99.0833 -22.195 112.818
      vertex 99.0358 -22.1404 112.851
    endloop
  endfacet
  facet normal 0.572302 0.000228086 0.820043
    outer loop
      vertex 99.25 -22.3255 112.701
      vertex 99.0358 -24.1644 112.851
      vertex 99.1992 -24.2924 112.737
    endloop
  endfacet
  facet normal 0.819052 -0 0.573719
    outer loop
      vertex 98.701 -23.7868 113.25
      vertex 98.8509 -21.8724 113.036
      vertex 98.701 -21.5908 113.25
    endloop
  endfacet
  facet normal 0.819052 0 0.573719
    outer loop
      vertex 98.8509 -21.8724 113.036
      vertex 98.701 -23.7868 113.25
      vertex 98.8509 -23.9808 113.036
    endloop
  endfacet
  facet normal 0.818666 0 -0.57427
    outer loop
      vertex 98.8509 -22.2686 114.964
      vertex 98.7555 -19.6976 114.828
      vertex 98.8509 -19.5672 114.964
    endloop
  endfacet
  facet normal 0.819674 0.000113611 -0.57283
    outer loop
      vertex 98.8509 -22.2686 114.964
      vertex 98.701 -19.7721 114.75
      vertex 98.7555 -19.6976 114.828
    endloop
  endfacet
  facet normal 0.819052 0 -0.573719
    outer loop
      vertex 98.701 -19.7721 114.75
      vertex 98.8509 -22.2686 114.964
      vertex 98.701 -22.4154 114.75
    endloop
  endfacet
  facet normal -0.0879006 -2.92428e-05 0.996129
    outer loop
      vertex 100 -24.6895 112.5
      vertex 100.26 -22.7464 112.523
      vertex 100.158 -22.7226 112.514
    endloop
  endfacet
  facet normal -0.0882618 0 0.996097
    outer loop
      vertex 100 -24.6895 112.5
      vertex 100.158 -22.7226 112.514
      vertex 100 -22.686 112.5
    endloop
  endfacet
  facet normal -0.0881174 0 0.99611
    outer loop
      vertex 100.26 -22.7464 112.523
      vertex 100 -24.6895 112.5
      vertex 100.26 -24.7235 112.523
    endloop
  endfacet
  facet normal 0.90633 0 -0.422571
    outer loop
      vertex 98.701 -22.4154 114.75
      vertex 98.5905 -20.0362 114.513
      vertex 98.701 -19.7721 114.75
    endloop
  endfacet
  facet normal 0.90633 0 -0.422571
    outer loop
      vertex 98.5905 -20.0362 114.513
      vertex 98.701 -22.4154 114.75
      vertex 98.5905 -22.6027 114.513
    endloop
  endfacet
  facet normal 0.256471 -0 0.966552
    outer loop
      vertex 99.487 -24.479 112.59
      vertex 99.7395 -22.5938 112.523
      vertex 99.487 -22.4724 112.59
    endloop
  endfacet
  facet normal 0.256471 0 0.966552
    outer loop
      vertex 99.7395 -22.5938 112.523
      vertex 99.487 -24.479 112.59
      vertex 99.7395 -24.6004 112.523
    endloop
  endfacet
  facet normal 0.966013 0 -0.258494
    outer loop
      vertex 98.5905 -22.6027 114.513
      vertex 98.5228 -20.3514 114.26
      vertex 98.5905 -20.0362 114.513
    endloop
  endfacet
  facet normal 0.966013 0 -0.258494
    outer loop
      vertex 98.5228 -20.3514 114.26
      vertex 98.5905 -22.6027 114.513
      vertex 98.5228 -22.8249 114.26
    endloop
  endfacet
  facet normal 0 -1 0
    outer loop
      vertex 145.995 -25 101.458
      vertex 154.005 -25 100.542
      vertex 152.428 -25 104.218
    endloop
  endfacet
  facet normal -0 -1 0
    outer loop
      vertex 154.005 -25 100.542
      vertex 145.995 -25 101.458
      vertex 147.572 -25 97.7823
    endloop
  endfacet
  facet normal 0.394218 0 -0.919017
    outer loop
      vertex 147.047 -20 96.4691
      vertex 155.318 -19 100.017
      vertex 155.318 -20 100.017
    endloop
  endfacet
  facet normal 0.394218 0 -0.919017
    outer loop
      vertex 155.318 -19 100.017
      vertex 147.047 -20 96.4691
      vertex 147.047 -19 96.4691
    endloop
  endfacet
  facet normal -0.394228 0 0.919013
    outer loop
      vertex 144.682 -19 101.983
      vertex 152.953 -20 105.531
      vertex 152.953 -19 105.531
    endloop
  endfacet
  facet normal -0.394228 0 0.919013
    outer loop
      vertex 152.953 -20 105.531
      vertex 144.682 -19 101.983
      vertex 144.682 -20 101.983
    endloop
  endfacet
  facet normal -0.386577 -0.196058 0.901177
    outer loop
      vertex 152.953 -20 105.531
      vertex 144.682 -20 101.983
      vertex 152.428 -25 104.218
    endloop
  endfacet
  facet normal -0.91903 0 -0.394187
    outer loop
      vertex 147.047 -20 96.4691
      vertex 144.682 -19 101.983
      vertex 147.047 -19 96.4691
    endloop
  endfacet
  facet normal -0.91903 -0 -0.394187
    outer loop
      vertex 144.682 -19 101.983
      vertex 147.047 -20 96.4691
      vertex 144.682 -20 101.983
    endloop
  endfacet
  facet normal 0.901168 -0.196054 0.3866
    outer loop
      vertex 155.318 -20 100.017
      vertex 152.428 -25 104.218
      vertex 154.005 -25 100.542
    endloop
  endfacet
  facet normal 0.386587 -0.196139 -0.901155
    outer loop
      vertex 154.005 -25 100.542
      vertex 147.572 -25 97.7823
      vertex 155.318 -20 100.017
    endloop
  endfacet
  facet normal 0 1 0
    outer loop
      vertex 155.318 -19 100.017
      vertex 144.682 -19 101.983
      vertex 152.953 -19 105.531
    endloop
  endfacet
  facet normal 0 1 0
    outer loop
      vertex 144.682 -19 101.983
      vertex 155.318 -19 100.017
      vertex 147.047 -19 96.4691
    endloop
  endfacet
  facet normal -0.386622 -0.196147 0.901138
    outer loop
      vertex 152.428 -25 104.218
      vertex 144.682 -20 101.983
      vertex 145.995 -25 101.458
    endloop
  endfacet
  facet normal 0.919033 -0 0.394181
    outer loop
      vertex 152.953 -20 105.531
      vertex 155.318 -19 100.017
      vertex 152.953 -19 105.531
    endloop
  endfacet
  facet normal 0.919033 0 0.394181
    outer loop
      vertex 155.318 -19 100.017
      vertex 152.953 -20 105.531
      vertex 155.318 -20 100.017
    endloop
  endfacet
  facet normal 0.901184 -0.196126 0.386525
    outer loop
      vertex 152.953 -20 105.531
      vertex 152.428 -25 104.218
      vertex 155.318 -20 100.017
    endloop
  endfacet
  facet normal 0.386565 -0.196095 -0.901174
    outer loop
      vertex 147.572 -25 97.7823
      vertex 147.047 -20 96.4691
      vertex 155.318 -20 100.017
    endloop
  endfacet
  facet normal -0.901157 -0.196048 -0.386627
    outer loop
      vertex 145.995 -25 101.458
      vertex 144.682 -20 101.983
      vertex 147.572 -25 97.7823
    endloop
  endfacet
  facet normal -0.901179 -0.196142 -0.38653
    outer loop
      vertex 147.572 -25 97.7823
      vertex 144.682 -20 101.983
      vertex 147.047 -20 96.4691
    endloop
  endfacet
  facet normal 0 -1 0
    outer loop
      vertex 167.993 -22.6598 91.4436
      vertex 176.007 -22.6598 90.5564
      vertex 174.416 -22.6598 94.2267
    endloop
  endfacet
  facet normal -0 -1 0
    outer loop
      vertex 176.007 -22.6598 90.5564
      vertex 167.993 -22.6598 91.4436
      vertex 169.584 -22.6598 87.7733
    endloop
  endfacet
  facet normal 0.397582 0 -0.917566
    outer loop
      vertex 169.064 -17.6598 86.4582
      vertex 177.322 -16.6598 90.0364
      vertex 177.322 -17.6598 90.0364
    endloop
  endfacet
  facet normal 0.397582 0 -0.917566
    outer loop
      vertex 177.322 -16.6598 90.0364
      vertex 169.064 -17.6598 86.4582
      vertex 169.064 -16.6598 86.4582
    endloop
  endfacet
  facet normal -0.397582 0 0.917566
    outer loop
      vertex 166.678 -16.6598 91.9636
      vertex 174.936 -17.6598 95.5418
      vertex 174.936 -16.6598 95.5418
    endloop
  endfacet
  facet normal -0.397582 0 0.917566
    outer loop
      vertex 174.936 -17.6598 95.5418
      vertex 166.678 -16.6598 91.9636
      vertex 166.678 -17.6598 91.9636
    endloop
  endfacet
  facet normal -0.389863 -0.196106 0.899749
    outer loop
      vertex 174.936 -17.6598 95.5418
      vertex 167.993 -22.6598 91.4436
      vertex 174.416 -22.6598 94.2267
    endloop
  endfacet
  facet normal -0.917536 0 -0.397653
    outer loop
      vertex 169.064 -17.6598 86.4582
      vertex 166.678 -16.6598 91.9636
      vertex 169.064 -16.6598 86.4582
    endloop
  endfacet
  facet normal -0.917536 -0 -0.397653
    outer loop
      vertex 166.678 -16.6598 91.9636
      vertex 169.064 -17.6598 86.4582
      vertex 166.678 -17.6598 91.9636
    endloop
  endfacet
  facet normal 0.389863 -0.196106 -0.899749
    outer loop
      vertex 169.584 -22.6598 87.7733
      vertex 169.064 -17.6598 86.4582
      vertex 176.007 -22.6598 90.5564
    endloop
  endfacet
  facet normal 0.899699 -0.196061 0.390001
    outer loop
      vertex 177.322 -17.6598 90.0364
      vertex 174.416 -22.6598 94.2267
      vertex 176.007 -22.6598 90.5564
    endloop
  endfacet
  facet normal 0 1 0
    outer loop
      vertex 177.322 -16.6598 90.0364
      vertex 166.678 -16.6598 91.9636
      vertex 174.936 -16.6598 95.5418
    endloop
  endfacet
  facet normal 0 1 0
    outer loop
      vertex 166.678 -16.6598 91.9636
      vertex 177.322 -16.6598 90.0364
      vertex 169.064 -16.6598 86.4582
    endloop
  endfacet
  facet normal -0.389862 -0.196108 0.899749
    outer loop
      vertex 174.936 -17.6598 95.5418
      vertex 166.678 -17.6598 91.9636
      vertex 167.993 -22.6598 91.4436
    endloop
  endfacet
  facet normal 0.917536 -0 0.397653
    outer loop
      vertex 174.936 -17.6598 95.5418
      vertex 177.322 -16.6598 90.0364
      vertex 174.936 -16.6598 95.5418
    endloop
  endfacet
  facet normal 0.917536 0 0.397653
    outer loop
      vertex 177.322 -16.6598 90.0364
      vertex 174.936 -17.6598 95.5418
      vertex 177.322 -17.6598 90.0364
    endloop
  endfacet
  facet normal 0.899715 -0.19613 0.38993
    outer loop
      vertex 174.936 -17.6598 95.5418
      vertex 174.416 -22.6598 94.2267
      vertex 177.322 -17.6598 90.0364
    endloop
  endfacet
  facet normal 0.389862 -0.196108 -0.899749
    outer loop
      vertex 176.007 -22.6598 90.5564
      vertex 169.064 -17.6598 86.4582
      vertex 177.322 -17.6598 90.0364
    endloop
  endfacet
  facet normal -0.899699 -0.196061 -0.390001
    outer loop
      vertex 167.993 -22.6598 91.4436
      vertex 166.678 -17.6598 91.9636
      vertex 169.584 -22.6598 87.7733
    endloop
  endfacet
  facet normal -0.899715 -0.19613 -0.38993
    outer loop
      vertex 169.584 -22.6598 87.7733
      vertex 166.678 -17.6598 91.9636
      vertex 169.064 -17.6598 86.4582
    endloop
  endfacet
  facet normal -0.929784 -0.196142 -0.311497
    outer loop
      vertex 190.046 -14.692 82.7844
      vertex 188.78 -9.692 83.4149
      vertex 190.686 -9.692 77.7257
    endloop
  endfacet
  facet normal 0.317701 0 -0.948191
    outer loop
      vertex 190.686 -9.692 77.7257
      vertex 199.22 -8.692 80.5851
      vertex 199.22 -9.692 80.5851
    endloop
  endfacet
  facet normal 0.317701 0 -0.948191
    outer loop
      vertex 199.22 -8.692 80.5851
      vertex 190.686 -9.692 77.7257
      vertex 190.686 -8.692 77.7257
    endloop
  endfacet
  facet normal -0.317691 0 0.948194
    outer loop
      vertex 188.78 -8.692 83.4149
      vertex 197.314 -9.692 86.2742
      vertex 197.314 -8.692 86.2742
    endloop
  endfacet
  facet normal -0.317691 0 0.948194
    outer loop
      vertex 197.314 -9.692 86.2742
      vertex 188.78 -8.692 83.4149
      vertex 188.78 -9.692 83.4149
    endloop
  endfacet
  facet normal -0.311524 -0.196071 0.92979
    outer loop
      vertex 197.314 -9.692 86.2742
      vertex 188.78 -9.692 83.4149
      vertex 196.683 -14.692 85.0084
    endloop
  endfacet
  facet normal -0.948202 0 -0.317667
    outer loop
      vertex 190.686 -9.692 77.7257
      vertex 188.78 -8.692 83.4149
      vertex 190.686 -8.692 77.7257
    endloop
  endfacet
  facet normal -0.948202 -0 -0.317667
    outer loop
      vertex 188.78 -8.692 83.4149
      vertex 190.686 -9.692 77.7257
      vertex 188.78 -9.692 83.4149
    endloop
  endfacet
  facet normal 0.311557 -0.19613 -0.929766
    outer loop
      vertex 197.954 -14.692 81.2156
      vertex 191.317 -14.692 78.9916
      vertex 199.22 -9.692 80.5851
    endloop
  endfacet
  facet normal 0.311533 -0.196087 -0.929783
    outer loop
      vertex 191.317 -14.692 78.9916
      vertex 190.686 -9.692 77.7257
      vertex 199.22 -9.692 80.5851
    endloop
  endfacet
  facet normal 0 1 0
    outer loop
      vertex 199.22 -8.692 80.5851
      vertex 188.78 -8.692 83.4149
      vertex 197.314 -8.692 86.2742
    endloop
  endfacet
  facet normal 0 1 0
    outer loop
      vertex 188.78 -8.692 83.4149
      vertex 199.22 -8.692 80.5851
      vertex 190.686 -8.692 77.7257
    endloop
  endfacet
  facet normal -0.311557 -0.19613 0.929766
    outer loop
      vertex 196.683 -14.692 85.0084
      vertex 188.78 -9.692 83.4149
      vertex 190.046 -14.692 82.7844
    endloop
  endfacet
  facet normal 0.948201 -0 0.317672
    outer loop
      vertex 197.314 -9.692 86.2742
      vertex 199.22 -8.692 80.5851
      vertex 197.314 -8.692 86.2742
    endloop
  endfacet
  facet normal 0.948201 0 0.317672
    outer loop
      vertex 199.22 -8.692 80.5851
      vertex 197.314 -9.692 86.2742
      vertex 199.22 -9.692 80.5851
    endloop
  endfacet
  facet normal 0.929782 -0.196141 0.311502
    outer loop
      vertex 199.22 -9.692 80.5851
      vertex 197.314 -9.692 86.2742
      vertex 197.954 -14.692 81.2156
    endloop
  endfacet
  facet normal 0.929746 -0.19621 0.311566
    outer loop
      vertex 197.314 -9.692 86.2742
      vertex 196.683 -14.692 85.0084
      vertex 197.954 -14.692 81.2156
    endloop
  endfacet
  facet normal 0 -1 0
    outer loop
      vertex 190.046 -14.692 82.7844
      vertex 197.954 -14.692 81.2156
      vertex 196.683 -14.692 85.0084
    endloop
  endfacet
  facet normal -0 -1 0
    outer loop
      vertex 197.954 -14.692 81.2156
      vertex 190.046 -14.692 82.7844
      vertex 191.317 -14.692 78.9916
    endloop
  endfacet
  facet normal -0.929745 -0.196216 -0.311566
    outer loop
      vertex 191.317 -14.692 78.9916
      vertex 190.046 -14.692 82.7844
      vertex 190.686 -9.692 77.7257
    endloop
  endfacet
  facet normal -0.961339 -0.196002 -0.19342
    outer loop
      vertex 210.174 -8.5 77.8338
      vertex 208.997 -3.5 78.617
      vertex 210.963 -8.5 73.9123
    endloop
  endfacet
  facet normal 0.98037 -0 0.197167
    outer loop
      vertex 217.82 -3.5 80.3915
      vertex 219.003 -2.5 74.5093
      vertex 217.82 -2.5 80.3915
    endloop
  endfacet
  facet normal 0.98037 0 0.197167
    outer loop
      vertex 219.003 -2.5 74.5093
      vertex 217.82 -3.5 80.3915
      vertex 219.003 -3.5 74.5093
    endloop
  endfacet
  facet normal 0.193345 -0.196116 -0.961331
    outer loop
      vertex 210.963 -8.5 73.9123
      vertex 210.18 -3.5 72.7348
      vertex 219.003 -3.5 74.5093
    endloop
  endfacet
  facet normal 0.193332 -0.196094 -0.961337
    outer loop
      vertex 217.826 -8.5 75.2925
      vertex 210.963 -8.5 73.9123
      vertex 219.003 -3.5 74.5093
    endloop
  endfacet
  facet normal -0.193331 -0.196118 0.961333
    outer loop
      vertex 217.82 -3.5 80.3915
      vertex 210.174 -8.5 77.8338
      vertex 217.037 -8.5 79.214
    endloop
  endfacet
  facet normal -0.197174 0 0.980369
    outer loop
      vertex 208.997 -2.5 78.617
      vertex 217.82 -3.5 80.3915
      vertex 217.82 -2.5 80.3915
    endloop
  endfacet
  facet normal -0.197174 0 0.980369
    outer loop
      vertex 217.82 -3.5 80.3915
      vertex 208.997 -2.5 78.617
      vertex 208.997 -3.5 78.617
    endloop
  endfacet
  facet normal 0.197174 0 -0.980369
    outer loop
      vertex 210.18 -3.5 72.7348
      vertex 219.003 -2.5 74.5093
      vertex 219.003 -3.5 74.5093
    endloop
  endfacet
  facet normal 0.197174 0 -0.980369
    outer loop
      vertex 219.003 -2.5 74.5093
      vertex 210.18 -3.5 72.7348
      vertex 210.18 -2.5 72.7348
    endloop
  endfacet
  facet normal 0 1 0
    outer loop
      vertex 219.003 -2.5 74.5093
      vertex 208.997 -2.5 78.617
      vertex 217.82 -2.5 80.3915
    endloop
  endfacet
  facet normal 0 1 0
    outer loop
      vertex 208.997 -2.5 78.617
      vertex 219.003 -2.5 74.5093
      vertex 210.18 -2.5 72.7348
    endloop
  endfacet
  facet normal 0.961351 -0.196017 0.193342
    outer loop
      vertex 219.003 -3.5 74.5093
      vertex 217.82 -3.5 80.3915
      vertex 217.826 -8.5 75.2925
    endloop
  endfacet
  facet normal -0.193346 -0.196097 0.961334
    outer loop
      vertex 217.82 -3.5 80.3915
      vertex 208.997 -3.5 78.617
      vertex 210.174 -8.5 77.8338
    endloop
  endfacet
  facet normal 0 -1 0
    outer loop
      vertex 210.174 -8.5 77.8338
      vertex 217.826 -8.5 75.2925
      vertex 217.037 -8.5 79.214
    endloop
  endfacet
  facet normal -0 -1 0
    outer loop
      vertex 217.826 -8.5 75.2925
      vertex 210.174 -8.5 77.8338
      vertex 210.963 -8.5 73.9123
    endloop
  endfacet
  facet normal 0.961321 -0.196092 0.193416
    outer loop
      vertex 217.82 -3.5 80.3915
      vertex 217.037 -8.5 79.214
      vertex 217.826 -8.5 75.2925
    endloop
  endfacet
  facet normal -0.961339 -0.196077 -0.19334
    outer loop
      vertex 210.963 -8.5 73.9123
      vertex 208.997 -3.5 78.617
      vertex 210.18 -3.5 72.7348
    endloop
  endfacet
  facet normal -0.98037 0 -0.197167
    outer loop
      vertex 210.18 -3.5 72.7348
      vertex 208.997 -2.5 78.617
      vertex 210.18 -2.5 72.7348
    endloop
  endfacet
  facet normal -0.98037 -0 -0.197167
    outer loop
      vertex 208.997 -2.5 78.617
      vertex 210.18 -3.5 72.7348
      vertex 208.997 -3.5 78.617
    endloop
  endfacet
  facet normal 0.85344 0.000195444 -0.521191
    outer loop
      vertex 122.722 25.4264 101.352
      vertex 122.732 27.0936 101.369
      vertex 123.085 27.0115 101.947
    endloop
  endfacet
  facet normal 0.861934 0 -0.50702
    outer loop
      vertex 122.732 27.0936 101.369
      vertex 122.722 25.4264 101.352
      vertex 122.722 27.0954 101.352
    endloop
  endfacet
  facet normal 0.853672 0 -0.520811
    outer loop
      vertex 122.722 25.4264 101.352
      vertex 123.085 27.0115 101.947
      vertex 123.085 25.3419 101.947
    endloop
  endfacet
  facet normal -0.249817 0 -0.968293
    outer loop
      vertex 95.4401 25.8263 98.5347
      vertex 96.1153 27.4643 98.3605
      vertex 96.1153 25.8046 98.3605
    endloop
  endfacet
  facet normal -0.249817 0 -0.968293
    outer loop
      vertex 96.1153 27.4643 98.3605
      vertex 95.4401 25.8263 98.5347
      vertex 95.4401 27.4859 98.5347
    endloop
  endfacet
  facet normal 0.980192 0 -0.198048
    outer loop
      vertex 123.478 26.8125 103.279
      vertex 123.34 25.2464 102.596
      vertex 123.34 26.916 102.596
    endloop
  endfacet
  facet normal 0.980192 0 -0.198048
    outer loop
      vertex 123.34 25.2464 102.596
      vertex 123.478 26.8125 103.279
      vertex 123.478 25.1429 103.279
    endloop
  endfacet
  facet normal 0.149253 0 -0.988799
    outer loop
      vertex 119.753 25.6285 99.7345
      vertex 120.442 27.2696 99.8385
      vertex 120.442 25.6031 99.8385
    endloop
  endfacet
  facet normal 0.149253 0 -0.988799
    outer loop
      vertex 120.442 27.2696 99.8385
      vertex 119.753 25.6285 99.7345
      vertex 119.753 27.2949 99.7345
    endloop
  endfacet
  facet normal -0.414095 0 -0.910234
    outer loop
      vertex 94.8055 25.8316 98.8234
      vertex 95.4401 27.4859 98.5347
      vertex 95.4401 25.8263 98.5347
    endloop
  endfacet
  facet normal -0.414095 0 -0.910234
    outer loop
      vertex 95.4401 27.4859 98.5347
      vertex 94.8055 25.8316 98.8234
      vertex 94.8055 27.4912 98.8234
    endloop
  endfacet
  facet normal 0.930734 0 -0.365697
    outer loop
      vertex 123.34 26.916 102.596
      vertex 123.085 25.3419 101.947
      vertex 123.085 27.0115 101.947
    endloop
  endfacet
  facet normal 0.930734 0 -0.365697
    outer loop
      vertex 123.085 25.3419 101.947
      vertex 123.34 26.916 102.596
      vertex 123.34 25.2464 102.596
    endloop
  endfacet
  facet normal 0.477947 0 -0.878389
    outer loop
      vertex 121.103 25.5611 100.061
      vertex 121.715 27.1701 100.394
      vertex 121.715 25.5036 100.394
    endloop
  endfacet
  facet normal 0.477947 0 -0.878389
    outer loop
      vertex 121.715 27.1701 100.394
      vertex 121.103 25.5611 100.061
      vertex 121.103 27.2275 100.061
    endloop
  endfacet
  facet normal 0.749461 0 -0.662048
    outer loop
      vertex 122.722 27.0954 101.352
      vertex 122.26 25.4729 100.829
      vertex 122.26 27.1393 100.829
    endloop
  endfacet
  facet normal 0.749918 -0.000296535 -0.661531
    outer loop
      vertex 122.722 27.0954 101.352
      vertex 122.679 25.433 101.304
      vertex 122.26 25.4729 100.829
    endloop
  endfacet
  facet normal 0.744835 0 -0.667248
    outer loop
      vertex 122.679 25.433 101.304
      vertex 122.722 27.0954 101.352
      vertex 122.722 25.4264 101.352
    endloop
  endfacet
  facet normal -0.963469 0 -0.267821
    outer loop
      vertex 93.0271 25.6092 100.903
      vertex 92.8403 27.1872 101.575
      vertex 93.0271 27.2719 100.903
    endloop
  endfacet
  facet normal -0.963469 -0 -0.267821
    outer loop
      vertex 92.8403 27.1872 101.575
      vertex 93.0271 25.6092 100.903
      vertex 92.8403 25.5245 101.575
    endloop
  endfacet
  facet normal -0.0512715 0 -0.998685
    outer loop
      vertex 96.3017 25.794 98.3509
      vertex 97.0224 27.4557 98.3139
      vertex 97.0224 25.7961 98.3139
    endloop
  endfacet
  facet normal -0.0512715 0 -0.998685
    outer loop
      vertex 96.3017 25.794 98.3509
      vertex 96.3017 27.4536 98.3509
      vertex 97.0224 27.4557 98.3139
    endloop
  endfacet
  facet normal -0.051434 0 -0.998676
    outer loop
      vertex 96.1153 25.8046 98.3605
      vertex 96.3017 27.4536 98.3509
      vertex 96.3017 25.794 98.3509
    endloop
  endfacet
  facet normal -0.051434 0 -0.998676
    outer loop
      vertex 96.3017 27.4536 98.3509
      vertex 96.1153 25.8046 98.3605
      vertex 96.1153 27.4643 98.3605
    endloop
  endfacet
  facet normal 0.0623608 0 -0.998054
    outer loop
      vertex 115.483 25.7308 99.4677
      vertex 119.753 27.2949 99.7345
      vertex 119.753 25.6285 99.7345
    endloop
  endfacet
  facet normal 0.0623689 -2.21233e-05 -0.998053
    outer loop
      vertex 119.753 27.2949 99.7345
      vertex 115.483 25.7308 99.4677
      vertex 115.546 27.3957 99.4716
    endloop
  endfacet
  facet normal 0.059893 7.19198e-05 -0.998205
    outer loop
      vertex 115.546 27.3957 99.4716
      vertex 115.483 25.7308 99.4677
      vertex 115.536 27.3958 99.471
    endloop
  endfacet
  facet normal 0.059893 7.19198e-05 -0.998205
    outer loop
      vertex 115.473 25.7309 99.4671
      vertex 115.536 27.3958 99.471
      vertex 115.483 25.7308 99.4677
    endloop
  endfacet
  facet normal 0.0624268 0 -0.99805
    outer loop
      vertex 113.166 27.2957 99.3228
      vertex 115.473 25.7309 99.4671
      vertex 113.166 25.6334 99.3228
    endloop
  endfacet
  facet normal 0.0624107 -2.3713e-05 -0.998051
    outer loop
      vertex 115.473 25.7309 99.4671
      vertex 113.166 27.2957 99.3228
      vertex 115.536 27.3958 99.471
    endloop
  endfacet
  facet normal 0.0623761 0 -0.998053
    outer loop
      vertex 113.166 25.6334 99.3228
      vertex 107.425 27.3914 98.964
      vertex 113.166 27.2957 99.3228
    endloop
  endfacet
  facet normal 0.0623716 -1.47542e-05 -0.998053
    outer loop
      vertex 107.359 25.7302 98.9599
      vertex 107.425 27.3914 98.964
      vertex 113.166 25.6334 99.3228
    endloop
  endfacet
  facet normal 0.0598931 8.40917e-05 -0.998205
    outer loop
      vertex 107.425 27.3914 98.964
      vertex 107.359 25.7302 98.9599
      vertex 107.415 27.3915 98.9634
    endloop
  endfacet
  facet normal 0.0598931 8.40917e-05 -0.998205
    outer loop
      vertex 107.349 25.7303 98.9593
      vertex 107.415 27.3915 98.9634
      vertex 107.359 25.7302 98.9599
    endloop
  endfacet
  facet normal 0.0623875 0 -0.998052
    outer loop
      vertex 104.663 27.3423 98.7914
      vertex 107.349 25.7303 98.9593
      vertex 104.663 25.6823 98.7914
    endloop
  endfacet
  facet normal 0.0623786 -1.50307e-05 -0.998053
    outer loop
      vertex 107.349 25.7303 98.9593
      vertex 104.663 27.3423 98.7914
      vertex 107.415 27.3915 98.9634
    endloop
  endfacet
  facet normal 0.0623713 0 -0.998053
    outer loop
      vertex 104.663 25.6823 98.7914
      vertex 98.4655 27.4401 98.4041
      vertex 104.663 27.3423 98.7914
    endloop
  endfacet
  facet normal 0.0623745 1.14564e-05 -0.998053
    outer loop
      vertex 98.389 25.7813 98.3993
      vertex 98.4655 27.4401 98.4041
      vertex 104.663 25.6823 98.7914
    endloop
  endfacet
  facet normal 0.0623692 0 -0.998053
    outer loop
      vertex 97.0224 27.4557 98.3139
      vertex 98.389 25.7813 98.3993
      vertex 97.0224 25.7961 98.3139
    endloop
  endfacet
  facet normal 0.0623827 1.10765e-05 -0.998052
    outer loop
      vertex 98.389 25.7813 98.3993
      vertex 97.0224 27.4557 98.3139
      vertex 98.4655 27.4401 98.4041
    endloop
  endfacet
  facet normal 0.623902 0 -0.781502
    outer loop
      vertex 121.779 25.4954 100.445
      vertex 122.26 27.1393 100.829
      vertex 122.26 25.4729 100.829
    endloop
  endfacet
  facet normal 0.623902 0 -0.781502
    outer loop
      vertex 121.779 25.4954 100.445
      vertex 121.779 27.1618 100.445
      vertex 122.26 27.1393 100.829
    endloop
  endfacet
  facet normal 0.623204 0 -0.78206
    outer loop
      vertex 121.715 25.5036 100.394
      vertex 121.779 27.1618 100.445
      vertex 121.779 25.4954 100.445
    endloop
  endfacet
  facet normal 0.623204 0 -0.78206
    outer loop
      vertex 121.779 27.1618 100.445
      vertex 121.715 25.5036 100.394
      vertex 121.715 27.1701 100.394
    endloop
  endfacet
  facet normal -0.700407 -0 -0.713744
    outer loop
      vertex 93.7329 27.415 99.7063
      vertex 94.2306 25.8063 99.2179
      vertex 93.7329 25.7523 99.7063
    endloop
  endfacet
  facet normal -0.700407 0 -0.713744
    outer loop
      vertex 94.2306 25.8063 99.2179
      vertex 93.7329 27.415 99.7063
      vertex 94.2306 27.469 99.2179
    endloop
  endfacet
  facet normal 0.99998 0 0.0063558
    outer loop
      vertex 123.472 26.6652 104.223
      vertex 123.478 25.1429 103.279
      vertex 123.478 26.8125 103.279
    endloop
  endfacet
  facet normal 0.99998 0 0.0063558
    outer loop
      vertex 123.478 25.1429 103.279
      vertex 123.472 26.6652 104.223
      vertex 123.472 24.9956 104.223
    endloop
  endfacet
  facet normal -0.995331 0 -0.0965213
    outer loop
      vertex 92.8403 25.5245 101.575
      vertex 92.773 27.0972 102.269
      vertex 92.8403 27.1872 101.575
    endloop
  endfacet
  facet normal -0.995331 -0 -0.0965213
    outer loop
      vertex 92.773 27.0972 102.269
      vertex 92.8403 25.5245 101.575
      vertex 92.773 25.4345 102.269
    endloop
  endfacet
  facet normal 0.319022 0 -0.947747
    outer loop
      vertex 120.442 25.6031 99.8385
      vertex 121.103 27.2275 100.061
      vertex 121.103 25.5611 100.061
    endloop
  endfacet
  facet normal 0.319022 0 -0.947747
    outer loop
      vertex 121.103 27.2275 100.061
      vertex 120.442 25.6031 99.8385
      vertex 120.442 27.2696 99.8385
    endloop
  endfacet
  facet normal -0.813937 0 -0.580953
    outer loop
      vertex 93.7329 25.7523 99.7063
      vertex 93.3277 27.3486 100.274
      vertex 93.7329 27.415 99.7063
    endloop
  endfacet
  facet normal -0.813937 -0 -0.580953
    outer loop
      vertex 93.3277 27.3486 100.274
      vertex 93.7329 25.7523 99.7063
      vertex 93.3277 25.6859 100.274
    endloop
  endfacet
  facet normal -0.90226 0 -0.431192
    outer loop
      vertex 93.3277 25.6859 100.274
      vertex 93.0271 27.2719 100.903
      vertex 93.3277 27.3486 100.274
    endloop
  endfacet
  facet normal -0.90226 -0 -0.431192
    outer loop
      vertex 93.0271 27.2719 100.903
      vertex 93.3277 25.6859 100.274
      vertex 93.0271 25.6092 100.903
    endloop
  endfacet
  facet normal -0.565928 0 -0.824455
    outer loop
      vertex 94.5086 25.8257 99.0272
      vertex 94.8055 27.4912 98.8234
      vertex 94.8055 25.8316 98.8234
    endloop
  endfacet
  facet normal -0.565729 -5.2218e-05 -0.824592
    outer loop
      vertex 94.5086 25.8257 99.0272
      vertex 94.4465 27.4841 99.0697
      vertex 94.8055 27.4912 98.8234
    endloop
  endfacet
  facet normal -0.565672 -0 -0.82463
    outer loop
      vertex 94.2306 27.469 99.2179
      vertex 94.5086 25.8257 99.0272
      vertex 94.2306 25.8063 99.2179
    endloop
  endfacet
  facet normal -0.565926 -6.30882e-05 -0.824456
    outer loop
      vertex 94.5086 25.8257 99.0272
      vertex 94.2306 27.469 99.2179
      vertex 94.4465 27.4841 99.0697
    endloop
  endfacet
  facet normal -0.996962 0 0.0778921
    outer loop
      vertex 92.773 25.4345 102.269
      vertex 92.8273 27.0044 102.964
      vertex 92.773 27.0972 102.269
    endloop
  endfacet
  facet normal -0.996962 0 0.0778921
    outer loop
      vertex 92.8273 27.0044 102.964
      vertex 92.773 25.4345 102.269
      vertex 92.8273 25.3417 102.964
    endloop
  endfacet
  facet normal -0.255998 0 0.966677
    outer loop
      vertex 100.26 24.7235 112.523
      vertex 100.513 22.773 112.59
      vertex 100.513 24.7351 112.59
    endloop
  endfacet
  facet normal -0.255998 0 0.966677
    outer loop
      vertex 100.513 22.773 112.59
      vertex 100.26 24.7235 112.523
      vertex 100.26 22.7464 112.523
    endloop
  endfacet
  facet normal -0.96635 0 -0.25723
    outer loop
      vertex 101.477 21.828 114.26
      vertex 101.44 23.785 114.399
      vertex 101.477 23.8928 114.26
    endloop
  endfacet
  facet normal -0.967037 -0.000197141 -0.254637
    outer loop
      vertex 101.44 23.785 114.399
      vertex 101.477 21.828 114.26
      vertex 101.41 23.6961 114.513
    endloop
  endfacet
  facet normal -0.966677 -0 -0.255998
    outer loop
      vertex 101.41 23.6961 114.513
      vertex 101.477 21.828 114.26
      vertex 101.41 21.5451 114.513
    endloop
  endfacet
  facet normal -0.99611 0 -0.0881174
    outer loop
      vertex 101.5 22.0752 114
      vertex 101.477 23.8928 114.26
      vertex 101.5 24.0819 114
    endloop
  endfacet
  facet normal -0.995715 0.000628675 -0.0924774
    outer loop
      vertex 101.493 22.0208 114.075
      vertex 101.477 23.8928 114.26
      vertex 101.5 22.0752 114
    endloop
  endfacet
  facet normal -0.996281 -0 -0.0861648
    outer loop
      vertex 101.477 23.8928 114.26
      vertex 101.493 22.0208 114.075
      vertex 101.477 21.828 114.26
    endloop
  endfacet
  facet normal -0.254647 0.000156249 -0.967034
    outer loop
      vertex 100.26 22.3891 115.477
      vertex 100.513 20.0495 115.41
      vertex 100.361 19.8895 115.45
    endloop
  endfacet
  facet normal -0.258258 -0 -0.966076
    outer loop
      vertex 100.26 22.3891 115.477
      vertex 100.361 19.8895 115.45
      vertex 100.26 19.7829 115.477
    endloop
  endfacet
  facet normal -0.255998 0 -0.966677
    outer loop
      vertex 100.513 20.0495 115.41
      vertex 100.26 22.3891 115.477
      vertex 100.513 22.5702 115.41
    endloop
  endfacet
  facet normal -0.0881174 -0 -0.99611
    outer loop
      vertex 100 22.2492 115.5
      vertex 100.26 19.7829 115.477
      vertex 100 19.5751 115.5
    endloop
  endfacet
  facet normal -0.0881174 0 -0.99611
    outer loop
      vertex 100.26 19.7829 115.477
      vertex 100 22.2492 115.5
      vertex 100.26 22.3891 115.477
    endloop
  endfacet
  facet normal -0.42414 -0 -0.905597
    outer loop
      vertex 100.513 22.5702 115.41
      vertex 100.75 20.3668 115.299
      vertex 100.513 20.0495 115.41
    endloop
  endfacet
  facet normal -0.42414 0 -0.905597
    outer loop
      vertex 100.75 20.3668 115.299
      vertex 100.513 22.5702 115.41
      vertex 100.75 22.7872 115.299
    endloop
  endfacet
  facet normal -0.905597 0 -0.42414
    outer loop
      vertex 101.41 21.5451 114.513
      vertex 101.299 23.4978 114.75
      vertex 101.41 23.6961 114.513
    endloop
  endfacet
  facet normal -0.905283 9.90381e-05 -0.424809
    outer loop
      vertex 101.387 21.486 114.562
      vertex 101.299 23.4978 114.75
      vertex 101.41 21.5451 114.513
    endloop
  endfacet
  facet normal -0.90569 -0 -0.42394
    outer loop
      vertex 101.299 23.4978 114.75
      vertex 101.387 21.486 114.562
      vertex 101.299 21.2584 114.75
    endloop
  endfacet
  facet normal -0.788129 -0.0649881 -0.61207
    outer loop
      vertex 101.299 23.4978 114.75
      vertex 101.149 23.3014 114.964
      vertex 101.153 23.3094 114.958
    endloop
  endfacet
  facet normal -0.818872 0 -0.573976
    outer loop
      vertex 101.299 21.2584 114.75
      vertex 101.149 23.3014 114.964
      vertex 101.299 23.4978 114.75
    endloop
  endfacet
  facet normal -0.818872 -0 -0.573976
    outer loop
      vertex 101.149 23.3014 114.964
      vertex 101.299 21.2584 114.75
      vertex 101.149 20.9769 114.964
    endloop
  endfacet
  facet normal 0.42414 0 -0.905597
    outer loop
      vertex 99.25 19.3575 115.299
      vertex 99.487 22.1091 115.41
      vertex 99.487 19.3591 115.41
    endloop
  endfacet
  facet normal 0.42414 0 -0.905597
    outer loop
      vertex 99.487 22.1091 115.41
      vertex 99.25 19.3575 115.299
      vertex 99.25 22.1131 115.299
    endloop
  endfacet
  facet normal 0.966013 0 -0.258494
    outer loop
      vertex 98.5905 22.6027 114.513
      vertex 98.5228 20.3514 114.26
      vertex 98.5228 22.8249 114.26
    endloop
  endfacet
  facet normal 0.966013 0 -0.258494
    outer loop
      vertex 98.5228 20.3514 114.26
      vertex 98.5905 22.6027 114.513
      vertex 98.5905 20.0362 114.513
    endloop
  endfacet
  facet normal 0.256471 0 -0.966552
    outer loop
      vertex 99.487 22.1091 115.41
      vertex 99.7395 19.4324 115.477
      vertex 99.487 19.3591 115.41
    endloop
  endfacet
  facet normal 0.256471 0 -0.966552
    outer loop
      vertex 99.7395 19.4324 115.477
      vertex 99.487 22.1091 115.41
      vertex 99.7395 22.1549 115.477
    endloop
  endfacet
  facet normal -0.815029 0.0190105 0.579108
    outer loop
      vertex 101.149 24.6362 113.036
      vertex 101.299 24.5481 113.25
      vertex 101.234 24.5944 113.157
    endloop
  endfacet
  facet normal -0.818872 0 0.573976
    outer loop
      vertex 101.149 22.6475 113.036
      vertex 101.299 24.5481 113.25
      vertex 101.149 24.6362 113.036
    endloop
  endfacet
  facet normal -0.818872 0 0.573976
    outer loop
      vertex 101.299 24.5481 113.25
      vertex 101.149 22.6475 113.036
      vertex 101.299 22.5415 113.25
    endloop
  endfacet
  facet normal -0.42414 0 0.905597
    outer loop
      vertex 100.513 22.773 112.59
      vertex 100.75 24.7241 112.701
      vertex 100.513 24.7351 112.59
    endloop
  endfacet
  facet normal -0.42414 0 0.905597
    outer loop
      vertex 100.75 24.7241 112.701
      vertex 100.513 22.773 112.59
      vertex 100.75 22.7651 112.701
    endloop
  endfacet
  facet normal 0.707298 0 0.706916
    outer loop
      vertex 98.8509 23.9808 113.036
      vertex 99.0358 22.1404 112.851
      vertex 99.0358 24.1644 112.851
    endloop
  endfacet
  facet normal 0.707298 0 0.706916
    outer loop
      vertex 99.0358 22.1404 112.851
      vertex 98.8509 23.9808 113.036
      vertex 98.8509 21.8724 113.036
    endloop
  endfacet
  facet normal -0.707107 0 -0.707107
    outer loop
      vertex 101.149 20.9769 114.964
      vertex 100.964 23.0335 115.149
      vertex 101.149 23.3014 114.964
    endloop
  endfacet
  facet normal -0.707107 -0 -0.707107
    outer loop
      vertex 100.964 23.0335 115.149
      vertex 101.149 20.9769 114.964
      vertex 100.964 20.7089 115.149
    endloop
  endfacet
  facet normal -0.966677 0 0.255998
    outer loop
      vertex 101.41 22.408 113.487
      vertex 101.477 24.2576 113.74
      vertex 101.41 24.4146 113.487
    endloop
  endfacet
  facet normal -0.966677 0 0.255998
    outer loop
      vertex 101.477 24.2576 113.74
      vertex 101.41 22.408 113.487
      vertex 101.477 22.251 113.74
    endloop
  endfacet
  facet normal 0.819052 0 0.573719
    outer loop
      vertex 98.701 23.7868 113.25
      vertex 98.8509 21.8724 113.036
      vertex 98.8509 23.9808 113.036
    endloop
  endfacet
  facet normal 0.819052 0 0.573719
    outer loop
      vertex 98.8509 21.8724 113.036
      vertex 98.701 23.7868 113.25
      vertex 98.701 21.5908 113.25
    endloop
  endfacet
  facet normal -0.905597 0 0.42414
    outer loop
      vertex 101.299 22.5415 113.25
      vertex 101.41 24.4146 113.487
      vertex 101.299 24.5481 113.25
    endloop
  endfacet
  facet normal -0.905034 -0.000185001 0.425339
    outer loop
      vertex 101.354 22.4754 113.367
      vertex 101.41 24.4146 113.487
      vertex 101.299 22.5415 113.25
    endloop
  endfacet
  facet normal -0.906183 0 0.422885
    outer loop
      vertex 101.41 24.4146 113.487
      vertex 101.354 22.4754 113.367
      vertex 101.41 22.408 113.487
    endloop
  endfacet
  facet normal -0.707107 0 0.707107
    outer loop
      vertex 100.964 22.7228 112.851
      vertex 101.149 24.6362 113.036
      vertex 100.964 24.6908 112.851
    endloop
  endfacet
  facet normal -0.707107 0 0.707107
    outer loop
      vertex 101.149 24.6362 113.036
      vertex 100.964 22.7228 112.851
      vertex 101.149 22.6475 113.036
    endloop
  endfacet
  facet normal 0.573616 0 -0.819124
    outer loop
      vertex 99.0358 19.4275 115.149
      vertex 99.25 22.1131 115.299
      vertex 99.25 19.3575 115.299
    endloop
  endfacet
  facet normal 0.573616 0 -0.819124
    outer loop
      vertex 99.25 22.1131 115.299
      vertex 99.0358 19.4275 115.149
      vertex 99.0358 22.1668 115.149
    endloop
  endfacet
  facet normal 0.90633 0 -0.422571
    outer loop
      vertex 98.701 22.4154 114.75
      vertex 98.5905 20.0362 114.513
      vertex 98.5905 22.6027 114.513
    endloop
  endfacet
  facet normal 0.90633 0 -0.422571
    outer loop
      vertex 98.5905 20.0362 114.513
      vertex 98.701 22.4154 114.75
      vertex 98.701 19.7721 114.75
    endloop
  endfacet
  facet normal -0.578246 -0.000657 -0.815862
    outer loop
      vertex 100.75 22.7872 115.299
      vertex 100.964 20.7089 115.149
      vertex 100.933 20.6734 115.171
    endloop
  endfacet
  facet normal -0.573162 -0 -0.819442
    outer loop
      vertex 100.75 22.7872 115.299
      vertex 100.933 20.6734 115.171
      vertex 100.75 20.3668 115.299
    endloop
  endfacet
  facet normal -0.573976 0 -0.818872
    outer loop
      vertex 100.964 20.7089 115.149
      vertex 100.75 22.7872 115.299
      vertex 100.964 23.0335 115.149
    endloop
  endfacet
  facet normal 0.42414 0 0.905597
    outer loop
      vertex 99.25 24.3322 112.701
      vertex 99.487 22.4724 112.59
      vertex 99.487 24.479 112.59
    endloop
  endfacet
  facet normal 0.42414 0 0.905597
    outer loop
      vertex 99.487 22.4724 112.59
      vertex 99.25 24.3322 112.701
      vertex 99.25 22.3255 112.701
    endloop
  endfacet
  facet normal 0.0879496 0 -0.996125
    outer loop
      vertex 99.7395 22.1549 115.477
      vertex 100 19.5751 115.5
      vertex 99.7395 19.4324 115.477
    endloop
  endfacet
  facet normal 0.0879496 0 -0.996125
    outer loop
      vertex 100 19.5751 115.5
      vertex 99.7395 22.1549 115.477
      vertex 100 22.2492 115.5
    endloop
  endfacet
  facet normal -0.99611 0 0.0881174
    outer loop
      vertex 101.477 22.251 113.74
      vertex 101.5 24.0819 114
      vertex 101.477 24.2576 113.74
    endloop
  endfacet
  facet normal -0.99611 0 0.0881174
    outer loop
      vertex 101.5 24.0819 114
      vertex 101.477 22.251 113.74
      vertex 101.5 22.0752 114
    endloop
  endfacet
  facet normal 0.965748 0.00110097 0.25948
    outer loop
      vertex 98.5228 23.3458 113.74
      vertex 98.5905 23.5885 113.487
      vertex 98.5589 23.4968 113.605
    endloop
  endfacet
  facet normal 0.966013 0 0.258494
    outer loop
      vertex 98.5228 23.3458 113.74
      vertex 98.5905 21.3042 113.487
      vertex 98.5905 23.5885 113.487
    endloop
  endfacet
  facet normal 0.966111 4.89802e-05 0.258125
    outer loop
      vertex 98.5228 23.3458 113.74
      vertex 98.571 21.2228 113.56
      vertex 98.5905 21.3042 113.487
    endloop
  endfacet
  facet normal 0.965967 0 0.258665
    outer loop
      vertex 98.571 21.2228 113.56
      vertex 98.5228 23.3458 113.74
      vertex 98.5228 21.0212 113.74
    endloop
  endfacet
  facet normal -0.0881174 0 0.99611
    outer loop
      vertex 100 24.6895 112.5
      vertex 100.26 22.7464 112.523
      vertex 100.26 24.7235 112.523
    endloop
  endfacet
  facet normal -0.0879006 2.92428e-05 0.996129
    outer loop
      vertex 100.26 22.7464 112.523
      vertex 100 24.6895 112.5
      vertex 100.158 22.7226 112.514
    endloop
  endfacet
  facet normal -0.0882618 0 0.996097
    outer loop
      vertex 100.158 22.7226 112.514
      vertex 100 24.6895 112.5
      vertex 100 22.686 112.5
    endloop
  endfacet
  facet normal 0.90633 0 0.422571
    outer loop
      vertex 98.5905 23.5885 113.487
      vertex 98.701 21.5908 113.25
      vertex 98.701 23.7868 113.25
    endloop
  endfacet
  facet normal 0.90633 0 0.422571
    outer loop
      vertex 98.701 21.5908 113.25
      vertex 98.5905 23.5885 113.487
      vertex 98.5905 21.3042 113.487
    endloop
  endfacet
  facet normal 0.707298 0 -0.706916
    outer loop
      vertex 99.0358 22.1668 115.149
      vertex 98.8509 19.5672 114.964
      vertex 98.8509 22.2686 114.964
    endloop
  endfacet
  facet normal 0.707298 0 -0.706916
    outer loop
      vertex 98.8509 19.5672 114.964
      vertex 99.0358 22.1668 115.149
      vertex 99.0358 19.4275 115.149
    endloop
  endfacet
  facet normal 0.819052 0 -0.573719
    outer loop
      vertex 98.8509 22.2686 114.964
      vertex 98.701 19.7721 114.75
      vertex 98.701 22.4154 114.75
    endloop
  endfacet
  facet normal 0.819674 -0.000113611 -0.57283
    outer loop
      vertex 98.8509 22.2686 114.964
      vertex 98.7555 19.6976 114.828
      vertex 98.701 19.7721 114.75
    endloop
  endfacet
  facet normal 0.818666 0 -0.57427
    outer loop
      vertex 98.7555 19.6976 114.828
      vertex 98.8509 22.2686 114.964
      vertex 98.8509 19.5672 114.964
    endloop
  endfacet
  facet normal 0.996177 0 -0.0873571
    outer loop
      vertex 98.5228 22.8249 114.26
      vertex 98.5 20.708 114
      vertex 98.5 23.0751 114
    endloop
  endfacet
  facet normal 0.996177 0 -0.0873571
    outer loop
      vertex 98.5 20.708 114
      vertex 98.5228 22.8249 114.26
      vertex 98.5228 20.3514 114.26
    endloop
  endfacet
  facet normal 0.578196 0 0.815898
    outer loop
      vertex 99.1992 24.2924 112.737
      vertex 99.25 22.3255 112.701
      vertex 99.25 24.3322 112.701
    endloop
  endfacet
  facet normal 0.572302 -0.000228086 0.820043
    outer loop
      vertex 99.0358 24.1644 112.851
      vertex 99.25 22.3255 112.701
      vertex 99.1992 24.2924 112.737
    endloop
  endfacet
  facet normal 0.574411 0.000138019 0.818567
    outer loop
      vertex 99.25 22.3255 112.701
      vertex 99.0358 24.1644 112.851
      vertex 99.0833 22.195 112.818
    endloop
  endfacet
  facet normal 0.570558 0 0.821257
    outer loop
      vertex 99.0833 22.195 112.818
      vertex 99.0358 24.1644 112.851
      vertex 99.0358 22.1404 112.851
    endloop
  endfacet
  facet normal -0.573976 0 0.818872
    outer loop
      vertex 100.75 22.7651 112.701
      vertex 100.964 24.6908 112.851
      vertex 100.75 24.7241 112.701
    endloop
  endfacet
  facet normal -0.573976 0 0.818872
    outer loop
      vertex 100.964 24.6908 112.851
      vertex 100.75 22.7651 112.701
      vertex 100.964 22.7228 112.851
    endloop
  endfacet
  facet normal 0.0909457 0 0.995856
    outer loop
      vertex 99.9781 24.6849 112.502
      vertex 100 22.686 112.5
      vertex 100 24.6895 112.5
    endloop
  endfacet
  facet normal 0.0876871 -3.59937e-05 0.996148
    outer loop
      vertex 99.7395 24.6004 112.523
      vertex 100 22.686 112.5
      vertex 99.9781 24.6849 112.502
    endloop
  endfacet
  facet normal 0.0879496 0 0.996125
    outer loop
      vertex 100 22.686 112.5
      vertex 99.7395 24.6004 112.523
      vertex 99.7395 22.5938 112.523
    endloop
  endfacet
  facet normal 0.996177 0 0.0873571
    outer loop
      vertex 98.5 23.0751 114
      vertex 98.5228 21.0212 113.74
      vertex 98.5228 23.3458 113.74
    endloop
  endfacet
  facet normal 0.996163 -2.07729e-05 0.0875199
    outer loop
      vertex 98.5 23.0751 114
      vertex 98.5083 20.8491 113.905
      vertex 98.5228 21.0212 113.74
    endloop
  endfacet
  facet normal 0.996205 0 0.0870369
    outer loop
      vertex 98.5083 20.8491 113.905
      vertex 98.5 23.0751 114
      vertex 98.5 20.708 114
    endloop
  endfacet
  facet normal 0.256471 0 0.966552
    outer loop
      vertex 99.487 24.479 112.59
      vertex 99.7395 22.5938 112.523
      vertex 99.7395 24.6004 112.523
    endloop
  endfacet
  facet normal 0.256471 0 0.966552
    outer loop
      vertex 99.7395 22.5938 112.523
      vertex 99.487 24.479 112.59
      vertex 99.487 22.4724 112.59
    endloop
  endfacet
  facet normal -0.901157 0.196048 -0.386627
    outer loop
      vertex 147.572 25 97.7823
      vertex 144.682 20 101.983
      vertex 145.995 25 101.458
    endloop
  endfacet
  facet normal 0.386565 0.196095 -0.901174
    outer loop
      vertex 155.318 20 100.017
      vertex 147.047 20 96.4691
      vertex 147.572 25 97.7823
    endloop
  endfacet
  facet normal -0.386577 0.196058 0.901177
    outer loop
      vertex 152.428 25 104.218
      vertex 144.682 20 101.983
      vertex 152.953 20 105.531
    endloop
  endfacet
  facet normal 0 -1 0
    outer loop
      vertex 144.682 19 101.983
      vertex 155.318 19 100.017
      vertex 152.953 19 105.531
    endloop
  endfacet
  facet normal -0 -1 0
    outer loop
      vertex 155.318 19 100.017
      vertex 144.682 19 101.983
      vertex 147.047 19 96.4691
    endloop
  endfacet
  facet normal 0.919033 -0 0.394181
    outer loop
      vertex 152.953 19 105.531
      vertex 155.318 20 100.017
      vertex 152.953 20 105.531
    endloop
  endfacet
  facet normal 0.919033 0 0.394181
    outer loop
      vertex 155.318 20 100.017
      vertex 152.953 19 105.531
      vertex 155.318 19 100.017
    endloop
  endfacet
  facet normal 0 1 0
    outer loop
      vertex 154.005 25 100.542
      vertex 145.995 25 101.458
      vertex 152.428 25 104.218
    endloop
  endfacet
  facet normal 0 1 0
    outer loop
      vertex 145.995 25 101.458
      vertex 154.005 25 100.542
      vertex 147.572 25 97.7823
    endloop
  endfacet
  facet normal -0.394228 0 0.919013
    outer loop
      vertex 144.682 20 101.983
      vertex 152.953 19 105.531
      vertex 152.953 20 105.531
    endloop
  endfacet
  facet normal -0.394228 0 0.919013
    outer loop
      vertex 152.953 19 105.531
      vertex 144.682 20 101.983
      vertex 144.682 19 101.983
    endloop
  endfacet
  facet normal -0.386622 0.196147 0.901138
    outer loop
      vertex 145.995 25 101.458
      vertex 144.682 20 101.983
      vertex 152.428 25 104.218
    endloop
  endfacet
  facet normal 0.394218 0 -0.919017
    outer loop
      vertex 147.047 19 96.4691
      vertex 155.318 20 100.017
      vertex 155.318 19 100.017
    endloop
  endfacet
  facet normal 0.394218 0 -0.919017
    outer loop
      vertex 155.318 20 100.017
      vertex 147.047 19 96.4691
      vertex 147.047 20 96.4691
    endloop
  endfacet
  facet normal 0.386587 0.196139 -0.901155
    outer loop
      vertex 155.318 20 100.017
      vertex 147.572 25 97.7823
      vertex 154.005 25 100.542
    endloop
  endfacet
  facet normal 0.901168 0.196054 0.3866
    outer loop
      vertex 154.005 25 100.542
      vertex 152.428 25 104.218
      vertex 155.318 20 100.017
    endloop
  endfacet
  facet normal 0.901184 0.196126 0.386525
    outer loop
      vertex 155.318 20 100.017
      vertex 152.428 25 104.218
      vertex 152.953 20 105.531
    endloop
  endfacet
  facet normal -0.91903 0 -0.394187
    outer loop
      vertex 147.047 19 96.4691
      vertex 144.682 20 101.983
      vertex 147.047 20 96.4691
    endloop
  endfacet
  facet normal -0.91903 -0 -0.394187
    outer loop
      vertex 144.682 20 101.983
      vertex 147.047 19 96.4691
      vertex 144.682 19 101.983
    endloop
  endfacet
  facet normal -0.901179 0.196142 -0.38653
    outer loop
      vertex 147.047 20 96.4691
      vertex 144.682 20 101.983
      vertex 147.572 25 97.7823
    endloop
  endfacet
  facet normal -0.899699 0.196061 -0.390001
    outer loop
      vertex 169.584 22.6598 87.7733
      vertex 166.678 17.6598 91.9636
      vertex 167.993 22.6598 91.4436
    endloop
  endfacet
  facet normal 0.389863 0.196106 -0.899749
    outer loop
      vertex 176.007 22.6598 90.5564
      vertex 169.064 17.6598 86.4582
      vertex 169.584 22.6598 87.7733
    endloop
  endfacet
  facet normal -0.397582 0 0.917566
    outer loop
      vertex 166.678 17.6598 91.9636
      vertex 174.936 16.6598 95.5418
      vertex 174.936 17.6598 95.5418
    endloop
  endfacet
  facet normal -0.397582 0 0.917566
    outer loop
      vertex 174.936 16.6598 95.5418
      vertex 166.678 17.6598 91.9636
      vertex 166.678 16.6598 91.9636
    endloop
  endfacet
  facet normal 0 -1 0
    outer loop
      vertex 166.678 16.6598 91.9636
      vertex 177.322 16.6598 90.0364
      vertex 174.936 16.6598 95.5418
    endloop
  endfacet
  facet normal -0 -1 0
    outer loop
      vertex 177.322 16.6598 90.0364
      vertex 166.678 16.6598 91.9636
      vertex 169.064 16.6598 86.4582
    endloop
  endfacet
  facet normal 0 1 0
    outer loop
      vertex 176.007 22.6598 90.5564
      vertex 167.993 22.6598 91.4436
      vertex 174.416 22.6598 94.2267
    endloop
  endfacet
  facet normal 0 1 0
    outer loop
      vertex 167.993 22.6598 91.4436
      vertex 176.007 22.6598 90.5564
      vertex 169.584 22.6598 87.7733
    endloop
  endfacet
  facet normal 0.899715 0.19613 0.38993
    outer loop
      vertex 177.322 17.6598 90.0364
      vertex 174.416 22.6598 94.2267
      vertex 174.936 17.6598 95.5418
    endloop
  endfacet
  facet normal 0.917536 -0 0.397653
    outer loop
      vertex 174.936 16.6598 95.5418
      vertex 177.322 17.6598 90.0364
      vertex 174.936 17.6598 95.5418
    endloop
  endfacet
  facet normal 0.917536 0 0.397653
    outer loop
      vertex 177.322 17.6598 90.0364
      vertex 174.936 16.6598 95.5418
      vertex 177.322 16.6598 90.0364
    endloop
  endfacet
  facet normal -0.389863 0.196106 0.899749
    outer loop
      vertex 174.416 22.6598 94.2267
      vertex 167.993 22.6598 91.4436
      vertex 174.936 17.6598 95.5418
    endloop
  endfacet
  facet normal -0.389862 0.196108 0.899749
    outer loop
      vertex 167.993 22.6598 91.4436
      vertex 166.678 17.6598 91.9636
      vertex 174.936 17.6598 95.5418
    endloop
  endfacet
  facet normal -0.917536 0 -0.397653
    outer loop
      vertex 169.064 16.6598 86.4582
      vertex 166.678 17.6598 91.9636
      vertex 169.064 17.6598 86.4582
    endloop
  endfacet
  facet normal -0.917536 -0 -0.397653
    outer loop
      vertex 166.678 17.6598 91.9636
      vertex 169.064 16.6598 86.4582
      vertex 166.678 16.6598 91.9636
    endloop
  endfacet
  facet normal 0.397582 0 -0.917566
    outer loop
      vertex 169.064 16.6598 86.4582
      vertex 177.322 17.6598 90.0364
      vertex 177.322 16.6598 90.0364
    endloop
  endfacet
  facet normal 0.397582 0 -0.917566
    outer loop
      vertex 177.322 17.6598 90.0364
      vertex 169.064 16.6598 86.4582
      vertex 169.064 17.6598 86.4582
    endloop
  endfacet
  facet normal 0.389862 0.196108 -0.899749
    outer loop
      vertex 177.322 17.6598 90.0364
      vertex 169.064 17.6598 86.4582
      vertex 176.007 22.6598 90.5564
    endloop
  endfacet
  facet normal 0.899699 0.196061 0.390001
    outer loop
      vertex 176.007 22.6598 90.5564
      vertex 174.416 22.6598 94.2267
      vertex 177.322 17.6598 90.0364
    endloop
  endfacet
  facet normal -0.899715 0.19613 -0.38993
    outer loop
      vertex 169.064 17.6598 86.4582
      vertex 166.678 17.6598 91.9636
      vertex 169.584 22.6598 87.7733
    endloop
  endfacet
  facet normal 0 -1 0
    outer loop
      vertex 188.78 8.692 83.4149
      vertex 199.22 8.692 80.5851
      vertex 197.314 8.692 86.2742
    endloop
  endfacet
  facet normal -0 -1 0
    outer loop
      vertex 199.22 8.692 80.5851
      vertex 188.78 8.692 83.4149
      vertex 190.686 8.692 77.7257
    endloop
  endfacet
  facet normal -0.929745 0.196216 -0.311566
    outer loop
      vertex 190.686 9.692 77.7257
      vertex 190.046 14.692 82.7844
      vertex 191.317 14.692 78.9916
    endloop
  endfacet
  facet normal 0.311533 0.196087 -0.929783
    outer loop
      vertex 199.22 9.692 80.5851
      vertex 190.686 9.692 77.7257
      vertex 191.317 14.692 78.9916
    endloop
  endfacet
  facet normal -0.317691 0 0.948194
    outer loop
      vertex 188.78 9.692 83.4149
      vertex 197.314 8.692 86.2742
      vertex 197.314 9.692 86.2742
    endloop
  endfacet
  facet normal -0.317691 0 0.948194
    outer loop
      vertex 197.314 8.692 86.2742
      vertex 188.78 9.692 83.4149
      vertex 188.78 8.692 83.4149
    endloop
  endfacet
  facet normal -0.948202 0 -0.317667
    outer loop
      vertex 190.686 8.692 77.7257
      vertex 188.78 9.692 83.4149
      vertex 190.686 9.692 77.7257
    endloop
  endfacet
  facet normal -0.948202 -0 -0.317667
    outer loop
      vertex 188.78 9.692 83.4149
      vertex 190.686 8.692 77.7257
      vertex 188.78 8.692 83.4149
    endloop
  endfacet
  facet normal 0.317701 0 -0.948191
    outer loop
      vertex 190.686 8.692 77.7257
      vertex 199.22 9.692 80.5851
      vertex 199.22 8.692 80.5851
    endloop
  endfacet
  facet normal 0.317701 0 -0.948191
    outer loop
      vertex 199.22 9.692 80.5851
      vertex 190.686 8.692 77.7257
      vertex 190.686 9.692 77.7257
    endloop
  endfacet
  facet normal 0 1 0
    outer loop
      vertex 197.954 14.692 81.2156
      vertex 190.046 14.692 82.7844
      vertex 196.683 14.692 85.0084
    endloop
  endfacet
  facet normal 0 1 0
    outer loop
      vertex 190.046 14.692 82.7844
      vertex 197.954 14.692 81.2156
      vertex 191.317 14.692 78.9916
    endloop
  endfacet
  facet normal -0.929784 0.196142 -0.311497
    outer loop
      vertex 190.686 9.692 77.7257
      vertex 188.78 9.692 83.4149
      vertex 190.046 14.692 82.7844
    endloop
  endfacet
  facet normal 0.948201 -0 0.317672
    outer loop
      vertex 197.314 8.692 86.2742
      vertex 199.22 9.692 80.5851
      vertex 197.314 9.692 86.2742
    endloop
  endfacet
  facet normal 0.948201 0 0.317672
    outer loop
      vertex 199.22 9.692 80.5851
      vertex 197.314 8.692 86.2742
      vertex 199.22 8.692 80.5851
    endloop
  endfacet
  facet normal -0.311524 0.196071 0.92979
    outer loop
      vertex 196.683 14.692 85.0084
      vertex 188.78 9.692 83.4149
      vertex 197.314 9.692 86.2742
    endloop
  endfacet
  facet normal -0.311557 0.19613 0.929766
    outer loop
      vertex 190.046 14.692 82.7844
      vertex 188.78 9.692 83.4149
      vertex 196.683 14.692 85.0084
    endloop
  endfacet
  facet normal 0.311557 0.19613 -0.929766
    outer loop
      vertex 199.22 9.692 80.5851
      vertex 191.317 14.692 78.9916
      vertex 197.954 14.692 81.2156
    endloop
  endfacet
  facet normal 0.929782 0.196141 0.311502
    outer loop
      vertex 197.954 14.692 81.2156
      vertex 197.314 9.692 86.2742
      vertex 199.22 9.692 80.5851
    endloop
  endfacet
  facet normal 0.929746 0.19621 0.311566
    outer loop
      vertex 197.954 14.692 81.2156
      vertex 196.683 14.692 85.0084
      vertex 197.314 9.692 86.2742
    endloop
  endfacet
  facet normal 0.98037 -0 0.197167
    outer loop
      vertex 217.82 2.5 80.3915
      vertex 219.003 3.5 74.5093
      vertex 217.82 3.5 80.3915
    endloop
  endfacet
  facet normal 0.98037 0 0.197167
    outer loop
      vertex 219.003 3.5 74.5093
      vertex 217.82 2.5 80.3915
      vertex 219.003 2.5 74.5093
    endloop
  endfacet
  facet normal -0.961339 0.196002 -0.19342
    outer loop
      vertex 210.963 8.5 73.9123
      vertex 208.997 3.5 78.617
      vertex 210.174 8.5 77.8338
    endloop
  endfacet
  facet normal 0.961351 0.196017 0.193342
    outer loop
      vertex 217.826 8.5 75.2925
      vertex 217.82 3.5 80.3915
      vertex 219.003 3.5 74.5093
    endloop
  endfacet
  facet normal 0.193332 0.196094 -0.961337
    outer loop
      vertex 219.003 3.5 74.5093
      vertex 210.963 8.5 73.9123
      vertex 217.826 8.5 75.2925
    endloop
  endfacet
  facet normal 0 1 0
    outer loop
      vertex 217.826 8.5 75.2925
      vertex 210.174 8.5 77.8338
      vertex 217.037 8.5 79.214
    endloop
  endfacet
  facet normal 0 1 0
    outer loop
      vertex 210.174 8.5 77.8338
      vertex 217.826 8.5 75.2925
      vertex 210.963 8.5 73.9123
    endloop
  endfacet
  facet normal 0 -1 0
    outer loop
      vertex 208.997 2.5 78.617
      vertex 219.003 2.5 74.5093
      vertex 217.82 2.5 80.3915
    endloop
  endfacet
  facet normal -0 -1 0
    outer loop
      vertex 219.003 2.5 74.5093
      vertex 208.997 2.5 78.617
      vertex 210.18 2.5 72.7348
    endloop
  endfacet
  facet normal -0.961339 0.196077 -0.19334
    outer loop
      vertex 210.18 3.5 72.7348
      vertex 208.997 3.5 78.617
      vertex 210.963 8.5 73.9123
    endloop
  endfacet
  facet normal 0.961321 0.196092 0.193416
    outer loop
      vertex 217.826 8.5 75.2925
      vertex 217.037 8.5 79.214
      vertex 217.82 3.5 80.3915
    endloop
  endfacet
  facet normal -0.193331 0.196118 0.961333
    outer loop
      vertex 217.037 8.5 79.214
      vertex 210.174 8.5 77.8338
      vertex 217.82 3.5 80.3915
    endloop
  endfacet
  facet normal -0.197174 0 0.980369
    outer loop
      vertex 208.997 3.5 78.617
      vertex 217.82 2.5 80.3915
      vertex 217.82 3.5 80.3915
    endloop
  endfacet
  facet normal -0.197174 0 0.980369
    outer loop
      vertex 217.82 2.5 80.3915
      vertex 208.997 3.5 78.617
      vertex 208.997 2.5 78.617
    endloop
  endfacet
  facet normal -0.193346 0.196097 0.961334
    outer loop
      vertex 210.174 8.5 77.8338
      vertex 208.997 3.5 78.617
      vertex 217.82 3.5 80.3915
    endloop
  endfacet
  facet normal 0.193345 0.196116 -0.961331
    outer loop
      vertex 219.003 3.5 74.5093
      vertex 210.18 3.5 72.7348
      vertex 210.963 8.5 73.9123
    endloop
  endfacet
  facet normal -0.98037 0 -0.197167
    outer loop
      vertex 210.18 2.5 72.7348
      vertex 208.997 3.5 78.617
      vertex 210.18 3.5 72.7348
    endloop
  endfacet
  facet normal -0.98037 -0 -0.197167
    outer loop
      vertex 208.997 3.5 78.617
      vertex 210.18 2.5 72.7348
      vertex 208.997 2.5 78.617
    endloop
  endfacet
  facet normal 0.197174 0 -0.980369
    outer loop
      vertex 210.18 2.5 72.7348
      vertex 219.003 3.5 74.5093
      vertex 219.003 2.5 74.5093
    endloop
  endfacet
  facet normal 0.197174 0 -0.980369
    outer loop
      vertex 219.003 3.5 74.5093
      vertex 210.18 2.5 72.7348
      vertex 210.18 3.5 72.7348
    endloop
  endfacet
endsolid OpenSCAD_Model
