solid OpenSCAD_Model
  facet normal -0.92138 -0.0619188 0.383698
    outer loop
      vertex 6.05764 -8 66.4614
      vertex 5 -1.69458 64.9392
      vertex 5 -6.35519 64.1871
    endloop
  endfacet
  facet normal -0.921383 -0.061921 0.383691
    outer loop
      vertex 5 -1.69458 64.9392
      vertex 6.05764 -8 66.4614
      vertex 7.4264 -8 69.7483
    endloop
  endfacet
  facet normal 0.818272 -1.5082e-05 -0.574831
    outer loop
      vertex 9.47633 8 59.0813
      vertex 5.01 3.37645 52.7236
      vertex 8.14672 8 57.1886
    endloop
  endfacet
  facet normal 0.818267 0 -0.574838
    outer loop
      vertex 9.47633 -8 59.0813
      vertex 5.01 3.37645 52.7236
      vertex 9.47633 8 59.0813
    endloop
  endfacet
  facet normal 0.818267 0 -0.574838
    outer loop
      vertex 5.01 3.37645 52.7236
      vertex 9.47633 -8 59.0813
      vertex 5.01 -5.37645 52.7236
    endloop
  endfacet
  facet normal 0.818263 -1.85948e-05 -0.574844
    outer loop
      vertex 5.01 -5.37645 52.7236
      vertex 9.47633 -8 59.0813
      vertex 6.7741 -8 55.2348
    endloop
  endfacet
  facet normal -0.913509 -0.042989 0.40454
    outer loop
      vertex 7.4264 -8 69.7483
      vertex 9.46633 -3.49387 74.8336
      vertex 5 -1.69458 64.9392
    endloop
  endfacet
  facet normal -0.913507 -0.0429939 0.404544
    outer loop
      vertex 9.46633 -3.49387 74.8336
      vertex 7.4264 -8 69.7483
      vertex 9.46633 -8 74.3547
    endloop
  endfacet
  facet normal 0.79022 0.0534496 -0.610488
    outer loop
      vertex 8.14672 8 57.1886
      vertex 5.01 3.37645 52.7236
      vertex 7.64541 8 56.5397
    endloop
  endfacet
  facet normal -0.913274 -0.0355144 0.405794
    outer loop
      vertex 9.46633 -2.24156 74.9432
      vertex 5 -1 65
      vertex 9.46633 -3.49387 74.8336
    endloop
  endfacet
  facet normal 0 0.258737 -0.965948
    outer loop
      vertex 5 4.35519 52.8093
      vertex 5.01 5.3042 53.0635
      vertex 5.01 4.35519 52.8093
    endloop
  endfacet
  facet normal 0 0.258737 -0.965948
    outer loop
      vertex 5.01 5.3042 53.0635
      vertex 5 4.35519 52.8093
      vertex 5 5.3042 53.0635
    endloop
  endfacet
  facet normal 0.790239 0.0534138 -0.610467
    outer loop
      vertex 7.64541 8 56.5397
      vertex 5.01 4.35519 52.8093
      vertex 7.38407 8 56.2014
    endloop
  endfacet
  facet normal 0.790216 0.0534556 -0.610492
    outer loop
      vertex 5.01 4.35519 52.8093
      vertex 7.64541 8 56.5397
      vertex 5.01 3.37645 52.7236
    endloop
  endfacet
  facet normal -0.927419 -0.096799 0.36128
    outer loop
      vertex 6.05764 -8 66.4614
      vertex 5 -6.35519 64.1871
      vertex 5.90026 -8 66.0574
    endloop
  endfacet
  facet normal 0.536442 0.356597 -0.764898
    outer loop
      vertex 6.70053 8 55.5059
      vertex 5.01 5.3042 53.0635
      vertex 6.4674 8 55.3424
    endloop
  endfacet
  facet normal 0.790039 -0.0533472 -0.610731
    outer loop
      vertex 6.49426 -8 54.8728
      vertex 5.01 -5.37645 52.7236
      vertex 6.7741 -8 55.2348
    endloop
  endfacet
  facet normal -0.933862 0.151137 0.324129
    outer loop
      vertex 5 5.3042 63.9328
      vertex 6.28769 8 66.3858
      vertex 5 6.19464 63.5176
    endloop
  endfacet
  facet normal -0.933864 0.151149 0.324117
    outer loop
      vertex 6.28769 8 66.3858
      vertex 5 5.3042 63.9328
      vertex 6.68342 8 67.526
    endloop
  endfacet
  facet normal -0.936797 0.200673 0.286605
    outer loop
      vertex 5 6.19464 63.5176
      vertex 5.58599 8 64.1689
      vertex 5 6.99944 62.9541
    endloop
  endfacet
  facet normal -0.9368 0.200681 0.286588
    outer loop
      vertex 5.58599 8 64.1689
      vertex 5 6.19464 63.5176
      vertex 5.9564 8 65.3797
    endloop
  endfacet
  facet normal -0.936801 0.200694 0.286575
    outer loop
      vertex 5.9564 8 65.3797
      vertex 5 6.19464 63.5176
      vertex 6.08947 8 65.8147
    endloop
  endfacet
  facet normal 0.536216 0.356781 -0.764971
    outer loop
      vertex 5.01 6.19464 53.4788
      vertex 6.4674 8 55.3424
      vertex 5.01 5.3042 53.0635
    endloop
  endfacet
  facet normal 0.536229 0.356768 -0.764968
    outer loop
      vertex 6.4674 8 55.3424
      vertex 5.01 6.19464 53.4788
      vertex 6.10391 8 55.0876
    endloop
  endfacet
  facet normal 0.699292 -0.185475 -0.690355
    outer loop
      vertex 5.44276 -8 53.6888
      vertex 5.01 -7.3042 53.0635
      vertex 5.53082 -8 53.778
    endloop
  endfacet
  facet normal -0.936624 0.247741 0.247709
    outer loop
      vertex 5 6.99944 62.9541
      vertex 5.17468 8 62.6139
      vertex 5 7.69415 62.2593
    endloop
  endfacet
  facet normal -0.936613 0.247751 0.247742
    outer loop
      vertex 5.17468 8 62.6139
      vertex 5 6.99944 62.9541
      vertex 5.58599 8 64.1689
    endloop
  endfacet
  facet normal -0.933862 0.151138 0.324129
    outer loop
      vertex 6.08947 8 65.8147
      vertex 5 6.19464 63.5176
      vertex 6.28769 8 66.3858
    endloop
  endfacet
  facet normal -0.933285 0.294165 0.206023
    outer loop
      vertex 5 8 61.8226
      vertex 5 7.69415 62.2593
      vertex 5.17468 8 62.6139
    endloop
  endfacet
  facet normal 0.533106 -0.357529 -0.766793
    outer loop
      vertex 5.3835 -8 53.6476
      vertex 5.01 -7.3042 53.0635
      vertex 5.44276 -8 53.6888
    endloop
  endfacet
  facet normal -0.475181 0.720762 -0.504682
    outer loop
      vertex 5.17535 8 55.0087
      vertex 5 7.69415 54.737
      vertex 5 8 55.1738
    endloop
  endfacet
  facet normal -0.927417 -0.0968109 0.361284
    outer loop
      vertex 5.43095 -8 64.8526
      vertex 5 -6.35519 64.1871
      vertex 5 -7.3042 63.9328
    endloop
  endfacet
  facet normal -0.927424 -0.0968215 0.361263
    outer loop
      vertex 5 -6.35519 64.1871
      vertex 5.43095 -8 64.8526
      vertex 5.90026 -8 66.0574
    endloop
  endfacet
  facet normal -0.926786 0.0971793 0.362801
    outer loop
      vertex 5 1.69458 64.9392
      vertex 7.49336 8 69.6196
      vertex 5 2.36807 64.7588
    endloop
  endfacet
  facet normal -0.926783 0.0971725 0.362809
    outer loop
      vertex 7.49336 8 69.6196
      vertex 5 1.69458 64.9392
      vertex 7.61683 8 69.935
    endloop
  endfacet
  facet normal 0 0.0872278 -0.996188
    outer loop
      vertex 5 3.37645 52.7236
      vertex 5.01 4.35519 52.8093
      vertex 5.01 3.37645 52.7236
    endloop
  endfacet
  facet normal 0 0.0872278 -0.996188
    outer loop
      vertex 5.01 4.35519 52.8093
      vertex 5 3.37645 52.7236
      vertex 5 4.35519 52.8093
    endloop
  endfacet
  facet normal 0 0.422686 -0.906276
    outer loop
      vertex 5 5.3042 53.0635
      vertex 5.01 6.19464 53.4788
      vertex 5.01 5.3042 53.0635
    endloop
  endfacet
  facet normal 0 0.422686 -0.906276
    outer loop
      vertex 5.01 6.19464 53.4788
      vertex 5 5.3042 53.0635
      vertex 5 6.19464 53.4788
    endloop
  endfacet
  facet normal 0 0 -1
    outer loop
      vertex 5 -5.37645 52.7236
      vertex 5.01 3.37645 52.7236
      vertex 5.01 -5.37645 52.7236
    endloop
  endfacet
  facet normal -0 0 -1
    outer loop
      vertex 5.01 3.37645 52.7236
      vertex 5 -5.37645 52.7236
      vertex 5 3.37645 52.7236
    endloop
  endfacet
  facet normal 0 0.573558 -0.819165
    outer loop
      vertex 5 6.19464 53.4788
      vertex 5.01 6.99944 54.0423
      vertex 5.01 6.19464 53.4788
    endloop
  endfacet
  facet normal 0 0.573558 -0.819165
    outer loop
      vertex 5.01 6.99944 54.0423
      vertex 5 6.19464 53.4788
      vertex 5 6.99944 54.0423
    endloop
  endfacet
  facet normal 0.789948 -0.0534858 -0.610837
    outer loop
      vertex 6.49426 -8 54.8728
      vertex 5.01 -6.35519 52.8093
      vertex 5.01 -5.37645 52.7236
    endloop
  endfacet
  facet normal 0.789968 -0.0534389 -0.610814
    outer loop
      vertex 5.01 -6.35519 52.8093
      vertex 6.49426 -8 54.8728
      vertex 6.07224 -8 54.327
    endloop
  endfacet
  facet normal 0.69974 -0.184841 -0.690071
    outer loop
      vertex 6.07224 -8 54.327
      vertex 5.01 -7.3042 53.0635
      vertex 5.01 -6.35519 52.8093
    endloop
  endfacet
  facet normal 0.699734 -0.184854 -0.690073
    outer loop
      vertex 5.01 -7.3042 53.0635
      vertex 6.07224 -8 54.327
      vertex 5.53082 -8 53.778
    endloop
  endfacet
  facet normal -0.136382 0.700487 -0.700513
    outer loop
      vertex 5.52668 8 54.9403
      vertex 5 7.69415 54.737
      vertex 5.17535 8 55.0087
    endloop
  endfacet
  facet normal -0.136389 0.700494 -0.700504
    outer loop
      vertex 5 7.69415 54.737
      vertex 5.52668 8 54.9403
      vertex 5 6.99944 54.0423
    endloop
  endfacet
  facet normal -0.934111 -0.150845 0.323545
    outer loop
      vertex 5 -7.3042 63.9328
      vertex 5 -8 63.6084
      vertex 5.43095 -8 64.8526
    endloop
  endfacet
  facet normal 0 -0.258737 -0.965948
    outer loop
      vertex 5 -7.3042 53.0635
      vertex 5.01 -6.35519 52.8093
      vertex 5.01 -7.3042 53.0635
    endloop
  endfacet
  facet normal -0 -0.258737 -0.965948
    outer loop
      vertex 5.01 -6.35519 52.8093
      vertex 5 -7.3042 53.0635
      vertex 5 -6.35519 52.8093
    endloop
  endfacet
  facet normal 0 -0.422664 -0.906286
    outer loop
      vertex 5 -8 53.388
      vertex 5.01 -7.3042 53.0635
      vertex 5.01 -8 53.388
    endloop
  endfacet
  facet normal -0 -0.422664 -0.906286
    outer loop
      vertex 5.01 -7.3042 53.0635
      vertex 5 -8 53.388
      vertex 5 -7.3042 53.0635
    endloop
  endfacet
  facet normal 0 -0.0872278 -0.996188
    outer loop
      vertex 5 -6.35519 52.8093
      vertex 5.01 -5.37645 52.7236
      vertex 5.01 -6.35519 52.8093
    endloop
  endfacet
  facet normal -0 -0.0872278 -0.996188
    outer loop
      vertex 5.01 -5.37645 52.7236
      vertex 5 -6.35519 52.8093
      vertex 5 -5.37645 52.7236
    endloop
  endfacet
  facet normal 0.249298 0.555721 -0.793111
    outer loop
      vertex 5.69057 8 54.9573
      vertex 5.01 6.99944 54.0423
      vertex 5.59831 8 54.9283
    endloop
  endfacet
  facet normal -0.913759 0.0541648 0.402629
    outer loop
      vertex 7.94964 8 70.7853
      vertex 9.46633 3.49387 74.8336
      vertex 9.46633 8 74.2274
    endloop
  endfacet
  facet normal -0.913762 0.0541587 0.402623
    outer loop
      vertex 9.46633 3.49387 74.8336
      vertex 7.94964 8 70.7853
      vertex 5 1.69458 64.9392
    endloop
  endfacet
  facet normal -0.913275 0.035521 0.405793
    outer loop
      vertex 5 1.69458 64.9392
      vertex 5 1 65
      vertex 9.46633 3.49387 74.8336
    endloop
  endfacet
  facet normal -0.9268 0.0972243 0.362752
    outer loop
      vertex 7.61683 8 69.935
      vertex 5 1.69458 64.9392
      vertex 7.94964 8 70.7853
    endloop
  endfacet
  facet normal -0.913274 0.0355144 0.405794
    outer loop
      vertex 9.46633 3.49387 74.8336
      vertex 5 1 65
      vertex 9.46633 2.24156 74.9432
    endloop
  endfacet
  facet normal -0.913275 -0.035521 0.405793
    outer loop
      vertex 5 -1 65
      vertex 5 -1.69458 64.9392
      vertex 9.46633 -3.49387 74.8336
    endloop
  endfacet
  facet normal -0.9122 0 0.409746
    outer loop
      vertex 5 -1 65
      vertex 9.46633 2.24156 74.9432
      vertex 5 1 65
    endloop
  endfacet
  facet normal -0.9122 0 0.409746
    outer loop
      vertex 9.46633 2.24156 74.9432
      vertex 5 -1 65
      vertex 9.46633 -2.24156 74.9432
    endloop
  endfacet
  facet normal 0.532984 -0.357627 -0.766832
    outer loop
      vertex 5.3835 -8 53.6476
      vertex 5.01 -8 53.388
      vertex 5.01 -7.3042 53.0635
    endloop
  endfacet
  facet normal -0.927878 0.100981 0.358951
    outer loop
      vertex 5 2.36807 64.7588
      vertex 6.68342 8 67.526
      vertex 5 5.3042 63.9328
    endloop
  endfacet
  facet normal -0.927874 0.100975 0.358962
    outer loop
      vertex 6.68342 8 67.526
      vertex 5 2.36807 64.7588
      vertex 7.49336 8 69.6196
    endloop
  endfacet
  facet normal 0 0.662947 -0.748666
    outer loop
      vertex 5.01 6.99944 54.0423
      vertex 5.58831 8 54.9283
      vertex 5.59831 8 54.9283
    endloop
  endfacet
  facet normal 0 0.662947 -0.748666
    outer loop
      vertex 5.58831 8 54.9283
      vertex 5.01 6.99944 54.0423
      vertex 5 6.99944 54.0423
    endloop
  endfacet
  facet normal -0.136395 0.700495 -0.700502
    outer loop
      vertex 5.58831 8 54.9283
      vertex 5 6.99944 54.0423
      vertex 5.52668 8 54.9403
    endloop
  endfacet
  facet normal 0.249957 0.555352 -0.793162
    outer loop
      vertex 5.01 6.99944 54.0423
      vertex 6.10391 8 55.0876
      vertex 5.01 6.19464 53.4788
    endloop
  endfacet
  facet normal 0.250041 0.555282 -0.793184
    outer loop
      vertex 6.10391 8 55.0876
      vertex 5.01 6.99944 54.0423
      vertex 5.69057 8 54.9573
    endloop
  endfacet
  facet normal -1 0 0
    outer loop
      vertex 5 6.43019 55.7976
      vertex 5 8 55.9321
      vertex 5 8 55.1738
    endloop
  endfacet
  facet normal -1 0 0
    outer loop
      vertex 5 8 55.9321
      vertex 5 7.36282 58.36
      vertex 5 8 61.0643
    endloop
  endfacet
  facet normal -1 0 0
    outer loop
      vertex 5 6.43019 55.7976
      vertex 5 8 55.1738
      vertex 5 7.69415 54.737
    endloop
  endfacet
  facet normal -1 0 0
    outer loop
      vertex 5 7.36282 58.6364
      vertex 5 8 61.0643
      vertex 5 7.36282 58.36
    endloop
  endfacet
  facet normal -1 0 0
    outer loop
      vertex 5 7.30226 59.3286
      vertex 5 8 61.0643
      vertex 5 7.36282 58.6364
    endloop
  endfacet
  facet normal -1 0 0
    outer loop
      vertex 5 8 55.9321
      vertex 5 7.30226 57.6678
      vertex 5 7.36282 58.36
    endloop
  endfacet
  facet normal -1 0 0
    outer loop
      vertex 5 8 55.9321
      vertex 5 7.12241 56.9966
      vertex 5 7.30226 57.6678
    endloop
  endfacet
  facet normal -1 0 0
    outer loop
      vertex 5 6.43019 55.7976
      vertex 5 7.69415 54.737
      vertex 5 6.99944 54.0423
    endloop
  endfacet
  facet normal -1 0 0
    outer loop
      vertex 5 8 55.9321
      vertex 5 6.82875 56.3668
      vertex 5 7.12241 56.9966
    endloop
  endfacet
  facet normal -1 -0 0
    outer loop
      vertex 5 8 55.9321
      vertex 5 6.43019 55.7976
      vertex 5 6.82875 56.3668
    endloop
  endfacet
  facet normal -1 0 0
    outer loop
      vertex 5 5.93884 55.3063
      vertex 5 6.99944 54.0423
      vertex 5 6.19464 53.4788
    endloop
  endfacet
  facet normal -1 0 0
    outer loop
      vertex 5 6.99944 54.0423
      vertex 5 5.93884 55.3063
      vertex 5 6.43019 55.7976
    endloop
  endfacet
  facet normal -1 0 0
    outer loop
      vertex 5 6.19464 53.4788
      vertex 5 5.36963 54.9077
      vertex 5 5.93884 55.3063
    endloop
  endfacet
  facet normal -1 0 0
    outer loop
      vertex 5 5.3042 53.0635
      vertex 5 5.36963 54.9077
      vertex 5 6.19464 53.4788
    endloop
  endfacet
  facet normal -1 0 0
    outer loop
      vertex 5 5.3042 53.0635
      vertex 5 4.73987 54.614
      vertex 5 5.36963 54.9077
    endloop
  endfacet
  facet normal -1 0 0
    outer loop
      vertex 5 4.35519 52.8093
      vertex 5 4.73987 54.614
      vertex 5 5.3042 53.0635
    endloop
  endfacet
  facet normal -1 0 0
    outer loop
      vertex 5 4.35519 52.8093
      vertex 5 4.06868 54.4342
      vertex 5 4.73987 54.614
    endloop
  endfacet
  facet normal -1 0 0
    outer loop
      vertex 5 3.37645 52.7236
      vertex 5 4.06868 54.4342
      vertex 5 4.35519 52.8093
    endloop
  endfacet
  facet normal -1 0 0
    outer loop
      vertex 5 3.37645 52.7236
      vertex 5 3.37645 54.3736
      vertex 5 4.06868 54.4342
    endloop
  endfacet
  facet normal -1 0 0
    outer loop
      vertex 5 -5.37645 52.7236
      vertex 5 3.37645 54.3736
      vertex 5 3.37645 52.7236
    endloop
  endfacet
  facet normal -1 0 0
    outer loop
      vertex 5 -5.37645 52.7236
      vertex 5 -5.37645 54.3736
      vertex 5 3.37645 54.3736
    endloop
  endfacet
  facet normal -1 0 0
    outer loop
      vertex 5 -5.37645 52.7236
      vertex 5 -6.06868 54.4342
      vertex 5 -5.37645 54.3736
    endloop
  endfacet
  facet normal -1 0 0
    outer loop
      vertex 5 -6.35519 52.8093
      vertex 5 -6.06868 54.4342
      vertex 5 -5.37645 52.7236
    endloop
  endfacet
  facet normal -1 0 0
    outer loop
      vertex 5 -6.35519 52.8093
      vertex 5 -6.73987 54.614
      vertex 5 -6.06868 54.4342
    endloop
  endfacet
  facet normal -1 0 0
    outer loop
      vertex 5 -7.3042 53.0635
      vertex 5 -6.73987 54.614
      vertex 5 -6.35519 52.8093
    endloop
  endfacet
  facet normal -1 0 0
    outer loop
      vertex 5 -8 53.8289
      vertex 5 -6.73987 54.614
      vertex 5 -7.3042 53.0635
    endloop
  endfacet
  facet normal -1 -0 0
    outer loop
      vertex 5 -6.73987 54.614
      vertex 5 -8 53.8289
      vertex 5 -7.36963 54.9077
    endloop
  endfacet
  facet normal -1 0 0
    outer loop
      vertex 5 -8 53.8289
      vertex 5 -7.3042 53.0635
      vertex 5 -8 53.388
    endloop
  endfacet
  facet normal -1 -0 0
    outer loop
      vertex 5 -7.36963 54.9077
      vertex 5 -8 53.8289
      vertex 5 -7.93884 55.3063
    endloop
  endfacet
  facet normal -1 0 0
    outer loop
      vertex 5 -8.74232 54.3487
      vertex 5 -7.93884 55.3063
      vertex 5 -8 53.8289
    endloop
  endfacet
  facet normal -1 -0 0
    outer loop
      vertex 5 -7.93884 55.3063
      vertex 5 -8.74232 54.3487
      vertex 5 -8 55.3674
    endloop
  endfacet
  facet normal -1 0 0
    outer loop
      vertex 5 -9.38774 54.9941
      vertex 5 -8 55.3674
      vertex 5 -8.74232 54.3487
    endloop
  endfacet
  facet normal -1 0 -0
    outer loop
      vertex 5 -8.12376 56.0547
      vertex 5 -8 55.3674
      vertex 5 -9.38774 54.9941
    endloop
  endfacet
  facet normal -1 0 0
    outer loop
      vertex 5 -8 55.3674
      vertex 5 -8.12376 56.0547
      vertex 5 -8 55.931
    endloop
  endfacet
  facet normal -1 -0 0
    outer loop
      vertex 5 -8.12376 56.0547
      vertex 5 -9.38774 54.9941
      vertex 5 -8.48233 56.5668
    endloop
  endfacet
  facet normal -1 0 0
    outer loop
      vertex 5 -9.91129 55.7418
      vertex 5 -8.48233 56.5668
      vertex 5 -9.38774 54.9941
    endloop
  endfacet
  facet normal -1 -0 0
    outer loop
      vertex 5 -8.48233 56.5668
      vertex 5 -9.91129 55.7418
      vertex 5 -8.74654 57.1334
    endloop
  endfacet
  facet normal -1 -0 0
    outer loop
      vertex 5 -8.74654 57.1334
      vertex 5 -10.297 56.569
      vertex 5 -8.90834 57.7372
    endloop
  endfacet
  facet normal -1 0 0
    outer loop
      vertex 5 -10.297 56.569
      vertex 5 -8.74654 57.1334
      vertex 5 -9.91129 55.7418
    endloop
  endfacet
  facet normal -1 0 0
    outer loop
      vertex 5 8 55.9321
      vertex 5 8.61282 58.36
      vertex 5 8.53326 57.4507
    endloop
  endfacet
  facet normal -1 -0 0
    outer loop
      vertex 5 8.61282 58.36
      vertex 5 8 55.9321
      vertex 5 8.61282 58.6364
    endloop
  endfacet
  facet normal -1 0 0
    outer loop
      vertex 5 8 55.9321
      vertex 5 8.53326 57.4507
      vertex 5 8.29703 56.569
    endloop
  endfacet
  facet normal -1 0 0
    outer loop
      vertex 5 8 61.0643
      vertex 5 8.61282 58.6364
      vertex 5 8 55.9321
    endloop
  endfacet
  facet normal -1 0 0
    outer loop
      vertex 5 8.61282 58.6364
      vertex 5 8 61.0643
      vertex 5 8.53326 59.5456
    endloop
  endfacet
  facet normal -1 0 0
    outer loop
      vertex 5 8.53326 59.5456
      vertex 5 8 61.0643
      vertex 5 8.29703 60.4273
    endloop
  endfacet
  facet normal -1 0 0
    outer loop
      vertex 5 7.12241 59.9998
      vertex 5 8 61.0643
      vertex 5 7.30226 59.3286
    endloop
  endfacet
  facet normal -1 0 0
    outer loop
      vertex 5 6.82875 60.6295
      vertex 5 8 61.0643
      vertex 5 7.12241 59.9998
    endloop
  endfacet
  facet normal -1 0 0
    outer loop
      vertex 5 6.43019 61.1987
      vertex 5 8 61.0643
      vertex 5 6.82875 60.6295
    endloop
  endfacet
  facet normal -1 0 0
    outer loop
      vertex 5 8 61.0643
      vertex 5 6.43019 61.1987
      vertex 5 8 61.8226
    endloop
  endfacet
  facet normal -1 -0 0
    outer loop
      vertex 5 8 61.8226
      vertex 5 6.43019 61.1987
      vertex 5 7.69415 62.2593
    endloop
  endfacet
  facet normal -1 -0 0
    outer loop
      vertex 5 7.69415 62.2593
      vertex 5 6.43019 61.1987
      vertex 5 6.99944 62.9541
    endloop
  endfacet
  facet normal -1 0 0
    outer loop
      vertex 5 5.93884 61.6901
      vertex 5 6.99944 62.9541
      vertex 5 6.43019 61.1987
    endloop
  endfacet
  facet normal -1 -0 0
    outer loop
      vertex 5 6.99944 62.9541
      vertex 5 5.93884 61.6901
      vertex 5 6.19464 63.5176
    endloop
  endfacet
  facet normal -1 0 0
    outer loop
      vertex 5 5.36963 62.0887
      vertex 5 6.19464 63.5176
      vertex 5 5.93884 61.6901
    endloop
  endfacet
  facet normal -1 0 0
    outer loop
      vertex 5 5.36963 62.0887
      vertex 5 5.3042 63.9328
      vertex 5 6.19464 63.5176
    endloop
  endfacet
  facet normal -1 0 0
    outer loop
      vertex 5 4.73987 62.3823
      vertex 5 5.3042 63.9328
      vertex 5 5.36963 62.0887
    endloop
  endfacet
  facet normal -1 0 0
    outer loop
      vertex 5 4.73987 62.3823
      vertex 5 2.36807 64.7588
      vertex 5 5.3042 63.9328
    endloop
  endfacet
  facet normal -1 0 0
    outer loop
      vertex 5 1.80374 63.2083
      vertex 5 2.36807 64.7588
      vertex 5 4.73987 62.3823
    endloop
  endfacet
  facet normal -1 0 0
    outer loop
      vertex 5 1.80374 63.2083
      vertex 5 1.69458 64.9392
      vertex 5 2.36807 64.7588
    endloop
  endfacet
  facet normal -1 0 0
    outer loop
      vertex 5 1.40807 63.3143
      vertex 5 1.69458 64.9392
      vertex 5 1.80374 63.2083
    endloop
  endfacet
  facet normal -1 0 0
    outer loop
      vertex 5 1 63.35
      vertex 5 1.69458 64.9392
      vertex 5 1.40807 63.3143
    endloop
  endfacet
  facet normal -1 0 0
    outer loop
      vertex 5 1 63.35
      vertex 5 1 65
      vertex 5 1.69458 64.9392
    endloop
  endfacet
  facet normal -1 0 0
    outer loop
      vertex 5 -1 63.35
      vertex 5 1 65
      vertex 5 1 63.35
    endloop
  endfacet
  facet normal -1 0 0
    outer loop
      vertex 5 -1 63.35
      vertex 5 -1 65
      vertex 5 1 65
    endloop
  endfacet
  facet normal -1 0 0
    outer loop
      vertex 5 -1.40807 63.3143
      vertex 5 -1 65
      vertex 5 -1 63.35
    endloop
  endfacet
  facet normal -1 0 0
    outer loop
      vertex 5 -1.40807 63.3143
      vertex 5 -1.69458 64.9392
      vertex 5 -1 65
    endloop
  endfacet
  facet normal -1 0 0
    outer loop
      vertex 5 -6.06868 62.5622
      vertex 5 -1.69458 64.9392
      vertex 5 -1.40807 63.3143
    endloop
  endfacet
  facet normal -1 0 0
    outer loop
      vertex 5 -6.06868 62.5622
      vertex 5 -6.35519 64.1871
      vertex 5 -1.69458 64.9392
    endloop
  endfacet
  facet normal -1 0 0
    outer loop
      vertex 5 -6.73987 62.3823
      vertex 5 -6.35519 64.1871
      vertex 5 -6.06868 62.5622
    endloop
  endfacet
  facet normal -1 0 0
    outer loop
      vertex 5 -6.73987 62.3823
      vertex 5 -7.3042 63.9328
      vertex 5 -6.35519 64.1871
    endloop
  endfacet
  facet normal -1 0 0
    outer loop
      vertex 5 -8 63.1674
      vertex 5 -6.73987 62.3823
      vertex 5 -7.36963 62.0887
    endloop
  endfacet
  facet normal -1 0 0
    outer loop
      vertex 5 -8 63.1674
      vertex 5 -7.36963 62.0887
      vertex 5 -7.93884 61.6901
    endloop
  endfacet
  facet normal -1 0 0
    outer loop
      vertex 5 -8.74232 62.6476
      vertex 5 -7.93884 61.6901
      vertex 5 -8 61.6289
    endloop
  endfacet
  facet normal -1 0 0
    outer loop
      vertex 5 -6.73987 62.3823
      vertex 5 -8 63.1674
      vertex 5 -7.3042 63.9328
    endloop
  endfacet
  facet normal -1 0 0
    outer loop
      vertex 5 -7.3042 63.9328
      vertex 5 -8 63.1674
      vertex 5 -8 63.6084
    endloop
  endfacet
  facet normal -1 0 0
    outer loop
      vertex 5 -8.12376 60.9416
      vertex 5 -8 61.6289
      vertex 5 -8 61.0654
    endloop
  endfacet
  facet normal -1 -0 0
    outer loop
      vertex 5 -8 61.6289
      vertex 5 -8.12376 60.9416
      vertex 5 -9.38774 62.0022
    endloop
  endfacet
  facet normal -1 0 0
    outer loop
      vertex 5 -9.38774 62.0022
      vertex 5 -8.12376 60.9416
      vertex 5 -8.48233 60.4295
    endloop
  endfacet
  facet normal -1 0 0
    outer loop
      vertex 5 -7.93884 61.6901
      vertex 5 -8.74232 62.6476
      vertex 5 -8 63.1674
    endloop
  endfacet
  facet normal -1 0 0
    outer loop
      vertex 5 -9.91129 61.2545
      vertex 5 -8.48233 60.4295
      vertex 5 -8.74654 59.863
    endloop
  endfacet
  facet normal -1 0 0
    outer loop
      vertex 5 -10.297 60.4273
      vertex 5 -8.74654 59.863
      vertex 5 -8.90834 59.2591
    endloop
  endfacet
  facet normal -1 0 0
    outer loop
      vertex 5 -10.5333 59.5456
      vertex 5 -8.90834 59.2591
      vertex 5 -8.96281 58.6364
    endloop
  endfacet
  facet normal -1 0 0
    outer loop
      vertex 5 -10.5333 57.4507
      vertex 5 -8.90834 57.7372
      vertex 5 -10.297 56.569
    endloop
  endfacet
  facet normal -1 0 0
    outer loop
      vertex 5 -10.6128 58.6364
      vertex 5 -8.96281 58.6364
      vertex 5 -10.6128 58.36
    endloop
  endfacet
  facet normal -1 -0 0
    outer loop
      vertex 5 -8.90834 57.7372
      vertex 5 -10.5333 57.4507
      vertex 5 -8.96281 58.36
    endloop
  endfacet
  facet normal -1 0 -0
    outer loop
      vertex 5 -10.5333 59.5456
      vertex 5 -8.96281 58.6364
      vertex 5 -10.6128 58.6364
    endloop
  endfacet
  facet normal -1 0 0
    outer loop
      vertex 5 -10.6128 58.36
      vertex 5 -8.96281 58.36
      vertex 5 -10.5333 57.4507
    endloop
  endfacet
  facet normal -1 0 0
    outer loop
      vertex 5 -8 61.6289
      vertex 5 -9.38774 62.0022
      vertex 5 -8.74232 62.6476
    endloop
  endfacet
  facet normal -1 0 0
    outer loop
      vertex 5 -8.96281 58.36
      vertex 5 -10.6128 58.36
      vertex 5 -8.96281 58.6364
    endloop
  endfacet
  facet normal -1 0 0
    outer loop
      vertex 5 -8.48233 60.4295
      vertex 5 -9.91129 61.2545
      vertex 5 -9.38774 62.0022
    endloop
  endfacet
  facet normal -1 0 0
    outer loop
      vertex 5 -8.74654 59.863
      vertex 5 -10.297 60.4273
      vertex 5 -9.91129 61.2545
    endloop
  endfacet
  facet normal -1 0 0
    outer loop
      vertex 5 -8.90834 59.2591
      vertex 5 -10.5333 59.5456
      vertex 5 -10.297 60.4273
    endloop
  endfacet
  facet normal 0.700923 0.184622 -0.688927
    outer loop
      vertex 7.04798 8 55.8594
      vertex 5.01 5.3042 53.0635
      vertex 6.70053 8 55.5059
    endloop
  endfacet
  facet normal 0.700995 0.18452 -0.688882
    outer loop
      vertex 7.38407 8 56.2014
      vertex 5.01 5.3042 53.0635
      vertex 7.04798 8 55.8594
    endloop
  endfacet
  facet normal 0.700994 0.184523 -0.688883
    outer loop
      vertex 5.01 5.3042 53.0635
      vertex 7.38407 8 56.2014
      vertex 5.01 4.35519 52.8093
    endloop
  endfacet
  facet normal -0.890851 -0.0396078 0.452566
    outer loop
      vertex 9.46633 -2.24156 74.9432
      vertex 9.46633 -3.49387 74.8336
      vertex 14.2842 -4.98289 84.187
    endloop
  endfacet
  facet normal -0.890852 -0.0396195 0.452563
    outer loop
      vertex 14.2842 -3.26834 84.3371
      vertex 9.46633 -2.24156 74.9432
      vertex 14.2842 -4.98289 84.187
    endloop
  endfacet
  facet normal -0.883416 0.0852774 0.460765
    outer loop
      vertex 14.2842 8 83.6286
      vertex 11.9619 8 79.1761
      vertex 14.2842 4.98289 84.187
    endloop
  endfacet
  facet normal -0.889799 0 0.456353
    outer loop
      vertex 9.46633 -2.24156 74.9432
      vertex 14.2842 3.26834 84.3371
      vertex 9.46633 2.24156 74.9432
    endloop
  endfacet
  facet normal -0.889799 0 0.456353
    outer loop
      vertex 14.2842 3.26834 84.3371
      vertex 9.46633 -2.24156 74.9432
      vertex 14.2842 -3.26834 84.3371
    endloop
  endfacet
  facet normal -0.891062 -0.0479673 0.45134
    outer loop
      vertex 12.5367 -8 80.4164
      vertex 9.46633 -3.49387 74.8336
      vertex 9.46633 -8 74.3547
    endloop
  endfacet
  facet normal -0.89106 -0.0479624 0.451344
    outer loop
      vertex 9.46633 -3.49387 74.8336
      vertex 12.5367 -8 80.4164
      vertex 14.2842 -4.98289 84.187
    endloop
  endfacet
  facet normal -0.885342 -0.0629208 0.460663
    outer loop
      vertex 14.2842 -4.98289 84.187
      vertex 12.5367 -8 80.4164
      vertex 14.2842 -8 83.7749
    endloop
  endfacet
  facet normal -0.891257 0.0604636 0.44945
    outer loop
      vertex 9.46633 3.49387 74.8336
      vertex 11.9619 8 79.1761
      vertex 9.46633 8 74.2274
    endloop
  endfacet
  facet normal -0.891255 0.0604584 0.449454
    outer loop
      vertex 11.9619 8 79.1761
      vertex 9.46633 3.49387 74.8336
      vertex 14.2842 4.98289 84.187
    endloop
  endfacet
  facet normal -0.890851 0.0396078 0.452566
    outer loop
      vertex 9.46633 3.49387 74.8336
      vertex 9.46633 2.24156 74.9432
      vertex 14.2842 4.98289 84.187
    endloop
  endfacet
  facet normal -0.890852 0.0396195 0.452563
    outer loop
      vertex 14.2842 4.98289 84.187
      vertex 9.46633 2.24156 74.9432
      vertex 14.2842 3.26834 84.3371
    endloop
  endfacet
  facet normal 0.569164 0 -0.822224
    outer loop
      vertex 9.47633 -8 59.0813
      vertex 14.2908 8 62.414
      vertex 14.2908 -8 62.414
    endloop
  endfacet
  facet normal 0.569164 0 -0.822224
    outer loop
      vertex 14.2908 8 62.414
      vertex 9.47633 -8 59.0813
      vertex 9.47633 8 59.0813
    endloop
  endfacet
  facet normal -0.712133 0.127763 0.690321
    outer loop
      vertex 14.2842 4.98289 84.187
      vertex 17.4681 8 86.9131
      vertex 14.2842 8 83.6286
    endloop
  endfacet
  facet normal -0.712143 0.127787 0.690307
    outer loop
      vertex 17.4681 8 86.9131
      vertex 14.2842 4.98289 84.187
      vertex 19.4504 4.58163 89.5909
    endloop
  endfacet
  facet normal -0.719244 0.0605605 0.692113
    outer loop
      vertex 19.4504 4.58163 89.5909
      vertex 14.2842 3.26834 84.3371
      vertex 19.4504 2.23994 89.7958
    endloop
  endfacet
  facet normal -0.577427 -0.211292 0.788628
    outer loop
      vertex 19.4504 -4.58163 89.5909
      vertex 17.97 -8 87.5911
      vertex 18.1511 -8 87.7237
    endloop
  endfacet
  facet normal -0.577383 -0.211322 0.788652
    outer loop
      vertex 18.1511 -8 87.7237
      vertex 19.4504 -6.85217 88.9825
      vertex 19.4504 -4.58163 89.5909
    endloop
  endfacet
  facet normal -0.57742 -0.211266 0.78864
    outer loop
      vertex 19.4504 -6.85217 88.9825
      vertex 18.1511 -8 87.7237
      vertex 18.9266 -8 88.2915
    endloop
  endfacet
  facet normal -0.343283 0 -0.939232
    outer loop
      vertex 14.2908 -8 62.414
      vertex 19.4504 8 60.5282
      vertex 19.4504 -8 60.5282
    endloop
  endfacet
  facet normal -0.343283 0 -0.939232
    outer loop
      vertex 19.4504 8 60.5282
      vertex 14.2908 -8 62.414
      vertex 14.2908 8 62.414
    endloop
  endfacet
  facet normal -0.719244 -0.0605605 0.692113
    outer loop
      vertex 19.4504 -2.23994 89.7958
      vertex 14.2842 -3.26834 84.3371
      vertex 19.4504 -4.58163 89.5909
    endloop
  endfacet
  facet normal -0.719246 -0.0605905 0.692108
    outer loop
      vertex 14.2842 -3.26834 84.3371
      vertex 14.2842 -4.98289 84.187
      vertex 19.4504 -4.58163 89.5909
    endloop
  endfacet
  facet normal -0.719246 0.0605905 0.692108
    outer loop
      vertex 14.2842 4.98289 84.187
      vertex 14.2842 3.26834 84.3371
      vertex 19.4504 4.58163 89.5909
    endloop
  endfacet
  facet normal -0.545601 -0.235244 0.804351
    outer loop
      vertex 19.4504 -6.85217 88.9825
      vertex 18.9266 -8 88.2915
      vertex 19.4504 -8 88.6468
    endloop
  endfacet
  facet normal -0.651485 0.196275 0.732832
    outer loop
      vertex 17.7798 8 87.1902
      vertex 17.4681 8 86.9131
      vertex 19.4504 4.58163 89.5909
    endloop
  endfacet
  facet normal -0.716073 -0.0944646 0.691604
    outer loop
      vertex 17.97 -8 87.5911
      vertex 14.2842 -4.98289 84.187
      vertex 14.2842 -8 83.7749
    endloop
  endfacet
  facet normal -0.716078 -0.0944811 0.691596
    outer loop
      vertex 14.2842 -4.98289 84.187
      vertex 17.97 -8 87.5911
      vertex 19.4504 -4.58163 89.5909
    endloop
  endfacet
  facet normal -0.726298 0 0.68738
    outer loop
      vertex 14.2842 3.26834 84.3371
      vertex 19.4504 -2.23994 89.7958
      vertex 19.4504 2.23994 89.7958
    endloop
  endfacet
  facet normal -0.726298 0 0.68738
    outer loop
      vertex 19.4504 -2.23994 89.7958
      vertex 14.2842 3.26834 84.3371
      vertex 14.2842 -3.26834 84.3371
    endloop
  endfacet
  facet normal -0.570867 0.278806 0.772255
    outer loop
      vertex 19.4504 8 88.5681
      vertex 18.736 8 88.04
      vertex 19.4504 6.85217 88.9825
    endloop
  endfacet
  facet normal -0.651357 0.196405 0.732911
    outer loop
      vertex 17.7798 8 87.1902
      vertex 19.4504 6.85217 88.9825
      vertex 18.736 8 88.04
    endloop
  endfacet
  facet normal -0.651367 0.196385 0.732908
    outer loop
      vertex 19.4504 6.85217 88.9825
      vertex 17.7798 8 87.1902
      vertex 19.4504 4.58163 89.5909
    endloop
  endfacet
  facet normal -0.96307 -0.0234153 0.26823
    outer loop
      vertex 19.4504 -2.23994 89.7958
      vertex 21.7736 -3.81131 98
      vertex 21.7406 -2.45402 98
    endloop
  endfacet
  facet normal -0.963072 -0.0234695 0.26822
    outer loop
      vertex 21.7736 -3.81131 98
      vertex 19.4504 -2.23994 89.7958
      vertex 19.4504 -4.58163 89.5909
    endloop
  endfacet
  facet normal -0.959943 0.0951482 0.263547
    outer loop
      vertex 19.4504 6.85217 88.9825
      vertex 20.9417 8 94
      vertex 19.4504 8 88.5681
    endloop
  endfacet
  facet normal -0.959942 0.0951718 0.263542
    outer loop
      vertex 21.4767 7.33076 96.1904
      vertex 20.9417 8 94
      vertex 19.4504 6.85217 88.9825
    endloop
  endfacet
  facet normal -0.960015 0.0947417 0.263428
    outer loop
      vertex 20.9417 8 94
      vertex 21.4767 7.33076 96.1904
      vertex 21.1263 7.93922 94.6946
    endloop
  endfacet
  facet normal -0.959816 0.0957463 0.26379
    outer loop
      vertex 21.1263 7.93922 94.6946
      vertex 21.4767 7.33076 96.1904
      vertex 21.2934 7.75877 95.3681
    endloop
  endfacet
  facet normal -0.960271 0.093747 0.262851
    outer loop
      vertex 21.2934 7.75877 95.3681
      vertex 21.4767 7.33076 96.1904
      vertex 21.4376 7.4641 96
    endloop
  endfacet
  facet normal -0.963071 0.0234901 0.268221
    outer loop
      vertex 21.7782 4 98
      vertex 21.7646 4.96564 97.8666
      vertex 19.4504 4.58163 89.5909
    endloop
  endfacet
  facet normal -0.963133 0.0234588 0.268001
    outer loop
      vertex 21.7646 4.96564 97.8666
      vertex 21.7782 4 98
      vertex 21.7782 4.6946 97.9392
    endloop
  endfacet
  facet normal -0.963071 0.0234783 0.268221
    outer loop
      vertex 21.7782 4 98
      vertex 19.4504 4.58163 89.5909
      vertex 21.7736 3.81131 98
    endloop
  endfacet
  facet normal -0.961375 0.0713364 0.265836
    outer loop
      vertex 21.7234 6.05527 97.4254
      vertex 21.7646 5.36809 97.7588
      vertex 21.73 6 97.4641
    endloop
  endfacet
  facet normal -0.961548 0.0710593 0.265286
    outer loop
      vertex 21.7234 6.05527 97.4254
      vertex 21.7646 4.96564 97.8666
      vertex 21.7646 5.36809 97.7588
    endloop
  endfacet
  facet normal -0.961464 0.0711732 0.265559
    outer loop
      vertex 21.7646 4.96564 97.8666
      vertex 21.7234 6.05527 97.4254
      vertex 19.4504 4.58163 89.5909
    endloop
  endfacet
  facet normal -0.961464 -0.0711678 0.26556
    outer loop
      vertex 21.4767 -7.33076 96.1904
      vertex 21.7234 -6.05527 97.4254
      vertex 19.4504 -4.58163 89.5909
    endloop
  endfacet
  facet normal -0.961464 -0.0711589 0.265564
    outer loop
      vertex 21.4767 -7.33076 96.1904
      vertex 19.4504 -4.58163 89.5909
      vertex 19.4504 -6.85217 88.9825
    endloop
  endfacet
  facet normal -0.96151 -0.0710323 0.26543
    outer loop
      vertex 21.7234 -6.05527 97.4254
      vertex 21.4767 -7.33076 96.1904
      vertex 21.6618 -6.57115 97.0642
    endloop
  endfacet
  facet normal -0.961631 -0.0706249 0.265101
    outer loop
      vertex 21.6618 -6.57115 97.0642
      vertex 21.4767 -7.33076 96.1904
      vertex 21.5621 -7.06418 96.5712
    endloop
  endfacet
  facet normal -0.671008 0 -0.74145
    outer loop
      vertex 19.4504 -8 60.5282
      vertex 24.9596 8 55.5424
      vertex 24.9596 -8 55.5424
    endloop
  endfacet
  facet normal -0.671008 0 -0.74145
    outer loop
      vertex 24.9596 8 55.5424
      vertex 19.4504 -8 60.5282
      vertex 19.4504 8 60.5282
    endloop
  endfacet
  facet normal -0.961118 -0.0774741 0.265047
    outer loop
      vertex 20.9266 -8 94
      vertex 21.4767 -7.33076 96.1904
      vertex 19.4504 -6.85217 88.9825
    endloop
  endfacet
  facet normal -0.961147 -0.0772829 0.264996
    outer loop
      vertex 21.2844 -7.75877 95.3681
      vertex 21.4767 -7.33076 96.1904
      vertex 20.9266 -8 94
    endloop
  endfacet
  facet normal -0.961301 -0.0765486 0.26465
    outer loop
      vertex 21.4767 -7.33076 96.1904
      vertex 21.2844 -7.75877 95.3681
      vertex 21.4349 -7.4641 96
    endloop
  endfacet
  facet normal -0.961117 -0.0775143 0.265038
    outer loop
      vertex 20.9266 -8 94
      vertex 19.4504 -6.85217 88.9825
      vertex 19.4504 -8 88.6468
    endloop
  endfacet
  facet normal -0.960998 -0.078519 0.265175
    outer loop
      vertex 21.2844 -7.75877 95.3681
      vertex 20.9266 -8 94
      vertex 21.1133 -7.93922 94.6946
    endloop
  endfacet
  facet normal -0.961464 0.0711589 0.265564
    outer loop
      vertex 19.4504 4.58163 89.5909
      vertex 21.4767 7.33076 96.1904
      vertex 19.4504 6.85217 88.9825
    endloop
  endfacet
  facet normal -0.961464 0.0711678 0.26556
    outer loop
      vertex 21.7234 6.05527 97.4254
      vertex 21.4767 7.33076 96.1904
      vertex 19.4504 4.58163 89.5909
    endloop
  endfacet
  facet normal -0.96151 0.0710323 0.26543
    outer loop
      vertex 21.6618 6.57115 97.0642
      vertex 21.4767 7.33076 96.1904
      vertex 21.7234 6.05527 97.4254
    endloop
  endfacet
  facet normal -0.961631 0.0706249 0.265101
    outer loop
      vertex 21.4767 7.33076 96.1904
      vertex 21.6618 6.57115 97.0642
      vertex 21.5621 7.06418 96.5712
    endloop
  endfacet
  facet normal -0.963072 0.0234695 0.26822
    outer loop
      vertex 19.4504 2.23994 89.7958
      vertex 21.7736 3.81131 98
      vertex 19.4504 4.58163 89.5909
    endloop
  endfacet
  facet normal -0.96307 0.0234153 0.26823
    outer loop
      vertex 21.7736 3.81131 98
      vertex 19.4504 2.23994 89.7958
      vertex 21.7406 2.45402 98
    endloop
  endfacet
  facet normal -0.961464 -0.0711732 0.265559
    outer loop
      vertex 21.7234 -6.05527 97.4254
      vertex 21.7646 -4.96564 97.8666
      vertex 19.4504 -4.58163 89.5909
    endloop
  endfacet
  facet normal -0.961548 -0.0710593 0.265286
    outer loop
      vertex 21.7646 -4.96564 97.8666
      vertex 21.7234 -6.05527 97.4254
      vertex 21.7646 -5.36809 97.7588
    endloop
  endfacet
  facet normal -0.961375 -0.0713364 0.265836
    outer loop
      vertex 21.7646 -5.36809 97.7588
      vertex 21.7234 -6.05527 97.4254
      vertex 21.73 -6 97.4641
    endloop
  endfacet
  facet normal -0.963071 -0.0234783 0.268221
    outer loop
      vertex 19.4504 -4.58163 89.5909
      vertex 21.7782 -4 98
      vertex 21.7736 -3.81131 98
    endloop
  endfacet
  facet normal -0.963071 -0.0234901 0.268221
    outer loop
      vertex 21.7646 -4.96564 97.8666
      vertex 21.7782 -4 98
      vertex 19.4504 -4.58163 89.5909
    endloop
  endfacet
  facet normal -0.963133 -0.0234588 0.268001
    outer loop
      vertex 21.7782 -4 98
      vertex 21.7646 -4.96564 97.8666
      vertex 21.7782 -4.6946 97.9392
    endloop
  endfacet
  facet normal -0.963176 0 0.26887
    outer loop
      vertex 19.4504 -2.23994 89.7958
      vertex 21.7406 2.45402 98
      vertex 19.4504 2.23994 89.7958
    endloop
  endfacet
  facet normal -0.963176 0 0.26887
    outer loop
      vertex 21.7406 2.45402 98
      vertex 19.4504 -2.23994 89.7958
      vertex 21.7406 -2.45402 98
    endloop
  endfacet
  facet normal -0.649587 0 -0.760287
    outer loop
      vertex 24.9596 -8 55.5424
      vertex 30 8 51.2359
      vertex 30 -8 51.2359
    endloop
  endfacet
  facet normal -0.649587 0 -0.760287
    outer loop
      vertex 30 8 51.2359
      vertex 24.9596 -8 55.5424
      vertex 24.9596 8 55.5424
    endloop
  endfacet
  facet normal 0.877909 -0.478828 0
    outer loop
      vertex 5 7.36282 58.6364
      vertex 5.34753 8 59.0081
      vertex 5.34753 8 59.2629
    endloop
  endfacet
  facet normal 0.877909 -0.478828 0
    outer loop
      vertex 5.34753 8 59.0081
      vertex 5 7.36282 58.6364
      vertex 5 7.36282 58.36
    endloop
  endfacet
  facet normal -0.700937 -0.184608 0.688917
    outer loop
      vertex 7.36392 8 57.8826
      vertex 7.05442 8 57.5677
      vertex 5.01 4.73987 54.614
    endloop
  endfacet
  facet normal 0.937108 0.199036 -0.286727
    outer loop
      vertex 5.03964 -8 61.7772
      vertex 5.03554 -8 61.7638
      vertex 5 -7.93884 61.6901
    endloop
  endfacet
  facet normal -0.250318 0.552208 0.79524
    outer loop
      vertex 5.04568 -8 55.36
      vertex 5.04981 -8 55.3613
      vertex 5.01 -7.93884 55.3063
    endloop
  endfacet
  facet normal 0.913763 -0.0541599 -0.402621
    outer loop
      vertex 9.46633 3.20735 73.2087
      vertex 8.08367 8 69.426
      vertex 9.46633 8 72.564
    endloop
  endfacet
  facet normal 0.913762 -0.0541619 -0.402623
    outer loop
      vertex 8.08367 8 69.426
      vertex 9.46633 3.20735 73.2087
      vertex 5 1.40807 63.3143
    endloop
  endfacet
  facet normal 0.927423 0.096822 -0.361265
    outer loop
      vertex 5.78048 -8 64.0482
      vertex 5 -6.06868 62.5622
      vertex 6.09433 -8 64.8539
    endloop
  endfacet
  facet normal 0.927425 0.0968285 -0.361258
    outer loop
      vertex 5 -6.06868 62.5622
      vertex 5.78048 -8 64.0482
      vertex 5 -6.73987 62.3823
    endloop
  endfacet
  facet normal -0.789977 0.0534231 0.610804
    outer loop
      vertex 6.7741 -8 56.8847
      vertex 5.01 -6.06868 54.4342
      vertex 6.45972 -8 56.4781
    endloop
  endfacet
  facet normal -0.789955 0.0534738 0.610828
    outer loop
      vertex 5.01 -6.06868 54.4342
      vertex 6.7741 -8 56.8847
      vertex 5.01 -5.37645 54.3736
    endloop
  endfacet
  facet normal -0.53655 -0.356504 0.764865
    outer loop
      vertex 7.05442 8 57.5677
      vertex 6.8299 8 57.4102
      vertex 5.01 4.73987 54.614
    endloop
  endfacet
  facet normal -0.789932 0.0535103 0.610855
    outer loop
      vertex 6.25727 -8 56.2163
      vertex 6.45972 -8 56.4781
      vertex 5.01 -6.06868 54.4342
    endloop
  endfacet
  facet normal -0.53625 -0.356752 0.76496
    outer loop
      vertex 5.01 5.36963 54.9077
      vertex 6.8299 8 57.4102
      vertex 6.6038 8 57.2517
    endloop
  endfacet
  facet normal -0.536249 -0.356753 0.76496
    outer loop
      vertex 6.8299 8 57.4102
      vertex 5.01 5.36963 54.9077
      vertex 5.01 4.73987 54.614
    endloop
  endfacet
  facet normal -0.79018 -0.0535339 0.610533
    outer loop
      vertex 5.01 4.06868 54.4342
      vertex 8.14672 8 58.8386
      vertex 7.99049 8 58.6364
    endloop
  endfacet
  facet normal -0.790224 -0.0534437 0.610484
    outer loop
      vertex 8.14672 8 58.8386
      vertex 5.01 4.06868 54.4342
      vertex 5.01 3.37645 54.3736
    endloop
  endfacet
  facet normal 0.913274 0.0355043 -0.405795
    outer loop
      vertex 9.46633 -2.24156 73.2932
      vertex 9.46633 -3.20735 73.2087
      vertex 5 -1 63.35
    endloop
  endfacet
  facet normal 0 -0.422663 0.906287
    outer loop
      vertex 5 5.36963 54.9077
      vertex 5.01 4.73987 54.614
      vertex 5.01 5.36963 54.9077
    endloop
  endfacet
  facet normal 0 -0.422663 0.906287
    outer loop
      vertex 5.01 4.73987 54.614
      vertex 5 5.36963 54.9077
      vertex 5 4.73987 54.614
    endloop
  endfacet
  facet normal 0.475086 -0.720775 0.504754
    outer loop
      vertex 5.70771 8 57.3732
      vertex 5.6582 8 57.4198
      vertex 5 6.82875 56.3668
    endloop
  endfacet
  facet normal 0.857255 -0.512932 0.0448921
    outer loop
      vertex 5.35246 8 58.9098
      vertex 5.34881 8 58.9795
      vertex 5 7.36282 58.36
    endloop
  endfacet
  facet normal 0.860276 -0.508373 0.0385019
    outer loop
      vertex 5.34881 8 58.9795
      vertex 5.34753 8 59.0081
      vertex 5 7.36282 58.36
    endloop
  endfacet
  facet normal 0.91351 0.0429974 -0.404538
    outer loop
      vertex 7.53666 -8 68.3418
      vertex 9.46633 -3.20735 73.2087
      vertex 9.46633 -8 72.6993
    endloop
  endfacet
  facet normal 0.913509 0.0429987 -0.404539
    outer loop
      vertex 9.46633 -3.20735 73.2087
      vertex 7.53666 -8 68.3418
      vertex 5 -1.40807 63.3143
    endloop
  endfacet
  facet normal -0.818258 -1.42488e-05 0.574851
    outer loop
      vertex 5.01 3.37645 54.3736
      vertex 9.47633 8 60.7312
      vertex 8.14672 8 58.8386
    endloop
  endfacet
  facet normal -0.818263 0 0.574844
    outer loop
      vertex 9.47633 -8 60.7312
      vertex 5.01 3.37645 54.3736
      vertex 5.01 -5.37645 54.3736
    endloop
  endfacet
  facet normal -0.818263 -3.31611e-06 0.574844
    outer loop
      vertex 9.47633 -8 60.7312
      vertex 5.01 -5.37645 54.3736
      vertex 6.7741 -8 56.8847
    endloop
  endfacet
  facet normal -0.818263 0 0.574844
    outer loop
      vertex 5.01 3.37645 54.3736
      vertex 9.47633 -8 60.7312
      vertex 9.47633 8 60.7312
    endloop
  endfacet
  facet normal 0 0.659791 0.751449
    outer loop
      vertex 5.01 -7.93884 55.3063
      vertex 5.03568 -8 55.36
      vertex 5.04568 -8 55.36
    endloop
  endfacet
  facet normal 0 0.659791 0.751449
    outer loop
      vertex 5.03568 -8 55.36
      vertex 5.01 -7.93884 55.3063
      vertex 5 -7.93884 55.3063
    endloop
  endfacet
  facet normal 0.934116 0.150846 -0.323533
    outer loop
      vertex 5.42779 -8 63.0299
      vertex 5 -6.73987 62.3823
      vertex 5.78048 -8 64.0482
    endloop
  endfacet
  facet normal 0.934113 0.150839 -0.323544
    outer loop
      vertex 5 -6.73987 62.3823
      vertex 5.42779 -8 63.0299
      vertex 5 -7.36963 62.0887
    endloop
  endfacet
  facet normal 0.683555 -0.661494 0.308508
    outer loop
      vertex 5.6582 8 57.4198
      vertex 5.62593 8 57.4913
      vertex 5 6.82875 56.3668
    endloop
  endfacet
  facet normal 0.933863 -0.151156 -0.324116
    outer loop
      vertex 6.58733 8 65.4355
      vertex 6.80116 8 66.0516
      vertex 5 5.36963 62.0887
    endloop
  endfacet
  facet normal -0.242972 0.556421 0.794582
    outer loop
      vertex 5.01 -7.93884 55.3063
      vertex 5.38893 -8 55.465
      vertex 5.01 -7.36963 54.9077
    endloop
  endfacet
  facet normal -0.24298 0.556402 0.794593
    outer loop
      vertex 5.38893 -8 55.465
      vertex 5.01 -7.93884 55.3063
      vertex 5.04981 -8 55.3613
    endloop
  endfacet
  facet normal 0.933861 -0.151122 -0.324137
    outer loop
      vertex 5 4.73987 62.3823
      vertex 6.80116 8 66.0516
      vertex 7.03583 8 66.7277
    endloop
  endfacet
  facet normal 0.933861 -0.151118 -0.324141
    outer loop
      vertex 6.80116 8 66.0516
      vertex 5 4.73987 62.3823
      vertex 5 5.36963 62.0887
    endloop
  endfacet
  facet normal 0.136401 -0.700484 0.700512
    outer loop
      vertex 5 6.43019 55.7976
      vertex 6.1116 8 57.1509
      vertex 5.90001 8 57.1921
    endloop
  endfacet
  facet normal 0.136346 -0.700468 0.700539
    outer loop
      vertex 6.1116 8 57.1509
      vertex 5 6.43019 55.7976
      vertex 5 5.93884 55.3063
    endloop
  endfacet
  facet normal -0.250001 -0.555329 0.793164
    outer loop
      vertex 6.36342 8 57.176
      vertex 6.22192 8 57.1314
      vertex 5.01 5.93884 55.3063
    endloop
  endfacet
  facet normal 0.136182 -0.700436 0.700602
    outer loop
      vertex 6.21192 8 57.1314
      vertex 6.1116 8 57.1509
      vertex 5 5.93884 55.3063
    endloop
  endfacet
  facet normal 0.92678 -0.0971529 -0.362822
    outer loop
      vertex 5 1.40807 63.3143
      vertex 8.02389 8 69.2733
      vertex 8.08367 8 69.426
    endloop
  endfacet
  facet normal 0.92679 -0.0971903 -0.362786
    outer loop
      vertex 8.02389 8 69.2733
      vertex 5 1.40807 63.3143
      vertex 5 1.80374 63.2083
    endloop
  endfacet
  facet normal 0.936616 -0.247733 -0.247746
    outer loop
      vertex 5 5.93884 61.6901
      vertex 5.89655 8 63.0185
      vertex 6.20714 8 64.1927
    endloop
  endfacet
  facet normal 0.936618 -0.247749 -0.247723
    outer loop
      vertex 5.89655 8 63.0185
      vertex 5 5.93884 61.6901
      vertex 5 6.43019 61.1987
    endloop
  endfacet
  facet normal 0.9368 -0.200671 -0.286595
    outer loop
      vertex 6.20714 8 64.1927
      vertex 6.34747 8 64.6514
      vertex 5 5.93884 61.6901
    endloop
  endfacet
  facet normal 0.934116 0.150898 -0.323506
    outer loop
      vertex 5.42779 -8 63.0299
      vertex 5.3774 -8 62.8844
      vertex 5 -7.36963 62.0887
    endloop
  endfacet
  facet normal 0.927876 -0.100978 -0.358956
    outer loop
      vertex 5 1.80374 63.2083
      vertex 7.03583 8 66.7277
      vertex 7.7432 8 68.5562
    endloop
  endfacet
  facet normal 0.927877 -0.100981 -0.358952
    outer loop
      vertex 7.03583 8 66.7277
      vertex 5 1.80374 63.2083
      vertex 5 4.73987 62.3823
    endloop
  endfacet
  facet normal -0 0.422663 0.906287
    outer loop
      vertex 5 -6.73987 54.614
      vertex 5.01 -7.36963 54.9077
      vertex 5.01 -6.73987 54.614
    endloop
  endfacet
  facet normal 0 0.422663 0.906287
    outer loop
      vertex 5.01 -7.36963 54.9077
      vertex 5 -6.73987 54.614
      vertex 5 -7.36963 54.9077
    endloop
  endfacet
  facet normal -0 0 1
    outer loop
      vertex 5 3.37645 54.3736
      vertex 5.01 -5.37645 54.3736
      vertex 5.01 3.37645 54.3736
    endloop
  endfacet
  facet normal 0 0 1
    outer loop
      vertex 5.01 -5.37645 54.3736
      vertex 5 3.37645 54.3736
      vertex 5 -5.37645 54.3736
    endloop
  endfacet
  facet normal 0.143482 0.69891 0.700669
    outer loop
      vertex 5.03275 -8 55.3606
      vertex 5.03568 -8 55.36
      vertex 5 -7.93884 55.3063
    endloop
  endfacet
  facet normal 0.933277 -0.294221 -0.20598
    outer loop
      vertex 5 6.43019 61.1987
      vertex 5.65572 8 61.9274
      vertex 5.83703 8 62.7489
    endloop
  endfacet
  facet normal 0.933275 -0.294207 -0.206007
    outer loop
      vertex 5.65572 8 61.9274
      vertex 5 6.43019 61.1987
      vertex 5 6.82875 60.6295
    endloop
  endfacet
  facet normal 0 -0.662934 0.748678
    outer loop
      vertex 6.21192 8 57.1314
      vertex 5.01 5.93884 55.3063
      vertex 6.22192 8 57.1314
    endloop
  endfacet
  facet normal 0 -0.662934 0.748678
    outer loop
      vertex 5.01 5.93884 55.3063
      vertex 6.21192 8 57.1314
      vertex 5 5.93884 55.3063
    endloop
  endfacet
  facet normal 0.937035 0.247027 -0.246866
    outer loop
      vertex 5 -7.93884 61.6901
      vertex 5.03554 -8 61.7638
      vertex 5 -8 61.6289
    endloop
  endfacet
  facet normal 0.926136 -0.341849 -0.15941
    outer loop
      vertex 5 6.82875 60.6295
      vertex 5.48427 8 60.9313
      vertex 5.62369 8 61.7413
    endloop
  endfacet
  facet normal 0.926135 -0.341846 -0.159419
    outer loop
      vertex 5.48427 8 60.9313
      vertex 5 6.82875 60.6295
      vertex 5 7.12241 59.9998
    endloop
  endfacet
  facet normal 0.913274 -0.035501 -0.405796
    outer loop
      vertex 5 1.40807 63.3143
      vertex 9.46633 3.20735 73.2087
      vertex 5 1 63.35
    endloop
  endfacet
  facet normal 0.913274 -0.0355043 -0.405795
    outer loop
      vertex 9.46633 3.20735 73.2087
      vertex 9.46633 2.24156 73.2932
      vertex 5 1 63.35
    endloop
  endfacet
  facet normal 0.936801 -0.200699 -0.286572
    outer loop
      vertex 5 5.36963 62.0887
      vertex 6.34747 8 64.6514
      vertex 6.58733 8 65.4355
    endloop
  endfacet
  facet normal 0.9368 -0.200686 -0.286585
    outer loop
      vertex 6.34747 8 64.6514
      vertex 5 5.36963 62.0887
      vertex 5 5.93884 61.6901
    endloop
  endfacet
  facet normal 0.92138 0.0619222 -0.383698
    outer loop
      vertex 6.24187 -8 65.2326
      vertex 5 -1.40807 63.3143
      vertex 7.53666 -8 68.3418
    endloop
  endfacet
  facet normal 0.921378 0.0619198 -0.383704
    outer loop
      vertex 5 -1.40807 63.3143
      vertex 6.24187 -8 65.2326
      vertex 5 -6.06868 62.5622
    endloop
  endfacet
  facet normal -0 0.258759 0.965942
    outer loop
      vertex 5 -6.06868 54.4342
      vertex 5.01 -6.73987 54.614
      vertex 5.01 -6.06868 54.4342
    endloop
  endfacet
  facet normal 0 0.258759 0.965942
    outer loop
      vertex 5.01 -6.73987 54.614
      vertex 5 -6.06868 54.4342
      vertex 5 -6.73987 54.614
    endloop
  endfacet
  facet normal 0.795945 -0.58469 0.156874
    outer loop
      vertex 5.39528 8 58.2628
      vertex 5.38308 8 58.3247
      vertex 5 7.30226 57.6678
    endloop
  endfacet
  facet normal 0.857267 -0.512914 0.0448633
    outer loop
      vertex 5 7.36282 58.36
      vertex 5.38308 8 58.3247
      vertex 5.35246 8 58.9098
    endloop
  endfacet
  facet normal 0.857267 -0.512913 0.0448743
    outer loop
      vertex 5.38308 8 58.3247
      vertex 5 7.36282 58.36
      vertex 5 7.30226 57.6678
    endloop
  endfacet
  facet normal 0.92741 0.0967559 -0.361315
    outer loop
      vertex 6.24187 -8 65.2326
      vertex 6.09433 -8 64.8539
      vertex 5 -6.06868 62.5622
    endloop
  endfacet
  facet normal -0.532364 0.358116 0.767034
    outer loop
      vertex 5.70831 -8 55.687
      vertex 5.79375 -8 55.7463
      vertex 5.01 -6.73987 54.614
    endloop
  endfacet
  facet normal -0 0.0872096 0.99619
    outer loop
      vertex 5 -5.37645 54.3736
      vertex 5.01 -6.06868 54.4342
      vertex 5.01 -5.37645 54.3736
    endloop
  endfacet
  facet normal 0 0.0872096 0.99619
    outer loop
      vertex 5.01 -6.06868 54.4342
      vertex 5 -5.37645 54.3736
      vertex 5 -6.06868 54.4342
    endloop
  endfacet
  facet normal 0.683642 -0.661451 0.308411
    outer loop
      vertex 5 7.12241 56.9966
      vertex 5.62593 8 57.4913
      vertex 5.48608 8 57.8013
    endloop
  endfacet
  facet normal 0.683637 -0.661452 0.308418
    outer loop
      vertex 5.62593 8 57.4913
      vertex 5 7.12241 56.9966
      vertex 5 6.82875 56.3668
    endloop
  endfacet
  facet normal 0.796087 -0.584562 0.15663
    outer loop
      vertex 5 7.30226 57.6678
      vertex 5.48608 8 57.8013
      vertex 5.39528 8 58.2628
    endloop
  endfacet
  facet normal 0.796086 -0.584562 0.156635
    outer loop
      vertex 5.48608 8 57.8013
      vertex 5 7.30226 57.6678
      vertex 5 7.12241 56.9966
    endloop
  endfacet
  facet normal 0.926795 -0.0972084 -0.36277
    outer loop
      vertex 7.7432 8 68.5562
      vertex 8.02389 8 69.2733
      vertex 5 1.80374 63.2083
    endloop
  endfacet
  facet normal 0.913274 0.035501 -0.405796
    outer loop
      vertex 5 -1 63.35
      vertex 9.46633 -3.20735 73.2087
      vertex 5 -1.40807 63.3143
    endloop
  endfacet
  facet normal 0.926134 -0.341858 -0.159399
    outer loop
      vertex 5.62369 8 61.7413
      vertex 5.65572 8 61.9274
      vertex 5 6.82875 60.6295
    endloop
  endfacet
  facet normal 0.475239 -0.720761 0.50463
    outer loop
      vertex 5 6.82875 56.3668
      vertex 5.90001 8 57.1921
      vertex 5.70771 8 57.3732
    endloop
  endfacet
  facet normal 0.475187 -0.720758 0.504683
    outer loop
      vertex 5.90001 8 57.1921
      vertex 5 6.82875 56.3668
      vertex 5 6.43019 55.7976
    endloop
  endfacet
  facet normal -0.700781 -0.184822 0.689018
    outer loop
      vertex 5.01 4.73987 54.614
      vertex 7.57069 8 58.0929
      vertex 7.36392 8 57.8826
    endloop
  endfacet
  facet normal -0.700972 -0.184544 0.688899
    outer loop
      vertex 7.57069 8 58.0929
      vertex 5.01 4.73987 54.614
      vertex 5.01 4.06868 54.4342
    endloop
  endfacet
  facet normal -0.790284 -0.05333 0.610416
    outer loop
      vertex 7.99049 8 58.6364
      vertex 7.57069 8 58.0929
      vertex 5.01 4.06868 54.4342
    endloop
  endfacet
  facet normal 0 -0.0872096 0.99619
    outer loop
      vertex 5 4.06868 54.4342
      vertex 5.01 3.37645 54.3736
      vertex 5.01 4.06868 54.4342
    endloop
  endfacet
  facet normal 0 -0.0872096 0.99619
    outer loop
      vertex 5.01 3.37645 54.3736
      vertex 5 4.06868 54.4342
      vertex 5 3.37645 54.3736
    endloop
  endfacet
  facet normal 0.145332 0.699256 0.699943
    outer loop
      vertex 5.03275 -8 55.3606
      vertex 5 -7.93884 55.3063
      vertex 5 -8 55.3674
    endloop
  endfacet
  facet normal 0 -0.258759 0.965942
    outer loop
      vertex 5 4.73987 54.614
      vertex 5.01 4.06868 54.4342
      vertex 5.01 4.73987 54.614
    endloop
  endfacet
  facet normal 0 -0.258759 0.965942
    outer loop
      vertex 5.01 4.06868 54.4342
      vertex 5 4.73987 54.614
      vertex 5 4.06868 54.4342
    endloop
  endfacet
  facet normal 0.933282 -0.294162 -0.206042
    outer loop
      vertex 5.83703 8 62.7489
      vertex 5.89655 8 63.0185
      vertex 5 6.43019 61.1987
    endloop
  endfacet
  facet normal 0.892926 -0.448495 -0.0391805
    outer loop
      vertex 5.34753 8 59.2629
      vertex 5.35115 8 59.3454
      vertex 5 7.36282 58.6364
    endloop
  endfacet
  facet normal 0.937121 0.200197 -0.285876
    outer loop
      vertex 5.03964 -8 61.7772
      vertex 5 -7.36963 62.0887
      vertex 5.3774 -8 62.8844
    endloop
  endfacet
  facet normal 0.93711 0.20021 -0.285904
    outer loop
      vertex 5 -7.36963 62.0887
      vertex 5.03964 -8 61.7772
      vertex 5 -7.93884 61.6901
    endloop
  endfacet
  facet normal 0.913698 -0.392544 -0.10519
    outer loop
      vertex 5 7.12241 59.9998
      vertex 5.39377 8 60.1452
      vertex 5.48427 8 60.9313
    endloop
  endfacet
  facet normal 0.913699 -0.392545 -0.105184
    outer loop
      vertex 5.39377 8 60.1452
      vertex 5 7.12241 59.9998
      vertex 5 7.30226 59.3286
    endloop
  endfacet
  facet normal 0.9122 0 -0.409746
    outer loop
      vertex 9.46633 2.24156 73.2932
      vertex 5 -1 63.35
      vertex 5 1 63.35
    endloop
  endfacet
  facet normal 0.9122 0 -0.409746
    outer loop
      vertex 5 -1 63.35
      vertex 9.46633 2.24156 73.2932
      vertex 9.46633 -2.24156 73.2932
    endloop
  endfacet
  facet normal 0 -0.57361 0.819128
    outer loop
      vertex 5 5.93884 55.3063
      vertex 5.01 5.36963 54.9077
      vertex 5.01 5.93884 55.3063
    endloop
  endfacet
  facet normal 0 -0.57361 0.819128
    outer loop
      vertex 5.01 5.36963 54.9077
      vertex 5 5.93884 55.3063
      vertex 5 5.36963 54.9077
    endloop
  endfacet
  facet normal 0.913702 -0.392535 -0.105193
    outer loop
      vertex 5.38167 8 60.0401
      vertex 5.39377 8 60.1452
      vertex 5 7.30226 59.3286
    endloop
  endfacet
  facet normal 0.892948 -0.448447 -0.0392296
    outer loop
      vertex 5 7.30226 59.3286
      vertex 5.35115 8 59.3454
      vertex 5.38167 8 60.0401
    endloop
  endfacet
  facet normal 0.892948 -0.448447 -0.0392343
    outer loop
      vertex 5.35115 8 59.3454
      vertex 5 7.30226 59.3286
      vertex 5 7.36282 58.6364
    endloop
  endfacet
  facet normal -0.249775 -0.555459 0.793144
    outer loop
      vertex 5.01 5.93884 55.3063
      vertex 6.6038 8 57.2517
      vertex 6.36342 8 57.176
    endloop
  endfacet
  facet normal -0.249836 -0.55542 0.793152
    outer loop
      vertex 6.6038 8 57.2517
      vertex 5.01 5.93884 55.3063
      vertex 5.01 5.36963 54.9077
    endloop
  endfacet
  facet normal -0 0.57361 0.819128
    outer loop
      vertex 5 -7.36963 54.9077
      vertex 5.01 -7.93884 55.3063
      vertex 5.01 -7.36963 54.9077
    endloop
  endfacet
  facet normal 0 0.57361 0.819128
    outer loop
      vertex 5.01 -7.93884 55.3063
      vertex 5 -7.36963 54.9077
      vertex 5 -7.93884 55.3063
    endloop
  endfacet
  facet normal -0.532951 0.357635 0.766851
    outer loop
      vertex 5.01 -7.36963 54.9077
      vertex 5.70831 -8 55.687
      vertex 5.01 -6.73987 54.614
    endloop
  endfacet
  facet normal -0.53303 0.357537 0.766842
    outer loop
      vertex 5.70831 -8 55.687
      vertex 5.01 -7.36963 54.9077
      vertex 5.38893 -8 55.465
    endloop
  endfacet
  facet normal -0.69969 0.184932 0.690097
    outer loop
      vertex 6.25727 -8 56.2163
      vertex 5.01 -6.73987 54.614
      vertex 5.91128 -8 55.8655
    endloop
  endfacet
  facet normal -0.699734 0.184858 0.690072
    outer loop
      vertex 5.01 -6.73987 54.614
      vertex 6.25727 -8 56.2163
      vertex 5.01 -6.06868 54.4342
    endloop
  endfacet
  facet normal -0.699818 0.184759 0.690014
    outer loop
      vertex 5.79375 -8 55.7463
      vertex 5.91128 -8 55.8655
      vertex 5.01 -6.73987 54.614
    endloop
  endfacet
  facet normal 0.890851 -0.0396141 -0.452565
    outer loop
      vertex 14.2842 4.69638 82.5621
      vertex 14.2842 3.26834 82.6871
      vertex 9.46633 3.20735 73.2087
    endloop
  endfacet
  facet normal -0.569164 0 0.822224
    outer loop
      vertex 9.47633 8 60.7312
      vertex 14.2908 -8 64.0639
      vertex 14.2908 8 64.0639
    endloop
  endfacet
  facet normal -0.569164 0 0.822224
    outer loop
      vertex 14.2908 -8 64.0639
      vertex 9.47633 8 60.7312
      vertex 9.47633 -8 60.7312
    endloop
  endfacet
  facet normal 0.890852 -0.0395963 -0.452565
    outer loop
      vertex 9.46633 3.20735 73.2087
      vertex 14.2842 3.26834 82.6871
      vertex 9.46633 2.24156 73.2932
    endloop
  endfacet
  facet normal 0.889799 0 -0.456353
    outer loop
      vertex 14.2842 3.26834 82.6871
      vertex 9.46633 -2.24156 73.2932
      vertex 9.46633 2.24156 73.2932
    endloop
  endfacet
  facet normal 0.889799 0 -0.456353
    outer loop
      vertex 9.46633 -2.24156 73.2932
      vertex 14.2842 3.26834 82.6871
      vertex 14.2842 -3.26834 82.6871
    endloop
  endfacet
  facet normal 0.885345 0.0629293 -0.460657
    outer loop
      vertex 14.2842 -4.69638 82.5621
      vertex 14.2842 -8 82.1108
      vertex 12.3708 -8 78.4334
    endloop
  endfacet
  facet normal 0.891255 -0.0604707 -0.449452
    outer loop
      vertex 9.46633 3.20735 73.2087
      vertex 11.7414 8 77.0753
      vertex 14.2842 4.69638 82.5621
    endloop
  endfacet
  facet normal 0.891251 -0.060461 -0.449462
    outer loop
      vertex 11.7414 8 77.0753
      vertex 9.46633 3.20735 73.2087
      vertex 9.46633 8 72.564
    endloop
  endfacet
  facet normal 0.890851 0.0396141 -0.452565
    outer loop
      vertex 14.2842 -3.26834 82.6871
      vertex 14.2842 -4.69638 82.5621
      vertex 9.46633 -3.20735 73.2087
    endloop
  endfacet
  facet normal 0.891061 0.0479768 -0.451341
    outer loop
      vertex 12.3708 -8 78.4334
      vertex 9.46633 -3.20735 73.2087
      vertex 14.2842 -4.69638 82.5621
    endloop
  endfacet
  facet normal 0.891059 0.0479724 -0.451345
    outer loop
      vertex 9.46633 -3.20735 73.2087
      vertex 12.3708 -8 78.4334
      vertex 9.46633 -8 72.6993
    endloop
  endfacet
  facet normal 0.890852 0.0395963 -0.452565
    outer loop
      vertex 9.46633 -2.24156 73.2932
      vertex 14.2842 -3.26834 82.6871
      vertex 9.46633 -3.20735 73.2087
    endloop
  endfacet
  facet normal 0.883417 -0.085287 -0.460762
    outer loop
      vertex 14.2842 8 81.9506
      vertex 14.2842 4.69638 82.5621
      vertex 11.7414 8 77.0753
    endloop
  endfacet
  facet normal 0.343267 0 0.939238
    outer loop
      vertex 14.2908 8 64.0639
      vertex 19.4504 -8 62.1782
      vertex 19.4504 8 62.1782
    endloop
  endfacet
  facet normal 0.343267 0 0.939238
    outer loop
      vertex 19.4504 -8 62.1782
      vertex 14.2908 8 64.0639
      vertex 14.2908 -8 64.0639
    endloop
  endfacet
  facet normal 0.57724 0.211441 -0.788725
    outer loop
      vertex 19.4504 -6.28784 87.432
      vertex 18.6691 -8 86.4012
      vertex 18.5602 -8 86.3215
    endloop
  endfacet
  facet normal 0.719241 -0.0605825 -0.692114
    outer loop
      vertex 14.2842 4.69638 82.5621
      vertex 19.4504 2.23994 88.1458
      vertex 14.2842 3.26834 82.6871
    endloop
  endfacet
  facet normal 0.577344 0.211352 -0.788672
    outer loop
      vertex 17.8459 -8 85.7986
      vertex 19.4504 -6.28784 87.432
      vertex 18.5602 -8 86.3215
    endloop
  endfacet
  facet normal 0.57735 0.211344 -0.78867
    outer loop
      vertex 19.4504 -6.28784 87.432
      vertex 17.8459 -8 85.7986
      vertex 19.4504 -4.29512 87.966
    endloop
  endfacet
  facet normal 0.716079 0.0944745 -0.691596
    outer loop
      vertex 17.8459 -8 85.7986
      vertex 14.2842 -4.69638 82.5621
      vertex 19.4504 -4.29512 87.966
    endloop
  endfacet
  facet normal 0.71608 0.0944772 -0.691595
    outer loop
      vertex 14.2842 -4.69638 82.5621
      vertex 17.8459 -8 85.7986
      vertex 14.2842 -8 82.1108
    endloop
  endfacet
  facet normal 0.651452 -0.196312 -0.732852
    outer loop
      vertex 17.5909 8 85.3206
      vertex 19.4504 4.29512 87.966
      vertex 17.3019 8 85.0637
    endloop
  endfacet
  facet normal 0.545701 0.235206 -0.804294
    outer loop
      vertex 19.4504 -6.28784 87.432
      vertex 19.4504 -8 86.9313
      vertex 18.6691 -8 86.4012
    endloop
  endfacet
  facet normal 0.719241 0.0605825 -0.692114
    outer loop
      vertex 14.2842 -3.26834 82.6871
      vertex 19.4504 -2.23994 88.1458
      vertex 14.2842 -4.69638 82.5621
    endloop
  endfacet
  facet normal 0.726298 0 -0.68738
    outer loop
      vertex 19.4504 -2.23994 88.1458
      vertex 14.2842 3.26834 82.6871
      vertex 19.4504 2.23994 88.1458
    endloop
  endfacet
  facet normal 0.726298 0 -0.68738
    outer loop
      vertex 14.2842 3.26834 82.6871
      vertex 19.4504 -2.23994 88.1458
      vertex 14.2842 -3.26834 82.6871
    endloop
  endfacet
  facet normal 0.71925 -0.06055 -0.692108
    outer loop
      vertex 19.4504 4.29512 87.966
      vertex 19.4504 2.23994 88.1458
      vertex 14.2842 4.69638 82.5621
    endloop
  endfacet
  facet normal 0.712137 -0.127777 -0.690314
    outer loop
      vertex 17.3019 8 85.0637
      vertex 14.2842 4.69638 82.5621
      vertex 14.2842 8 81.9506
    endloop
  endfacet
  facet normal 0.712143 -0.127788 -0.690307
    outer loop
      vertex 14.2842 4.69638 82.5621
      vertex 17.3019 8 85.0637
      vertex 19.4504 4.29512 87.966
    endloop
  endfacet
  facet normal 0.71925 0.06055 -0.692108
    outer loop
      vertex 19.4504 -2.23994 88.1458
      vertex 19.4504 -4.29512 87.966
      vertex 14.2842 -4.69638 82.5621
    endloop
  endfacet
  facet normal 0.570912 -0.27878 -0.772231
    outer loop
      vertex 19.4504 8 86.8139
      vertex 19.4504 6.28784 87.432
      vertex 18.3848 8 86.0261
    endloop
  endfacet
  facet normal 0.651357 -0.196402 -0.732912
    outer loop
      vertex 17.5909 8 85.3206
      vertex 19.4504 6.28784 87.432
      vertex 19.4504 4.29512 87.966
    endloop
  endfacet
  facet normal 0.651318 -0.196466 -0.732929
    outer loop
      vertex 19.4504 6.28784 87.432
      vertex 17.5909 8 85.3206
      vertex 18.3848 8 86.0261
    endloop
  endfacet
  facet normal 0.961468 0.0711486 -0.265549
    outer loop
      vertex 22.2032 -5.94104 97.4916
      vertex 22.2346 -4.75711 97.9225
      vertex 22.2346 -5.36809 97.7588
    endloop
  endfacet
  facet normal 0.961465 0.0711524 -0.265559
    outer loop
      vertex 22.2346 -4.75711 97.9225
      vertex 22.2032 -5.94104 97.4916
      vertex 19.4504 -4.29512 87.966
    endloop
  endfacet
  facet normal 0.671008 0 0.74145
    outer loop
      vertex 19.4504 8 62.1782
      vertex 24.9596 -8 57.1924
      vertex 24.9596 8 57.1924
    endloop
  endfacet
  facet normal 0.671008 0 0.74145
    outer loop
      vertex 24.9596 -8 57.1924
      vertex 19.4504 8 62.1782
      vertex 19.4504 -8 62.1782
    endloop
  endfacet
  facet normal 0.961592 -0.0708997 -0.265167
    outer loop
      vertex 22.2032 5.94104 97.4916
      vertex 22.0643 6.90521 96.7301
      vertex 22.1318 6.57115 97.0642
    endloop
  endfacet
  facet normal 0.96075 -0.0727226 -0.267714
    outer loop
      vertex 22.2032 5.94104 97.4916
      vertex 22.1318 6.57115 97.0642
      vertex 22.2 6 97.4641
    endloop
  endfacet
  facet normal 0.961464 -0.0712187 -0.265547
    outer loop
      vertex 22.0643 6.90521 96.7301
      vertex 22.2032 5.94104 97.4916
      vertex 19.4504 4.29512 87.966
    endloop
  endfacet
  facet normal 0.961463 -0.0711644 -0.265563
    outer loop
      vertex 22.0643 6.90521 96.7301
      vertex 19.4504 4.29512 87.966
      vertex 19.4504 6.28784 87.432
    endloop
  endfacet
  facet normal 0.96075 0.0727226 -0.267714
    outer loop
      vertex 22.1318 -6.57115 97.0642
      vertex 22.2032 -5.94104 97.4916
      vertex 22.2 -6 97.4641
    endloop
  endfacet
  facet normal 0.961464 0.0712187 -0.265547
    outer loop
      vertex 22.2032 -5.94104 97.4916
      vertex 22.0643 -6.90521 96.7301
      vertex 19.4504 -4.29512 87.966
    endloop
  endfacet
  facet normal 0.961592 0.0708997 -0.265167
    outer loop
      vertex 22.2032 -5.94104 97.4916
      vertex 22.1318 -6.57115 97.0642
      vertex 22.0643 -6.90521 96.7301
    endloop
  endfacet
  facet normal 0.961463 0.0711644 -0.265563
    outer loop
      vertex 19.4504 -4.29512 87.966
      vertex 22.0643 -6.90521 96.7301
      vertex 19.4504 -6.28784 87.432
    endloop
  endfacet
  facet normal 0.961468 -0.0711486 -0.265549
    outer loop
      vertex 22.2346 4.75711 97.9225
      vertex 22.2032 5.94104 97.4916
      vertex 22.2346 5.36809 97.7588
    endloop
  endfacet
  facet normal 0.961465 -0.0711524 -0.265559
    outer loop
      vertex 22.2032 5.94104 97.4916
      vertex 22.2346 4.75711 97.9225
      vertex 19.4504 4.29512 87.966
    endloop
  endfacet
  facet normal 0.961058 0.0776766 -0.265205
    outer loop
      vertex 21.908 -7.4641 96
      vertex 22.0643 -6.90521 96.7301
      vertex 22.0333 -7.06418 96.5712
    endloop
  endfacet
  facet normal 0.961136 0.0773934 -0.265005
    outer loop
      vertex 21.7575 -7.75877 95.3681
      vertex 22.0643 -6.90521 96.7301
      vertex 21.908 -7.4641 96
    endloop
  endfacet
  facet normal 0.961132 0.0774111 -0.265015
    outer loop
      vertex 22.0643 -6.90521 96.7301
      vertex 21.7575 -7.75877 95.3681
      vertex 21.3997 -8 94
    endloop
  endfacet
  facet normal 0.961184 0.0769763 -0.264952
    outer loop
      vertex 21.3997 -8 94
      vertex 21.7575 -7.75877 95.3681
      vertex 21.5863 -7.93922 94.6946
    endloop
  endfacet
  facet normal 0.961117 0.0774965 -0.265045
    outer loop
      vertex 22.0643 -6.90521 96.7301
      vertex 21.3997 -8 94
      vertex 19.4504 -6.28784 87.432
    endloop
  endfacet
  facet normal 0.961117 0.0775083 -0.265042
    outer loop
      vertex 19.4504 -6.28784 87.432
      vertex 21.3997 -8 94
      vertex 19.4504 -8 86.9313
    endloop
  endfacet
  facet normal 0.963176 0 -0.268871
    outer loop
      vertex 22.2012 2.49707 98
      vertex 19.4504 -2.23994 88.1458
      vertex 19.4504 2.23994 88.1458
    endloop
  endfacet
  facet normal 0.963176 0 -0.268871
    outer loop
      vertex 19.4504 -2.23994 88.1458
      vertex 22.2012 2.49707 98
      vertex 22.2012 -2.49707 98
    endloop
  endfacet
  facet normal 0.959942 -0.0951755 -0.263538
    outer loop
      vertex 19.4504 6.28784 87.432
      vertex 20.28 8 89.8355
      vertex 21.4233 8 94
    endloop
  endfacet
  facet normal 0.960003 -0.0948494 -0.263434
    outer loop
      vertex 22.0643 6.90521 96.7301
      vertex 21.4233 8 94
      vertex 21.6079 7.93922 94.6946
    endloop
  endfacet
  facet normal 0.959855 -0.0955091 -0.263736
    outer loop
      vertex 22.0643 6.90521 96.7301
      vertex 21.6079 7.93922 94.6946
      vertex 21.775 7.75877 95.3681
    endloop
  endfacet
  facet normal 0.960102 -0.0945447 -0.263184
    outer loop
      vertex 22.0643 6.90521 96.7301
      vertex 21.775 7.75877 95.3681
      vertex 21.9192 7.4641 96
    endloop
  endfacet
  facet normal 0.960076 -0.0946325 -0.263246
    outer loop
      vertex 22.0643 6.90521 96.7301
      vertex 21.9192 7.4641 96
      vertex 22.0364 7.06418 96.5712
    endloop
  endfacet
  facet normal 0.959943 -0.0951554 -0.263543
    outer loop
      vertex 21.4233 8 94
      vertex 22.0643 6.90521 96.7301
      vertex 19.4504 6.28784 87.432
    endloop
  endfacet
  facet normal 0.95994 -0.0951459 -0.263558
    outer loop
      vertex 20.28 8 89.8355
      vertex 19.4504 6.28784 87.432
      vertex 19.4504 8 86.8139
    endloop
  endfacet
  facet normal 0.96143 -0.0239839 -0.274001
    outer loop
      vertex 22.2378 4 98
      vertex 22.2346 4.75711 97.9225
      vertex 22.2378 4.6946 97.9392
    endloop
  endfacet
  facet normal 0.963072 -0.0233858 -0.268225
    outer loop
      vertex 22.2346 4.75711 97.9225
      vertex 22.2378 4 98
      vertex 19.4504 4.29512 87.966
    endloop
  endfacet
  facet normal 0.963066 -0.0236009 -0.26823
    outer loop
      vertex 22.2314 3.73884 98
      vertex 19.4504 4.29512 87.966
      vertex 22.2378 4 98
    endloop
  endfacet
  facet normal 0.963071 -0.0234659 -0.268223
    outer loop
      vertex 19.4504 4.29512 87.966
      vertex 22.2314 3.73884 98
      vertex 19.4504 2.23994 88.1458
    endloop
  endfacet
  facet normal 0.96307 -0.023422 -0.26823
    outer loop
      vertex 22.2314 3.73884 98
      vertex 22.2012 2.49707 98
      vertex 19.4504 2.23994 88.1458
    endloop
  endfacet
  facet normal 0.96307 0.023422 -0.26823
    outer loop
      vertex 22.2012 -2.49707 98
      vertex 22.2314 -3.73884 98
      vertex 19.4504 -2.23994 88.1458
    endloop
  endfacet
  facet normal 0.963066 0.0236009 -0.26823
    outer loop
      vertex 19.4504 -4.29512 87.966
      vertex 22.2314 -3.73884 98
      vertex 22.2378 -4 98
    endloop
  endfacet
  facet normal 0.963071 0.0234659 -0.268223
    outer loop
      vertex 22.2314 -3.73884 98
      vertex 19.4504 -4.29512 87.966
      vertex 19.4504 -2.23994 88.1458
    endloop
  endfacet
  facet normal 0.96143 0.0239839 -0.274001
    outer loop
      vertex 22.2346 -4.75711 97.9225
      vertex 22.2378 -4 98
      vertex 22.2378 -4.6946 97.9392
    endloop
  endfacet
  facet normal 0.963072 0.0233858 -0.268225
    outer loop
      vertex 22.2378 -4 98
      vertex 22.2346 -4.75711 97.9225
      vertex 19.4504 -4.29512 87.966
    endloop
  endfacet
  facet normal 0.649599 0 0.760277
    outer loop
      vertex 26 8 56.3035
      vertex 30 -8 52.8858
      vertex 30 8 52.8858
    endloop
  endfacet
  facet normal 0.649599 0 0.760277
    outer loop
      vertex 26 8 56.3035
      vertex 26 -8 56.3035
      vertex 30 -8 52.8858
    endloop
  endfacet
  facet normal 0.649581 0 0.760292
    outer loop
      vertex 24.9596 8 57.1924
      vertex 26 -8 56.3035
      vertex 26 8 56.3035
    endloop
  endfacet
  facet normal 0.649581 0 0.760292
    outer loop
      vertex 26 -8 56.3035
      vertex 24.9596 8 57.1924
      vertex 24.9596 -8 57.1924
    endloop
  endfacet
  facet normal 1 -0 0
    outer loop
      vertex 30 -8 52.8858
      vertex 30 8 51.2359
      vertex 30 8 52.8858
    endloop
  endfacet
  facet normal 1 0 0
    outer loop
      vertex 30 8 51.2359
      vertex 30 -8 52.8858
      vertex 30 -8 51.2359
    endloop
  endfacet
  facet normal -5.85995e-05 0.258802 0.96593
    outer loop
      vertex 21.7646 4.96564 97.8666
      vertex 22.2346 4.75711 97.9225
      vertex 22.2346 5.36809 97.7588
    endloop
  endfacet
  facet normal 0 0.258738 0.965948
    outer loop
      vertex 21.7646 4.96564 97.8666
      vertex 22.2346 5.36809 97.7588
      vertex 21.7646 5.36809 97.7588
    endloop
  endfacet
  facet normal -9.19628e-05 0.258732 0.965949
    outer loop
      vertex 22.2346 4.75711 97.9225
      vertex 21.7646 4.96564 97.8666
      vertex 21.7782 4.6946 97.9392
    endloop
  endfacet
  facet normal 0 0.258105 0.966117
    outer loop
      vertex 22.2378 4.6946 97.9392
      vertex 22.2346 4.75711 97.9225
      vertex 21.7782 4.6946 97.9392
    endloop
  endfacet
  facet normal 0 -0.965931 0.258801
    outer loop
      vertex 21.5863 -7.93922 94.6946
      vertex 21.2844 -7.75877 95.3681
      vertex 21.1133 -7.93922 94.6946
    endloop
  endfacet
  facet normal 0 -0.965931 0.258801
    outer loop
      vertex 21.2844 -7.75877 95.3681
      vertex 21.5863 -7.93922 94.6946
      vertex 21.7575 -7.75877 95.3681
    endloop
  endfacet
  facet normal 0 -0.906302 0.42263
    outer loop
      vertex 21.7575 -7.75877 95.3681
      vertex 21.4349 -7.4641 96
      vertex 21.2844 -7.75877 95.3681
    endloop
  endfacet
  facet normal 0 -0.906302 0.42263
    outer loop
      vertex 21.4349 -7.4641 96
      vertex 21.7575 -7.75877 95.3681
      vertex 21.908 -7.4641 96
    endloop
  endfacet
  facet normal 0 0.965931 0.258801
    outer loop
      vertex 21.6079 7.93922 94.6946
      vertex 21.2934 7.75877 95.3681
      vertex 21.775 7.75877 95.3681
    endloop
  endfacet
  facet normal 0 0.965931 0.258801
    outer loop
      vertex 21.2934 7.75877 95.3681
      vertex 21.6079 7.93922 94.6946
      vertex 21.1263 7.93922 94.6946
    endloop
  endfacet
  facet normal 0 0.819178 0.573539
    outer loop
      vertex 21.9192 7.4641 96
      vertex 21.5621 7.06418 96.5712
      vertex 22.0364 7.06418 96.5712
    endloop
  endfacet
  facet normal -8.44191e-05 0.819203 0.573504
    outer loop
      vertex 21.5621 7.06418 96.5712
      vertex 21.9192 7.4641 96
      vertex 21.4767 7.33076 96.1904
    endloop
  endfacet
  facet normal 0 0.819111 0.573636
    outer loop
      vertex 21.4767 7.33076 96.1904
      vertex 21.9192 7.4641 96
      vertex 21.4376 7.4641 96
    endloop
  endfacet
  facet normal 0 -0.707149 0.707064
    outer loop
      vertex 21.6618 -6.57115 97.0642
      vertex 22.0643 -6.90521 96.7301
      vertex 22.1318 -6.57115 97.0642
    endloop
  endfacet
  facet normal 9.07522e-05 -0.707094 0.707119
    outer loop
      vertex 21.5621 -7.06418 96.5712
      vertex 22.0643 -6.90521 96.7301
      vertex 21.6618 -6.57115 97.0642
    endloop
  endfacet
  facet normal 0 -0.706951 0.707262
    outer loop
      vertex 22.0643 -6.90521 96.7301
      vertex 21.5621 -7.06418 96.5712
      vertex 22.0333 -7.06418 96.5712
    endloop
  endfacet
  facet normal 0 0.906302 0.42263
    outer loop
      vertex 21.775 7.75877 95.3681
      vertex 21.4376 7.4641 96
      vertex 21.9192 7.4641 96
    endloop
  endfacet
  facet normal 0 0.906302 0.42263
    outer loop
      vertex 21.4376 7.4641 96
      vertex 21.775 7.75877 95.3681
      vertex 21.2934 7.75877 95.3681
    endloop
  endfacet
  facet normal 0 -0.573572 0.819155
    outer loop
      vertex 21.7234 -6.05527 97.4254
      vertex 22.2 -6 97.4641
      vertex 21.73 -6 97.4641
    endloop
  endfacet
  facet normal -3.14923e-06 -0.573554 0.819168
    outer loop
      vertex 22.2 -6 97.4641
      vertex 21.7234 -6.05527 97.4254
      vertex 22.1318 -6.57115 97.0642
    endloop
  endfacet
  facet normal 0 -0.573552 0.819169
    outer loop
      vertex 22.1318 -6.57115 97.0642
      vertex 21.7234 -6.05527 97.4254
      vertex 21.6618 -6.57115 97.0642
    endloop
  endfacet
  facet normal 0 1 0
    outer loop
      vertex 26 8 56.3035
      vertex 30 8 52.8858
      vertex 26 8 55.0535
    endloop
  endfacet
  facet normal 0 1 0
    outer loop
      vertex 19.4504 8 60.9282
      vertex 14.2908 8 62.414
      vertex 14.2908 8 62.814
    endloop
  endfacet
  facet normal 0 1 0
    outer loop
      vertex 19.4504 8 60.9282
      vertex 19.4504 8 60.5282
      vertex 14.2908 8 62.414
    endloop
  endfacet
  facet normal 0 1 0
    outer loop
      vertex 24.9596 8 55.9424
      vertex 19.4504 8 60.5282
      vertex 19.4504 8 60.9282
    endloop
  endfacet
  facet normal 0 1 0
    outer loop
      vertex 24.9596 8 55.9424
      vertex 24.9596 8 55.5424
      vertex 19.4504 8 60.5282
    endloop
  endfacet
  facet normal 0 1 0
    outer loop
      vertex 26 8 55.0535
      vertex 24.9596 8 55.5424
      vertex 24.9596 8 55.9424
    endloop
  endfacet
  facet normal 0 1 -0
    outer loop
      vertex 30 8 51.2359
      vertex 26 8 55.0535
      vertex 30 8 52.8858
    endloop
  endfacet
  facet normal 0 1 0
    outer loop
      vertex 26 8 55.0535
      vertex 30 8 51.2359
      vertex 24.9596 8 55.5424
    endloop
  endfacet
  facet normal 0 1 -0
    outer loop
      vertex 14.2908 8 62.414
      vertex 9.47633 8 59.4812
      vertex 14.2908 8 62.814
    endloop
  endfacet
  facet normal 0 1 0
    outer loop
      vertex 9.47633 8 59.0813
      vertex 9.47633 8 59.4812
      vertex 14.2908 8 62.414
    endloop
  endfacet
  facet normal 0 1 -0
    outer loop
      vertex 9.47633 8 59.0813
      vertex 8.14672 8 57.5886
      vertex 9.47633 8 59.4812
    endloop
  endfacet
  facet normal 0 1 0
    outer loop
      vertex 8.14672 8 57.1886
      vertex 8.14672 8 57.5886
      vertex 9.47633 8 59.0813
    endloop
  endfacet
  facet normal 0 1 -0
    outer loop
      vertex 8.14672 8 57.1886
      vertex 7.66898 8 56.9702
      vertex 8.14672 8 57.5886
    endloop
  endfacet
  facet normal 0 1 0
    outer loop
      vertex 7.64541 8 56.5397
      vertex 7.66898 8 56.9702
      vertex 8.14672 8 57.1886
    endloop
  endfacet
  facet normal 0 1 0
    outer loop
      vertex 7.66898 8 56.9702
      vertex 7.64541 8 56.5397
      vertex 7.42931 8 56.6599
    endloop
  endfacet
  facet normal 0 1 0
    outer loop
      vertex 7.38407 8 56.2014
      vertex 7.42931 8 56.6599
      vertex 7.64541 8 56.5397
    endloop
  endfacet
  facet normal 0 1 0
    outer loop
      vertex 7.42931 8 56.6599
      vertex 7.38407 8 56.2014
      vertex 7.12727 8 56.3526
    endloop
  endfacet
  facet normal 0 1 0
    outer loop
      vertex 7.04798 8 55.8594
      vertex 7.12727 8 56.3526
      vertex 7.38407 8 56.2014
    endloop
  endfacet
  facet normal 0 1 0
    outer loop
      vertex 7.12727 8 56.3526
      vertex 7.04798 8 55.8594
      vertex 6.78632 8 56.0057
    endloop
  endfacet
  facet normal 0 1 0
    outer loop
      vertex 6.70053 8 55.5059
      vertex 6.78632 8 56.0057
      vertex 7.04798 8 55.8594
    endloop
  endfacet
  facet normal 0 1 0
    outer loop
      vertex 6.78632 8 56.0057
      vertex 6.70053 8 55.5059
      vertex 6.43282 8 55.7579
    endloop
  endfacet
  facet normal 0 1 -0
    outer loop
      vertex 6.4674 8 55.3424
      vertex 6.43282 8 55.7579
      vertex 6.70053 8 55.5059
    endloop
  endfacet
  facet normal 0 1 0
    outer loop
      vertex 6.43282 8 55.7579
      vertex 6.4674 8 55.3424
      vertex 6.2251 8 55.6122
    endloop
  endfacet
  facet normal 0 1 0
    outer loop
      vertex 6.10391 8 55.0876
      vertex 6.2251 8 55.6122
      vertex 6.4674 8 55.3424
    endloop
  endfacet
  facet normal 0 1 0
    outer loop
      vertex 5.85808 8 55.4966
      vertex 6.10391 8 55.0876
      vertex 5.74949 8 55.4624
    endloop
  endfacet
  facet normal 0 1 0
    outer loop
      vertex 6.2251 8 55.6122
      vertex 6.10391 8 55.0876
      vertex 5.85808 8 55.4966
    endloop
  endfacet
  facet normal 0 1 0
    outer loop
      vertex 5 8 55.1738
      vertex 5.05453 8 55.8172
      vertex 5.35102 8 55.538
    endloop
  endfacet
  facet normal 0 1 0
    outer loop
      vertex 5.04689 8 55.8281
      vertex 5 8 55.1738
      vertex 5 8 55.9321
    endloop
  endfacet
  facet normal 0 1 0
    outer loop
      vertex 5.04985 8 55.8216
      vertex 5 8 55.1738
      vertex 5.04689 8 55.8281
    endloop
  endfacet
  facet normal 0 1 0
    outer loop
      vertex 5.05453 8 55.8172
      vertex 5 8 55.1738
      vertex 5.04985 8 55.8216
    endloop
  endfacet
  facet normal 0 1 -0
    outer loop
      vertex 5.52668 8 54.9403
      vertex 5.35102 8 55.538
      vertex 5.73949 8 55.4624
    endloop
  endfacet
  facet normal 0 1 0
    outer loop
      vertex 5.69057 8 54.9573
      vertex 5.74949 8 55.4624
      vertex 6.10391 8 55.0876
    endloop
  endfacet
  facet normal 0 1 0
    outer loop
      vertex 5.74949 8 55.4624
      vertex 5.69057 8 54.9573
      vertex 5.73949 8 55.4624
    endloop
  endfacet
  facet normal 0 1 0
    outer loop
      vertex 5.52668 8 54.9403
      vertex 5.73949 8 55.4624
      vertex 5.69057 8 54.9573
    endloop
  endfacet
  facet normal 0 1 0
    outer loop
      vertex 5.35102 8 55.538
      vertex 5.52668 8 54.9403
      vertex 5.17535 8 55.0087
    endloop
  endfacet
  facet normal 0 1 0
    outer loop
      vertex 5.35102 8 55.538
      vertex 5.17535 8 55.0087
      vertex 5 8 55.1738
    endloop
  endfacet
  facet normal 0 1 -0
    outer loop
      vertex 5.59831 8 54.9283
      vertex 5.52668 8 54.9403
      vertex 5.69057 8 54.9573
    endloop
  endfacet
  facet normal 0 1 0
    outer loop
      vertex 5.52668 8 54.9403
      vertex 5.59831 8 54.9283
      vertex 5.58831 8 54.9283
    endloop
  endfacet
  facet normal 0 -1 0
    outer loop
      vertex 19.4504 8 86.8139
      vertex 20.3967 8 89.8355
      vertex 20.28 8 89.8355
    endloop
  endfacet
  facet normal 0 -1 0
    outer loop
      vertex 19.4504 8 86.8139
      vertex 19.4504 8 86.3886
      vertex 20.3967 8 89.8355
    endloop
  endfacet
  facet normal 0 -1 0
    outer loop
      vertex 18.3848 8 86.0261
      vertex 19.4504 8 86.3886
      vertex 19.4504 8 86.8139
    endloop
  endfacet
  facet normal 0 -1 -0
    outer loop
      vertex 18.3848 8 86.0261
      vertex 18.2996 8 85.5379
      vertex 19.4504 8 86.3886
    endloop
  endfacet
  facet normal 0 -1 0
    outer loop
      vertex 18.3848 8 86.0261
      vertex 18.0825 8 85.345
      vertex 18.2996 8 85.5379
    endloop
  endfacet
  facet normal 0 -1 0
    outer loop
      vertex 17.5909 8 85.3206
      vertex 18.0825 8 85.345
      vertex 18.3848 8 86.0261
    endloop
  endfacet
  facet normal 0 -1 0
    outer loop
      vertex 17.2616 8 84.6154
      vertex 17.5909 8 85.3206
      vertex 17.3019 8 85.0637
    endloop
  endfacet
  facet normal 0 -1 -0
    outer loop
      vertex 17.5909 8 85.3206
      vertex 17.2616 8 84.6154
      vertex 18.0825 8 85.345
    endloop
  endfacet
  facet normal 0 -1 0
    outer loop
      vertex 14.2842 8 81.9506
      vertex 17.2616 8 84.6154
      vertex 17.3019 8 85.0637
    endloop
  endfacet
  facet normal 0 -1 0
    outer loop
      vertex 14.2842 8 81.9506
      vertex 14.2842 8 81.5438
      vertex 17.2616 8 84.6154
    endloop
  endfacet
  facet normal 0 -1 0
    outer loop
      vertex 11.7414 8 77.0753
      vertex 14.2842 8 81.5438
      vertex 14.2842 8 81.9506
    endloop
  endfacet
  facet normal 0 -1 -0
    outer loop
      vertex 11.7414 8 77.0753
      vertex 11.6879 8 76.566
      vertex 14.2842 8 81.5438
    endloop
  endfacet
  facet normal 0 -1 0
    outer loop
      vertex 9.46633 8 72.564
      vertex 11.6879 8 76.566
      vertex 11.7414 8 77.0753
    endloop
  endfacet
  facet normal 0 -1 0
    outer loop
      vertex 9.46633 8 72.564
      vertex 9.46633 8 72.1607
      vertex 11.6879 8 76.566
    endloop
  endfacet
  facet normal 0 -1 0
    outer loop
      vertex 8.08367 8 69.426
      vertex 9.46633 8 72.1607
      vertex 9.46633 8 72.564
    endloop
  endfacet
  facet normal 0 -1 0
    outer loop
      vertex 8.11616 8 69.0965
      vertex 8.08367 8 69.426
      vertex 8.02389 8 69.2733
    endloop
  endfacet
  facet normal 0 -1 0
    outer loop
      vertex 8.08367 8 69.426
      vertex 8.11616 8 69.0965
      vertex 9.46633 8 72.1607
    endloop
  endfacet
  facet normal 0 -1 0
    outer loop
      vertex 8.02389 8 69.2733
      vertex 8.06808 8 68.9736
      vertex 8.11616 8 69.0965
    endloop
  endfacet
  facet normal 0 -1 0
    outer loop
      vertex 7.7432 8 68.5562
      vertex 8.06808 8 68.9736
      vertex 8.02389 8 69.2733
    endloop
  endfacet
  facet normal 0 -1 0
    outer loop
      vertex 7.7432 8 68.5562
      vertex 7.80377 8 68.2984
      vertex 8.06808 8 68.9736
    endloop
  endfacet
  facet normal 0 -1 0
    outer loop
      vertex 7.03583 8 66.7277
      vertex 7.80377 8 68.2984
      vertex 7.7432 8 68.5562
    endloop
  endfacet
  facet normal 0 -1 0
    outer loop
      vertex 7.03583 8 66.7277
      vertex 7.12126 8 66.5341
      vertex 7.80377 8 68.2984
    endloop
  endfacet
  facet normal 0 -1 0
    outer loop
      vertex 6.80116 8 66.0516
      vertex 7.12126 8 66.5341
      vertex 7.03583 8 66.7277
    endloop
  endfacet
  facet normal 0 -1 0
    outer loop
      vertex 6.80116 8 66.0516
      vertex 6.91951 8 65.9529
      vertex 7.12126 8 66.5341
    endloop
  endfacet
  facet normal 0 -1 0
    outer loop
      vertex 6.58733 8 65.4355
      vertex 6.91951 8 65.9529
      vertex 6.80116 8 66.0516
    endloop
  endfacet
  facet normal 0 -1 0
    outer loop
      vertex 6.58733 8 65.4355
      vertex 6.70802 8 65.3435
      vertex 6.91951 8 65.9529
    endloop
  endfacet
  facet normal 0 -1 -0
    outer loop
      vertex 6.58733 8 65.4355
      vertex 6.55334 8 64.8379
      vertex 6.70802 8 65.3435
    endloop
  endfacet
  facet normal 0 -1 0
    outer loop
      vertex 6.34747 8 64.6514
      vertex 6.55334 8 64.8379
      vertex 6.58733 8 65.4355
    endloop
  endfacet
  facet normal 0 -1 0
    outer loop
      vertex 6.34747 8 64.6514
      vertex 6.35773 8 64.1985
      vertex 6.55334 8 64.8379
    endloop
  endfacet
  facet normal 0 -1 0
    outer loop
      vertex 6.20714 8 64.1927
      vertex 6.35773 8 64.1985
      vertex 6.34747 8 64.6514
    endloop
  endfacet
  facet normal 0 -1 -0
    outer loop
      vertex 6.20714 8 64.1927
      vertex 6.16645 8 63.4754
      vertex 6.35773 8 64.1985
    endloop
  endfacet
  facet normal 0 -1 0
    outer loop
      vertex 5.89655 8 63.0185
      vertex 6.16645 8 63.4754
      vertex 6.20714 8 64.1927
    endloop
  endfacet
  facet normal 0 -1 0
    outer loop
      vertex 6.16645 8 63.4754
      vertex 5.89655 8 63.0185
      vertex 6.07156 8 63.1166
    endloop
  endfacet
  facet normal 0 -1 0
    outer loop
      vertex 5.89655 8 63.0185
      vertex 6.00522 8 62.8161
      vertex 6.07156 8 63.1166
    endloop
  endfacet
  facet normal 0 -1 0
    outer loop
      vertex 5.83703 8 62.7489
      vertex 6.00522 8 62.8161
      vertex 5.89655 8 63.0185
    endloop
  endfacet
  facet normal 0 -1 0
    outer loop
      vertex 5.83703 8 62.7489
      vertex 5.84966 8 62.1113
      vertex 6.00522 8 62.8161
    endloop
  endfacet
  facet normal 0 -1 0
    outer loop
      vertex 5.65572 8 61.9274
      vertex 5.84966 8 62.1113
      vertex 5.83703 8 62.7489
    endloop
  endfacet
  facet normal 0 -1 0
    outer loop
      vertex 5.62369 8 61.7413
      vertex 5.84966 8 62.1113
      vertex 5.65572 8 61.9274
    endloop
  endfacet
  facet normal 0 -1 0
    outer loop
      vertex 5.62369 8 61.7413
      vertex 5.72578 8 61.3916
      vertex 5.84966 8 62.1113
    endloop
  endfacet
  facet normal 0 -1 0
    outer loop
      vertex 5.48427 8 60.9313
      vertex 5.72578 8 61.3916
      vertex 5.62369 8 61.7413
    endloop
  endfacet
  facet normal 0 -1 0
    outer loop
      vertex 5.72578 8 61.3916
      vertex 5.48427 8 60.9313
      vertex 5.69168 8 61.1935
    endloop
  endfacet
  facet normal 0 -1 0
    outer loop
      vertex 5.48427 8 60.9313
      vertex 5.61469 8 60.5247
      vertex 5.69168 8 61.1935
    endloop
  endfacet
  facet normal 0 -1 0
    outer loop
      vertex 5.39377 8 60.1452
      vertex 5.61469 8 60.5247
      vertex 5.48427 8 60.9313
    endloop
  endfacet
  facet normal 0 -1 0
    outer loop
      vertex 5.61469 8 60.5247
      vertex 5.39377 8 60.1452
      vertex 5.59715 8 60.3724
    endloop
  endfacet
  facet normal 0 -1 0
    outer loop
      vertex 5.59715 8 60.3724
      vertex 5.39377 8 60.1452
      vertex 5.59147 8 60.2431
    endloop
  endfacet
  facet normal 0 -1 0
    outer loop
      vertex 5.38167 8 60.0401
      vertex 5.59147 8 60.2431
      vertex 5.39377 8 60.1452
    endloop
  endfacet
  facet normal 0 -1 0
    outer loop
      vertex 5.38167 8 60.0401
      vertex 5.5657 8 59.6563
      vertex 5.59147 8 60.2431
    endloop
  endfacet
  facet normal 0 -1 0
    outer loop
      vertex 5.35115 8 59.3454
      vertex 5.5657 8 59.6563
      vertex 5.38167 8 60.0401
    endloop
  endfacet
  facet normal 0 -1 -0
    outer loop
      vertex 5.5657 8 59.6563
      vertex 5.35115 8 59.3454
      vertex 5.5657 8 59.4149
    endloop
  endfacet
  facet normal 0 -1 -0
    outer loop
      vertex 5.5657 8 59.4149
      vertex 5.35115 8 59.3454
      vertex 5.56778 8 59.3685
    endloop
  endfacet
  facet normal 0 -1 0
    outer loop
      vertex 5.34753 8 59.2629
      vertex 5.56778 8 59.3685
      vertex 5.35115 8 59.3454
    endloop
  endfacet
  facet normal 0 -1 0
    outer loop
      vertex 5.34753 8 59.0081
      vertex 5.56778 8 59.3685
      vertex 5.34753 8 59.2629
    endloop
  endfacet
  facet normal 0 -1 0
    outer loop
      vertex 5.59364 8 58.8744
      vertex 5.34753 8 59.0081
      vertex 5.34881 8 58.9795
    endloop
  endfacet
  facet normal 0 -1 0
    outer loop
      vertex 5.59364 8 58.8744
      vertex 5.34881 8 58.9795
      vertex 5.35246 8 58.9098
    endloop
  endfacet
  facet normal 0 -1 0
    outer loop
      vertex 5.34753 8 59.0081
      vertex 5.59364 8 58.8744
      vertex 5.56778 8 59.3685
    endloop
  endfacet
  facet normal 0 -1 0
    outer loop
      vertex 5.35246 8 58.9098
      vertex 5.59936 8 58.7651
      vertex 5.59364 8 58.8744
    endloop
  endfacet
  facet normal 0 -1 0
    outer loop
      vertex 5.38308 8 58.3247
      vertex 5.59936 8 58.7651
      vertex 5.35246 8 58.9098
    endloop
  endfacet
  facet normal 0 -1 -0
    outer loop
      vertex 5.59936 8 58.7651
      vertex 5.38308 8 58.3247
      vertex 5.67478 8 58.3818
    endloop
  endfacet
  facet normal 0 -1 0
    outer loop
      vertex 5.39528 8 58.2628
      vertex 5.67478 8 58.3818
      vertex 5.38308 8 58.3247
    endloop
  endfacet
  facet normal 0 -1 -0
    outer loop
      vertex 5.67478 8 58.3818
      vertex 5.39528 8 58.2628
      vertex 5.69426 8 58.2828
    endloop
  endfacet
  facet normal 0 -1 0
    outer loop
      vertex 5.39528 8 58.2628
      vertex 5.72862 8 58.2066
      vertex 5.69426 8 58.2828
    endloop
  endfacet
  facet normal 0 -1 0
    outer loop
      vertex 5.48608 8 57.8013
      vertex 5.72862 8 58.2066
      vertex 5.39528 8 58.2628
    endloop
  endfacet
  facet normal 0 -1 -0
    outer loop
      vertex 5.72862 8 58.2066
      vertex 5.48608 8 57.8013
      vertex 5.85287 8 57.9312
    endloop
  endfacet
  facet normal 0 -1 0
    outer loop
      vertex 5.62593 8 57.4913
      vertex 5.85287 8 57.9312
      vertex 5.48608 8 57.8013
    endloop
  endfacet
  facet normal 0 -1 -0
    outer loop
      vertex 5.85287 8 57.9312
      vertex 5.62593 8 57.4913
      vertex 6.00886 8 57.7844
    endloop
  endfacet
  facet normal 0 -1 -0
    outer loop
      vertex 6.00886 8 57.7844
      vertex 5.62593 8 57.4913
      vertex 6.07569 8 57.7215
    endloop
  endfacet
  facet normal 0 -1 0
    outer loop
      vertex 5.70771 8 57.3732
      vertex 6.07569 8 57.7215
      vertex 5.62593 8 57.4913
    endloop
  endfacet
  facet normal 0 -1 0
    outer loop
      vertex 6.36342 8 57.176
      vertex 6.3731 8 57.6655
      vertex 6.3631 8 57.6655
    endloop
  endfacet
  facet normal 0 -1 0
    outer loop
      vertex 5.90001 8 57.1921
      vertex 6.07569 8 57.7215
      vertex 5.70771 8 57.3732
    endloop
  endfacet
  facet normal 0 -1 0
    outer loop
      vertex 6.1116 8 57.1509
      vertex 6.07569 8 57.7215
      vertex 5.90001 8 57.1921
    endloop
  endfacet
  facet normal 0 -1 0
    outer loop
      vertex 5.70771 8 57.3732
      vertex 5.62593 8 57.4913
      vertex 5.6582 8 57.4198
    endloop
  endfacet
  facet normal 0 -1 0
    outer loop
      vertex 6.3731 8 57.6655
      vertex 6.8299 8 57.4102
      vertex 7.05442 8 57.5677
    endloop
  endfacet
  facet normal 0 -1 0
    outer loop
      vertex 6.07569 8 57.7215
      vertex 6.1116 8 57.1509
      vertex 6.17136 8 57.7028
    endloop
  endfacet
  facet normal 0 -1 0
    outer loop
      vertex 6.3731 8 57.6655
      vertex 6.6038 8 57.2517
      vertex 6.8299 8 57.4102
    endloop
  endfacet
  facet normal -0 -1 0
    outer loop
      vertex 6.36342 8 57.176
      vertex 6.17136 8 57.7028
      vertex 6.1116 8 57.1509
    endloop
  endfacet
  facet normal 0 -1 -0
    outer loop
      vertex 6.3731 8 57.6655
      vertex 6.36342 8 57.176
      vertex 6.6038 8 57.2517
    endloop
  endfacet
  facet normal 0 -1 0
    outer loop
      vertex 6.17136 8 57.7028
      vertex 6.36342 8 57.176
      vertex 6.3631 8 57.6655
    endloop
  endfacet
  facet normal 0 -1 0
    outer loop
      vertex 6.21192 8 57.1314
      vertex 6.36342 8 57.176
      vertex 6.1116 8 57.1509
    endloop
  endfacet
  facet normal 0 -1 0
    outer loop
      vertex 6.36342 8 57.176
      vertex 6.21192 8 57.1314
      vertex 6.22192 8 57.1314
    endloop
  endfacet
  facet normal 0 -1 0
    outer loop
      vertex 9.47633 8 61.1312
      vertex 14.2908 8 64.0639
      vertex 14.2908 8 64.464
    endloop
  endfacet
  facet normal 0 -1 0
    outer loop
      vertex 9.47633 8 61.1312
      vertex 9.47633 8 60.7312
      vertex 14.2908 8 64.0639
    endloop
  endfacet
  facet normal 0 -1 0
    outer loop
      vertex 8.14672 8 59.2386
      vertex 9.47633 8 60.7312
      vertex 9.47633 8 61.1312
    endloop
  endfacet
  facet normal 0 -1 0
    outer loop
      vertex 8.14672 8 58.8386
      vertex 8.14672 8 59.2386
      vertex 8.0078 8 59.0588
    endloop
  endfacet
  facet normal 0 -1 0
    outer loop
      vertex 8.14672 8 59.2386
      vertex 8.14672 8 58.8386
      vertex 9.47633 8 60.7312
    endloop
  endfacet
  facet normal 0 -1 -0
    outer loop
      vertex 8.0078 8 59.0588
      vertex 7.99049 8 58.6364
      vertex 8.14672 8 58.8386
    endloop
  endfacet
  facet normal 0 -1 0
    outer loop
      vertex 7.61593 8 58.5515
      vertex 7.99049 8 58.6364
      vertex 8.0078 8 59.0588
    endloop
  endfacet
  facet normal 0 -1 0
    outer loop
      vertex 7.57069 8 58.0929
      vertex 7.61593 8 58.5515
      vertex 7.32279 8 58.2533
    endloop
  endfacet
  facet normal 0 -1 -0
    outer loop
      vertex 7.61593 8 58.5515
      vertex 7.57069 8 58.0929
      vertex 7.99049 8 58.6364
    endloop
  endfacet
  facet normal 0 -1 0
    outer loop
      vertex 7.36392 8 57.8826
      vertex 7.32279 8 58.2533
      vertex 7.14021 8 58.0675
    endloop
  endfacet
  facet normal 0 -1 0
    outer loop
      vertex 7.36392 8 57.8826
      vertex 7.14021 8 58.0675
      vertex 6.93831 8 57.9259
    endloop
  endfacet
  facet normal 0 -1 0
    outer loop
      vertex 7.32279 8 58.2533
      vertex 7.36392 8 57.8826
      vertex 7.57069 8 58.0929
    endloop
  endfacet
  facet normal 0 -1 0
    outer loop
      vertex 7.05442 8 57.5677
      vertex 6.93831 8 57.9259
      vertex 6.72499 8 57.7764
    endloop
  endfacet
  facet normal 0 -1 0
    outer loop
      vertex 7.05442 8 57.5677
      vertex 6.72499 8 57.7764
      vertex 6.56909 8 57.7272
    endloop
  endfacet
  facet normal 0 -1 0
    outer loop
      vertex 7.05442 8 57.5677
      vertex 6.56909 8 57.7272
      vertex 6.3731 8 57.6655
    endloop
  endfacet
  facet normal 0 -1 0
    outer loop
      vertex 6.93831 8 57.9259
      vertex 7.05442 8 57.5677
      vertex 7.36392 8 57.8826
    endloop
  endfacet
  facet normal 0 -1 0
    outer loop
      vertex 14.2908 8 64.0639
      vertex 19.4504 8 62.5782
      vertex 14.2908 8 64.464
    endloop
  endfacet
  facet normal 0 -1 0
    outer loop
      vertex 19.4504 8 62.1782
      vertex 19.4504 8 62.5782
      vertex 14.2908 8 64.0639
    endloop
  endfacet
  facet normal 0 -1 0
    outer loop
      vertex 19.4504 8 62.1782
      vertex 24.9596 8 57.5925
      vertex 19.4504 8 62.5782
    endloop
  endfacet
  facet normal 0 -1 0
    outer loop
      vertex 24.9596 8 57.1924
      vertex 24.9596 8 57.5925
      vertex 19.4504 8 62.1782
    endloop
  endfacet
  facet normal 0 -1 0
    outer loop
      vertex 24.9596 8 57.1924
      vertex 26 8 56.7035
      vertex 24.9596 8 57.5925
    endloop
  endfacet
  facet normal -0 -1 -0
    outer loop
      vertex 26 8 56.7035
      vertex 24.9596 8 57.1924
      vertex 26 8 56.3035
    endloop
  endfacet
  facet normal 0 1 0
    outer loop
      vertex 20.28 8 89.8355
      vertex 20.9417 8 94
      vertex 21.4233 8 94
    endloop
  endfacet
  facet normal 0 1 0
    outer loop
      vertex 19.9151 8 89.8355
      vertex 20.9417 8 94
      vertex 20.28 8 89.8355
    endloop
  endfacet
  facet normal 0 1 -0
    outer loop
      vertex 19.9151 8 89.8355
      vertex 19.4504 8 88.5681
      vertex 20.9417 8 94
    endloop
  endfacet
  facet normal 0 1 0
    outer loop
      vertex 19.4504 8 88.1429
      vertex 19.4504 8 88.5681
      vertex 19.9151 8 89.8355
    endloop
  endfacet
  facet normal 0 1 -0
    outer loop
      vertex 19.4504 8 88.1429
      vertex 18.736 8 88.04
      vertex 19.4504 8 88.5681
    endloop
  endfacet
  facet normal 0 1 0
    outer loop
      vertex 18.6509 8 87.5518
      vertex 18.736 8 88.04
      vertex 19.4504 8 88.1429
    endloop
  endfacet
  facet normal 0 1 0
    outer loop
      vertex 18.4607 8 87.3828
      vertex 18.736 8 88.04
      vertex 18.6509 8 87.5518
    endloop
  endfacet
  facet normal 0 1 -0
    outer loop
      vertex 18.4607 8 87.3828
      vertex 17.7798 8 87.1902
      vertex 18.736 8 88.04
    endloop
  endfacet
  facet normal 0 1 0
    outer loop
      vertex 17.4278 8 86.4647
      vertex 17.7798 8 87.1902
      vertex 18.4607 8 87.3828
    endloop
  endfacet
  facet normal 0 1 0
    outer loop
      vertex 17.7798 8 87.1902
      vertex 17.4278 8 86.4647
      vertex 17.4681 8 86.9131
    endloop
  endfacet
  facet normal 0 1 -0
    outer loop
      vertex 17.4278 8 86.4647
      vertex 14.2842 8 83.6286
      vertex 17.4681 8 86.9131
    endloop
  endfacet
  facet normal 0 1 0
    outer loop
      vertex 14.2842 8 83.2218
      vertex 14.2842 8 83.6286
      vertex 17.4278 8 86.4647
    endloop
  endfacet
  facet normal 0 1 -0
    outer loop
      vertex 14.2842 8 83.2218
      vertex 11.9619 8 79.1761
      vertex 14.2842 8 83.6286
    endloop
  endfacet
  facet normal 0 1 0
    outer loop
      vertex 11.9085 8 78.6668
      vertex 11.9619 8 79.1761
      vertex 14.2842 8 83.2218
    endloop
  endfacet
  facet normal 0 1 -0
    outer loop
      vertex 11.9085 8 78.6668
      vertex 9.46633 8 74.2274
      vertex 11.9619 8 79.1761
    endloop
  endfacet
  facet normal 0 1 0
    outer loop
      vertex 9.46633 8 73.8242
      vertex 9.46633 8 74.2274
      vertex 11.9085 8 78.6668
    endloop
  endfacet
  facet normal 0 1 -0
    outer loop
      vertex 9.46633 8 73.8242
      vertex 7.94964 8 70.7853
      vertex 9.46633 8 74.2274
    endloop
  endfacet
  facet normal 0 1 -0
    outer loop
      vertex 7.98213 8 70.4558
      vertex 7.94964 8 70.7853
      vertex 9.46633 8 73.8242
    endloop
  endfacet
  facet normal 0 1 0
    outer loop
      vertex 7.98213 8 70.4558
      vertex 7.61683 8 69.935
      vertex 7.94964 8 70.7853
    endloop
  endfacet
  facet normal 0 1 -0
    outer loop
      vertex 7.66232 8 69.6387
      vertex 7.61683 8 69.935
      vertex 7.98213 8 70.4558
    endloop
  endfacet
  facet normal 0 1 0
    outer loop
      vertex 7.66232 8 69.6387
      vertex 7.49336 8 69.6196
      vertex 7.61683 8 69.935
    endloop
  endfacet
  facet normal 0 1 -0
    outer loop
      vertex 7.55393 8 69.3618
      vertex 7.49336 8 69.6196
      vertex 7.66232 8 69.6387
    endloop
  endfacet
  facet normal 0 1 0
    outer loop
      vertex 7.55393 8 69.3618
      vertex 6.68342 8 67.526
      vertex 7.49336 8 69.6196
    endloop
  endfacet
  facet normal 0 1 -0
    outer loop
      vertex 6.76886 8 67.3325
      vertex 6.68342 8 67.526
      vertex 7.55393 8 69.3618
    endloop
  endfacet
  facet normal 0 1 0
    outer loop
      vertex 6.53753 8 66.6659
      vertex 6.68342 8 67.526
      vertex 6.76886 8 67.3325
    endloop
  endfacet
  facet normal 0 1 -0
    outer loop
      vertex 6.53753 8 66.6659
      vertex 6.28769 8 66.3858
      vertex 6.68342 8 67.526
    endloop
  endfacet
  facet normal 0 1 0
    outer loop
      vertex 6.21017 8 65.7228
      vertex 6.28769 8 66.3858
      vertex 6.53753 8 66.6659
    endloop
  endfacet
  facet normal 0 1 0
    outer loop
      vertex 6.28769 8 66.3858
      vertex 6.21017 8 65.7228
      vertex 6.08947 8 65.8147
    endloop
  endfacet
  facet normal 0 1 0
    outer loop
      vertex 6.21017 8 65.7228
      vertex 5.9564 8 65.3797
      vertex 6.08947 8 65.8147
    endloop
  endfacet
  facet normal 0 1 0
    outer loop
      vertex 5.84425 8 64.5267
      vertex 5.9564 8 65.3797
      vertex 6.21017 8 65.7228
    endloop
  endfacet
  facet normal 0 1 0
    outer loop
      vertex 5.58599 8 64.1689
      vertex 5.84425 8 64.5267
      vertex 5.73657 8 64.1747
    endloop
  endfacet
  facet normal 0 1 -0
    outer loop
      vertex 5.84425 8 64.5267
      vertex 5.58599 8 64.1689
      vertex 5.9564 8 65.3797
    endloop
  endfacet
  facet normal 0 1 0
    outer loop
      vertex 5.34967 8 62.712
      vertex 5.58599 8 64.1689
      vertex 5.73657 8 64.1747
    endloop
  endfacet
  facet normal 0 1 -0
    outer loop
      vertex 5.34967 8 62.712
      vertex 5.17468 8 62.6139
      vertex 5.58599 8 64.1689
    endloop
  endfacet
  facet normal 0 1 0
    outer loop
      vertex 5.34967 8 62.712
      vertex 5 8 61.8226
      vertex 5.17468 8 62.6139
    endloop
  endfacet
  facet normal 0 1 -0
    outer loop
      vertex 5.0543 8 61.3738
      vertex 5 8 61.8226
      vertex 5.34967 8 62.712
    endloop
  endfacet
  facet normal 0 1 -0
    outer loop
      vertex 5.04967 8 61.3528
      vertex 5 8 61.8226
      vertex 5.0543 8 61.3738
    endloop
  endfacet
  facet normal 0 1 -0
    outer loop
      vertex 5.04673 8 61.3358
      vertex 5 8 61.8226
      vertex 5.04967 8 61.3528
    endloop
  endfacet
  facet normal 0 1 0
    outer loop
      vertex 5 8 61.8226
      vertex 5.04673 8 61.3358
      vertex 5 8 61.0643
    endloop
  endfacet
  facet normal 0 0.996193 0.0871705
    outer loop
      vertex 21.4233 8 94
      vertex 21.1263 7.93922 94.6946
      vertex 21.6079 7.93922 94.6946
    endloop
  endfacet
  facet normal 0 0.996193 0.0871705
    outer loop
      vertex 21.1263 7.93922 94.6946
      vertex 21.4233 8 94
      vertex 20.9417 8 94
    endloop
  endfacet
  facet normal 0 -1 0
    outer loop
      vertex 5.01 -8 53.388
      vertex 5.01 -8 53.8289
      vertex 5 -8 53.8289
    endloop
  endfacet
  facet normal 0 -1 0
    outer loop
      vertex 5.01 -8 53.8289
      vertex 5.44276 -8 53.6888
      vertex 5.53082 -8 53.778
    endloop
  endfacet
  facet normal 0 -1 0
    outer loop
      vertex 5.01 -8 53.8289
      vertex 5.3835 -8 53.6476
      vertex 5.44276 -8 53.6888
    endloop
  endfacet
  facet normal 0 -1 0
    outer loop
      vertex 5.01 -8 53.388
      vertex 5 -8 53.8289
      vertex 5 -8 53.388
    endloop
  endfacet
  facet normal 0 -1 0
    outer loop
      vertex 5.01 -8 53.8289
      vertex 5.01 -8 53.388
      vertex 5.3835 -8 53.6476
    endloop
  endfacet
  facet normal 0 -1 0
    outer loop
      vertex 9.47633 -8 59.4812
      vertex 14.2908 -8 62.414
      vertex 14.2908 -8 62.814
    endloop
  endfacet
  facet normal 0 -1 0
    outer loop
      vertex 9.47633 -8 59.4812
      vertex 9.47633 -8 59.0813
      vertex 14.2908 -8 62.414
    endloop
  endfacet
  facet normal 0 -1 0
    outer loop
      vertex 6.7741 -8 55.6347
      vertex 9.47633 -8 59.0813
      vertex 9.47633 -8 59.4812
    endloop
  endfacet
  facet normal 0 -1 0
    outer loop
      vertex 6.7741 -8 55.2348
      vertex 6.7741 -8 55.6347
      vertex 6.50744 -8 55.2899
    endloop
  endfacet
  facet normal 0 -1 0
    outer loop
      vertex 6.7741 -8 55.6347
      vertex 6.7741 -8 55.2348
      vertex 9.47633 -8 59.0813
    endloop
  endfacet
  facet normal 0 -1 -0
    outer loop
      vertex 6.50744 -8 55.2899
      vertex 6.49426 -8 54.8728
      vertex 6.7741 -8 55.2348
    endloop
  endfacet
  facet normal 0 -1 0
    outer loop
      vertex 6.11709 -8 54.785
      vertex 6.49426 -8 54.8728
      vertex 6.50744 -8 55.2899
    endloop
  endfacet
  facet normal 0 -1 -0
    outer loop
      vertex 6.11709 -8 54.785
      vertex 6.07224 -8 54.327
      vertex 6.49426 -8 54.8728
    endloop
  endfacet
  facet normal 0 -1 0
    outer loop
      vertex 5.62627 -8 54.2874
      vertex 6.07224 -8 54.327
      vertex 6.11709 -8 54.785
    endloop
  endfacet
  facet normal 0 -1 0
    outer loop
      vertex 5.53082 -8 53.778
      vertex 5.62627 -8 54.2874
      vertex 5.52785 -8 54.1876
    endloop
  endfacet
  facet normal 0 -1 0
    outer loop
      vertex 5.53082 -8 53.778
      vertex 5.52785 -8 54.1876
      vertex 5.01377 -8 53.8303
    endloop
  endfacet
  facet normal 0 -1 0
    outer loop
      vertex 5.53082 -8 53.778
      vertex 5.01377 -8 53.8303
      vertex 5.01323 -8 53.8299
    endloop
  endfacet
  facet normal 0 -1 -0
    outer loop
      vertex 5.62627 -8 54.2874
      vertex 5.53082 -8 53.778
      vertex 6.07224 -8 54.327
    endloop
  endfacet
  facet normal 0 -1 0
    outer loop
      vertex 5.53082 -8 53.778
      vertex 5.01323 -8 53.8299
      vertex 5.01 -8 53.8289
    endloop
  endfacet
  facet normal 0 -1 0
    outer loop
      vertex 14.2908 -8 62.414
      vertex 19.4504 -8 60.9282
      vertex 14.2908 -8 62.814
    endloop
  endfacet
  facet normal 0 -1 0
    outer loop
      vertex 19.4504 -8 60.5282
      vertex 19.4504 -8 60.9282
      vertex 14.2908 -8 62.414
    endloop
  endfacet
  facet normal 0 -1 0
    outer loop
      vertex 19.4504 -8 60.5282
      vertex 24.9596 -8 55.9424
      vertex 19.4504 -8 60.9282
    endloop
  endfacet
  facet normal 0 -1 0
    outer loop
      vertex 24.9596 -8 55.5424
      vertex 24.9596 -8 55.9424
      vertex 19.4504 -8 60.5282
    endloop
  endfacet
  facet normal 0 -1 0
    outer loop
      vertex 24.9596 -8 55.5424
      vertex 26 -8 55.0535
      vertex 24.9596 -8 55.9424
    endloop
  endfacet
  facet normal 0 -1 0
    outer loop
      vertex 30 -8 51.2359
      vertex 26 -8 55.0535
      vertex 24.9596 -8 55.5424
    endloop
  endfacet
  facet normal 0 -1 0
    outer loop
      vertex 26 -8 55.0535
      vertex 30 -8 51.2359
      vertex 30 -8 52.8858
    endloop
  endfacet
  facet normal 0 -1 0
    outer loop
      vertex 26 -8 56.3035
      vertex 26 -8 55.0535
      vertex 30 -8 52.8858
    endloop
  endfacet
  facet normal 0 1 0
    outer loop
      vertex 19.4504 -8 62.5782
      vertex 14.2908 -8 64.0639
      vertex 14.2908 -8 64.464
    endloop
  endfacet
  facet normal 0 1 0
    outer loop
      vertex 19.4504 -8 62.5782
      vertex 19.4504 -8 62.1782
      vertex 14.2908 -8 64.0639
    endloop
  endfacet
  facet normal 0 1 0
    outer loop
      vertex 24.9596 -8 57.5925
      vertex 19.4504 -8 62.1782
      vertex 19.4504 -8 62.5782
    endloop
  endfacet
  facet normal 0 1 0
    outer loop
      vertex 24.9596 -8 57.5925
      vertex 24.9596 -8 57.1924
      vertex 19.4504 -8 62.1782
    endloop
  endfacet
  facet normal 0 1 0
    outer loop
      vertex 26 -8 56.7035
      vertex 24.9596 -8 57.1924
      vertex 24.9596 -8 57.5925
    endloop
  endfacet
  facet normal 0 1 0
    outer loop
      vertex 24.9596 -8 57.1924
      vertex 26 -8 56.7035
      vertex 26 -8 56.3035
    endloop
  endfacet
  facet normal 0 1 -0
    outer loop
      vertex 14.2908 -8 64.0639
      vertex 9.47633 -8 61.1312
      vertex 14.2908 -8 64.464
    endloop
  endfacet
  facet normal 0 1 0
    outer loop
      vertex 9.47633 -8 60.7312
      vertex 9.47633 -8 61.1312
      vertex 14.2908 -8 64.0639
    endloop
  endfacet
  facet normal 0 1 -0
    outer loop
      vertex 9.47633 -8 60.7312
      vertex 6.7741 -8 57.2847
      vertex 9.47633 -8 61.1312
    endloop
  endfacet
  facet normal 0 1 0
    outer loop
      vertex 6.7741 -8 56.8847
      vertex 6.7741 -8 57.2847
      vertex 9.47633 -8 60.7312
    endloop
  endfacet
  facet normal 0 1 0
    outer loop
      vertex 6.7741 -8 57.2847
      vertex 6.7741 -8 56.8847
      vertex 6.49453 -8 56.9232
    endloop
  endfacet
  facet normal 0 1 0
    outer loop
      vertex 6.45972 -8 56.4781
      vertex 6.49453 -8 56.9232
      vertex 6.7741 -8 56.8847
    endloop
  endfacet
  facet normal 0 1 0
    outer loop
      vertex 6.49453 -8 56.9232
      vertex 6.45972 -8 56.4781
      vertex 6.30213 -8 56.6743
    endloop
  endfacet
  facet normal 0 1 0
    outer loop
      vertex 6.30213 -8 56.6743
      vertex 6.45972 -8 56.4781
      vertex 6.15788 -8 56.5281
    endloop
  endfacet
  facet normal 0 1 -0
    outer loop
      vertex 6.25727 -8 56.2163
      vertex 6.15788 -8 56.5281
      vertex 6.45972 -8 56.4781
    endloop
  endfacet
  facet normal 0 1 0
    outer loop
      vertex 6.15788 -8 56.5281
      vertex 6.25727 -8 56.2163
      vertex 5.87884 -8 56.2451
    endloop
  endfacet
  facet normal 0 1 -0
    outer loop
      vertex 5.91128 -8 55.8655
      vertex 5.87884 -8 56.2451
      vertex 6.25727 -8 56.2163
    endloop
  endfacet
  facet normal 0 1 0
    outer loop
      vertex 5.87884 -8 56.2451
      vertex 5.91128 -8 55.8655
      vertex 5.57069 -8 56.031
    endloop
  endfacet
  facet normal 0 1 -0
    outer loop
      vertex 5.79375 -8 55.7463
      vertex 5.57069 -8 56.031
      vertex 5.91128 -8 55.8655
    endloop
  endfacet
  facet normal 0 1 -0
    outer loop
      vertex 5.70831 -8 55.687
      vertex 5.57069 -8 56.031
      vertex 5.79375 -8 55.7463
    endloop
  endfacet
  facet normal 0 1 0
    outer loop
      vertex 5.50915 -8 55.9882
      vertex 5.70831 -8 55.687
      vertex 5.46411 -8 55.9744
    endloop
  endfacet
  facet normal 0 1 0
    outer loop
      vertex 5.57069 -8 56.031
      vertex 5.70831 -8 55.687
      vertex 5.50915 -8 55.9882
    endloop
  endfacet
  facet normal 0 1 0
    outer loop
      vertex 5.38893 -8 55.465
      vertex 5.46411 -8 55.9744
      vertex 5.70831 -8 55.687
    endloop
  endfacet
  facet normal 0 1 0
    outer loop
      vertex 5.46411 -8 55.9744
      vertex 5.38893 -8 55.465
      vertex 5.1957 -8 55.8923
    endloop
  endfacet
  facet normal 0 1 0
    outer loop
      vertex 5.1957 -8 55.8923
      vertex 5.38893 -8 55.465
      vertex 5.1857 -8 55.8923
    endloop
  endfacet
  facet normal 0 1 0
    outer loop
      vertex 5.04981 -8 55.3613
      vertex 5.1857 -8 55.8923
      vertex 5.38893 -8 55.465
    endloop
  endfacet
  facet normal -0 1 0
    outer loop
      vertex 5 -8 55.3674
      vertex 5.1857 -8 55.8923
      vertex 5.04981 -8 55.3613
    endloop
  endfacet
  facet normal 0 1 0
    outer loop
      vertex 5.1857 -8 55.8923
      vertex 5 -8 55.3674
      vertex 5 -8 55.931
    endloop
  endfacet
  facet normal 0 1 0
    outer loop
      vertex 5.04981 -8 55.3613
      vertex 5.03275 -8 55.3606
      vertex 5 -8 55.3674
    endloop
  endfacet
  facet normal 0 1 0
    outer loop
      vertex 5.03568 -8 55.36
      vertex 5.04981 -8 55.3613
      vertex 5.04568 -8 55.36
    endloop
  endfacet
  facet normal 0 1 0
    outer loop
      vertex 5.04981 -8 55.3613
      vertex 5.03568 -8 55.36
      vertex 5.03275 -8 55.3606
    endloop
  endfacet
  facet normal 0 -1 0
    outer loop
      vertex 19.4504 -8 88.6468
      vertex 21.0413 -8 94
      vertex 20.9266 -8 94
    endloop
  endfacet
  facet normal 0 -1 0
    outer loop
      vertex 19.4504 -8 88.6468
      vertex 19.4504 -8 88.231
      vertex 21.0413 -8 94
    endloop
  endfacet
  facet normal 0 -1 0
    outer loop
      vertex 18.9266 -8 88.2915
      vertex 19.4504 -8 88.231
      vertex 19.4504 -8 88.6468
    endloop
  endfacet
  facet normal 0 -1 -0
    outer loop
      vertex 18.9266 -8 88.2915
      vertex 18.8642 -8 87.8332
      vertex 19.4504 -8 88.231
    endloop
  endfacet
  facet normal 0 -1 0
    outer loop
      vertex 18.9266 -8 88.2915
      vertex 18.7681 -8 87.7628
      vertex 18.8642 -8 87.8332
    endloop
  endfacet
  facet normal 0 -1 0
    outer loop
      vertex 18.1511 -8 87.7237
      vertex 18.7681 -8 87.7628
      vertex 18.9266 -8 88.2915
    endloop
  endfacet
  facet normal 0 -1 0
    outer loop
      vertex 17.9399 -8 87.1565
      vertex 18.1511 -8 87.7237
      vertex 17.97 -8 87.5911
    endloop
  endfacet
  facet normal 0 -1 -0
    outer loop
      vertex 18.1511 -8 87.7237
      vertex 17.9399 -8 87.1565
      vertex 18.7681 -8 87.7628
    endloop
  endfacet
  facet normal 0 -1 0
    outer loop
      vertex 14.2842 -8 83.7749
      vertex 17.9399 -8 87.1565
      vertex 17.97 -8 87.5911
    endloop
  endfacet
  facet normal 0 -1 0
    outer loop
      vertex 14.2842 -8 83.7749
      vertex 14.2842 -8 83.3715
      vertex 17.9399 -8 87.1565
    endloop
  endfacet
  facet normal 0 -1 0
    outer loop
      vertex 12.5367 -8 80.4164
      vertex 14.2842 -8 83.3715
      vertex 14.2842 -8 83.7749
    endloop
  endfacet
  facet normal 0 -1 -0
    outer loop
      vertex 12.5367 -8 80.4164
      vertex 12.4965 -8 79.9357
      vertex 14.2842 -8 83.3715
    endloop
  endfacet
  facet normal 0 -1 0
    outer loop
      vertex 9.46633 -8 74.3547
      vertex 12.4965 -8 79.9357
      vertex 12.5367 -8 80.4164
    endloop
  endfacet
  facet normal 0 -1 0
    outer loop
      vertex 9.46633 -8 74.3547
      vertex 9.46633 -8 73.9534
      vertex 12.4965 -8 79.9357
    endloop
  endfacet
  facet normal 0 -1 0
    outer loop
      vertex 7.4264 -8 69.7483
      vertex 9.46633 -8 73.9534
      vertex 9.46633 -8 74.3547
    endloop
  endfacet
  facet normal 0 -1 0
    outer loop
      vertex 7.4264 -8 69.7483
      vertex 7.45313 -8 69.4073
      vertex 9.46633 -8 73.9534
    endloop
  endfacet
  facet normal 0 -1 0
    outer loop
      vertex 6.05764 -8 66.4614
      vertex 7.45313 -8 69.4073
      vertex 7.4264 -8 69.7483
    endloop
  endfacet
  facet normal 0 -1 0
    outer loop
      vertex 6.05764 -8 66.4614
      vertex 6.1023 -8 66.1635
      vertex 7.45313 -8 69.4073
    endloop
  endfacet
  facet normal 0 -1 0
    outer loop
      vertex 5.90026 -8 66.0574
      vertex 6.1023 -8 66.1635
      vertex 6.05764 -8 66.4614
    endloop
  endfacet
  facet normal 0 -1 -0
    outer loop
      vertex 5.90026 -8 66.0574
      vertex 5.61322 -8 64.908
      vertex 6.1023 -8 66.1635
    endloop
  endfacet
  facet normal 0 -1 0
    outer loop
      vertex 5.43095 -8 64.8526
      vertex 5.61322 -8 64.908
      vertex 5.90026 -8 66.0574
    endloop
  endfacet
  facet normal 0 -1 0
    outer loop
      vertex 5.43095 -8 64.8526
      vertex 5.51569 -8 64.6576
      vertex 5.61322 -8 64.908
    endloop
  endfacet
  facet normal 0 -1 0
    outer loop
      vertex 5.43095 -8 64.8526
      vertex 5.44873 -8 64.4643
      vertex 5.51569 -8 64.6576
    endloop
  endfacet
  facet normal 0 -1 0
    outer loop
      vertex 5 -8 63.6084
      vertex 5.44873 -8 64.4643
      vertex 5.43095 -8 64.8526
    endloop
  endfacet
  facet normal 0 -1 0
    outer loop
      vertex 5 -8 63.6084
      vertex 5.00322 -8 63.178
      vertex 5.44873 -8 64.4643
    endloop
  endfacet
  facet normal -0 -1 0
    outer loop
      vertex 5.00322 -8 63.178
      vertex 5 -8 63.6084
      vertex 5 -8 63.1674
    endloop
  endfacet
  facet normal 0 1 0
    outer loop
      vertex 22.0205 -8 95.8355
      vertex 21.3997 -8 94
      vertex 21.5475 -8 95.8355
    endloop
  endfacet
  facet normal 0 1 0
    outer loop
      vertex 19.4504 -8 86.5154
      vertex 21.3997 -8 94
      vertex 22.0205 -8 95.8355
    endloop
  endfacet
  facet normal 0 1 0
    outer loop
      vertex 21.3997 -8 94
      vertex 19.4504 -8 86.5154
      vertex 19.4504 -8 86.9313
    endloop
  endfacet
  facet normal 0 1 -0
    outer loop
      vertex 19.4504 -8 86.5154
      vertex 18.6691 -8 86.4012
      vertex 19.4504 -8 86.9313
    endloop
  endfacet
  facet normal 0 1 0
    outer loop
      vertex 18.6067 -8 85.943
      vertex 18.6691 -8 86.4012
      vertex 19.4504 -8 86.5154
    endloop
  endfacet
  facet normal 0 1 0
    outer loop
      vertex 18.6691 -8 86.4012
      vertex 18.6067 -8 85.943
      vertex 18.5602 -8 86.3215
    endloop
  endfacet
  facet normal 0 1 0
    outer loop
      vertex 18.4956 -8 85.8616
      vertex 18.5602 -8 86.3215
      vertex 18.6067 -8 85.943
    endloop
  endfacet
  facet normal 0 1 -0
    outer loop
      vertex 18.4956 -8 85.8616
      vertex 17.8459 -8 85.7986
      vertex 18.5602 -8 86.3215
    endloop
  endfacet
  facet normal 0 1 0
    outer loop
      vertex 17.8158 -8 85.364
      vertex 17.8459 -8 85.7986
      vertex 18.4956 -8 85.8616
    endloop
  endfacet
  facet normal 0 1 -0
    outer loop
      vertex 17.8158 -8 85.364
      vertex 14.2842 -8 82.1108
      vertex 17.8459 -8 85.7986
    endloop
  endfacet
  facet normal 0 1 0
    outer loop
      vertex 14.2842 -8 81.7074
      vertex 14.2842 -8 82.1108
      vertex 17.8158 -8 85.364
    endloop
  endfacet
  facet normal 0 1 -0
    outer loop
      vertex 14.2842 -8 81.7074
      vertex 12.3708 -8 78.4334
      vertex 14.2842 -8 82.1108
    endloop
  endfacet
  facet normal 0 1 0
    outer loop
      vertex 12.3305 -8 77.9527
      vertex 12.3708 -8 78.4334
      vertex 14.2842 -8 81.7074
    endloop
  endfacet
  facet normal 0 1 -0
    outer loop
      vertex 12.3305 -8 77.9527
      vertex 9.46633 -8 72.6993
      vertex 12.3708 -8 78.4334
    endloop
  endfacet
  facet normal 0 1 0
    outer loop
      vertex 9.46633 -8 72.298
      vertex 9.46633 -8 72.6993
      vertex 12.3305 -8 77.9527
    endloop
  endfacet
  facet normal 0 1 -0
    outer loop
      vertex 9.46633 -8 72.298
      vertex 7.53666 -8 68.3418
      vertex 9.46633 -8 72.6993
    endloop
  endfacet
  facet normal 0 1 -0
    outer loop
      vertex 7.56339 -8 68.0009
      vertex 7.53666 -8 68.3418
      vertex 9.46633 -8 72.298
    endloop
  endfacet
  facet normal 0 1 0
    outer loop
      vertex 7.56339 -8 68.0009
      vertex 6.24187 -8 65.2326
      vertex 7.53666 -8 68.3418
    endloop
  endfacet
  facet normal 0 1 -0
    outer loop
      vertex 6.28653 -8 64.9347
      vertex 6.24187 -8 65.2326
      vertex 7.56339 -8 68.0009
    endloop
  endfacet
  facet normal 0 1 0
    outer loop
      vertex 6.28653 -8 64.9347
      vertex 6.09433 -8 64.8539
      vertex 6.24187 -8 65.2326
    endloop
  endfacet
  facet normal 0 1 0
    outer loop
      vertex 5.98378 -8 64.1576
      vertex 6.09433 -8 64.8539
      vertex 6.28653 -8 64.9347
    endloop
  endfacet
  facet normal 0 1 -0
    outer loop
      vertex 5.98378 -8 64.1576
      vertex 5.78048 -8 64.0482
      vertex 6.09433 -8 64.8539
    endloop
  endfacet
  facet normal 0 1 -0
    outer loop
      vertex 5.86522 -8 63.8532
      vertex 5.78048 -8 64.0482
      vertex 5.98378 -8 64.1576
    endloop
  endfacet
  facet normal 0 1 0
    outer loop
      vertex 5.86522 -8 63.8532
      vertex 5.42779 -8 63.0299
      vertex 5.78048 -8 64.0482
    endloop
  endfacet
  facet normal 0 1 -0
    outer loop
      vertex 5.55815 -8 62.9666
      vertex 5.42779 -8 63.0299
      vertex 5.86522 -8 63.8532
    endloop
  endfacet
  facet normal 0 1 0
    outer loop
      vertex 5.55815 -8 62.9666
      vertex 5.3774 -8 62.8844
      vertex 5.42779 -8 63.0299
    endloop
  endfacet
  facet normal 0 1 -0
    outer loop
      vertex 5.49714 -8 62.7904
      vertex 5.3774 -8 62.8844
      vertex 5.55815 -8 62.9666
    endloop
  endfacet
  facet normal 0 1 -0
    outer loop
      vertex 5.45244 -8 62.6439
      vertex 5.3774 -8 62.8844
      vertex 5.49714 -8 62.7904
    endloop
  endfacet
  facet normal 0 1 0
    outer loop
      vertex 5.45244 -8 62.6439
      vertex 5.03964 -8 61.7772
      vertex 5.3774 -8 62.8844
    endloop
  endfacet
  facet normal 0 1 -0
    outer loop
      vertex 5.18498 -8 61.7672
      vertex 5.03964 -8 61.7772
      vertex 5.45244 -8 62.6439
    endloop
  endfacet
  facet normal 0 1 0
    outer loop
      vertex 5.18498 -8 61.7672
      vertex 5.03554 -8 61.7638
      vertex 5.03964 -8 61.7772
    endloop
  endfacet
  facet normal 0 1 0
    outer loop
      vertex 5.18498 -8 61.7672
      vertex 5 -8 61.6289
      vertex 5.03554 -8 61.7638
    endloop
  endfacet
  facet normal -0 1 0
    outer loop
      vertex 5 -8 61.6289
      vertex 5.18498 -8 61.7672
      vertex 5 -8 61.0654
    endloop
  endfacet
  facet normal 0 1 0
    outer loop
      vertex 21.5475 -8 95.8355
      vertex 21.3997 -8 94
      vertex 21.0413 -8 94
    endloop
  endfacet
  facet normal -0 0.4227 0.90627
    outer loop
      vertex 21.73 6 97.4641
      vertex 22.2032 5.94104 97.4916
      vertex 22.2 6 97.4641
    endloop
  endfacet
  facet normal 0 0.422656 0.90629
    outer loop
      vertex 22.2032 5.94104 97.4916
      vertex 21.7646 5.36809 97.7588
      vertex 22.2346 5.36809 97.7588
    endloop
  endfacet
  facet normal -6.14304e-06 0.42266 0.906288
    outer loop
      vertex 22.2032 5.94104 97.4916
      vertex 21.73 6 97.4641
      vertex 21.7646 5.36809 97.7588
    endloop
  endfacet
  facet normal -0 0 1
    outer loop
      vertex 21.7736 3.81131 98
      vertex 22.2314 3.73884 98
      vertex 22.2378 4 98
    endloop
  endfacet
  facet normal 0 0 1
    outer loop
      vertex 21.7406 2.45402 98
      vertex 22.2314 3.73884 98
      vertex 21.7736 3.81131 98
    endloop
  endfacet
  facet normal 0 0 1
    outer loop
      vertex 21.7736 3.81131 98
      vertex 22.2378 4 98
      vertex 21.7782 4 98
    endloop
  endfacet
  facet normal 0 0 1
    outer loop
      vertex 21.7406 -2.45402 98
      vertex 22.2314 -3.73884 98
      vertex 22.2012 -2.49707 98
    endloop
  endfacet
  facet normal 0 0 1
    outer loop
      vertex 22.2314 3.73884 98
      vertex 21.7406 2.45402 98
      vertex 22.2012 2.49707 98
    endloop
  endfacet
  facet normal 0 0 1
    outer loop
      vertex 22.2012 2.49707 98
      vertex 21.7406 2.45402 98
      vertex 22.2012 -2.49707 98
    endloop
  endfacet
  facet normal -0 0 1
    outer loop
      vertex 21.7406 -2.45402 98
      vertex 22.2012 -2.49707 98
      vertex 21.7406 2.45402 98
    endloop
  endfacet
  facet normal 0 0 1
    outer loop
      vertex 22.2378 -4 98
      vertex 21.7736 -3.81131 98
      vertex 21.7782 -4 98
    endloop
  endfacet
  facet normal 0 0 1
    outer loop
      vertex 22.2314 -3.73884 98
      vertex 21.7406 -2.45402 98
      vertex 21.7736 -3.81131 98
    endloop
  endfacet
  facet normal 0 0 1
    outer loop
      vertex 22.2314 -3.73884 98
      vertex 21.7736 -3.81131 98
      vertex 22.2378 -4 98
    endloop
  endfacet
  facet normal 0 -0.422656 0.90629
    outer loop
      vertex 21.7646 -5.36809 97.7588
      vertex 22.2032 -5.94104 97.4916
      vertex 22.2346 -5.36809 97.7588
    endloop
  endfacet
  facet normal -6.14304e-06 -0.42266 0.906288
    outer loop
      vertex 21.73 -6 97.4641
      vertex 22.2032 -5.94104 97.4916
      vertex 21.7646 -5.36809 97.7588
    endloop
  endfacet
  facet normal 0 -0.4227 0.90627
    outer loop
      vertex 22.2032 -5.94104 97.4916
      vertex 21.73 -6 97.4641
      vertex 22.2 -6 97.4641
    endloop
  endfacet
  facet normal 0 0.707149 0.707064
    outer loop
      vertex 22.0643 6.90521 96.7301
      vertex 21.6618 6.57115 97.0642
      vertex 22.1318 6.57115 97.0642
    endloop
  endfacet
  facet normal -0 0.706951 0.707262
    outer loop
      vertex 21.5621 7.06418 96.5712
      vertex 22.0643 6.90521 96.7301
      vertex 22.0364 7.06418 96.5712
    endloop
  endfacet
  facet normal 9.07522e-05 0.707094 0.707119
    outer loop
      vertex 22.0643 6.90521 96.7301
      vertex 21.5621 7.06418 96.5712
      vertex 21.6618 6.57115 97.0642
    endloop
  endfacet
  facet normal 0 -0.087199 0.996191
    outer loop
      vertex 21.7782 -4 98
      vertex 22.2378 -4.6946 97.9392
      vertex 22.2378 -4 98
    endloop
  endfacet
  facet normal 0 -0.087199 0.996191
    outer loop
      vertex 22.2378 -4.6946 97.9392
      vertex 21.7782 -4 98
      vertex 21.7782 -4.6946 97.9392
    endloop
  endfacet
  facet normal 0 -0.258105 0.966117
    outer loop
      vertex 22.2378 -4.6946 97.9392
      vertex 21.7782 -4.6946 97.9392
      vertex 22.2346 -4.75711 97.9225
    endloop
  endfacet
  facet normal -9.19628e-05 -0.258732 0.965949
    outer loop
      vertex 21.7646 -4.96564 97.8666
      vertex 22.2346 -4.75711 97.9225
      vertex 21.7782 -4.6946 97.9392
    endloop
  endfacet
  facet normal -5.85995e-05 -0.258802 0.96593
    outer loop
      vertex 22.2346 -4.75711 97.9225
      vertex 21.7646 -4.96564 97.8666
      vertex 22.2346 -5.36809 97.7588
    endloop
  endfacet
  facet normal 0 -0.258738 0.965948
    outer loop
      vertex 22.2346 -5.36809 97.7588
      vertex 21.7646 -4.96564 97.8666
      vertex 21.7646 -5.36809 97.7588
    endloop
  endfacet
  facet normal 0 0.087199 0.996191
    outer loop
      vertex 22.2378 4.6946 97.9392
      vertex 21.7782 4 98
      vertex 22.2378 4 98
    endloop
  endfacet
  facet normal 0 0.087199 0.996191
    outer loop
      vertex 21.7782 4 98
      vertex 22.2378 4.6946 97.9392
      vertex 21.7782 4.6946 97.9392
    endloop
  endfacet
  facet normal 0 -0.996193 0.0871705
    outer loop
      vertex 21.0413 -8 94
      vertex 21.1133 -7.93922 94.6946
      vertex 20.9266 -8 94
    endloop
  endfacet
  facet normal 0 -0.996193 0.0871705
    outer loop
      vertex 21.3997 -8 94
      vertex 21.1133 -7.93922 94.6946
      vertex 21.0413 -8 94
    endloop
  endfacet
  facet normal 0 -0.996193 0.0871705
    outer loop
      vertex 21.1133 -7.93922 94.6946
      vertex 21.3997 -8 94
      vertex 21.5863 -7.93922 94.6946
    endloop
  endfacet
  facet normal -8.64138e-05 -0.819203 0.573504
    outer loop
      vertex 21.908 -7.4641 96
      vertex 21.5621 -7.06418 96.5712
      vertex 21.4767 -7.33076 96.1904
    endloop
  endfacet
  facet normal 0 -0.819111 0.573636
    outer loop
      vertex 21.908 -7.4641 96
      vertex 21.4767 -7.33076 96.1904
      vertex 21.4349 -7.4641 96
    endloop
  endfacet
  facet normal 0 -0.819178 0.573539
    outer loop
      vertex 21.5621 -7.06418 96.5712
      vertex 21.908 -7.4641 96
      vertex 22.0333 -7.06418 96.5712
    endloop
  endfacet
  facet normal -3.14923e-06 0.573554 0.819168
    outer loop
      vertex 21.7234 6.05527 97.4254
      vertex 22.2 6 97.4641
      vertex 22.1318 6.57115 97.0642
    endloop
  endfacet
  facet normal 0 0.573572 0.819155
    outer loop
      vertex 22.2 6 97.4641
      vertex 21.7234 6.05527 97.4254
      vertex 21.73 6 97.4641
    endloop
  endfacet
  facet normal 0 0.573552 0.819169
    outer loop
      vertex 21.7234 6.05527 97.4254
      vertex 22.1318 6.57115 97.0642
      vertex 21.6618 6.57115 97.0642
    endloop
  endfacet
  facet normal 0.789901 -0.0535734 -0.61089
    outer loop
      vertex 9.47633 -12.0187 59.4812
      vertex 6.50744 -8 55.2899
      vertex 6.7741 -8 55.6347
    endloop
  endfacet
  facet normal 0.789968 -0.0534443 -0.610814
    outer loop
      vertex 6.50744 -8 55.2899
      vertex 9.47633 -12.0187 59.4812
      vertex 9.47633 -13.2016 59.5847
    endloop
  endfacet
  facet normal -0.7989 -0.580974 -0.155652
    outer loop
      vertex 9.46633 -18.727 65.1102
      vertex 5 -10.297 56.569
      vertex 9.46633 -18.4197 63.9632
    endloop
  endfacet
  facet normal 0.790291 0.0533219 -0.610407
    outer loop
      vertex 7.66898 8 56.9702
      vertex 7.42931 8 56.6599
      vertex 9.47633 11.1427 59.5847
    endloop
  endfacet
  facet normal -0.934116 -0.150849 0.323531
    outer loop
      vertex 5.44873 -8 64.4643
      vertex 5.00322 -8 63.178
      vertex 9.46633 -15.4547 72.5883
    endloop
  endfacet
  facet normal 0.790226 0.0534262 -0.610483
    outer loop
      vertex 7.66898 8 56.9702
      vertex 9.47633 9.95985 59.4812
      vertex 8.14672 8 57.5886
    endloop
  endfacet
  facet normal 0.79023 0.0534172 -0.610478
    outer loop
      vertex 9.47633 9.95985 59.4812
      vertex 7.66898 8 56.9702
      vertex 9.47633 11.1427 59.5847
    endloop
  endfacet
  facet normal 0.249798 0.555447 -0.793146
    outer loop
      vertex 5.74949 8 55.4624
      vertex 9.47633 13.3657 60.3938
      vertex 5.85808 8 55.4966
    endloop
  endfacet
  facet normal 0.249908 0.555381 -0.793157
    outer loop
      vertex 9.47633 13.3657 60.3938
      vertex 5.74949 8 55.4624
      vertex 9.47633 14.3384 61.0749
    endloop
  endfacet
  facet normal -0.936801 0.200669 0.286593
    outer loop
      vertex 9.46633 13.3958 72.5883
      vertex 5.84425 8 64.5267
      vertex 6.21017 8 65.7228
    endloop
  endfacet
  facet normal -0.688231 -0.657525 -0.306593
    outer loop
      vertex 9.46633 -18.4197 63.9632
      vertex 5 -10.297 56.569
      vertex 5 -9.91129 55.7418
    endloop
  endfacet
  facet normal 0.249817 0.555436 -0.793147
    outer loop
      vertex 6.2251 8 55.6122
      vertex 5.85808 8 55.4966
      vertex 9.47633 13.3657 60.3938
    endloop
  endfacet
  facet normal -0.926791 0.0971891 0.362784
    outer loop
      vertex 9.46633 12.3197 73.0901
      vertex 7.55393 8 69.3618
      vertex 7.66232 8 69.6387
    endloop
  endfacet
  facet normal -0.145461 -0.699586 -0.699586
    outer loop
      vertex 5 -9.38774 54.9941
      vertex 9.46633 -16.3972 61.0749
      vertex 9.46633 -17.2368 61.9145
    endloop
  endfacet
  facet normal -0.14543 -0.699578 -0.6996
    outer loop
      vertex 9.46633 -16.3972 61.0749
      vertex 5 -9.38774 54.9941
      vertex 5 -8.74232 54.3487
    endloop
  endfacet
  facet normal -0.933273 0.294224 0.205994
    outer loop
      vertex 9.46633 15.208 71.0676
      vertex 5.0543 8 61.3738
      vertex 5.34967 8 62.712
    endloop
  endfacet
  facet normal -0.892951 0.44844 0.0392409
    outer loop
      vertex 5 8.61282 58.6364
      vertex 5 8.53326 59.5456
      vertex 9.46633 16.6982 67.8719
    endloop
  endfacet
  facet normal -0.926773 -0.340427 0.158746
    outer loop
      vertex 9.46633 -17.9479 70.095
      vertex 5 -9.91129 61.2545
      vertex 9.46633 -18.4497 69.0189
    endloop
  endfacet
  facet normal -0.926135 0.341853 0.159404
    outer loop
      vertex 5.04673 8 61.3358
      vertex 5 8.29703 60.4273
      vertex 5 8 61.0643
    endloop
  endfacet
  facet normal -0.926136 0.341851 0.159404
    outer loop
      vertex 5 8.29703 60.4273
      vertex 5.04673 8 61.3358
      vertex 9.46633 16.3909 69.0189
    endloop
  endfacet
  facet normal 0.818258 0 -0.574851
    outer loop
      vertex 9.47633 8 59.4812
      vertex 8.14672 8 57.5886
      vertex 9.47633 9.95985 59.4812
    endloop
  endfacet
  facet normal 0.818263 0 -0.574844
    outer loop
      vertex 9.47633 -12.0187 59.4812
      vertex 6.7741 -8 55.6347
      vertex 9.47633 -8 59.4812
    endloop
  endfacet
  facet normal -0.877911 0.478825 0
    outer loop
      vertex 9.46633 16.8017 66.6891
      vertex 5 8.61282 58.36
      vertex 5 8.61282 58.6364
    endloop
  endfacet
  facet normal -0.914544 -0.390707 0.104677
    outer loop
      vertex 9.46633 -18.4497 69.0189
      vertex 5 -10.297 60.4273
      vertex 9.46633 -18.757 67.8719
    endloop
  endfacet
  facet normal -0.933859 0.151104 0.324152
    outer loop
      vertex 9.46633 13.3958 72.5883
      vertex 6.21017 8 65.7228
      vertex 6.53753 8 66.6659
    endloop
  endfacet
  facet normal -0.921382 -0.0619206 0.383695
    outer loop
      vertex 7.45313 -8 69.4073
      vertex 6.1023 -8 66.1635
      vertex 9.46633 -13.2316 73.3974
    endloop
  endfacet
  facet normal -0.796102 0.584547 -0.15661
    outer loop
      vertex 9.46633 16.3608 63.9632
      vertex 5 8.29703 56.569
      vertex 9.46633 16.6681 65.1102
    endloop
  endfacet
  facet normal -0.879344 -0.476186 -0
    outer loop
      vertex 5 -10.6128 58.6364
      vertex 5 -10.6128 58.36
      vertex 9.46633 -18.8605 66.6891
    endloop
  endfacet
  facet normal -0.926772 -0.340434 0.158739
    outer loop
      vertex 5 -9.91129 61.2545
      vertex 5 -10.297 60.4273
      vertex 9.46633 -18.4497 69.0189
    endloop
  endfacet
  facet normal -0.796097 0.584552 -0.156616
    outer loop
      vertex 9.46633 16.6681 65.1102
      vertex 5 8.29703 56.569
      vertex 5 8.53326 57.4507
    endloop
  endfacet
  facet normal -0.85726 0.512924 -0.0448787
    outer loop
      vertex 9.46633 16.6681 65.1102
      vertex 5 8.53326 57.4507
      vertex 5 8.61282 58.36
    endloop
  endfacet
  facet normal 0.532989 -0.357561 -0.766859
    outer loop
      vertex 9.47633 -14.3485 59.892
      vertex 5.01377 -8 53.8303
      vertex 5.52785 -8 54.1876
    endloop
  endfacet
  facet normal -0.688208 -0.657537 -0.306619
    outer loop
      vertex 9.46633 -18.4197 63.9632
      vertex 5 -9.91129 55.7418
      vertex 9.46633 -17.9179 62.8871
    endloop
  endfacet
  facet normal -0.859053 -0.509941 -0.0445841
    outer loop
      vertex 9.46633 -18.727 65.1102
      vertex 5 -10.6128 58.36
      vertex 5 -10.5333 57.4507
    endloop
  endfacet
  facet normal -0.926802 0.0972232 0.362747
    outer loop
      vertex 7.98213 8 70.4558
      vertex 9.46633 12.3197 73.0901
      vertex 7.66232 8 69.6387
    endloop
  endfacet
  facet normal -0.926793 0.0972022 0.362776
    outer loop
      vertex 9.46633 12.3197 73.0901
      vertex 7.98213 8 70.4558
      vertex 9.46633 11.1728 73.3974
    endloop
  endfacet
  facet normal -0.927874 0.100965 0.358964
    outer loop
      vertex 9.46633 12.3197 73.0901
      vertex 6.76886 8 67.3325
      vertex 7.55393 8 69.3618
    endloop
  endfacet
  facet normal -0.92742 -0.0968024 0.361277
    outer loop
      vertex 6.1023 -8 66.1635
      vertex 5.61322 -8 64.908
      vertex 9.46633 -13.2316 73.3974
    endloop
  endfacet
  facet normal -0.93387 0.151189 0.324081
    outer loop
      vertex 6.76886 8 67.3325
      vertex 9.46633 13.3958 72.5883
      vertex 6.53753 8 66.6659
    endloop
  endfacet
  facet normal -0.933863 0.151143 0.324124
    outer loop
      vertex 9.46633 13.3958 72.5883
      vertex 6.76886 8 67.3325
      vertex 9.46633 12.3197 73.0901
    endloop
  endfacet
  facet normal 0.699744 -0.184836 -0.690068
    outer loop
      vertex 9.47633 -13.2016 59.5847
      vertex 5.52785 -8 54.1876
      vertex 5.62627 -8 54.2874
    endloop
  endfacet
  facet normal 0.699695 -0.184905 -0.690099
    outer loop
      vertex 5.52785 -8 54.1876
      vertex 9.47633 -13.2016 59.5847
      vertex 9.47633 -14.3485 59.892
    endloop
  endfacet
  facet normal 0 -0.660069 -0.751205
    outer loop
      vertex 9.46633 -16.3972 61.0749
      vertex 5.01 -8.74232 54.3487
      vertex 9.47633 -16.3972 61.0749
    endloop
  endfacet
  facet normal -0 -0.660069 -0.751205
    outer loop
      vertex 5.01 -8.74232 54.3487
      vertex 9.46633 -16.3972 61.0749
      vertex 5 -8.74232 54.3487
    endloop
  endfacet
  facet normal 0.243025 -0.556388 -0.794589
    outer loop
      vertex 5.01 -8.74232 54.3487
      vertex 5.01323 -8 53.8299
      vertex 9.47633 -15.4246 60.3938
    endloop
  endfacet
  facet normal 0.245822 -0.555992 -0.794005
    outer loop
      vertex 5.01323 -8 53.8299
      vertex 5.01 -8.74232 54.3487
      vertex 5.01 -8 53.8289
    endloop
  endfacet
  facet normal 0.699657 -0.184957 -0.690124
    outer loop
      vertex 9.47633 -13.2016 59.5847
      vertex 5.62627 -8 54.2874
      vertex 6.11709 -8 54.785
    endloop
  endfacet
  facet normal -0.913696 0.392554 0.105171
    outer loop
      vertex 9.46633 16.6982 67.8719
      vertex 5 8.29703 60.4273
      vertex 9.46633 16.3909 69.0189
    endloop
  endfacet
  facet normal -0.913761 0.0541606 0.402626
    outer loop
      vertex 9.46633 11.1728 73.3974
      vertex 7.98213 8 70.4558
      vertex 9.46633 8 73.8242
    endloop
  endfacet
  facet normal -0.936616 0.247735 0.247745
    outer loop
      vertex 5.73657 8 64.1747
      vertex 9.46633 15.208 71.0676
      vertex 5.34967 8 62.712
    endloop
  endfacet
  facet normal -0.936616 0.24774 0.24774
    outer loop
      vertex 9.46633 15.208 71.0676
      vertex 5.73657 8 64.1747
      vertex 9.46633 14.3684 71.9072
    endloop
  endfacet
  facet normal 0.700941 0.184587 -0.688919
    outer loop
      vertex 6.78632 8 56.0057
      vertex 9.47633 11.1427 59.5847
      vertex 7.12727 8 56.3526
    endloop
  endfacet
  facet normal 0.70094 0.184589 -0.68892
    outer loop
      vertex 9.47633 11.1427 59.5847
      vertex 6.78632 8 56.0057
      vertex 9.47633 12.2896 59.892
    endloop
  endfacet
  facet normal -0.798858 -0.581015 -0.155715
    outer loop
      vertex 9.46633 -18.727 65.1102
      vertex 5 -10.5333 57.4507
      vertex 5 -10.297 56.569
    endloop
  endfacet
  facet normal -0.934108 -0.150793 0.323579
    outer loop
      vertex 9.46633 -15.4547 72.5883
      vertex 5.51569 -8 64.6576
      vertex 5.44873 -8 64.4643
    endloop
  endfacet
  facet normal -0.934116 -0.150852 0.323528
    outer loop
      vertex 5.51569 -8 64.6576
      vertex 9.46633 -15.4547 72.5883
      vertex 9.46633 -14.3785 73.0901
    endloop
  endfacet
  facet normal -0.683605 0.661471 -0.30845
    outer loop
      vertex 5.04689 8 55.8281
      vertex 5 8.29703 56.569
      vertex 9.46633 16.3608 63.9632
    endloop
  endfacet
  facet normal -0.683921 0.661187 -0.308357
    outer loop
      vertex 5 8.29703 56.569
      vertex 5.04689 8 55.8281
      vertex 5 8 55.9321
    endloop
  endfacet
  facet normal -0.927431 -0.0968664 0.361232
    outer loop
      vertex 9.46633 -14.3785 73.0901
      vertex 5.61322 -8 64.908
      vertex 5.51569 -8 64.6576
    endloop
  endfacet
  facet normal -0.92742 -0.0968006 0.361278
    outer loop
      vertex 5.61322 -8 64.908
      vertex 9.46633 -14.3785 73.0901
      vertex 9.46633 -13.2316 73.3974
    endloop
  endfacet
  facet normal -0.936801 0.200693 0.286576
    outer loop
      vertex 5.84425 8 64.5267
      vertex 9.46633 14.3684 71.9072
      vertex 5.73657 8 64.1747
    endloop
  endfacet
  facet normal -0.936801 0.200688 0.28658
    outer loop
      vertex 9.46633 14.3684 71.9072
      vertex 5.84425 8 64.5267
      vertex 9.46633 13.3958 72.5883
    endloop
  endfacet
  facet normal -0.681846 0.662325 -0.310502
    outer loop
      vertex 5.04689 8 55.8281
      vertex 9.46633 15.859 62.8871
      vertex 5.04985 8 55.8216
    endloop
  endfacet
  facet normal -0.683602 0.661472 -0.308453
    outer loop
      vertex 9.46633 15.859 62.8871
      vertex 5.04689 8 55.8281
      vertex 9.46633 16.3608 63.9632
    endloop
  endfacet
  facet normal 0 0.662935 -0.748677
    outer loop
      vertex 5.74949 8 55.4624
      vertex 9.46633 14.3384 61.0749
      vertex 9.47633 14.3384 61.0749
    endloop
  endfacet
  facet normal 0 0.662935 -0.748677
    outer loop
      vertex 9.46633 14.3384 61.0749
      vertex 5.74949 8 55.4624
      vertex 5.73949 8 55.4624
    endloop
  endfacet
  facet normal -0.926244 0.341192 0.160186
    outer loop
      vertex 5.04967 8 61.3528
      vertex 9.46633 16.3909 69.0189
      vertex 5.04673 8 61.3358
    endloop
  endfacet
  facet normal -0.926137 0.341846 0.159408
    outer loop
      vertex 9.46633 16.3909 69.0189
      vertex 5.04967 8 61.3528
      vertex 9.46633 15.8891 70.095
    endloop
  endfacet
  facet normal -0.933249 0.294464 0.205759
    outer loop
      vertex 5.0543 8 61.3738
      vertex 9.46633 15.8891 70.095
      vertex 5.04967 8 61.3528
    endloop
  endfacet
  facet normal -0.933278 0.294192 0.206019
    outer loop
      vertex 9.46633 15.8891 70.095
      vertex 5.0543 8 61.3738
      vertex 9.46633 15.208 71.0676
    endloop
  endfacet
  facet normal 0.700926 0.184608 -0.688928
    outer loop
      vertex 7.42931 8 56.6599
      vertex 7.12727 8 56.3526
      vertex 9.47633 11.1427 59.5847
    endloop
  endfacet
  facet normal 0.536514 0.356502 -0.764891
    outer loop
      vertex 6.2251 8 55.6122
      vertex 9.47633 12.2896 59.892
      vertex 6.43282 8 55.7579
    endloop
  endfacet
  facet normal 0.536314 0.356701 -0.764939
    outer loop
      vertex 9.47633 12.2896 59.892
      vertex 6.2251 8 55.6122
      vertex 9.47633 13.3657 60.3938
    endloop
  endfacet
  facet normal 0.536232 0.356772 -0.764964
    outer loop
      vertex 6.78632 8 56.0057
      vertex 6.43282 8 55.7579
      vertex 9.47633 12.2896 59.892
    endloop
  endfacet
  facet normal -0.862003 -0.505456 -0.0382824
    outer loop
      vertex 9.46633 -18.8605 66.6891
      vertex 5 -10.6128 58.36
      vertex 9.46633 -18.8305 66.293
    endloop
  endfacet
  facet normal -0.859037 -0.509966 -0.0446241
    outer loop
      vertex 9.46633 -18.8305 66.293
      vertex 5 -10.6128 58.36
      vertex 9.46633 -18.727 65.1102
    endloop
  endfacet
  facet normal -0.913509 -0.0429933 0.40454
    outer loop
      vertex 9.46633 -8 73.9534
      vertex 7.45313 -8 69.4073
      vertex 9.46633 -13.2316 73.3974
    endloop
  endfacet
  facet normal -0.482402 -0.717509 -0.502463
    outer loop
      vertex 9.46633 -17.9179 62.8871
      vertex 5 -9.91129 55.7418
      vertex 9.46633 -17.2368 61.9145
    endloop
  endfacet
  facet normal 0 -0.573593 -0.819141
    outer loop
      vertex 5 -8.74232 54.3487
      vertex 5.01 -8 53.8289
      vertex 5.01 -8.74232 54.3487
    endloop
  endfacet
  facet normal -0 -0.573593 -0.819141
    outer loop
      vertex 5.01 -8 53.8289
      vertex 5 -8.74232 54.3487
      vertex 5 -8 53.8289
    endloop
  endfacet
  facet normal -0.475206 0.720759 -0.504665
    outer loop
      vertex 9.46633 15.178 61.9145
      vertex 5.04985 8 55.8216
      vertex 9.46633 15.859 62.8871
    endloop
  endfacet
  facet normal -0.474791 0.720793 -0.505005
    outer loop
      vertex 5.04985 8 55.8216
      vertex 9.46633 15.178 61.9145
      vertex 5.05453 8 55.8172
    endloop
  endfacet
  facet normal -0.892951 0.44844 0.0392404
    outer loop
      vertex 9.46633 16.8017 66.6891
      vertex 5 8.61282 58.6364
      vertex 9.46633 16.6982 67.8719
    endloop
  endfacet
  facet normal -0.475222 0.720757 -0.504651
    outer loop
      vertex 5.35102 8 55.538
      vertex 5.05453 8 55.8172
      vertex 9.46633 15.178 61.9145
    endloop
  endfacet
  facet normal -0.482471 -0.717503 -0.502405
    outer loop
      vertex 9.46633 -17.2368 61.9145
      vertex 5 -9.91129 55.7418
      vertex 5 -9.38774 54.9941
    endloop
  endfacet
  facet normal -0.937604 -0.199441 0.284819
    outer loop
      vertex 5 -8.74232 62.6476
      vertex 5.00322 -8 63.178
      vertex 5 -8 63.1674
    endloop
  endfacet
  facet normal -0.937124 -0.200193 0.285869
    outer loop
      vertex 5.00322 -8 63.178
      vertex 5 -8.74232 62.6476
      vertex 9.46633 -15.4547 72.5883
    endloop
  endfacet
  facet normal -0.937124 -0.200191 0.28587
    outer loop
      vertex 9.46633 -15.4547 72.5883
      vertex 5 -8.74232 62.6476
      vertex 9.46633 -16.4273 71.9072
    endloop
  endfacet
  facet normal 0.532949 -0.357601 -0.766868
    outer loop
      vertex 5.01323 -8 53.8299
      vertex 9.47633 -14.3485 59.892
      vertex 9.47633 -15.4246 60.3938
    endloop
  endfacet
  facet normal 0.562011 -0.329384 -0.758715
    outer loop
      vertex 9.47633 -14.3485 59.892
      vertex 5.01323 -8 53.8299
      vertex 5.01377 -8 53.8303
    endloop
  endfacet
  facet normal -0.136429 0.700495 -0.700495
    outer loop
      vertex 9.46633 14.3384 61.0749
      vertex 5.35102 8 55.538
      vertex 9.46633 15.178 61.9145
    endloop
  endfacet
  facet normal -0.136332 0.70047 -0.700539
    outer loop
      vertex 5.35102 8 55.538
      vertex 9.46633 14.3384 61.0749
      vertex 5.73949 8 55.4624
    endloop
  endfacet
  facet normal -0.913697 0.392551 0.105175
    outer loop
      vertex 5 8.53326 59.5456
      vertex 5 8.29703 60.4273
      vertex 9.46633 16.6982 67.8719
    endloop
  endfacet
  facet normal -0.894127 -0.44611 0.0390077
    outer loop
      vertex 5 -10.5333 59.5456
      vertex 5 -10.6128 58.6364
      vertex 9.46633 -18.757 67.8719
    endloop
  endfacet
  facet normal -0.894138 -0.446086 0.0390344
    outer loop
      vertex 9.46633 -18.757 67.8719
      vertex 5 -10.6128 58.6364
      vertex 9.46633 -18.8605 66.6891
    endloop
  endfacet
  facet normal 0.242943 -0.556435 -0.794581
    outer loop
      vertex 9.47633 -16.3972 61.0749
      vertex 5.01 -8.74232 54.3487
      vertex 9.47633 -15.4246 60.3938
    endloop
  endfacet
  facet normal -0.857258 0.512927 -0.0448833
    outer loop
      vertex 9.46633 16.6681 65.1102
      vertex 5 8.61282 58.36
      vertex 9.46633 16.7716 66.293
    endloop
  endfacet
  facet normal -0.860211 0.508472 -0.0386393
    outer loop
      vertex 9.46633 16.7716 66.293
      vertex 5 8.61282 58.36
      vertex 9.46633 16.8017 66.6891
    endloop
  endfacet
  facet normal -0.933773 -0.293151 0.20526
    outer loop
      vertex 9.46633 -17.2669 71.0676
      vertex 5 -9.91129 61.2545
      vertex 9.46633 -17.9479 70.095
    endloop
  endfacet
  facet normal -0.933773 -0.293145 0.205264
    outer loop
      vertex 5 -9.38774 62.0022
      vertex 5 -9.91129 61.2545
      vertex 9.46633 -17.2669 71.0676
    endloop
  endfacet
  facet normal -0.937016 -0.246979 0.246987
    outer loop
      vertex 9.46633 -17.2669 71.0676
      vertex 5 -8.74232 62.6476
      vertex 5 -9.38774 62.0022
    endloop
  endfacet
  facet normal -0.937016 -0.246983 0.246983
    outer loop
      vertex 5 -8.74232 62.6476
      vertex 9.46633 -17.2669 71.0676
      vertex 9.46633 -16.4273 71.9072
    endloop
  endfacet
  facet normal -0.91455 -0.390685 0.104705
    outer loop
      vertex 5 -10.297 60.4273
      vertex 5 -10.5333 59.5456
      vertex 9.46633 -18.757 67.8719
    endloop
  endfacet
  facet normal 0.790005 -0.053388 -0.610771
    outer loop
      vertex 9.47633 -13.2016 59.5847
      vertex 6.11709 -8 54.785
      vertex 6.50744 -8 55.2899
    endloop
  endfacet
  facet normal -0.888948 -0.118537 0.442403
    outer loop
      vertex 12.1037 -15.5076 78.087
      vertex 9.46633 -13.2316 73.3974
      vertex 9.46633 -14.3785 73.0901
    endloop
  endfacet
  facet normal -0.888945 -0.118506 0.442417
    outer loop
      vertex 12.2805 -15.538 78.4341
      vertex 9.46633 -13.2316 73.3974
      vertex 12.1037 -15.5076 78.087
    endloop
  endfacet
  facet normal -0.888957 -0.118664 0.442351
    outer loop
      vertex 12.505 -15.6508 78.855
      vertex 9.46633 -13.2316 73.3974
      vertex 12.2805 -15.538 78.4341
    endloop
  endfacet
  facet normal -0.888952 -0.118594 0.442379
    outer loop
      vertex 12.505 -15.6508 78.855
      vertex 14.2842 -16.4411 82.2184
      vertex 9.46633 -13.2316 73.3974
    endloop
  endfacet
  facet normal -0.888956 -0.118308 0.442449
    outer loop
      vertex 14.2842 -16.4411 82.2184
      vertex 12.505 -15.6508 78.855
      vertex 12.5758 -15.7097 78.9815
    endloop
  endfacet
  facet normal 0.532821 -0.0737529 -0.843008
    outer loop
      vertex 9.47633 -13.2016 59.5847
      vertex 14.2903 -15.3384 62.8143
      vertex 14.2903 -16.9752 62.9575
    endloop
  endfacet
  facet normal 0.531788 -0.0766727 -0.8434
    outer loop
      vertex 14.2903 -15.3384 62.8143
      vertex 9.47633 -13.2016 59.5847
      vertex 14.2903 -15.3362 62.8141
    endloop
  endfacet
  facet normal 0.535916 -0.0649008 -0.841773
    outer loop
      vertex 14.2907 -15.3316 62.814
      vertex 14.2903 -15.3362 62.8141
      vertex 9.47633 -13.2016 59.5847
    endloop
  endfacet
  facet normal 0.535222 -0.0669027 -0.842058
    outer loop
      vertex 9.47633 -13.2016 59.5847
      vertex 14.2908 -15.3308 62.814
      vertex 14.2907 -15.3316 62.814
    endloop
  endfacet
  facet normal 0.532824 -0.0737603 -0.843005
    outer loop
      vertex 14.2908 -15.3308 62.814
      vertex 9.47633 -13.2016 59.5847
      vertex 9.47633 -12.0187 59.4812
    endloop
  endfacet
  facet normal -0.543637 -0.760763 -0.354541
    outer loop
      vertex 13.76 -23.5481 68.3793
      vertex 14.2842 -23.5377 67.5532
      vertex 14.2842 -23.6948 67.8903
    endloop
  endfacet
  facet normal -0.543774 -0.760624 -0.354627
    outer loop
      vertex 14.2842 -23.5377 67.5532
      vertex 13.76 -23.5481 68.3793
      vertex 9.46633 -17.9179 62.8871
    endloop
  endfacet
  facet normal -0.154814 -0.698582 -0.698582
    outer loop
      vertex 9.46633 -17.2368 61.9145
      vertex 14.2842 -21.4228 65.0328
      vertex 14.2842 -22.5905 66.2005
    endloop
  endfacet
  facet normal -0.154814 -0.698582 -0.698582
    outer loop
      vertex 14.2842 -21.4228 65.0328
      vertex 9.46633 -17.2368 61.9145
      vertex 9.46633 -16.3972 61.0749
    endloop
  endfacet
  facet normal 0.465212 0.229099 -0.855039
    outer loop
      vertex 9.47633 12.2896 59.892
      vertex 14.2894 15.5485 63.3839
      vertex 9.47633 11.1427 59.5847
    endloop
  endfacet
  facet normal 0.474892 0.213442 -0.853768
    outer loop
      vertex 14.2894 15.5485 63.3839
      vertex 9.47633 12.2896 59.892
      vertex 14.2894 15.5497 63.3842
    endloop
  endfacet
  facet normal -0.799491 -0.598393 0.0523367
    outer loop
      vertex 14.2842 -24.8069 72.2901
      vertex 13.7195 -23.9707 73.2245
      vertex 13.9211 -24.3509 71.9571
    endloop
  endfacet
  facet normal -0.799502 -0.598381 0.0523197
    outer loop
      vertex 14.2842 -24.7037 73.4704
      vertex 13.7195 -23.9707 73.2245
      vertex 14.2842 -24.8069 72.2901
    endloop
  endfacet
  facet normal -0.799513 -0.598357 0.0524188
    outer loop
      vertex 13.7195 -23.9707 73.2245
      vertex 14.2842 -24.7037 73.4704
      vertex 14.0032 -24.3185 73.5815
    endloop
  endfacet
  facet normal -0.799477 -0.598409 0.052376
    outer loop
      vertex 12.5494 -22.5364 71.7519
      vertex 9.46633 -18.757 67.8719
      vertex 12.6955 -22.812 70.8332
    endloop
  endfacet
  facet normal -0.890557 -0.191848 0.412435
    outer loop
      vertex 13.5674 -17.5659 80.462
      vertex 14.2842 -18.0362 81.791
      vertex 13.5336 -17.4664 80.4353
    endloop
  endfacet
  facet normal -0.890526 -0.192596 0.412153
    outer loop
      vertex 14.2842 -18.0362 81.791
      vertex 13.5674 -17.5659 80.462
      vertex 13.5931 -17.6659 80.4708
    endloop
  endfacet
  facet normal -0.890534 -0.192243 0.4123
    outer loop
      vertex 11.2839 -16.4286 76.06
      vertex 9.46633 -14.3785 73.0901
      vertex 9.46633 -15.4547 72.5883
    endloop
  endfacet
  facet normal -0.890536 -0.192442 0.412204
    outer loop
      vertex 9.46633 -14.3785 73.0901
      vertex 11.3639 -16.0849 76.393
      vertex 11.4523 -15.8863 76.6767
    endloop
  endfacet
  facet normal -0.89053 -0.19212 0.412368
    outer loop
      vertex 9.46633 -14.3785 73.0901
      vertex 11.2877 -16.393 76.0849
      vertex 11.3639 -16.0849 76.393
    endloop
  endfacet
  facet normal -0.890594 -0.192983 0.411826
    outer loop
      vertex 9.46633 -14.3785 73.0901
      vertex 11.2839 -16.4286 76.06
      vertex 11.2877 -16.393 76.0849
    endloop
  endfacet
  facet normal -0.856512 -0.467787 0.218091
    outer loop
      vertex 12.6223 -21.7826 74.2646
      vertex 9.46633 -18.4497 69.0189
      vertex 12.5208 -22.1178 73.147
    endloop
  endfacet
  facet normal -0.230139 0.797156 -0.558192
    outer loop
      vertex 14.2842 19.5701 66.2005
      vertex 9.46633 15.178 61.9145
      vertex 14.2842 20.5173 67.5532
    endloop
  endfacet
  facet normal -0.833713 -0.533378 0.142939
    outer loop
      vertex 12.5208 -22.1178 73.147
      vertex 9.46633 -18.4497 69.0189
      vertex 12.5411 -22.415 72.1564
    endloop
  endfacet
  facet normal -0.833779 -0.533306 0.142819
    outer loop
      vertex 13.9588 -24.2434 73.6032
      vertex 13.7092 -23.8205 73.7252
      vertex 13.7168 -23.9312 73.3562
    endloop
  endfacet
  facet normal -0.833708 -0.533394 0.142905
    outer loop
      vertex 12.5494 -22.5364 71.7519
      vertex 9.46633 -18.4497 69.0189
      vertex 9.46633 -18.757 67.8719
    endloop
  endfacet
  facet normal -0.833719 -0.533361 0.142967
    outer loop
      vertex 9.46633 -18.4497 69.0189
      vertex 12.5494 -22.5364 71.7519
      vertex 12.5411 -22.415 72.1564
    endloop
  endfacet
  facet normal -0.833786 -0.533286 0.142852
    outer loop
      vertex 13.7195 -23.9707 73.2245
      vertex 13.9588 -24.2434 73.6032
      vertex 13.7168 -23.9312 73.3562
    endloop
  endfacet
  facet normal -0.833508 -0.533882 0.142247
    outer loop
      vertex 13.9588 -24.2434 73.6032
      vertex 13.7195 -23.9707 73.2245
      vertex 14.0032 -24.3185 73.5815
    endloop
  endfacet
  facet normal -0.891061 -0.0479674 0.451342
    outer loop
      vertex 9.46633 -8 73.9534
      vertex 9.46633 -13.2316 73.3974
      vertex 12.4965 -8 79.9357
    endloop
  endfacet
  facet normal 0.0743655 -0.57203 -0.816855
    outer loop
      vertex 9.47633 -15.4246 60.3938
      vertex 14.2853 -20.071 64.0854
      vertex 14.2853 -21.4116 65.0242
    endloop
  endfacet
  facet normal 0.102236 -0.551794 -0.827691
    outer loop
      vertex 14.2853 -20.071 64.0854
      vertex 9.47633 -15.4246 60.3938
      vertex 14.2853 -20.0707 64.0852
    endloop
  endfacet
  facet normal 0.0798856 -0.568087 -0.819082
    outer loop
      vertex 14.2876 -20.0636 64.0805
      vertex 14.2853 -20.0707 64.0852
      vertex 9.47633 -15.4246 60.3938
    endloop
  endfacet
  facet normal -0.371331 -0.760554 -0.532607
    outer loop
      vertex 14.2842 -22.5905 66.2005
      vertex 9.46633 -17.9179 62.8871
      vertex 9.46633 -17.2368 61.9145
    endloop
  endfacet
  facet normal -0.885342 -0.062927 0.460662
    outer loop
      vertex 14.2842 -16.4411 82.2184
      vertex 12.4965 -8 79.9357
      vertex 9.46633 -13.2316 73.3974
    endloop
  endfacet
  facet normal -0.885344 -0.0629284 0.460658
    outer loop
      vertex 12.4965 -8 79.9357
      vertex 14.2842 -16.4411 82.2184
      vertex 14.2842 -8 83.3715
    endloop
  endfacet
  facet normal 0.277493 -0.404135 -0.871592
    outer loop
      vertex 9.47633 -15.4246 60.3938
      vertex 14.2891 -18.5689 63.384
      vertex 14.2889 -18.5699 63.3844
    endloop
  endfacet
  facet normal 0.275848 -0.406225 -0.871142
    outer loop
      vertex 14.2891 -18.5689 63.384
      vertex 9.47633 -15.4246 60.3938
      vertex 9.47633 -14.3485 59.892
    endloop
  endfacet
  facet normal 0.4409 -0.217689 -0.870758
    outer loop
      vertex 9.47633 -14.3485 59.892
      vertex 14.2891 -18.5677 63.3837
      vertex 14.2891 -18.5689 63.384
    endloop
  endfacet
  facet normal 0.428244 -0.233878 -0.872874
    outer loop
      vertex 14.2891 -18.5677 63.3837
      vertex 9.47633 -14.3485 59.892
      vertex 9.47633 -13.2016 59.5847
    endloop
  endfacet
  facet normal 0.00190343 -0.617586 -0.786501
    outer loop
      vertex 14.2842 -21.4228 65.0328
      vertex 9.47633 -16.3972 61.0749
      vertex 14.2853 -21.4135 65.0255
    endloop
  endfacet
  facet normal -0 -0.618712 -0.785618
    outer loop
      vertex 9.47633 -16.3972 61.0749
      vertex 14.2842 -21.4228 65.0328
      vertex 9.46633 -16.3972 61.0749
    endloop
  endfacet
  facet normal 0.088616 -0.562462 -0.82206
    outer loop
      vertex 9.47633 -16.3972 61.0749
      vertex 14.2853 -21.4116 65.0242
      vertex 14.2853 -21.4135 65.0255
    endloop
  endfacet
  facet normal 0.0743609 -0.572032 -0.816853
    outer loop
      vertex 14.2853 -21.4116 65.0242
      vertex 9.47633 -16.3972 61.0749
      vertex 9.47633 -15.4246 60.3938
    endloop
  endfacet
  facet normal -0.543095 -0.760744 -0.355411
    outer loop
      vertex 9.46633 -18.4197 63.9632
      vertex 13.76 -23.5481 68.3793
      vertex 13.7011 -23.5317 68.4342
    endloop
  endfacet
  facet normal -0.543706 -0.760641 -0.354697
    outer loop
      vertex 13.76 -23.5481 68.3793
      vertex 9.46633 -18.4197 63.9632
      vertex 9.46633 -17.9179 62.8871
    endloop
  endfacet
  facet normal -0.371367 -0.760564 -0.532569
    outer loop
      vertex 14.2842 -23.5377 67.5532
      vertex 9.46633 -17.9179 62.8871
      vertex 14.2842 -22.5905 66.2005
    endloop
  endfacet
  facet normal -0.888956 -0.118315 0.442447
    outer loop
      vertex 12.7261 -15.8349 79.25
      vertex 14.2842 -16.4411 82.2184
      vertex 12.5758 -15.7097 78.9815
    endloop
  endfacet
  facet normal -0.88895 -0.118525 0.442401
    outer loop
      vertex 12.9371 -16.0849 79.607
      vertex 14.2842 -16.4411 82.2184
      vertex 12.7261 -15.8349 79.25
    endloop
  endfacet
  facet normal -0.888935 -0.118822 0.442353
    outer loop
      vertex 13.1316 -16.393 79.9151
      vertex 14.2842 -16.4411 82.2184
      vertex 12.9371 -16.0849 79.607
    endloop
  endfacet
  facet normal -0.888966 -0.118511 0.442375
    outer loop
      vertex 13.3036 -16.75 80.1651
      vertex 14.2842 -16.4411 82.2184
      vertex 13.1316 -16.393 79.9151
    endloop
  endfacet
  facet normal -0.888951 -0.118596 0.442381
    outer loop
      vertex 13.4479 -17.1449 80.3492
      vertex 14.2842 -16.4411 82.2184
      vertex 13.3036 -16.75 80.1651
    endloop
  endfacet
  facet normal -0.888976 -0.118502 0.442356
    outer loop
      vertex 13.5336 -17.4664 80.4353
      vertex 14.2842 -16.4411 82.2184
      vertex 13.4479 -17.1449 80.3492
    endloop
  endfacet
  facet normal -0.888966 -0.118531 0.442369
    outer loop
      vertex 14.2842 -16.4411 82.2184
      vertex 13.5336 -17.4664 80.4353
      vertex 14.2842 -18.0362 81.791
    endloop
  endfacet
  facet normal -0.88895 -0.11836 0.442447
    outer loop
      vertex 9.46633 -14.3785 73.0901
      vertex 11.8484 -15.538 77.5659
      vertex 12.0594 -15.5 78
    endloop
  endfacet
  facet normal -0.888949 -0.118643 0.442373
    outer loop
      vertex 9.46633 -14.3785 73.0901
      vertex 11.654 -15.6508 77.145
      vertex 11.8484 -15.538 77.5659
    endloop
  endfacet
  facet normal -0.888949 -0.11863 0.442377
    outer loop
      vertex 9.46633 -14.3785 73.0901
      vertex 11.482 -15.8349 76.75
      vertex 11.654 -15.6508 77.145
    endloop
  endfacet
  facet normal -0.888902 -0.117716 0.442715
    outer loop
      vertex 11.482 -15.8349 76.75
      vertex 9.46633 -14.3785 73.0901
      vertex 11.4523 -15.8863 76.6767
    endloop
  endfacet
  facet normal -0.888935 -0.119328 0.442217
    outer loop
      vertex 9.46633 -14.3785 73.0901
      vertex 12.0594 -15.5 78
      vertex 12.1037 -15.5076 78.087
    endloop
  endfacet
  facet normal -0.666202 -0.720435 -0.19274
    outer loop
      vertex 9.46633 -18.727 65.1102
      vertex 13.2359 -23.3046 69.1912
      vertex 13.1461 -23.2607 69.3375
    endloop
  endfacet
  facet normal -0.665999 -0.72054 -0.193045
    outer loop
      vertex 13.2359 -23.3046 69.1912
      vertex 9.46633 -18.727 65.1102
      vertex 9.46633 -18.4197 63.9632
    endloop
  endfacet
  facet normal -0.878194 -0.35594 0.319502
    outer loop
      vertex 11.8247 -19.6098 74.9398
      vertex 9.46633 -17.2669 71.0676
      vertex 11.9429 -20.0034 74.8262
    endloop
  endfacet
  facet normal -0.882172 0.199025 0.426805
    outer loop
      vertex 9.46633 12.3197 73.0901
      vertex 13.9796 14.9134 81.2092
      vertex 9.46633 13.3958 72.5883
    endloop
  endfacet
  facet normal -0.882189 0.198723 0.42691
    outer loop
      vertex 13.9796 14.9134 81.2092
      vertex 9.46633 12.3197 73.0901
      vertex 13.9796 14.8453 81.2409
    endloop
  endfacet
  facet normal -0.876015 0.276609 0.395077
    outer loop
      vertex 14.2842 17.8652 80.1459
      vertex 14.2315 16.4784 81
      vertex 14.2842 16.6453 81
    endloop
  endfacet
  facet normal -0.876091 0.276538 0.394958
    outer loop
      vertex 14.2315 16.4784 81
      vertex 14.2842 17.8652 80.1459
      vertex 9.46633 13.3958 72.5883
    endloop
  endfacet
  facet normal 0.275845 -0.406225 -0.871143
    outer loop
      vertex 9.47633 -15.4246 60.3938
      vertex 14.2876 -18.5764 63.387
      vertex 14.2876 -20.0636 64.0805
    endloop
  endfacet
  facet normal 0.283195 -0.396863 -0.873098
    outer loop
      vertex 14.2876 -18.5764 63.387
      vertex 9.47633 -15.4246 60.3938
      vertex 14.2876 -18.5753 63.3865
    endloop
  endfacet
  facet normal 0.2744 -0.408061 -0.870742
    outer loop
      vertex 14.2879 -18.5742 63.3861
      vertex 9.47633 -15.4246 60.3938
      vertex 14.2889 -18.5699 63.3844
    endloop
  endfacet
  facet normal 0.284491 -0.3952 -0.873431
    outer loop
      vertex 9.47633 -15.4246 60.3938
      vertex 14.2879 -18.5742 63.3861
      vertex 14.2876 -18.5753 63.3865
    endloop
  endfacet
  facet normal 0.428225 -0.233897 -0.872878
    outer loop
      vertex 14.2891 -18.5677 63.3837
      vertex 9.47633 -13.2016 59.5847
      vertex 14.2891 -16.9809 62.9585
    endloop
  endfacet
  facet normal 0.422222 -0.242144 -0.873553
    outer loop
      vertex 14.2903 -16.9752 62.9575
      vertex 14.2891 -16.9809 62.9585
      vertex 9.47633 -13.2016 59.5847
    endloop
  endfacet
  facet normal -0.423222 0.821152 -0.382873
    outer loop
      vertex 14.2842 20.5173 67.5532
      vertex 13.9259 20.8168 68.5916
      vertex 14.2842 20.9796 68.5447
    endloop
  endfacet
  facet normal -0.423177 0.821179 -0.382865
    outer loop
      vertex 13.9259 20.8168 68.5916
      vertex 14.2842 20.5173 67.5532
      vertex 9.46633 15.859 62.8871
    endloop
  endfacet
  facet normal -0.230182 0.797164 -0.558162
    outer loop
      vertex 14.2842 20.5173 67.5532
      vertex 9.46633 15.178 61.9145
      vertex 9.46633 15.859 62.8871
    endloop
  endfacet
  facet normal -0.849794 0.431826 0.302286
    outer loop
      vertex 12.3132 18.4341 74.462
      vertex 14.2842 20.5173 77.027
      vertex 12.4681 18.7726 74.4139
    endloop
  endfacet
  facet normal -0.84979 0.431848 0.302265
    outer loop
      vertex 14.2842 20.5173 77.027
      vertex 12.3132 18.4341 74.462
      vertex 12.2238 18.2467 74.4784
    endloop
  endfacet
  facet normal -0.849731 0.431963 0.302267
    outer loop
      vertex 9.46633 15.8891 70.095
      vertex 9.67187 16.0849 70.393
      vertex 9.67216 16.0868 70.3911
    endloop
  endfacet
  facet normal -0.849765 0.431811 0.302389
    outer loop
      vertex 9.46633 15.8891 70.095
      vertex 9.67187 15.8349 70.75
      vertex 9.67187 16.0849 70.393
    endloop
  endfacet
  facet normal -0.849767 0.431807 0.302389
    outer loop
      vertex 9.46633 15.208 71.0676
      vertex 9.67187 15.8349 70.75
      vertex 9.46633 15.8891 70.095
    endloop
  endfacet
  facet normal -0.849855 0.431751 0.302222
    outer loop
      vertex 9.67187 15.8349 70.75
      vertex 9.46633 15.208 71.0676
      vertex 9.71881 15.6508 71.145
    endloop
  endfacet
  facet normal -0.849819 0.431701 0.302393
    outer loop
      vertex 9.71881 15.6508 71.145
      vertex 9.46633 15.208 71.0676
      vertex 9.78966 15.5643 71.4676
    endloop
  endfacet
  facet normal -0.422858 0.821198 -0.383177
    outer loop
      vertex 13.9259 20.8168 68.5916
      vertex 9.46633 16.3608 63.9632
      vertex 13.8585 20.7862 68.6004
    endloop
  endfacet
  facet normal -0.423102 0.821187 -0.382931
    outer loop
      vertex 9.46633 16.3608 63.9632
      vertex 13.9259 20.8168 68.5916
      vertex 9.46633 15.859 62.8871
    endloop
  endfacet
  facet normal 0.465183 0.229136 -0.855045
    outer loop
      vertex 14.2894 13.9607 62.9584
      vertex 9.47633 11.1427 59.5847
      vertex 14.2894 15.5485 63.3839
    endloop
  endfacet
  facet normal 0.467106 0.225693 -0.854912
    outer loop
      vertex 9.47633 11.1427 59.5847
      vertex 14.2894 13.9607 62.9584
      vertex 14.2904 13.9556 62.9576
    endloop
  endfacet
  facet normal -0.890558 -0.192136 0.412299
    outer loop
      vertex 13.6787 -18 80.5
      vertex 14.2842 -18.0362 81.791
      vertex 13.5931 -17.6659 80.4708
    endloop
  endfacet
  facet normal -0.890513 -0.192406 0.41227
    outer loop
      vertex 13.7549 -18.4341 80.462
      vertex 14.2842 -18.0362 81.791
      vertex 13.6787 -18 80.5
    endloop
  endfacet
  facet normal -0.890537 -0.192202 0.412313
    outer loop
      vertex 14.2842 -19.5329 81.093
      vertex 13.7549 -18.4341 80.462
      vertex 13.8667 -19.1795 80.356
    endloop
  endfacet
  facet normal -0.890559 -0.192253 0.412242
    outer loop
      vertex 13.7549 -18.4341 80.462
      vertex 14.2842 -19.5329 81.093
      vertex 14.2842 -18.0362 81.791
    endloop
  endfacet
  facet normal -0.890529 -0.192323 0.412275
    outer loop
      vertex 9.46633 -15.4547 72.5883
      vertex 11.2491 -16.75 75.8349
      vertex 11.2839 -16.4286 76.06
    endloop
  endfacet
  facet normal -0.890532 -0.192178 0.412335
    outer loop
      vertex 11.2491 -16.75 75.8349
      vertex 9.46633 -15.4547 72.5883
      vertex 11.2491 -16.9637 75.7353
    endloop
  endfacet
  facet normal -0.88804 -0.263731 0.376604
    outer loop
      vertex 9.46633 -16.4273 71.9072
      vertex 11.3409 -17.5678 75.5288
      vertex 9.46633 -15.4547 72.5883
    endloop
  endfacet
  facet normal -0.888038 -0.263745 0.376599
    outer loop
      vertex 11.3409 -17.5678 75.5288
      vertex 9.46633 -16.4273 71.9072
      vertex 11.4647 -18.2765 75.3244
    endloop
  endfacet
  facet normal -0.883412 0.0852732 0.460773
    outer loop
      vertex 11.9085 8 78.6668
      vertex 14.2842 13.4207 82.2184
      vertex 9.46633 11.1728 73.3974
    endloop
  endfacet
  facet normal -0.88342 0.0852882 0.460755
    outer loop
      vertex 14.2842 13.4207 82.2184
      vertex 11.9085 8 78.6668
      vertex 14.2842 8 83.2218
    endloop
  endfacet
  facet normal -0.87609 0.27657 0.394938
    outer loop
      vertex 9.46633 14.3684 71.9072
      vertex 9.46633 13.3958 72.5883
      vertex 14.2842 17.8652 80.1459
    endloop
  endfacet
  facet normal -0.680443 0.73002 -0.0637819
    outer loop
      vertex 12.7001 20.007 68.8252
      vertex 9.46633 16.7716 66.293
      vertex 12.3665 19.7037 68.9127
    endloop
  endfacet
  facet normal -0.680398 0.730053 -0.0638827
    outer loop
      vertex 9.46633 16.7716 66.293
      vertex 12.7001 20.007 68.8252
      vertex 9.46633 16.6681 65.1102
    endloop
  endfacet
  facet normal -0.864803 0.355046 0.355046
    outer loop
      vertex 9.46633 14.3684 71.9072
      vertex 9.86477 15.5243 71.7218
      vertex 9.46633 15.208 71.0676
    endloop
  endfacet
  facet normal -0.864807 0.355057 0.355027
    outer loop
      vertex 11.3243 16.683 74.1182
      vertex 14.2842 17.8652 80.1459
      vertex 14.2842 19.0329 78.9781
    endloop
  endfacet
  facet normal -0.864756 0.35524 0.354966
    outer loop
      vertex 11.1218 16.393 73.9151
      vertex 14.2842 17.8652 80.1459
      vertex 11.3243 16.683 74.1182
    endloop
  endfacet
  facet normal -0.864787 0.355121 0.35501
    outer loop
      vertex 10.8688 16.0849 73.607
      vertex 14.2842 17.8652 80.1459
      vertex 11.1218 16.393 73.9151
    endloop
  endfacet
  facet normal -0.86482 0.355713 0.354337
    outer loop
      vertex 9.46633 14.3684 71.9072
      vertex 10.8688 16.0849 73.607
      vertex 10.6197 15.8349 73.25
    endloop
  endfacet
  facet normal -0.864797 0.354878 0.35523
    outer loop
      vertex 9.46633 14.3684 71.9072
      vertex 10.6197 15.8349 73.25
      vertex 10.3819 15.6508 72.855
    endloop
  endfacet
  facet normal -0.864836 0.355045 0.354968
    outer loop
      vertex 9.86477 15.5243 71.7218
      vertex 9.46633 14.3684 71.9072
      vertex 9.96898 15.5 72
    endloop
  endfacet
  facet normal -0.864818 0.354996 0.35506
    outer loop
      vertex 10.8688 16.0849 73.607
      vertex 9.46633 14.3684 71.9072
      vertex 14.2842 17.8652 80.1459
    endloop
  endfacet
  facet normal -0.864813 0.355037 0.355031
    outer loop
      vertex 10.1628 15.538 72.4341
      vertex 9.46633 14.3684 71.9072
      vertex 10.3819 15.6508 72.855
    endloop
  endfacet
  facet normal -0.86481 0.355027 0.355048
    outer loop
      vertex 9.96898 15.5 72
      vertex 9.46633 14.3684 71.9072
      vertex 10.1628 15.538 72.4341
    endloop
  endfacet
  facet normal -0.799472 -0.598425 0.0522707
    outer loop
      vertex 14.2842 -24.8069 72.2901
      vertex 13.9211 -24.3509 71.9571
      vertex 13.9331 -24.3735 71.8819
    endloop
  endfacet
  facet normal -0.799466 -0.598424 0.0523647
    outer loop
      vertex 12.7479 -22.9107 70.504
      vertex 9.46633 -18.757 67.8719
      vertex 9.46633 -18.8605 66.6891
    endloop
  endfacet
  facet normal -0.799422 -0.598498 0.0521933
    outer loop
      vertex 9.46633 -18.757 67.8719
      vertex 12.7479 -22.9107 70.504
      vertex 12.6955 -22.812 70.8332
    endloop
  endfacet
  facet normal -0.856523 -0.467752 0.218119
    outer loop
      vertex 12.6223 -21.7826 74.2646
      vertex 9.46633 -17.9479 70.095
      vertex 9.46633 -18.4497 69.0189
    endloop
  endfacet
  facet normal -0.856508 -0.467809 0.218057
    outer loop
      vertex 9.46633 -17.9479 70.095
      vertex 12.6223 -21.7826 74.2646
      vertex 12.4684 -21.431 74.4144
    endloop
  endfacet
  facet normal -0.856205 -0.468004 0.218827
    outer loop
      vertex 12.4684 -21.431 74.4144
      vertex 12.6223 -21.7826 74.2646
      vertex 12.6271 -21.7666 74.3176
    endloop
  endfacet
  facet normal 0.542628 0.0760476 -0.836523
    outer loop
      vertex 9.47633 11.1427 59.5847
      vertex 14.2904 12.3181 62.8143
      vertex 14.2904 12.3159 62.8141
    endloop
  endfacet
  facet normal 0.543233 0.0731933 -0.836386
    outer loop
      vertex 14.2904 12.3181 62.8143
      vertex 9.47633 11.1427 59.5847
      vertex 14.2904 13.9556 62.9576
    endloop
  endfacet
  facet normal 0.545591 0.0618135 -0.835769
    outer loop
      vertex 9.47633 11.1427 59.5847
      vertex 14.2904 12.3159 62.8141
      vertex 14.2907 12.3119 62.814
    endloop
  endfacet
  facet normal 0.00217699 0.696369 -0.717681
    outer loop
      vertex 9.47633 14.3384 61.0749
      vertex 14.2842 18.4024 65.0328
      vertex 14.2865 18.3959 65.0265
    endloop
  endfacet
  facet normal 0 0.697693 -0.716397
    outer loop
      vertex 14.2842 18.4024 65.0328
      vertex 9.47633 14.3384 61.0749
      vertex 9.46633 14.3384 61.0749
    endloop
  endfacet
  facet normal -0.8881 -0.263691 0.376492
    outer loop
      vertex 14.1357 -20.1543 80.3078
      vertex 13.8667 -19.1795 80.356
      vertex 14.0919 -20.131 80.2208
    endloop
  endfacet
  facet normal -0.888045 -0.263682 0.376626
    outer loop
      vertex 13.8667 -19.1795 80.356
      vertex 14.1357 -20.1543 80.3078
      vertex 14.2842 -19.5329 81.093
    endloop
  endfacet
  facet normal -0.888031 -0.263707 0.376643
    outer loop
      vertex 14.2157 -20.2206 80.45
      vertex 14.2842 -19.5329 81.093
      vertex 14.1357 -20.1543 80.3078
    endloop
  endfacet
  facet normal -0.888072 -0.26365 0.376586
    outer loop
      vertex 14.2842 -19.5329 81.093
      vertex 14.2157 -20.2206 80.45
      vertex 14.2842 -20.2965 80.5584
    endloop
  endfacet
  facet normal -0.88803 -0.26382 0.376565
    outer loop
      vertex 9.46633 -15.4547 72.5883
      vertex 11.2671 -17.1449 75.6508
      vertex 11.2491 -16.9637 75.7353
    endloop
  endfacet
  facet normal -0.88804 -0.263635 0.376672
    outer loop
      vertex 11.2671 -17.1449 75.6508
      vertex 9.46633 -15.4547 72.5883
      vertex 11.3409 -17.5678 75.5288
    endloop
  endfacet
  facet normal 0.0985107 0.637071 -0.764485
    outer loop
      vertex 9.47633 13.3657 60.3938
      vertex 14.2865 17.0517 64.0853
      vertex 14.2865 17.0511 64.0848
    endloop
  endfacet
  facet normal 0.185825 0.563587 -0.804884
    outer loop
      vertex 14.2865 17.0517 64.0853
      vertex 9.47633 13.3657 60.3938
      vertex 14.2865 18.3943 65.0254
    endloop
  endfacet
  facet normal 0.193065 0.557 -0.80776
    outer loop
      vertex 9.47633 13.3657 60.3938
      vertex 14.2865 17.0511 64.0848
      vertex 14.2882 17.045 64.081
    endloop
  endfacet
  facet normal 0.3481 0.396191 -0.849623
    outer loop
      vertex 9.47633 13.3657 60.3938
      vertex 14.2894 15.5497 63.3842
      vertex 9.47633 12.2896 59.892
    endloop
  endfacet
  facet normal 0.382953 0.334871 -0.860935
    outer loop
      vertex 14.2894 15.5497 63.3842
      vertex 9.47633 13.3657 60.3938
      vertex 14.2892 15.5507 63.3845
    endloop
  endfacet
  facet normal -0.871324 -0.401969 0.281453
    outer loop
      vertex 12.1317 -20.5163 74.6783
      vertex 9.46633 -17.2669 71.0676
      vertex 9.46633 -17.9479 70.095
    endloop
  endfacet
  facet normal -0.871331 -0.401915 0.281507
    outer loop
      vertex 9.46633 -17.2669 71.0676
      vertex 12.1317 -20.5163 74.6783
      vertex 11.9429 -20.0034 74.8262
    endloop
  endfacet
  facet normal -0.883779 0.121215 0.451931
    outer loop
      vertex 14.2477 13.7019 82.0716
      vertex 14.2842 13.4207 82.2184
      vertex 14.2842 13.6403 82.1595
    endloop
  endfacet
  facet normal -0.883652 0.121342 0.452144
    outer loop
      vertex 14.1093 14.0716 81.7019
      vertex 14.2842 13.4207 82.2184
      vertex 14.2477 13.7019 82.0716
    endloop
  endfacet
  facet normal -0.883826 0.121082 0.451875
    outer loop
      vertex 14.1093 14.0716 81.7019
      vertex 9.46633 12.3197 73.0901
      vertex 14.2842 13.4207 82.2184
    endloop
  endfacet
  facet normal -0.883822 0.121247 0.451839
    outer loop
      vertex 14.0147 14.5 81.4019
      vertex 9.46633 12.3197 73.0901
      vertex 14.1093 14.0716 81.7019
    endloop
  endfacet
  facet normal -0.883823 0.120879 0.451936
    outer loop
      vertex 9.46633 12.3197 73.0901
      vertex 14.0147 14.5 81.4019
      vertex 13.9796 14.8453 81.2409
    endloop
  endfacet
  facet normal -0.753542 -0.655646 -0.0479868
    outer loop
      vertex 14.2842 -24.8069 72.2901
      vertex 13.9331 -24.3735 71.8819
      vertex 13.9398 -24.3797 71.8614
    endloop
  endfacet
  facet normal -0.75259 -0.656609 -0.0497305
    outer loop
      vertex 12.7773 -22.9376 70.4143
      vertex 9.46633 -18.8605 66.6891
      vertex 9.46633 -18.8305 66.293
    endloop
  endfacet
  facet normal -0.752579 -0.65662 -0.0497521
    outer loop
      vertex 9.46633 -18.8605 66.6891
      vertex 12.7773 -22.9376 70.4143
      vertex 12.7479 -22.9107 70.504
    endloop
  endfacet
  facet normal -0.796433 0.584126 0.156497
    outer loop
      vertex 9.46633 16.3909 69.0189
      vertex 10.6935 17.9576 69.4164
      vertex 9.46633 16.6982 67.8719
    endloop
  endfacet
  facet normal -0.796432 0.58408 0.156674
    outer loop
      vertex 10.6935 17.9576 69.4164
      vertex 9.46633 16.3909 69.0189
      vertex 10.1436 17.1449 69.6508
    endloop
  endfacet
  facet normal -0.796153 0.584755 0.15557
    outer loop
      vertex 10.1436 17.1449 69.6508
      vertex 9.46633 16.3909 69.0189
      vertex 10.1097 17.0922 69.6754
    endloop
  endfacet
  facet normal -0.882109 0.199584 0.426673
    outer loop
      vertex 13.9796 14.9739 81.1809
      vertex 9.46633 13.3958 72.5883
      vertex 13.9796 14.9134 81.2092
    endloop
  endfacet
  facet normal -0.882173 0.198997 0.426815
    outer loop
      vertex 14.0281 15.4791 81.0456
      vertex 9.46633 13.3958 72.5883
      vertex 13.9796 14.9739 81.1809
    endloop
  endfacet
  facet normal -0.882165 0.199094 0.426786
    outer loop
      vertex 14.1236 16 81
      vertex 9.46633 13.3958 72.5883
      vertex 14.0281 15.4791 81.0456
    endloop
  endfacet
  facet normal -0.882172 0.198968 0.42683
    outer loop
      vertex 9.46633 13.3958 72.5883
      vertex 14.1236 16 81
      vertex 14.2315 16.4784 81
    endloop
  endfacet
  facet normal 0.350278 0.392509 -0.850436
    outer loop
      vertex 9.47633 13.3657 60.3938
      vertex 14.2882 15.5566 63.3869
      vertex 14.2882 15.5553 63.3863
    endloop
  endfacet
  facet normal 0.348084 0.396211 -0.84962
    outer loop
      vertex 14.2882 15.5566 63.3869
      vertex 9.47633 13.3657 60.3938
      vertex 14.2882 17.045 64.081
    endloop
  endfacet
  facet normal 0.342777 0.405097 -0.847585
    outer loop
      vertex 14.2885 15.554 63.3858
      vertex 9.47633 13.3657 60.3938
      vertex 14.2882 15.5553 63.3863
    endloop
  endfacet
  facet normal 0.342033 0.406335 -0.847293
    outer loop
      vertex 9.47633 13.3657 60.3938
      vertex 14.2885 15.554 63.3858
      vertex 14.2892 15.5507 63.3845
    endloop
  endfacet
  facet normal -0.883826 0.121075 0.451876
    outer loop
      vertex 9.46633 12.3197 73.0901
      vertex 9.46633 11.1728 73.3974
      vertex 14.2842 13.4207 82.2184
    endloop
  endfacet
  facet normal -0.87133 -0.401943 0.281471
    outer loop
      vertex 12.1317 -20.5163 74.6783
      vertex 9.46633 -17.9479 70.095
      vertex 12.4684 -21.431 74.4144
    endloop
  endfacet
  facet normal -0.849801 0.431774 0.30234
    outer loop
      vertex 12.2238 18.2467 74.4784
      vertex 14.2842 19.5701 78.3797
      vertex 14.2842 20.5173 77.027
    endloop
  endfacet
  facet normal -0.849764 0.431887 0.302282
    outer loop
      vertex 12.1061 18 74.5
      vertex 14.2842 19.5701 78.3797
      vertex 12.2238 18.2467 74.4784
    endloop
  endfacet
  facet normal -0.849789 0.431806 0.302329
    outer loop
      vertex 11.872 17.5659 74.462
      vertex 14.2842 19.5701 78.3797
      vertex 12.1061 18 74.5
    endloop
  endfacet
  facet normal -0.849821 0.431683 0.302412
    outer loop
      vertex 14.2842 19.5701 78.3797
      vertex 11.872 17.5659 74.462
      vertex 11.6329 17.1696 74.3558
    endloop
  endfacet
  facet normal -0.849904 0.431352 0.302652
    outer loop
      vertex 9.81126 15.538 71.5659
      vertex 9.46633 15.208 71.0676
      vertex 9.82615 15.5338 71.6137
    endloop
  endfacet
  facet normal -0.849801 0.431826 0.302266
    outer loop
      vertex 9.46633 15.208 71.0676
      vertex 9.81126 15.538 71.5659
      vertex 9.78966 15.5643 71.4676
    endloop
  endfacet
  facet normal -0.686417 0.725133 -0.0548977
    outer loop
      vertex 11.7093 19.1063 69.085
      vertex 9.46633 16.8017 66.6891
      vertex 11.5613 18.9692 69.1246
    endloop
  endfacet
  facet normal -0.686293 0.725234 -0.0551112
    outer loop
      vertex 9.46633 16.8017 66.6891
      vertex 11.7093 19.1063 69.085
      vertex 9.46633 16.7716 66.293
    endloop
  endfacet
  facet normal 0.543242 0.0731837 -0.83638
    outer loop
      vertex 9.47633 11.1427 59.5847
      vertex 14.2908 12.311 62.814
      vertex 9.47633 9.95985 59.4812
    endloop
  endfacet
  facet normal 0.545828 0.0606475 -0.8357
    outer loop
      vertex 14.2908 12.311 62.814
      vertex 9.47633 11.1427 59.5847
      vertex 14.2907 12.3119 62.814
    endloop
  endfacet
  facet normal -0.0155701 0.707021 -0.707021
    outer loop
      vertex 14.2842 18.4024 65.0328
      vertex 9.46633 15.178 61.9145
      vertex 14.2842 19.5701 66.2005
    endloop
  endfacet
  facet normal -0.680385 0.730064 -0.0638954
    outer loop
      vertex 12.3665 19.7037 68.9127
      vertex 9.46633 16.7716 66.293
      vertex 11.7093 19.1063 69.085
    endloop
  endfacet
  facet normal -0.881142 -0.334357 0.334357
    outer loop
      vertex 11.8247 -19.6098 74.9398
      vertex 9.46633 -16.4273 71.9072
      vertex 9.46633 -17.2669 71.0676
    endloop
  endfacet
  facet normal -0.881142 -0.334361 0.334352
    outer loop
      vertex 9.46633 -16.4273 71.9072
      vertex 11.8247 -19.6098 74.9398
      vertex 11.4647 -18.2765 75.3244
    endloop
  endfacet
  facet normal -0.828365 0.507712 0.236726
    outer loop
      vertex 12.6804 19.1436 74.3611
      vertex 12.4681 18.7726 74.4139
      vertex 14.2842 20.5173 77.027
    endloop
  endfacet
  facet normal -0.828466 0.507435 0.236967
    outer loop
      vertex 9.46633 16.3909 69.0189
      vertex 9.91968 16.75 69.8349
      vertex 9.94342 16.7995 69.8119
    endloop
  endfacet
  facet normal -0.82835 0.507711 0.236781
    outer loop
      vertex 9.46633 16.3909 69.0189
      vertex 9.77233 16.393 70.0849
      vertex 9.91968 16.75 69.8349
    endloop
  endfacet
  facet normal -0.828324 0.507757 0.236774
    outer loop
      vertex 9.46633 15.8891 70.095
      vertex 9.77233 16.393 70.0849
      vertex 9.46633 16.3909 69.0189
    endloop
  endfacet
  facet normal -0.828323 0.507756 0.236779
    outer loop
      vertex 9.77233 16.393 70.0849
      vertex 9.46633 15.8891 70.095
      vertex 9.67216 16.0868 70.3911
    endloop
  endfacet
  facet normal -0.0155701 0.707021 -0.707021
    outer loop
      vertex 14.2842 18.4024 65.0328
      vertex 9.46633 14.3384 61.0749
      vertex 9.46633 15.178 61.9145
    endloop
  endfacet
  facet normal -0.57345 0.791323 -0.212045
    outer loop
      vertex 12.9387 20.1675 68.7789
      vertex 9.46633 16.6681 65.1102
      vertex 12.7001 20.007 68.8252
    endloop
  endfacet
  facet normal -0.57348 0.791312 -0.212005
    outer loop
      vertex 9.46633 16.6681 65.1102
      vertex 12.9387 20.1675 68.7789
      vertex 9.46633 16.3608 63.9632
    endloop
  endfacet
  facet normal -0.74793 -0.661233 -0.0580632
    outer loop
      vertex 14.2842 -24.8069 72.2901
      vertex 13.9398 -24.3797 71.8614
      vertex 13.959 -24.3965 71.8054
    endloop
  endfacet
  facet normal -0.74806 -0.661105 -0.0578495
    outer loop
      vertex 12.8612 -23.0111 70.1694
      vertex 9.46633 -18.8305 66.293
      vertex 9.46633 -18.727 65.1102
    endloop
  endfacet
  facet normal -0.748054 -0.66111 -0.0578609
    outer loop
      vertex 9.46633 -18.8305 66.293
      vertex 12.8612 -23.0111 70.1694
      vertex 12.7773 -22.9376 70.4143
    endloop
  endfacet
  facet normal -0.573437 0.791331 -0.212051
    outer loop
      vertex 13.8585 20.7862 68.6004
      vertex 9.46633 16.3608 63.9632
      vertex 12.9387 20.1675 68.7789
    endloop
  endfacet
  facet normal -0.860307 0.379342 0.340546
    outer loop
      vertex 11.6329 17.1696 74.3558
      vertex 14.2842 19.0329 78.9781
      vertex 14.2842 19.5701 78.3797
    endloop
  endfacet
  facet normal -0.860337 0.37921 0.340616
    outer loop
      vertex 11.6194 17.1449 74.3492
      vertex 14.2842 19.0329 78.9781
      vertex 11.6329 17.1696 74.3558
    endloop
  endfacet
  facet normal -0.860308 0.37934 0.340546
    outer loop
      vertex 11.3724 16.75 74.1651
      vertex 14.2842 19.0329 78.9781
      vertex 11.6194 17.1449 74.3492
    endloop
  endfacet
  facet normal -0.860335 0.379205 0.340627
    outer loop
      vertex 14.2842 19.0329 78.9781
      vertex 11.3724 16.75 74.1651
      vertex 11.3243 16.683 74.1182
    endloop
  endfacet
  facet normal -0.860345 0.379129 0.340687
    outer loop
      vertex 9.82615 15.5338 71.6137
      vertex 9.46633 15.208 71.0676
      vertex 9.86477 15.5243 71.7218
    endloop
  endfacet
  facet normal -0.749492 0.659487 0.0577808
    outer loop
      vertex 11.5613 18.9692 69.1246
      vertex 9.46633 16.8017 66.6891
      vertex 11.1726 18.516 69.2553
    endloop
  endfacet
  facet normal 0.569176 0 -0.822216
    outer loop
      vertex 9.47633 9.95985 59.4812
      vertex 14.2908 8 62.814
      vertex 9.47633 8 59.4812
    endloop
  endfacet
  facet normal 0.569176 0 -0.822216
    outer loop
      vertex 14.2908 8 62.814
      vertex 9.47633 9.95985 59.4812
      vertex 14.2908 12.311 62.814
    endloop
  endfacet
  facet normal 0.569176 0 -0.822216
    outer loop
      vertex 9.47633 -12.0187 59.4812
      vertex 14.2908 -8 62.814
      vertex 14.2908 -15.3308 62.814
    endloop
  endfacet
  facet normal 0.569176 0 -0.822216
    outer loop
      vertex 14.2908 -8 62.814
      vertex 9.47633 -12.0187 59.4812
      vertex 9.47633 -8 59.4812
    endloop
  endfacet
  facet normal -0.749447 0.659544 0.0577129
    outer loop
      vertex 9.46633 16.6982 67.8719
      vertex 11.1726 18.516 69.2553
      vertex 9.46633 16.8017 66.6891
    endloop
  endfacet
  facet normal -0.749408 0.659599 0.0575934
    outer loop
      vertex 11.1726 18.516 69.2553
      vertex 9.46633 16.6982 67.8719
      vertex 10.6935 17.9576 69.4164
    endloop
  endfacet
  facet normal 0.185818 0.563592 -0.804883
    outer loop
      vertex 9.47633 14.3384 61.0749
      vertex 14.2865 18.3943 65.0254
      vertex 9.47633 13.3657 60.3938
    endloop
  endfacet
  facet normal 0.195245 0.555626 -0.808183
    outer loop
      vertex 14.2865 18.3943 65.0254
      vertex 9.47633 14.3384 61.0749
      vertex 14.2865 18.3959 65.0265
    endloop
  endfacet
  facet normal -0.891249 0.0604614 0.449466
    outer loop
      vertex 9.46633 11.1728 73.3974
      vertex 9.46633 8 73.8242
      vertex 11.9085 8 78.6668
    endloop
  endfacet
  facet normal -0.796512 0.584022 0.156483
    outer loop
      vertex 14.2176 21.3078 74.8457
      vertex 14.2842 21.2152 75.5303
      vertex 14.2842 21.4116 74.7973
    endloop
  endfacet
  facet normal -0.796531 0.583997 0.156481
    outer loop
      vertex 14.1145 21.1563 74.8863
      vertex 14.2842 21.2152 75.5303
      vertex 14.2176 21.3078 74.8457
    endloop
  endfacet
  facet normal -0.79631 0.584321 0.156393
    outer loop
      vertex 14.0025 21 74.9
      vertex 14.2842 21.2152 75.5303
      vertex 14.1145 21.1563 74.8863
    endloop
  endfacet
  facet normal -0.796491 0.584026 0.156575
    outer loop
      vertex 13.8852 20.8437 74.8863
      vertex 14.2842 21.2152 75.5303
      vertex 14.0025 21 74.9
    endloop
  endfacet
  facet normal -0.796645 0.583747 0.156831
    outer loop
      vertex 14.2842 21.2152 75.5303
      vertex 13.8852 20.8437 74.8863
      vertex 13.7816 20.7118 74.851
    endloop
  endfacet
  facet normal -0.796417 0.584156 0.156469
    outer loop
      vertex 10.1097 17.0922 69.6754
      vertex 9.46633 16.3909 69.0189
      vertex 10.0072 16.9325 69.7499
    endloop
  endfacet
  facet normal -0.827313 0.510915 0.233494
    outer loop
      vertex 13.768 20.6922 74.8457
      vertex 14.2842 21.2152 75.5303
      vertex 13.7816 20.7118 74.851
    endloop
  endfacet
  facet normal -0.828371 0.507687 0.236759
    outer loop
      vertex 13.6619 20.55 74.7794
      vertex 14.2842 21.2152 75.5303
      vertex 13.768 20.6922 74.8457
    endloop
  endfacet
  facet normal -0.828366 0.507705 0.236739
    outer loop
      vertex 13.6619 20.55 74.7794
      vertex 14.2842 20.5173 77.027
      vertex 14.2842 21.2152 75.5303
    endloop
  endfacet
  facet normal -0.828308 0.507806 0.236724
    outer loop
      vertex 13.5574 20.4215 74.6894
      vertex 14.2842 20.5173 77.027
      vertex 13.6619 20.55 74.7794
    endloop
  endfacet
  facet normal -0.828344 0.507558 0.237131
    outer loop
      vertex 12.6804 19.1436 74.3611
      vertex 13.5574 20.4215 74.6894
      vertex 13.4577 20.3106 74.5785
    endloop
  endfacet
  facet normal -0.82846 0.507811 0.236184
    outer loop
      vertex 12.6804 19.1436 74.3611
      vertex 13.4577 20.3106 74.5785
      vertex 13.3659 20.2206 74.45
    endloop
  endfacet
  facet normal -0.828341 0.507677 0.236885
    outer loop
      vertex 12.6804 19.1436 74.3611
      vertex 13.3659 20.2206 74.45
      vertex 13.2846 20.1543 74.3078
    endloop
  endfacet
  facet normal -0.828259 0.507647 0.237237
    outer loop
      vertex 12.6804 19.1436 74.3611
      vertex 13.2846 20.1543 74.3078
      vertex 13.2454 20.131 74.2208
    endloop
  endfacet
  facet normal -0.828379 0.507679 0.236751
    outer loop
      vertex 13.5574 20.4215 74.6894
      vertex 12.6804 19.1436 74.3611
      vertex 14.2842 20.5173 77.027
    endloop
  endfacet
  facet normal -0.828384 0.507643 0.23681
    outer loop
      vertex 10.0072 16.9325 69.7499
      vertex 9.46633 16.3909 69.0189
      vertex 9.94342 16.7995 69.8119
    endloop
  endfacet
  facet normal -0.748083 -0.661081 -0.0578319
    outer loop
      vertex 14.2842 -24.8069 72.2901
      vertex 13.959 -24.3965 71.8054
      vertex 14.2842 -24.6814 70.8555
    endloop
  endfacet
  facet normal -0.748068 -0.661097 -0.0578373
    outer loop
      vertex 12.8612 -23.0111 70.1694
      vertex 9.46633 -18.727 65.1102
      vertex 13.1461 -23.2607 69.3375
    endloop
  endfacet
  facet normal -0.665965 -0.720561 -0.193088
    outer loop
      vertex 13.2359 -23.3046 69.1912
      vertex 9.46633 -18.4197 63.9632
      vertex 13.7011 -23.5317 68.4342
    endloop
  endfacet
  facet normal -0.626659 0.63835 -0.446999
    outer loop
      vertex 16.6698 22.2549 66.6902
      vertex 14.2842 20.5173 67.5532
      vertex 15.8564 22.0154 67.4885
    endloop
  endfacet
  facet normal -0.626691 0.638332 -0.446979
    outer loop
      vertex 19.4504 24.387 65.8368
      vertex 19.0972 25.1034 67.3551
      vertex 19.4504 25.3919 67.2719
    endloop
  endfacet
  facet normal -0.626676 0.638345 -0.446982
    outer loop
      vertex 19.0972 25.1034 67.3551
      vertex 19.4504 24.387 65.8368
      vertex 17.8512 23.9161 67.4064
    endloop
  endfacet
  facet normal -0.571045 0.278762 0.77214
    outer loop
      vertex 19.2395 13.7019 85.9284
      vertex 19.4504 8 88.1429
      vertex 19.4504 13.8165 86.043
    endloop
  endfacet
  facet normal -0.570892 0.278805 0.772237
    outer loop
      vertex 18.5135 13.4019 85.5
      vertex 19.4504 8 88.1429
      vertex 19.2395 13.7019 85.9284
    endloop
  endfacet
  facet normal -0.570928 0.278789 0.772216
    outer loop
      vertex 19.4504 8 88.1429
      vertex 18.5135 13.4019 85.5
      vertex 18.6509 8 87.5518
    endloop
  endfacet
  facet normal -0.570823 0.278817 0.772284
    outer loop
      vertex 17.7644 13.1809 85.0261
      vertex 18.6509 8 87.5518
      vertex 18.5135 13.4019 85.5
    endloop
  endfacet
  facet normal -0.57092 0.278773 0.772228
    outer loop
      vertex 17.015 13.0456 84.5209
      vertex 18.6509 8 87.5518
      vertex 17.7644 13.1809 85.0261
    endloop
  endfacet
  facet normal -0.570885 0.278795 0.772246
    outer loop
      vertex 16.2881 13 84
      vertex 18.6509 8 87.5518
      vertex 17.015 13.0456 84.5209
    endloop
  endfacet
  facet normal -0.570795 0.278866 0.772286
    outer loop
      vertex 15.6056 13.0456 83.4791
      vertex 18.6509 8 87.5518
      vertex 16.2881 13 84
    endloop
  endfacet
  facet normal -0.57156 0.278155 0.771977
    outer loop
      vertex 18.6509 8 87.5518
      vertex 15.6056 13.0456 83.4791
      vertex 15.4955 13.0697 83.3889
    endloop
  endfacet
  facet normal -0.64837 0.43665 0.623661
    outer loop
      vertex 14.2842 17.8652 80.1459
      vertex 14.2842 16.6453 81
      vertex 15.7355 18.8003 81
    endloop
  endfacet
  facet normal -0.661027 0.680068 -0.317097
    outer loop
      vertex 14.2842 20.5173 67.5532
      vertex 15.2028 21.7666 68.3176
      vertex 15.5039 21.8812 67.9357
    endloop
  endfacet
  facet normal -0.661032 0.680067 -0.31709
    outer loop
      vertex 15.2028 21.7666 68.3176
      vertex 14.2842 20.5173 67.5532
      vertex 14.2842 20.9796 68.5447
    endloop
  endfacet
  facet normal -0.378378 -0.0820966 -0.922004
    outer loop
      vertex 19.4504 -19.7754 61.0892
      vertex 14.2891 -16.9809 62.9585
      vertex 14.2903 -16.9752 62.9575
    endloop
  endfacet
  facet normal -0.377755 -0.0806972 -0.922382
    outer loop
      vertex 19.4504 -19.7754 61.0892
      vertex 14.2903 -16.9752 62.9575
      vertex 14.2903 -15.3384 62.8143
    endloop
  endfacet
  facet normal -0.704617 0.581253 0.407014
    outer loop
      vertex 19.4504 25.44 78.9406
      vertex 14.2842 20.5173 77.027
      vertex 19.4504 24.2802 80.5969
    endloop
  endfacet
  facet normal -0.717043 0.673147 0.180893
    outer loop
      vertex 14.5746 21.904 74.1135
      vertex 19.4504 26.8179 75.1549
      vertex 14.5778 21.9367 74.0045
    endloop
  endfacet
  facet normal -0.717057 0.673267 0.180391
    outer loop
      vertex 19.4504 26.8179 75.1549
      vertex 14.5746 21.904 74.1135
      vertex 19.4504 26.2946 77.108
    endloop
  endfacet
  facet normal -0.54282 -0.521504 -0.658315
    outer loop
      vertex 18.1703 -24.7277 64.4473
      vertex 19.4504 -24.7483 63.4081
      vertex 19.4504 -24.9836 63.5945
    endloop
  endfacet
  facet normal -0.542779 -0.521614 -0.658263
    outer loop
      vertex 19.4504 -24.7483 63.4081
      vertex 18.1703 -24.7277 64.4473
      vertex 14.2842 -21.4228 65.0328
    endloop
  endfacet
  facet normal -0.661068 0.680076 -0.316995
    outer loop
      vertex 15.8564 22.0154 67.4885
      vertex 14.2842 20.5173 67.5532
      vertex 15.5039 21.8812 67.9357
    endloop
  endfacet
  facet normal -0.661044 0.680023 -0.317159
    outer loop
      vertex 17.8512 23.9161 67.4064
      vertex 17.5999 23.8205 67.7252
      vertex 19.0972 25.1034 67.3551
    endloop
  endfacet
  facet normal -0.704617 0.581254 0.407011
    outer loop
      vertex 14.2842 20.5173 77.027
      vertex 14.2842 19.5701 78.3797
      vertex 19.4504 24.2802 80.5969
    endloop
  endfacet
  facet normal -0.717032 0.673328 0.18026
    outer loop
      vertex 14.5687 21.8457 74.3078
      vertex 19.4504 26.2946 77.108
      vertex 14.5746 21.904 74.1135
    endloop
  endfacet
  facet normal -0.717039 0.67331 0.180302
    outer loop
      vertex 14.5422 21.7794 74.45
      vertex 19.4504 26.2946 77.108
      vertex 14.5687 21.8457 74.3078
    endloop
  endfacet
  facet normal -0.7171 0.673136 0.18071
    outer loop
      vertex 14.4901 21.6894 74.5785
      vertex 19.4504 26.2946 77.108
      vertex 14.5422 21.7794 74.45
    endloop
  endfacet
  facet normal -0.716647 0.67365 0.180592
    outer loop
      vertex 14.2842 21.2152 75.5303
      vertex 14.4901 21.6894 74.5785
      vertex 14.4138 21.5785 74.6894
    endloop
  endfacet
  facet normal -0.717124 0.673212 0.180329
    outer loop
      vertex 14.2842 21.2152 75.5303
      vertex 14.4138 21.5785 74.6894
      vertex 14.3158 21.45 74.7794
    endloop
  endfacet
  facet normal -0.716524 0.673796 0.180537
    outer loop
      vertex 14.2842 21.2152 75.5303
      vertex 14.3158 21.45 74.7794
      vertex 14.2842 21.4116 74.7973
    endloop
  endfacet
  facet normal -0.71705 0.673292 0.180326
    outer loop
      vertex 14.4901 21.6894 74.5785
      vertex 14.2842 21.2152 75.5303
      vertex 19.4504 26.2946 77.108
    endloop
  endfacet
  facet normal -0.651266 0.19651 0.732964
    outer loop
      vertex 15.4955 13.0697 83.3889
      vertex 18.4607 8 87.3828
      vertex 18.6509 8 87.5518
    endloop
  endfacet
  facet normal -0.651388 0.196381 0.73289
    outer loop
      vertex 15.0621 13.1809 82.9739
      vertex 18.4607 8 87.3828
      vertex 15.4955 13.0697 83.3889
    endloop
  endfacet
  facet normal -0.651134 0.196967 0.732958
    outer loop
      vertex 14.2842 13.4207 82.2184
      vertex 15.0621 13.1809 82.9739
      vertex 14.5955 13.4019 82.5
    endloop
  endfacet
  facet normal -0.651196 0.196602 0.733002
    outer loop
      vertex 14.2842 13.4207 82.2184
      vertex 14.5955 13.4019 82.5
      vertex 14.2842 13.6403 82.1595
    endloop
  endfacet
  facet normal -0.651273 0.196514 0.732957
    outer loop
      vertex 15.0621 13.1809 82.9739
      vertex 14.2842 13.4207 82.2184
      vertex 18.4607 8 87.3828
    endloop
  endfacet
  facet normal -0.714118 0.634433 0.295856
    outer loop
      vertex 19.4504 26.2946 77.108
      vertex 14.2842 20.5173 77.027
      vertex 19.4504 25.44 78.9406
    endloop
  endfacet
  facet normal -0.645795 -0.438461 0.625061
    outer loop
      vertex 15.2807 -21.5785 80.6894
      vertex 19.4504 -24.1601 83.1865
      vertex 15.2807 -21.5172 80.7324
    endloop
  endfacet
  facet normal -0.645735 -0.437974 0.625464
    outer loop
      vertex 15.2485 -21.6894 80.5785
      vertex 19.4504 -24.1601 83.1865
      vertex 15.2807 -21.5785 80.6894
    endloop
  endfacet
  facet normal -0.645736 -0.437983 0.625457
    outer loop
      vertex 15.1994 -21.7591 80.479
      vertex 19.4504 -24.1601 83.1865
      vertex 15.2485 -21.6894 80.5785
    endloop
  endfacet
  facet normal -0.645734 -0.437956 0.625478
    outer loop
      vertex 19.4504 -24.1601 83.1865
      vertex 15.1994 -21.7591 80.479
      vertex 19.4504 -25.8165 82.0267
    endloop
  endfacet
  facet normal -0.656945 -0.683372 -0.318475
    outer loop
      vertex 14.4991 -23.7757 67.6206
      vertex 14.2842 -23.6948 67.8903
      vertex 14.2842 -23.5377 67.5532
    endloop
  endfacet
  facet normal -0.656988 -0.683255 -0.318638
    outer loop
      vertex 19.4504 -29.2606 69.1731
      vertex 15.2921 -25.2159 69.0739
      vertex 16.0602 -25.505 68.1101
    endloop
  endfacet
  facet normal -0.701523 -0.583776 0.408742
    outer loop
      vertex 19.4504 -27.2463 80.5969
      vertex 16.9602 -25.0021 79.5282
      vertex 19.4504 -28.3254 79.0557
    endloop
  endfacet
  facet normal -0.713568 0.697919 0.061067
    outer loop
      vertex 14.5866 21.9494 73.9622
      vertex 19.4504 26.8179 75.1549
      vertex 19.4504 26.9849 73.2463
    endloop
  endfacet
  facet normal -0.71357 0.697915 0.06109
    outer loop
      vertex 19.4504 26.8179 75.1549
      vertex 14.5866 21.9494 73.9622
      vertex 14.5778 21.9367 74.0045
    endloop
  endfacet
  facet normal -0.377745 -0.0806826 -0.922388
    outer loop
      vertex 14.2903 -15.3384 62.8143
      vertex 19.4504 -17.9348 60.9282
      vertex 19.4504 -19.7754 61.0892
    endloop
  endfacet
  facet normal -0.379012 -0.083781 -0.921591
    outer loop
      vertex 19.4504 -17.9348 60.9282
      vertex 14.2903 -15.3384 62.8143
      vertex 14.2903 -15.3362 62.8141
    endloop
  endfacet
  facet normal -0.699297 -0.712111 -0.0622961
    outer loop
      vertex 14.3643 -24.7423 70.6525
      vertex 14.2842 -24.8069 72.2901
      vertex 14.2842 -24.6814 70.8555
    endloop
  endfacet
  facet normal -0.699692 -0.711723 -0.0623001
    outer loop
      vertex 14.2842 -24.8069 72.2901
      vertex 14.3643 -24.7423 70.6525
      vertex 19.4504 -29.7839 71.1263
    endloop
  endfacet
  facet normal -0.714123 0.634438 0.295834
    outer loop
      vertex 14.2842 21.2152 75.5303
      vertex 14.2842 20.5173 77.027
      vertex 19.4504 26.2946 77.108
    endloop
  endfacet
  facet normal -0.648366 0.436619 0.623687
    outer loop
      vertex 16.6304 20.1292 81
      vertex 14.2842 17.8652 80.1459
      vertex 15.7355 18.8003 81
    endloop
  endfacet
  facet normal -0.597851 -0.338805 0.726488
    outer loop
      vertex 14.2842 -18.0362 81.791
      vertex 14.2842 -19.5329 81.093
      vertex 19.4504 -24.1601 83.1865
    endloop
  endfacet
  facet normal -0.699689 -0.711729 -0.0622604
    outer loop
      vertex 19.4504 -29.7839 71.1263
      vertex 16.8277 -27.344 72.7088
      vertex 14.2842 -24.8069 72.2901
    endloop
  endfacet
  facet normal -0.699694 -0.711723 -0.0622788
    outer loop
      vertex 16.8277 -27.344 72.7088
      vertex 19.4504 -29.7839 71.1263
      vertex 19.4504 -29.8589 71.9834
    endloop
  endfacet
  facet normal -0.441887 0.231379 -0.866718
    outer loop
      vertex 14.2882 15.5553 63.3863
      vertex 19.4504 16.8094 61.0892
      vertex 14.2885 15.554 63.3858
    endloop
  endfacet
  facet normal -0.441971 0.23221 -0.866453
    outer loop
      vertex 19.4504 16.8094 61.0892
      vertex 14.2882 15.5553 63.3863
      vertex 19.4504 18.5941 61.5675
    endloop
  endfacet
  facet normal -0.682565 -0.70625 -0.187926
    outer loop
      vertex 14.3856 -24.7532 70.6161
      vertex 19.4504 -29.7839 71.1263
      vertex 14.3643 -24.7423 70.6525
    endloop
  endfacet
  facet normal -0.682329 -0.706141 -0.189189
    outer loop
      vertex 19.4504 -29.7839 71.1263
      vertex 14.3856 -24.7532 70.6161
      vertex 19.4504 -29.2606 69.1731
    endloop
  endfacet
  facet normal -0.546631 0.52004 -0.656318
    outer loop
      vertex 19.4504 21.7823 63.4081
      vertex 14.2842 18.4024 65.0328
      vertex 19.4504 22.8505 64.2545
    endloop
  endfacet
  facet normal -0.694454 0.535433 0.480672
    outer loop
      vertex 14.2842 19.5701 78.3797
      vertex 14.2842 19.0329 78.9781
      vertex 19.4504 24.2802 80.5969
    endloop
  endfacet
  facet normal -0.439998 -0.232448 -0.867392
    outer loop
      vertex 14.2876 -18.5753 63.3865
      vertex 19.4504 -19.7754 61.0892
      vertex 19.4504 -21.5602 61.5675
    endloop
  endfacet
  facet normal -0.436742 -0.199838 -0.87711
    outer loop
      vertex 19.4504 -19.7754 61.0892
      vertex 14.2876 -18.5753 63.3865
      vertex 14.2879 -18.5742 63.3861
    endloop
  endfacet
  facet normal -0.378505 0.0806921 -0.922075
    outer loop
      vertex 14.2904 13.9556 62.9576
      vertex 19.4504 16.8094 61.0892
      vertex 14.2904 12.3181 62.8143
    endloop
  endfacet
  facet normal -0.374367 0.071616 -0.924511
    outer loop
      vertex 19.4504 16.8094 61.0892
      vertex 14.2904 13.9556 62.9576
      vertex 14.2894 13.9607 62.9584
    endloop
  endfacet
  facet normal -0.343283 -0 -0.939232
    outer loop
      vertex 14.2908 12.311 62.814
      vertex 19.4504 8 60.9282
      vertex 14.2908 8 62.814
    endloop
  endfacet
  facet normal -0.343283 0 -0.939232
    outer loop
      vertex 19.4504 8 60.9282
      vertex 14.2908 12.311 62.814
      vertex 19.4504 14.9687 60.9282
    endloop
  endfacet
  facet normal -0.326519 -0.0362799 -0.944494
    outer loop
      vertex 14.2907 12.3119 62.814
      vertex 19.4504 14.9687 60.9282
      vertex 14.2908 12.311 62.814
    endloop
  endfacet
  facet normal -0.342285 -0.00218156 -0.939594
    outer loop
      vertex 19.4504 14.9687 60.9282
      vertex 14.2907 12.3119 62.814
      vertex 14.2904 12.3159 62.8141
    endloop
  endfacet
  facet normal -0.343283 0 -0.939232
    outer loop
      vertex 19.4504 -17.9348 60.9282
      vertex 14.2908 -15.3308 62.814
      vertex 19.4504 -8 60.9282
    endloop
  endfacet
  facet normal -0.324857 0.0406072 -0.944891
    outer loop
      vertex 19.4504 -17.9348 60.9282
      vertex 14.2907 -15.3316 62.814
      vertex 14.2908 -15.3308 62.814
    endloop
  endfacet
  facet normal -0.339232 0.00904936 -0.940659
    outer loop
      vertex 14.2907 -15.3316 62.814
      vertex 19.4504 -17.9348 60.9282
      vertex 14.2903 -15.3362 62.8141
    endloop
  endfacet
  facet normal -0.343283 0 -0.939232
    outer loop
      vertex 19.4504 -8 60.9282
      vertex 14.2908 -15.3308 62.814
      vertex 14.2908 -8 62.814
    endloop
  endfacet
  facet normal -0.545779 -0.235133 0.804262
    outer loop
      vertex 14.2842 -18.0362 81.791
      vertex 19.4504 -8 88.231
      vertex 18.8642 -8 87.8332
    endloop
  endfacet
  facet normal -0.545679 -0.235214 0.804307
    outer loop
      vertex 19.4504 -8 88.231
      vertex 14.2842 -18.0362 81.791
      vertex 19.4504 -22.3276 84.041
    endloop
  endfacet
  facet normal -0.493977 0.367477 -0.788002
    outer loop
      vertex 14.2882 17.045 64.081
      vertex 19.4504 20.2687 62.3483
      vertex 14.2882 15.5566 63.3869
    endloop
  endfacet
  facet normal -0.490385 0.35825 -0.794468
    outer loop
      vertex 19.4504 20.2687 62.3483
      vertex 14.2882 17.045 64.081
      vertex 14.2865 17.0511 64.0848
    endloop
  endfacet
  facet normal -0.597828 -0.338778 0.726519
    outer loop
      vertex 19.4504 -22.3276 84.041
      vertex 14.2842 -18.0362 81.791
      vertex 19.4504 -24.1601 83.1865
    endloop
  endfacet
  facet normal -0.442029 -0.255528 -0.859835
    outer loop
      vertex 19.4504 -19.7754 61.0892
      vertex 14.2889 -18.5699 63.3844
      vertex 14.2891 -18.5689 63.384
    endloop
  endfacet
  facet normal -0.44065 -0.23955 -0.865126
    outer loop
      vertex 14.2889 -18.5699 63.3844
      vertex 19.4504 -19.7754 61.0892
      vertex 14.2879 -18.5742 63.3861
    endloop
  endfacet
  facet normal -0.438592 -0.217963 -0.871854
    outer loop
      vertex 14.2891 -18.5677 63.3837
      vertex 19.4504 -19.7754 61.0892
      vertex 14.2891 -18.5689 63.384
    endloop
  endfacet
  facet normal -0.439996 -0.232429 -0.867399
    outer loop
      vertex 19.4504 -19.7754 61.0892
      vertex 14.2891 -18.5677 63.3837
      vertex 14.2891 -16.9809 62.9585
    endloop
  endfacet
  facet normal -0.441974 0.232193 -0.866455
    outer loop
      vertex 14.2894 15.5485 63.3839
      vertex 19.4504 16.8094 61.0892
      vertex 14.2894 13.9607 62.9584
    endloop
  endfacet
  facet normal -0.440451 0.217743 -0.870971
    outer loop
      vertex 14.2894 15.5497 63.3842
      vertex 19.4504 16.8094 61.0892
      vertex 14.2894 15.5485 63.3839
    endloop
  endfacet
  facet normal -0.435724 0.177572 -0.88239
    outer loop
      vertex 14.2892 15.5507 63.3845
      vertex 19.4504 16.8094 61.0892
      vertex 14.2894 15.5497 63.3842
    endloop
  endfacet
  facet normal -0.44328 0.245581 -0.862086
    outer loop
      vertex 19.4504 16.8094 61.0892
      vertex 14.2892 15.5507 63.3845
      vertex 14.2885 15.554 63.3858
    endloop
  endfacet
  facet normal -0.709929 -0.701597 0.0613407
    outer loop
      vertex 15.6664 -26.1385 73.0566
      vertex 14.2842 -24.8069 72.2901
      vertex 16.8277 -27.344 72.7088
    endloop
  endfacet
  facet normal -0.626659 0.638353 -0.446994
    outer loop
      vertex 16.6698 22.2549 66.6902
      vertex 14.2842 19.5701 66.2005
      vertex 14.2842 20.5173 67.5532
    endloop
  endfacet
  facet normal -0.626669 0.638358 -0.446974
    outer loop
      vertex 14.2842 19.5701 66.2005
      vertex 16.6698 22.2549 66.6902
      vertex 17.4957 22.4981 65.8796
    endloop
  endfacet
  facet normal -0.577359 -0.211331 0.788667
    outer loop
      vertex 17.9399 -8 87.1565
      vertex 14.2842 -16.4411 82.2184
      vertex 18.7681 -8 87.7628
    endloop
  endfacet
  facet normal -0.684878 0.515303 0.515175
    outer loop
      vertex 19.4504 24.2802 80.5969
      vertex 16.6304 20.1292 81
      vertex 19.4504 23.8772 81
    endloop
  endfacet
  facet normal -0.684823 0.515275 0.515275
    outer loop
      vertex 14.2842 19.0329 78.9781
      vertex 16.6304 20.1292 81
      vertex 19.4504 24.2802 80.5969
    endloop
  endfacet
  facet normal -0.684818 0.515301 0.515256
    outer loop
      vertex 16.6304 20.1292 81
      vertex 14.2842 19.0329 78.9781
      vertex 14.2842 17.8652 80.1459
    endloop
  endfacet
  facet normal -0.491015 -0.368134 -0.789545
    outer loop
      vertex 14.2876 -18.5764 63.387
      vertex 19.4504 -21.5602 61.5675
      vertex 19.4504 -23.2348 62.3483
    endloop
  endfacet
  facet normal -0.488597 -0.361047 -0.794304
    outer loop
      vertex 19.4504 -21.5602 61.5675
      vertex 14.2876 -18.5764 63.387
      vertex 14.2876 -18.5753 63.3865
    endloop
  endfacet
  facet normal -0.622554 -0.641039 -0.448883
    outer loop
      vertex 18.2872 -26.1979 65.8005
      vertex 19.4504 -28.406 67.3406
      vertex 17.2102 -25.8842 66.8462
    endloop
  endfacet
  facet normal -0.62263 -0.641022 -0.448801
    outer loop
      vertex 19.4504 -28.406 67.3406
      vertex 18.2872 -26.1979 65.8005
      vertex 19.4504 -27.2463 65.6842
    endloop
  endfacet
  facet normal -0.622525 -0.641025 -0.448942
    outer loop
      vertex 15.6361 -24.1123 66.4988
      vertex 14.2842 -22.5905 66.2005
      vertex 16.1337 -24.2572 66.0157
    endloop
  endfacet
  facet normal -0.549229 0.534984 -0.641981
    outer loop
      vertex 14.2865 17.0517 64.0853
      vertex 19.4504 20.2687 62.3483
      vertex 14.2865 17.0511 64.0848
    endloop
  endfacet
  facet normal -0.534768 0.484661 -0.69219
    outer loop
      vertex 19.4504 20.2687 62.3483
      vertex 14.2865 17.0517 64.0853
      vertex 19.4504 21.7823 63.4081
    endloop
  endfacet
  facet normal -0.577648 -0.211082 0.788522
    outer loop
      vertex 14.2842 -16.4411 82.2184
      vertex 18.8642 -8 87.8332
      vertex 18.7681 -8 87.7628
    endloop
  endfacet
  facet normal -0.57738 -0.211317 0.788656
    outer loop
      vertex 18.8642 -8 87.8332
      vertex 14.2842 -16.4411 82.2184
      vertex 14.2842 -18.0362 81.791
    endloop
  endfacet
  facet normal -0.651422 0.196322 0.732876
    outer loop
      vertex 18.4607 8 87.3828
      vertex 14.2842 13.4207 82.2184
      vertex 17.4278 8 86.4647
    endloop
  endfacet
  facet normal -0.64486 -0.438342 0.626109
    outer loop
      vertex 14.3133 -20.3106 80.5785
      vertex 14.2842 -19.5329 81.093
      vertex 14.2842 -20.2965 80.5584
    endloop
  endfacet
  facet normal -0.645603 -0.438014 0.625572
    outer loop
      vertex 14.496 -20.4215 80.6894
      vertex 14.2842 -19.5329 81.093
      vertex 14.3133 -20.3106 80.5785
    endloop
  endfacet
  facet normal -0.64581 -0.437978 0.625383
    outer loop
      vertex 14.6703 -20.55 80.7794
      vertex 14.2842 -19.5329 81.093
      vertex 14.496 -20.4215 80.6894
    endloop
  endfacet
  facet normal -0.645927 -0.437984 0.625258
    outer loop
      vertex 14.8309 -20.6922 80.8457
      vertex 14.2842 -19.5329 81.093
      vertex 14.6703 -20.55 80.7794
    endloop
  endfacet
  facet normal -0.645222 -0.43783 0.626094
    outer loop
      vertex 14.9731 -20.8437 80.8863
      vertex 14.2842 -19.5329 81.093
      vertex 14.8309 -20.6922 80.8457
    endloop
  endfacet
  facet normal -0.64639 -0.438211 0.62462
    outer loop
      vertex 15.0923 -21 80.9
      vertex 14.2842 -19.5329 81.093
      vertex 14.9731 -20.8437 80.8863
    endloop
  endfacet
  facet normal -0.645792 -0.438228 0.625227
    outer loop
      vertex 19.4504 -24.1601 83.1865
      vertex 15.0923 -21 80.9
      vertex 15.1851 -21.1563 80.8863
    endloop
  endfacet
  facet normal -0.64573 -0.43796 0.625479
    outer loop
      vertex 15.0923 -21 80.9
      vertex 19.4504 -24.1601 83.1865
      vertex 14.2842 -19.5329 81.093
    endloop
  endfacet
  facet normal -0.645715 -0.437863 0.625562
    outer loop
      vertex 15.2485 -21.3078 80.8457
      vertex 19.4504 -24.1601 83.1865
      vertex 15.1851 -21.1563 80.8863
    endloop
  endfacet
  facet normal -0.645718 -0.437877 0.62555
    outer loop
      vertex 15.2807 -21.45 80.7794
      vertex 19.4504 -24.1601 83.1865
      vertex 15.2485 -21.3078 80.8457
    endloop
  endfacet
  facet normal -0.645683 -0.437649 0.625745
    outer loop
      vertex 19.4504 -24.1601 83.1865
      vertex 15.2807 -21.45 80.7794
      vertex 15.2807 -21.5172 80.7324
    endloop
  endfacet
  facet normal -0.682329 -0.706134 -0.189212
    outer loop
      vertex 19.4504 -29.2606 69.1731
      vertex 14.3856 -24.7532 70.6161
      vertex 15.2921 -25.2159 69.0739
    endloop
  endfacet
  facet normal -0.70993 -0.701596 0.0613443
    outer loop
      vertex 14.2842 -24.7037 73.4704
      vertex 14.2842 -24.8069 72.2901
      vertex 15.6664 -26.1385 73.0566
    endloop
  endfacet
  facet normal -0.691518 -0.537512 0.48258
    outer loop
      vertex 19.4504 -27.2463 80.5969
      vertex 16.4087 -24.1888 79.6438
      vertex 16.9602 -25.0021 79.5282
    endloop
  endfacet
  facet normal -0.577827 -0.577075 -0.577149
    outer loop
      vertex 19.4504 -27.2463 65.6842
      vertex 18.2872 -26.1979 65.8005
      vertex 19.4504 -26.4667 64.9047
    endloop
  endfacet
  facet normal -0.577776 -0.577137 -0.577137
    outer loop
      vertex 18.1703 -24.7277 64.4473
      vertex 14.2842 -22.5905 66.2005
      vertex 14.2842 -21.4228 65.0328
    endloop
  endfacet
  facet normal -0.577777 -0.577157 -0.577116
    outer loop
      vertex 14.2842 -22.5905 66.2005
      vertex 18.1703 -24.7277 64.4473
      vertex 16.1337 -24.2572 66.0157
    endloop
  endfacet
  facet normal -0.531115 -0.486002 -0.694059
    outer loop
      vertex 14.2853 -20.071 64.0854
      vertex 19.4504 -23.2348 62.3483
      vertex 19.4504 -24.7483 63.4081
    endloop
  endfacet
  facet normal -0.526696 -0.471525 -0.707287
    outer loop
      vertex 19.4504 -23.2348 62.3483
      vertex 14.2853 -20.071 64.0854
      vertex 14.2853 -20.0707 64.0852
    endloop
  endfacet
  facet normal -0.716069 -0.0944772 0.691607
    outer loop
      vertex 14.2842 -8 83.3715
      vertex 14.2842 -16.4411 82.2184
      vertex 17.9399 -8 87.1565
    endloop
  endfacet
  facet normal -0.581765 0.575052 -0.575208
    outer loop
      vertex 17.9843 22.6121 65.4994
      vertex 14.2842 19.5701 66.2005
      vertex 17.4957 22.4981 65.8796
    endloop
  endfacet
  facet normal -0.581797 0.575114 -0.575114
    outer loop
      vertex 14.2842 19.5701 66.2005
      vertex 17.9843 22.6121 65.4994
      vertex 14.2842 18.4024 65.0328
    endloop
  endfacet
  facet normal -0.534774 0.48467 -0.692179
    outer loop
      vertex 14.2865 18.3943 65.0254
      vertex 19.4504 21.7823 63.4081
      vertex 14.2865 17.0517 64.0853
    endloop
  endfacet
  facet normal -0.532905 0.479383 -0.697284
    outer loop
      vertex 14.2865 18.3959 65.0265
      vertex 19.4504 21.7823 63.4081
      vertex 14.2865 18.3943 65.0254
    endloop
  endfacet
  facet normal -0.534259 0.48321 -0.693597
    outer loop
      vertex 19.4504 21.7823 63.4081
      vertex 14.2865 18.3959 65.0265
      vertex 14.2842 18.4024 65.0328
    endloop
  endfacet
  facet normal -0.681986 -0.517205 0.517102
    outer loop
      vertex 16.4087 -24.1888 79.6438
      vertex 15.1352 -21.8457 80.3078
      vertex 14.9518 -21.9494 79.9622
    endloop
  endfacet
  facet normal -0.681834 -0.517185 0.517321
    outer loop
      vertex 16.4087 -24.1888 79.6438
      vertex 15.1928 -21.7794 80.45
      vertex 15.1352 -21.8457 80.3078
    endloop
  endfacet
  facet normal -0.681905 -0.517189 0.517224
    outer loop
      vertex 16.4087 -24.1888 79.6438
      vertex 15.1994 -21.7591 80.479
      vertex 15.1928 -21.7794 80.45
    endloop
  endfacet
  facet normal -0.681933 -0.51719 0.517187
    outer loop
      vertex 16.4087 -24.1888 79.6438
      vertex 19.4504 -25.8165 82.0267
      vertex 15.1994 -21.7591 80.479
    endloop
  endfacet
  facet normal -0.681933 -0.517188 0.517188
    outer loop
      vertex 19.4504 -25.8165 82.0267
      vertex 16.4087 -24.1888 79.6438
      vertex 19.4504 -27.2463 80.5969
    endloop
  endfacet
  facet normal -0.379772 0.0837528 -0.921281
    outer loop
      vertex 14.2904 12.3181 62.8143
      vertex 19.4504 14.9687 60.9282
      vertex 14.2904 12.3159 62.8141
    endloop
  endfacet
  facet normal -0.378475 0.0806523 -0.922091
    outer loop
      vertex 19.4504 14.9687 60.9282
      vertex 14.2904 12.3181 62.8143
      vertex 19.4504 16.8094 61.0892
    endloop
  endfacet
  facet normal -0.712128 0.127782 0.690322
    outer loop
      vertex 14.2842 13.4207 82.2184
      vertex 14.2842 8 83.2218
      vertex 17.4278 8 86.4647
    endloop
  endfacet
  facet normal -0.581839 0.575093 -0.575093
    outer loop
      vertex 19.4504 22.8505 64.2545
      vertex 17.9843 22.6121 65.4994
      vertex 19.4504 22.9544 64.3584
    endloop
  endfacet
  facet normal -0.581825 0.575133 -0.575067
    outer loop
      vertex 17.9843 22.6121 65.4994
      vertex 19.4504 22.8505 64.2545
      vertex 14.2842 18.4024 65.0328
    endloop
  endfacet
  facet normal -0.489937 -0.365267 -0.791544
    outer loop
      vertex 19.4504 -23.2348 62.3483
      vertex 14.2853 -20.0707 64.0852
      vertex 14.2876 -20.0636 64.0805
    endloop
  endfacet
  facet normal -0.491036 -0.368162 -0.789519
    outer loop
      vertex 19.4504 -23.2348 62.3483
      vertex 14.2876 -20.0636 64.0805
      vertex 14.2876 -18.5764 63.387
    endloop
  endfacet
  facet normal -0.622405 -0.64114 -0.448945
    outer loop
      vertex 14.2842 -22.5905 66.2005
      vertex 14.562 -23.7994 67.5418
      vertex 14.2842 -23.5377 67.5532
    endloop
  endfacet
  facet normal -0.62258 -0.641051 -0.448829
    outer loop
      vertex 14.562 -23.7994 67.5418
      vertex 14.2842 -22.5905 66.2005
      vertex 15.6361 -24.1123 66.4988
    endloop
  endfacet
  facet normal -0.622575 -0.64105 -0.448838
    outer loop
      vertex 19.4504 -28.406 67.3406
      vertex 16.5793 -25.7004 67.4588
      vertex 17.2102 -25.8842 66.8462
    endloop
  endfacet
  facet normal -0.656826 -0.683349 -0.318769
    outer loop
      vertex 14.4991 -23.7757 67.6206
      vertex 14.2842 -23.5377 67.5532
      vertex 14.562 -23.7994 67.5418
    endloop
  endfacet
  facet normal -0.656985 -0.683254 -0.318644
    outer loop
      vertex 16.5793 -25.7004 67.4588
      vertex 19.4504 -29.2606 69.1731
      vertex 16.0602 -25.505 68.1101
    endloop
  endfacet
  facet normal -0.656987 -0.683254 -0.318641
    outer loop
      vertex 19.4504 -29.2606 69.1731
      vertex 16.5793 -25.7004 67.4588
      vertex 19.4504 -28.406 67.3406
    endloop
  endfacet
  facet normal -0.492959 0.364603 -0.789972
    outer loop
      vertex 14.2882 15.5566 63.3869
      vertex 19.4504 18.5941 61.5675
      vertex 14.2882 15.5553 63.3863
    endloop
  endfacet
  facet normal -0.493945 0.367433 -0.788043
    outer loop
      vertex 19.4504 18.5941 61.5675
      vertex 14.2882 15.5566 63.3869
      vertex 19.4504 20.2687 62.3483
    endloop
  endfacet
  facet normal -0.530346 -0.483759 -0.696211
    outer loop
      vertex 19.4504 -24.7483 63.4081
      vertex 14.2842 -21.4228 65.0328
      vertex 14.2853 -21.4135 65.0255
    endloop
  endfacet
  facet normal -0.52879 -0.479277 -0.700482
    outer loop
      vertex 14.2853 -21.4116 65.0242
      vertex 19.4504 -24.7483 63.4081
      vertex 14.2853 -21.4135 65.0255
    endloop
  endfacet
  facet normal -0.53113 -0.486021 -0.694035
    outer loop
      vertex 19.4504 -24.7483 63.4081
      vertex 14.2853 -21.4116 65.0242
      vertex 14.2853 -20.071 64.0854
    endloop
  endfacet
  facet normal -0.468233 -0.880226 -0.0771966
    outer loop
      vertex 20.0237 -30.1565 71.8975
      vertex 19.4504 -29.7839 71.1263
      vertex 20.2093 -30.2528 71.8698
    endloop
  endfacet
  facet normal -0.468729 -0.879993 -0.0768429
    outer loop
      vertex 24.9596 -33.3643 78.538
      vertex 24.7621 -33.2359 78.2723
      vertex 24.9596 -33.3373 78.2288
    endloop
  endfacet
  facet normal -0.86276 0.357567 0.357478
    outer loop
      vertex 19.4504 24.2802 80.5969
      vertex 19.4504 23.8772 81
      vertex 19.5468 24.1098 81
    endloop
  endfacet
  facet normal -0.862859 0.357414 0.357393
    outer loop
      vertex 20.7711 20.4037 87.6614
      vertex 21.3765 20.8749 88.6518
      vertex 21.1685 21.2427 87.7818
    endloop
  endfacet
  facet normal -0.862854 0.357444 0.357375
    outer loop
      vertex 21.3765 20.8749 88.6518
      vertex 20.7711 20.4037 87.6614
      vertex 21.0187 19.9448 88.7182
    endloop
  endfacet
  facet normal -0.574047 -0.815676 0.0717198
    outer loop
      vertex 24.6909 -33.1971 78.2889
      vertex 24.9596 -33.3643 78.538
      vertex 24.5867 -33.122 78.309
    endloop
  endfacet
  facet normal -0.572635 -0.816868 0.0693973
    outer loop
      vertex 24.9596 -33.3643 78.538
      vertex 24.6909 -33.1971 78.2889
      vertex 24.7019 -33.2051 78.2855
    endloop
  endfacet
  facet normal -0.398498 0.913676 -0.0799688
    outer loop
      vertex 24.9596 29.6931 76.5237
      vertex 20.9558 27.6517 73.1515
      vertex 24.9596 29.8694 78.538
    endloop
  endfacet
  facet normal -0.398561 0.913656 -0.0798826
    outer loop
      vertex 20.9558 27.6517 73.1515
      vertex 24.9596 29.6931 76.5237
      vertex 21.4845 27.8795 73.1191
    endloop
  endfacet
  facet normal -0.705116 0.576797 0.412452
    outer loop
      vertex 19.8619 24.495 81
      vertex 19.4504 24.2802 80.5969
      vertex 19.5468 24.1098 81
    endloop
  endfacet
  facet normal -0.705135 0.576791 0.412427
    outer loop
      vertex 24.7083 25.1673 88.3452
      vertex 21.1685 21.2427 87.7818
      vertex 21.3765 20.8749 88.6518
    endloop
  endfacet
  facet normal -0.603901 0.769903 0.206282
    outer loop
      vertex 19.4504 26.8179 75.1549
      vertex 19.4504 26.2946 77.108
      vertex 24.9596 29.6931 80.5523
    endloop
  endfacet
  facet normal -0.671008 -0 -0.74145
    outer loop
      vertex 19.4504 14.9687 60.9282
      vertex 24.9596 8 55.9424
      vertex 19.4504 8 60.9282
    endloop
  endfacet
  facet normal -0.671008 0 -0.74145
    outer loop
      vertex 24.9596 8 55.9424
      vertex 19.4504 14.9687 60.9282
      vertex 24.9596 17.3202 55.9424
    endloop
  endfacet
  facet normal -0.671008 0 -0.74145
    outer loop
      vertex 19.4504 -17.9348 60.9282
      vertex 24.9596 -8 55.9424
      vertex 24.9596 -20.8152 55.9424
    endloop
  endfacet
  facet normal -0.671008 0 -0.74145
    outer loop
      vertex 24.9596 -8 55.9424
      vertex 19.4504 -17.9348 60.9282
      vertex 19.4504 -8 60.9282
    endloop
  endfacet
  facet normal -0.684424 0.0635281 -0.726311
    outer loop
      vertex 19.4504 16.8094 61.0892
      vertex 24.9596 17.3202 55.9424
      vertex 19.4504 14.9687 60.9282
    endloop
  endfacet
  facet normal -0.684424 0.0635672 -0.726308
    outer loop
      vertex 24.9596 17.3202 55.9424
      vertex 19.4504 16.8094 61.0892
      vertex 24.9596 19.1609 56.1035
    endloop
  endfacet
  facet normal -0.700054 -0.505526 -0.504348
    outer loop
      vertex 24.9596 -27.6287 58.4224
      vertex 24.2555 -27.45 59.2206
      vertex 24.2322 -27.3895 59.1923
    endloop
  endfacet
  facet normal -0.700253 -0.504948 -0.504653
    outer loop
      vertex 24.9596 -27.6287 58.4224
      vertex 24.2833 -27.5785 59.3106
      vertex 24.2555 -27.45 59.2206
    endloop
  endfacet
  facet normal -0.700346 -0.504736 -0.504736
    outer loop
      vertex 24.9596 -27.6287 58.4224
      vertex 24.2833 -27.6894 59.4215
      vertex 24.2833 -27.5785 59.3106
    endloop
  endfacet
  facet normal -0.700346 -0.504736 -0.504736
    outer loop
      vertex 24.9596 -28.9352 59.7289
      vertex 24.2833 -27.6894 59.4215
      vertex 24.9596 -27.6287 58.4224
    endloop
  endfacet
  facet normal -0.700191 -0.504711 -0.504975
    outer loop
      vertex 24.2833 -27.6894 59.4215
      vertex 24.9596 -28.9352 59.7289
      vertex 24.2555 -27.7794 59.55
    endloop
  endfacet
  facet normal -0.700329 -0.504758 -0.504736
    outer loop
      vertex 24.2555 -27.7794 59.55
      vertex 24.9596 -28.9352 59.7289
      vertex 24.2008 -27.8457 59.6922
    endloop
  endfacet
  facet normal -0.700298 -0.504705 -0.504831
    outer loop
      vertex 24.1209 -27.8863 59.8437
      vertex 24.9596 -28.9352 59.7289
      vertex 24.0181 -27.9 60
    endloop
  endfacet
  facet normal -0.700373 -0.504785 -0.504648
    outer loop
      vertex 24.2008 -27.8457 59.6922
      vertex 24.9596 -28.9352 59.7289
      vertex 24.1209 -27.8863 59.8437
    endloop
  endfacet
  facet normal -0.700345 -0.504722 -0.50475
    outer loop
      vertex 23.7572 -27.8457 60.3078
      vertex 24.9596 -28.9352 59.7289
      vertex 22.0946 -27.3134 62.0824
    endloop
  endfacet
  facet normal -0.700388 -0.504891 -0.504522
    outer loop
      vertex 23.8956 -27.8863 60.1563
      vertex 24.9596 -28.9352 59.7289
      vertex 23.7572 -27.8457 60.3078
    endloop
  endfacet
  facet normal -0.700355 -0.504803 -0.504656
    outer loop
      vertex 24.9596 -28.9352 59.7289
      vertex 23.8956 -27.8863 60.1563
      vertex 24.0181 -27.9 60
    endloop
  endfacet
  facet normal -0.603949 0.769892 0.206187
    outer loop
      vertex 24.9596 29.6931 80.5523
      vertex 23.423 28.3678 81
      vertex 24.9596 29.5732 81
    endloop
  endfacet
  facet normal -0.60391 0.769889 0.20631
    outer loop
      vertex 23.423 28.3678 81
      vertex 24.9596 29.6931 80.5523
      vertex 19.4504 26.2946 77.108
    endloop
  endfacet
  facet normal -0.701609 0.184421 -0.688283
    outer loop
      vertex 24.9596 19.1609 56.1035
      vertex 19.4504 18.5941 61.5675
      vertex 24.9596 20.9456 56.5817
    endloop
  endfacet
  facet normal -0.701606 0.184458 -0.688276
    outer loop
      vertex 19.4504 18.5941 61.5675
      vertex 24.9596 19.1609 56.1035
      vertex 19.4504 16.8094 61.0892
    endloop
  endfacet
  facet normal -0.944519 -0.13891 0.297637
    outer loop
      vertex 20.2902 -21.6993 87
      vertex 19.4504 -24.1601 83.1865
      vertex 20.3301 -21.9706 87
    endloop
  endfacet
  facet normal -0.944551 -0.138831 0.297571
    outer loop
      vertex 21.6702 -17.6554 93.2668
      vertex 22.1517 -17.4363 94.8974
      vertex 22.043 -16.563 94.9598
    endloop
  endfacet
  facet normal -0.94456 -0.138783 0.297567
    outer loop
      vertex 22.1517 -17.4363 94.8974
      vertex 21.6702 -17.6554 93.2668
      vertex 21.7975 -18.3179 93.3619
    endloop
  endfacet
  facet normal -0.488315 -0.842936 -0.225847
    outer loop
      vertex 24.9596 -31.2541 64.7018
      vertex 19.4504 -29.2606 69.1731
      vertex 24.9596 -30.7759 62.917
    endloop
  endfacet
  facet normal -0.721219 -0.292726 -0.627817
    outer loop
      vertex 24.9596 -24.4406 56.5817
      vertex 19.4504 -23.2348 62.3483
      vertex 19.4504 -21.5602 61.5675
    endloop
  endfacet
  facet normal -0.721215 -0.292759 -0.627807
    outer loop
      vertex 19.4504 -23.2348 62.3483
      vertex 24.9596 -24.4406 56.5817
      vertex 24.9596 -26.1152 57.3626
    endloop
  endfacet
  facet normal -0.687649 -0.0633055 -0.723278
    outer loop
      vertex 19.4504 -19.7754 61.0892
      vertex 24.9596 -20.8152 55.9424
      vertex 24.9596 -22.6558 56.1035
    endloop
  endfacet
  facet normal -0.687647 -0.0632667 -0.723284
    outer loop
      vertex 24.9596 -20.8152 55.9424
      vertex 19.4504 -19.7754 61.0892
      vertex 19.4504 -17.9348 60.9282
    endloop
  endfacet
  facet normal -0.721232 -0.397322 -0.567415
    outer loop
      vertex 24.9596 -26.1152 57.3626
      vertex 19.4504 -24.7483 63.4081
      vertex 19.4504 -23.2348 62.3483
    endloop
  endfacet
  facet normal -0.798452 -0.425724 0.425716
    outer loop
      vertex 19.4504 -25.8165 82.0267
      vertex 20.9815 -23.7149 87
      vertex 20.616 -23.0294 87
    endloop
  endfacet
  facet normal -0.798459 -0.425713 0.425713
    outer loop
      vertex 20.9815 -23.7149 87
      vertex 19.4504 -25.8165 82.0267
      vertex 19.4504 -27.2463 80.5969
    endloop
  endfacet
  facet normal -0.798492 -0.425668 0.425696
    outer loop
      vertex 22.1428 -19.3788 93.5142
      vertex 22.8357 -19.4383 94.7544
      vertex 22.4466 -18.6523 94.8105
    endloop
  endfacet
  facet normal -0.798481 -0.425695 0.425689
    outer loop
      vertex 22.8357 -19.4383 94.7544
      vertex 22.1428 -19.3788 93.5142
      vertex 22.5628 -20.0677 93.6131
    endloop
  endfacet
  facet normal -0.961116 -0.0775127 0.265044
    outer loop
      vertex 20.4888 -13.0456 90.5209
      vertex 21.0413 -8 94
      vertex 19.4504 -8 88.231
    endloop
  endfacet
  facet normal -0.96112 -0.0775002 0.265032
    outer loop
      vertex 20.7875 -13.4019 91.5
      vertex 21.0413 -8 94
      vertex 20.639 -13.1809 91.0261
    endloop
  endfacet
  facet normal -0.961082 -0.0775572 0.265152
    outer loop
      vertex 20.9299 -13.7019 91.9284
      vertex 21.0413 -8 94
      vertex 20.7875 -13.4019 91.5
    endloop
  endfacet
  facet normal -0.961118 -0.0775137 0.265034
    outer loop
      vertex 22.0982 -10.0267 97.24
      vertex 21.0413 -8 94
      vertex 20.9299 -13.7019 91.9284
    endloop
  endfacet
  facet normal -0.961177 -0.0776873 0.264771
    outer loop
      vertex 21.5475 -8 95.8355
      vertex 22.0982 -10.0267 97.24
      vertex 21.6211 -8.02278 96.096
    endloop
  endfacet
  facet normal -0.961105 -0.0774879 0.265091
    outer loop
      vertex 21.6211 -8.02278 96.096
      vertex 22.0982 -10.0267 97.24
      vertex 21.6962 -8.09045 96.3485
    endloop
  endfacet
  facet normal -0.961081 -0.0774354 0.265194
    outer loop
      vertex 21.6962 -8.09045 96.3485
      vertex 22.0982 -10.0267 97.24
      vertex 21.7705 -8.20096 96.5855
    endloop
  endfacet
  facet normal -0.961065 -0.0774102 0.265256
    outer loop
      vertex 21.7705 -8.20096 96.5855
      vertex 22.0982 -10.0267 97.24
      vertex 21.8417 -8.35094 96.7997
    endloop
  endfacet
  facet normal -0.96127 -0.0776553 0.264443
    outer loop
      vertex 21.8417 -8.35094 96.7997
      vertex 22.0982 -10.0267 97.24
      vertex 21.9075 -8.53581 96.9846
    endloop
  endfacet
  facet normal -0.961048 -0.0774402 0.265312
    outer loop
      vertex 21.9662 -8.75 97.1345
      vertex 22.0982 -10.0267 97.24
      vertex 22.0158 -8.98697 97.245
    endloop
  endfacet
  facet normal -0.961023 -0.0774952 0.265385
    outer loop
      vertex 22.0548 -9.23953 97.3127
      vertex 22.0982 -10.0267 97.24
      vertex 22.0821 -9.5 97.3355
    endloop
  endfacet
  facet normal -0.961104 -0.0774471 0.265106
    outer loop
      vertex 22.0821 -9.5 97.3355
      vertex 22.0982 -10.0267 97.24
      vertex 22.0968 -9.76047 97.3127
    endloop
  endfacet
  facet normal -0.961126 -0.0775351 0.265
    outer loop
      vertex 20.4888 -13.0456 90.5209
      vertex 19.4504 -8 88.231
      vertex 20.3415 -13 90
    endloop
  endfacet
  facet normal -0.961103 -0.0774969 0.265096
    outer loop
      vertex 19.4504 -8 88.231
      vertex 20.2015 -13.0456 89.4791
      vertex 20.3415 -13 90
    endloop
  endfacet
  facet normal -0.961118 -0.0775144 0.265034
    outer loop
      vertex 19.4504 -8 88.231
      vertex 20.0731 -13.1809 88.9739
      vertex 20.2015 -13.0456 89.4791
    endloop
  endfacet
  facet normal -0.961145 -0.0775321 0.264933
    outer loop
      vertex 19.4504 -8 88.231
      vertex 19.9603 -13.4019 88.5
      vertex 20.0731 -13.1809 88.9739
    endloop
  endfacet
  facet normal -0.961083 -0.0775147 0.265164
    outer loop
      vertex 19.4504 -8 88.231
      vertex 19.8663 -13.7019 88.0716
      vertex 19.9603 -13.4019 88.5
    endloop
  endfacet
  facet normal -0.96114 -0.0775131 0.264957
    outer loop
      vertex 19.4504 -8 88.231
      vertex 19.7942 -14.0716 87.7019
      vertex 19.8663 -13.7019 88.0716
    endloop
  endfacet
  facet normal -0.961093 -0.0775248 0.265121
    outer loop
      vertex 19.4504 -8 88.231
      vertex 19.746 -14.5 87.4019
      vertex 19.7942 -14.0716 87.7019
    endloop
  endfacet
  facet normal -0.961153 -0.077501 0.264914
    outer loop
      vertex 19.4504 -8 88.231
      vertex 19.7233 -14.9739 87.1809
      vertex 19.746 -14.5 87.4019
    endloop
  endfacet
  facet normal -0.961098 -0.0775274 0.265103
    outer loop
      vertex 19.4504 -22.3276 84.041
      vertex 19.7233 -14.9739 87.1809
      vertex 19.4504 -8 88.231
    endloop
  endfacet
  facet normal -0.961111 -0.0775174 0.265059
    outer loop
      vertex 19.7561 -16 87
      vertex 19.4504 -22.3276 84.041
      vertex 20.1251 -20.5751 87
    endloop
  endfacet
  facet normal -0.961163 -0.0774379 0.264895
    outer loop
      vertex 19.7267 -15.4791 87.0456
      vertex 19.4504 -22.3276 84.041
      vertex 19.7561 -16 87
    endloop
  endfacet
  facet normal -0.961208 -0.0773733 0.264752
    outer loop
      vertex 19.7233 -14.9739 87.1809
      vertex 19.4504 -22.3276 84.041
      vertex 19.7267 -15.4791 87.0456
    endloop
  endfacet
  facet normal -0.96113 -0.0774815 0.265001
    outer loop
      vertex 21.0413 -8 94
      vertex 20.4888 -13.0456 90.5209
      vertex 20.639 -13.1809 91.0261
    endloop
  endfacet
  facet normal -0.961192 -0.0774491 0.264785
    outer loop
      vertex 22.0158 -8.98697 97.245
      vertex 22.0982 -10.0267 97.24
      vertex 22.0548 -9.23953 97.3127
    endloop
  endfacet
  facet normal -0.960942 -0.0773964 0.265709
    outer loop
      vertex 21.9075 -8.53581 96.9846
      vertex 22.0982 -10.0267 97.24
      vertex 21.9662 -8.75 97.1345
    endloop
  endfacet
  facet normal -0.961115 -0.0774709 0.265059
    outer loop
      vertex 21.0413 -8 94
      vertex 22.0982 -10.0267 97.24
      vertex 21.5475 -8 95.8355
    endloop
  endfacet
  facet normal -0.961143 -0.077419 0.264974
    outer loop
      vertex 21.0616 -14.0716 92.2981
      vertex 22.0982 -10.0267 97.24
      vertex 20.9299 -13.7019 91.9284
    endloop
  endfacet
  facet normal -0.961108 -0.0775403 0.265065
    outer loop
      vertex 21.1789 -14.5 92.5981
      vertex 22.0982 -10.0267 97.24
      vertex 21.0616 -14.0716 92.2981
    endloop
  endfacet
  facet normal -0.961122 -0.077612 0.264991
    outer loop
      vertex 21.967 -15.7904 95.0786
      vertex 21.1789 -14.5 92.5981
      vertex 21.2781 -14.9739 92.8191
    endloop
  endfacet
  facet normal -0.961119 -0.0774028 0.265065
    outer loop
      vertex 21.967 -15.7904 95.0786
      vertex 21.2781 -14.9739 92.8191
      vertex 21.3561 -15.4791 92.9544
    endloop
  endfacet
  facet normal -0.961117 -0.0775128 0.265041
    outer loop
      vertex 21.1789 -14.5 92.5981
      vertex 21.967 -15.7904 95.0786
      vertex 22.0982 -10.0267 97.24
    endloop
  endfacet
  facet normal -0.961115 -0.0774937 0.265051
    outer loop
      vertex 21.967 -15.7904 95.0786
      vertex 21.3561 -15.4791 92.9544
      vertex 21.53 -16.9255 93.1621
    endloop
  endfacet
  facet normal -0.697761 -0.649208 0.30275
    outer loop
      vertex 24.9596 -31.8102 84.338
      vertex 19.5475 -28.466 79.0357
      vertex 20.7672 -29.87 78.8361
    endloop
  endfacet
  facet normal -0.951809 0.129726 0.277904
    outer loop
      vertex 20.3898 18.9472 87.4523
      vertex 20.7475 18.6638 88.8097
      vertex 20.4446 19.2548 87.4964
    endloop
  endfacet
  facet normal -0.951831 0.129609 0.277885
    outer loop
      vertex 20.7475 18.6638 88.8097
      vertex 20.3898 18.9472 87.4523
      vertex 20.6958 18.2153 88.8418
    endloop
  endfacet
  facet normal -0.647867 -0.73578 0.197224
    outer loop
      vertex 21.9481 -31.0412 78.6696
      vertex 24.9596 -32.6647 82.5054
      vertex 21.1503 -30.3109 78.7734
    endloop
  endfacet
  facet normal -0.647838 -0.735815 0.197187
    outer loop
      vertex 24.9596 -32.6647 82.5054
      vertex 21.9481 -31.0412 78.6696
      vertex 24.9596 -33.1881 80.5523
    endloop
  endfacet
  facet normal -0.674358 0.522131 -0.522131
    outer loop
      vertex 19.4504 22.8505 64.2545
      vertex 24.9596 24.5964 58.885
      vertex 24.9596 24.1338 58.4224
    endloop
  endfacet
  facet normal -0.674358 0.522131 -0.522131
    outer loop
      vertex 24.9596 24.5964 58.885
      vertex 19.4504 22.8505 64.2545
      vertex 19.4504 22.9544 64.3584
    endloop
  endfacet
  facet normal -0.411594 -0.899416 -0.147111
    outer loop
      vertex 19.4504 -29.7839 71.1263
      vertex 21.4681 -30.8029 71.7111
      vertex 20.2093 -30.2528 71.8698
    endloop
  endfacet
  facet normal -0.41159 -0.899415 -0.147126
    outer loop
      vertex 24.9596 -31.2541 64.7018
      vertex 21.4681 -30.8029 71.7111
      vertex 19.4504 -29.7839 71.1263
    endloop
  endfacet
  facet normal -0.411612 -0.899403 -0.147138
    outer loop
      vertex 21.4681 -30.8029 71.7111
      vertex 24.9596 -31.2541 64.7018
      vertex 24.9596 -32.2961 71.0712
    endloop
  endfacet
  facet normal -0.423011 0.875253 -0.234506
    outer loop
      vertex 24.9596 27.281 62.917
      vertex 22.3916 27.0765 66.786
      vertex 24.9596 27.7592 64.7018
    endloop
  endfacet
  facet normal -0.423075 0.875211 -0.23455
    outer loop
      vertex 22.3916 27.0765 66.786
      vertex 24.9596 27.281 62.917
      vertex 21.4447 26.6516 66.9085
    endloop
  endfacet
  facet normal -0.66358 0.678026 0.316135
    outer loop
      vertex 22.4161 27.3823 81
      vertex 19.4504 25.44 78.9406
      vertex 21.5525 26.5371 81
    endloop
  endfacet
  facet normal -0.663589 0.678 0.316173
    outer loop
      vertex 19.4504 25.44 78.9406
      vertex 22.4161 27.3823 81
      vertex 19.4504 26.2946 77.108
    endloop
  endfacet
  facet normal -0.924957 0.217877 0.311421
    outer loop
      vertex 20.4446 19.2548 87.4964
      vertex 20.8299 19.0531 88.7819
      vertex 20.5227 19.5299 87.5359
    endloop
  endfacet
  facet normal -0.924923 0.21801 0.311432
    outer loop
      vertex 20.8299 19.0531 88.7819
      vertex 20.4446 19.2548 87.4964
      vertex 20.7475 18.6638 88.8097
    endloop
  endfacet
  facet normal -0.468421 -0.880142 -0.0770163
    outer loop
      vertex 20.0237 -30.1565 71.8975
      vertex 19.4504 -29.8589 71.9834
      vertex 19.4504 -29.7839 71.1263
    endloop
  endfacet
  facet normal -0.467582 -0.880506 -0.0779433
    outer loop
      vertex 24.9596 -33.3643 78.538
      vertex 24.7019 -33.2051 78.2855
      vertex 24.7621 -33.2359 78.2723
    endloop
  endfacet
  facet normal -0.729993 -0.559846 0.392024
    outer loop
      vertex 24.9596 -30.6504 85.9943
      vertex 19.4504 -27.2463 80.5969
      vertex 24.9596 -31.8102 84.338
    endloop
  endfacet
  facet normal -0.944578 -0.138721 0.297538
    outer loop
      vertex 19.4504 -22.3276 84.041
      vertex 20.2902 -21.6993 87
      vertex 20.1251 -20.5751 87
    endloop
  endfacet
  facet normal -0.944573 -0.138745 0.297542
    outer loop
      vertex 20.2902 -21.6993 87
      vertex 19.4504 -22.3276 84.041
      vertex 19.4504 -24.1601 83.1865
    endloop
  endfacet
  facet normal -0.944616 -0.138595 0.297478
    outer loop
      vertex 21.53 -16.9255 93.1621
      vertex 21.973 -16 95
      vertex 21.967 -15.7904 95.0786
    endloop
  endfacet
  facet normal -0.944589 -0.138688 0.297518
    outer loop
      vertex 21.53 -16.9255 93.1621
      vertex 22.043 -16.563 94.9598
      vertex 21.973 -16 95
    endloop
  endfacet
  facet normal -0.944576 -0.138756 0.297528
    outer loop
      vertex 22.043 -16.563 94.9598
      vertex 21.53 -16.9255 93.1621
      vertex 21.6702 -17.6554 93.2668
    endloop
  endfacet
  facet normal -0.697721 -0.649294 0.302659
    outer loop
      vertex 24.9596 -32.6647 82.5054
      vertex 20.7672 -29.87 78.8361
      vertex 21.1503 -30.3109 78.7734
    endloop
  endfacet
  facet normal -0.697743 -0.649239 0.302726
    outer loop
      vertex 20.7672 -29.87 78.8361
      vertex 24.9596 -32.6647 82.5054
      vertex 24.9596 -31.8102 84.338
    endloop
  endfacet
  facet normal -0.647831 -0.735829 0.197159
    outer loop
      vertex 24.9596 -33.1881 80.5523
      vertex 21.9481 -31.0412 78.6696
      vertex 22.9101 -31.9217 78.5444
    endloop
  endfacet
  facet normal -0.574002 -0.815735 0.0714034
    outer loop
      vertex 23.873 -32.6078 78.4468
      vertex 24.9596 -33.1881 80.5523
      vertex 22.9101 -31.9217 78.5444
    endloop
  endfacet
  facet normal -0.573943 -0.81578 0.07136
    outer loop
      vertex 24.9596 -33.1881 80.5523
      vertex 23.873 -32.6078 78.4468
      vertex 24.9596 -33.3643 78.538
    endloop
  endfacet
  facet normal -0.573944 -0.815772 0.0714509
    outer loop
      vertex 24.9596 -33.3643 78.538
      vertex 23.873 -32.6078 78.4468
      vertex 24.5867 -33.122 78.309
    endloop
  endfacet
  facet normal -0.656839 -0.617687 -0.432463
    outer loop
      vertex 24.9596 -28.9352 59.7289
      vertex 19.4504 -28.406 67.3406
      vertex 19.4504 -27.2463 65.6842
    endloop
  endfacet
  facet normal -0.703342 0.582304 0.407716
    outer loop
      vertex 21.5525 26.5371 81
      vertex 19.4504 25.44 78.9406
      vertex 21.0589 25.9409 81
    endloop
  endfacet
  facet normal -0.703354 0.582278 0.407732
    outer loop
      vertex 19.4504 24.2802 80.5969
      vertex 21.0589 25.9409 81
      vertex 19.4504 25.44 78.9406
    endloop
  endfacet
  facet normal -0.703354 0.582277 0.407733
    outer loop
      vertex 21.0589 25.9409 81
      vertex 19.4504 24.2802 80.5969
      vertex 19.8619 24.495 81
    endloop
  endfacet
  facet normal -0.729967 -0.559887 0.392015
    outer loop
      vertex 19.5475 -28.466 79.0357
      vertex 19.4504 -27.2463 80.5969
      vertex 19.4504 -28.3254 79.0557
    endloop
  endfacet
  facet normal -0.729992 -0.559866 0.391997
    outer loop
      vertex 19.4504 -27.2463 80.5969
      vertex 19.5475 -28.466 79.0357
      vertex 24.9596 -31.8102 84.338
    endloop
  endfacet
  facet normal -0.488311 -0.842941 -0.22584
    outer loop
      vertex 24.9596 -31.2541 64.7018
      vertex 19.4504 -29.7839 71.1263
      vertex 19.4504 -29.2606 69.1731
    endloop
  endfacet
  facet normal -0.589211 -0.732264 -0.341497
    outer loop
      vertex 24.9596 -29.995 61.2424
      vertex 19.4504 -29.2606 69.1731
      vertex 19.4504 -28.406 67.3406
    endloop
  endfacet
  facet normal -0.904796 -0.244158 0.348901
    outer loop
      vertex 20.3301 -21.9706 87
      vertex 19.4504 -24.1601 83.1865
      vertex 20.3906 -22.1948 87
    endloop
  endfacet
  facet normal -0.904721 -0.244327 0.348975
    outer loop
      vertex 21.7975 -18.3179 93.3619
      vertex 22.325 -18.151 94.8463
      vertex 22.1517 -17.4363 94.8974
    endloop
  endfacet
  facet normal -0.904702 -0.244397 0.348976
    outer loop
      vertex 22.325 -18.151 94.8463
      vertex 21.7975 -18.3179 93.3619
      vertex 21.9788 -18.8748 93.4419
    endloop
  endfacet
  facet normal -0.924878 0.21819 0.311438
    outer loop
      vertex 20.5227 19.5299 87.5359
      vertex 21.0187 19.9448 88.7182
      vertex 20.7711 20.4037 87.6614
    endloop
  endfacet
  facet normal -0.92489 0.218078 0.311481
    outer loop
      vertex 21.0187 19.9448 88.7182
      vertex 20.5227 19.5299 87.5359
      vertex 20.8299 19.0531 88.7819
    endloop
  endfacet
  facet normal -0.589191 -0.732287 -0.341481
    outer loop
      vertex 24.9596 -30.7759 62.917
      vertex 19.4504 -29.2606 69.1731
      vertex 24.9596 -29.995 61.2424
    endloop
  endfacet
  facet normal -0.951848 0.129545 0.277855
    outer loop
      vertex 20.1918 17.8349 87.2926
      vertex 20.6958 18.2153 88.8418
      vertex 20.3898 18.9472 87.4523
    endloop
  endfacet
  facet normal -0.951849 0.129531 0.277859
    outer loop
      vertex 20.6958 18.2153 88.8418
      vertex 20.1918 17.8349 87.2926
      vertex 20.5637 17.0691 88.9236
    endloop
  endfacet
  facet normal -0.718799 -0.431696 -0.544947
    outer loop
      vertex 20.609 -25.354 62.3597
      vertex 19.4504 -24.9836 63.5945
      vertex 19.4504 -24.7483 63.4081
    endloop
  endfacet
  facet normal -0.719005 -0.430623 -0.545524
    outer loop
      vertex 24.2121 -27.3078 59.1543
      vertex 24.9596 -27.6287 58.4224
      vertex 24.2322 -27.3895 59.1923
    endloop
  endfacet
  facet normal -0.718806 -0.431942 -0.544743
    outer loop
      vertex 24.9596 -27.6287 58.4224
      vertex 24.2121 -27.3078 59.1543
      vertex 24.177 -27.2195 59.1306
    endloop
  endfacet
  facet normal -0.697873 0.4448 -0.561361
    outer loop
      vertex 24.9596 24.1338 58.4224
      vertex 19.4504 21.7823 63.4081
      vertex 19.4504 22.8505 64.2545
    endloop
  endfacet
  facet normal -0.702154 0.408392 -0.583263
    outer loop
      vertex 19.4504 20.2687 62.3483
      vertex 24.9596 24.1338 58.4224
      vertex 24.9596 22.6202 57.3626
    endloop
  endfacet
  facet normal -0.702154 0.408392 -0.583263
    outer loop
      vertex 24.9596 24.1338 58.4224
      vertex 19.4504 20.2687 62.3483
      vertex 19.4504 21.7823 63.4081
    endloop
  endfacet
  facet normal -0.721188 -0.397522 -0.56733
    outer loop
      vertex 24.9596 -26.1152 57.3626
      vertex 20.609 -25.354 62.3597
      vertex 19.4504 -24.7483 63.4081
    endloop
  endfacet
  facet normal -0.721248 -0.397286 -0.567419
    outer loop
      vertex 24.9596 -26.1152 57.3626
      vertex 23.1484 -26.1543 59.6922
      vertex 20.609 -25.354 62.3597
    endloop
  endfacet
  facet normal -0.72153 -0.396481 -0.567624
    outer loop
      vertex 24.9596 -26.1152 57.3626
      vertex 23.2967 -26.2206 59.55
      vertex 23.1484 -26.1543 59.6922
    endloop
  endfacet
  facet normal -0.721175 -0.397445 -0.567401
    outer loop
      vertex 24.9596 -26.1152 57.3626
      vertex 23.4474 -26.3106 59.4215
      vertex 23.2967 -26.2206 59.55
    endloop
  endfacet
  facet normal -0.721119 -0.397587 -0.567373
    outer loop
      vertex 24.9596 -26.1152 57.3626
      vertex 23.5958 -26.4215 59.3106
      vertex 23.4474 -26.3106 59.4215
    endloop
  endfacet
  facet normal -0.721225 -0.397343 -0.567409
    outer loop
      vertex 24.9596 -26.1152 57.3626
      vertex 23.7374 -26.55 59.2206
      vertex 23.5958 -26.4215 59.3106
    endloop
  endfacet
  facet normal -0.721229 -0.397335 -0.56741
    outer loop
      vertex 24.9596 -26.1152 57.3626
      vertex 23.8679 -26.6922 59.1543
      vertex 23.7374 -26.55 59.2206
    endloop
  endfacet
  facet normal -0.721237 -0.39732 -0.56741
    outer loop
      vertex 24.9596 -26.1152 57.3626
      vertex 23.9833 -26.8437 59.1137
      vertex 23.8679 -26.6922 59.1543
    endloop
  endfacet
  facet normal -0.721238 -0.397318 -0.56741
    outer loop
      vertex 24.9596 -27.6287 58.4224
      vertex 23.9833 -26.8437 59.1137
      vertex 24.9596 -26.1152 57.3626
    endloop
  endfacet
  facet normal -0.721164 -0.396862 -0.567823
    outer loop
      vertex 23.9833 -26.8437 59.1137
      vertex 24.9596 -27.6287 58.4224
      vertex 24.0801 -27 59.1
    endloop
  endfacet
  facet normal -0.721233 -0.397642 -0.567189
    outer loop
      vertex 24.0801 -27 59.1
      vertex 24.9596 -27.6287 58.4224
      vertex 24.1555 -27.1563 59.1137
    endloop
  endfacet
  facet normal -0.721237 -0.397123 -0.567548
    outer loop
      vertex 24.1555 -27.1563 59.1137
      vertex 24.9596 -27.6287 58.4224
      vertex 24.177 -27.2195 59.1306
    endloop
  endfacet
  facet normal -0.65687 -0.617637 -0.432489
    outer loop
      vertex 24.9596 -29.995 61.2424
      vertex 19.4504 -28.406 67.3406
      vertex 24.9596 -28.9352 59.7289
    endloop
  endfacet
  facet normal -0.336097 0.929474 -0.152041
    outer loop
      vertex 24.9596 27.7592 64.7018
      vertex 23.2698 27.4705 66.6723
      vertex 24.9596 28.054 66.504
    endloop
  endfacet
  facet normal -0.336113 0.929468 -0.152046
    outer loop
      vertex 24.9596 29.1076 72.9445
      vertex 21.4845 27.8795 73.1191
      vertex 24.9596 29.6931 76.5237
    endloop
  endfacet
  facet normal -0.700362 -0.504692 -0.504757
    outer loop
      vertex 22.0946 -27.3134 62.0824
      vertex 19.4504 -27.2463 65.6842
      vertex 19.4504 -26.4667 64.9047
    endloop
  endfacet
  facet normal -0.700344 -0.504731 -0.504742
    outer loop
      vertex 19.4504 -27.2463 65.6842
      vertex 22.0946 -27.3134 62.0824
      vertex 24.9596 -28.9352 59.7289
    endloop
  endfacet
  facet normal -0.66359 0.677999 0.316174
    outer loop
      vertex 23.423 28.3678 81
      vertex 19.4504 26.2946 77.108
      vertex 22.4161 27.3823 81
    endloop
  endfacet
  facet normal -0.70731 0.298757 -0.640669
    outer loop
      vertex 24.9596 20.9456 56.5817
      vertex 19.4504 20.2687 62.3483
      vertex 24.9596 22.6202 57.3626
    endloop
  endfacet
  facet normal -0.707316 0.298723 -0.640679
    outer loop
      vertex 19.4504 20.2687 62.3483
      vertex 24.9596 20.9456 56.5817
      vertex 19.4504 18.5941 61.5675
    endloop
  endfacet
  facet normal -0.517841 0.852219 0.0745898
    outer loop
      vertex 24.9596 29.8694 78.538
      vertex 19.4504 26.8179 75.1549
      vertex 24.9596 29.6931 80.5523
    endloop
  endfacet
  facet normal -0.423035 0.875233 -0.234542
    outer loop
      vertex 24.9596 27.7592 64.7018
      vertex 22.3916 27.0765 66.786
      vertex 23.2698 27.4705 66.6723
    endloop
  endfacet
  facet normal -0.959944 0.0951257 0.26355
    outer loop
      vertex 19.8655 15.4791 86.9544
      vertex 20.5637 17.0691 88.9236
      vertex 20.1918 17.8349 87.2926
    endloop
  endfacet
  facet normal -0.959947 0.0951539 0.263528
    outer loop
      vertex 20.5637 17.0691 88.9236
      vertex 19.8655 15.4791 86.9544
      vertex 20.4787 16 89
    endloop
  endfacet
  facet normal -0.959943 0.0953154 0.263486
    outer loop
      vertex 19.7782 14.9739 86.8191
      vertex 20.4787 16 89
      vertex 19.8655 15.4791 86.9544
    endloop
  endfacet
  facet normal -0.959934 0.0950157 0.263624
    outer loop
      vertex 19.6706 14.5 86.5981
      vertex 20.4787 16 89
      vertex 19.7782 14.9739 86.8191
    endloop
  endfacet
  facet normal -0.959955 0.0951167 0.263514
    outer loop
      vertex 20.5016 10.0267 91.24
      vertex 19.6706 14.5 86.5981
      vertex 19.5458 14.0716 86.2981
    endloop
  endfacet
  facet normal -0.959895 0.0953109 0.263662
    outer loop
      vertex 20.5016 10.0267 91.24
      vertex 19.5458 14.0716 86.2981
      vertex 19.4504 13.8165 86.043
    endloop
  endfacet
  facet normal -0.959943 0.0951494 0.263544
    outer loop
      vertex 19.6706 14.5 86.5981
      vertex 20.5016 10.0267 91.24
      vertex 20.4787 16 89
    endloop
  endfacet
  facet normal -0.959941 0.0951492 0.263553
    outer loop
      vertex 19.4504 8 88.1429
      vertex 20.5016 10.0267 91.24
      vertex 19.4504 13.8165 86.043
    endloop
  endfacet
  facet normal -0.959941 0.0951545 0.26355
    outer loop
      vertex 19.9151 8 89.8355
      vertex 20.5016 10.0267 91.24
      vertex 19.4504 8 88.1429
    endloop
  endfacet
  facet normal -0.959923 0.0950879 0.263639
    outer loop
      vertex 20.5016 10.0267 91.24
      vertex 19.9151 8 89.8355
      vertex 20.4959 9.7748 91.3101
    endloop
  endfacet
  facet normal -0.959972 0.095323 0.263375
    outer loop
      vertex 20.4959 9.7748 91.3101
      vertex 19.9151 8 89.8355
      vertex 20.477 9.51456 91.3354
    endloop
  endfacet
  facet normal -0.959955 0.0952137 0.263479
    outer loop
      vertex 20.477 9.51456 91.3354
      vertex 19.9151 8 89.8355
      vertex 20.4456 9.25388 91.3152
    endloop
  endfacet
  facet normal -0.959932 0.0950287 0.263627
    outer loop
      vertex 20.4456 9.25388 91.3152
      vertex 19.9151 8 89.8355
      vertex 20.4026 9.00067 91.2499
    endloop
  endfacet
  facet normal -0.959958 0.0953255 0.263426
    outer loop
      vertex 20.4026 9.00067 91.2499
      vertex 19.9151 8 89.8355
      vertex 20.3493 8.76265 91.1418
    endloop
  endfacet
  facet normal -0.959938 0.0953558 0.263488
    outer loop
      vertex 20.2874 8.54701 90.9939
      vertex 19.9151 8 89.8355
      vertex 20.2186 8.36035 90.8108
    endloop
  endfacet
  facet normal -0.959939 0.095529 0.263424
    outer loop
      vertex 20.2186 8.36035 90.8108
      vertex 19.9151 8 89.8355
      vertex 20.1451 8.2083 90.5981
    endloop
  endfacet
  facet normal -0.959965 0.094331 0.263759
    outer loop
      vertex 20.1451 8.2083 90.5981
      vertex 19.9151 8 89.8355
      vertex 20.0692 8.0955 90.3622
    endloop
  endfacet
  facet normal -0.959916 0.094584 0.263845
    outer loop
      vertex 20.3493 8.76265 91.1418
      vertex 19.9151 8 89.8355
      vertex 20.2874 8.54701 90.9939
    endloop
  endfacet
  facet normal -0.959967 0.0942835 0.263768
    outer loop
      vertex 20.0692 8.0955 90.3622
      vertex 19.9151 8 89.8355
      vertex 19.9931 8.02539 90.1103
    endloop
  endfacet
  facet normal -0.398542 0.913661 -0.0799303
    outer loop
      vertex 20.9558 27.6517 73.1515
      vertex 19.5495 27.0458 73.2376
      vertex 24.9596 29.8694 78.538
    endloop
  endfacet
  facet normal -0.710431 -0.182171 -0.67978
    outer loop
      vertex 24.9596 -22.6558 56.1035
      vertex 19.4504 -21.5602 61.5675
      vertex 19.4504 -19.7754 61.0892
    endloop
  endfacet
  facet normal -0.710432 -0.182135 -0.679789
    outer loop
      vertex 19.4504 -21.5602 61.5675
      vertex 24.9596 -22.6558 56.1035
      vertex 24.9596 -24.4406 56.5817
    endloop
  endfacet
  facet normal -0.745025 -0.49256 0.449803
    outer loop
      vertex 19.4504 -27.2463 80.5969
      vertex 24.9596 -29.732 87
      vertex 20.9815 -23.7149 87
    endloop
  endfacet
  facet normal -0.745025 -0.49256 0.449803
    outer loop
      vertex 24.9596 -29.732 87
      vertex 19.4504 -27.2463 80.5969
      vertex 24.9596 -30.6504 85.9943
    endloop
  endfacet
  facet normal -0.745033 -0.492565 0.449785
    outer loop
      vertex 22.5628 -20.0677 93.6131
      vertex 24.9596 -22.875 94.5089
      vertex 22.8357 -19.4383 94.7544
    endloop
  endfacet
  facet normal -0.745044 -0.492589 0.44974
    outer loop
      vertex 24.9596 -22.875 94.5089
      vertex 22.5628 -20.0677 93.6131
      vertex 24.9596 -23.2728 94.0732
    endloop
  endfacet
  facet normal -0.904719 -0.244337 0.348974
    outer loop
      vertex 19.4504 -24.1601 83.1865
      vertex 20.616 -23.0294 87
      vertex 20.3906 -22.1948 87
    endloop
  endfacet
  facet normal -0.904714 -0.244351 0.348977
    outer loop
      vertex 20.616 -23.0294 87
      vertex 19.4504 -24.1601 83.1865
      vertex 19.4504 -25.8165 82.0267
    endloop
  endfacet
  facet normal -0.904711 -0.244376 0.348968
    outer loop
      vertex 21.9788 -18.8748 93.4419
      vertex 22.4466 -18.6523 94.8105
      vertex 22.325 -18.151 94.8463
    endloop
  endfacet
  facet normal -0.904723 -0.244334 0.348965
    outer loop
      vertex 22.4466 -18.6523 94.8105
      vertex 21.9788 -18.8748 93.4419
      vertex 22.1428 -19.3788 93.5142
    endloop
  endfacet
  facet normal -0.54028 0.762704 -0.355501
    outer loop
      vertex 24.9596 27.281 62.917
      vertex 20.9633 26.351 66.9952
      vertex 21.4447 26.6516 66.9085
    endloop
  endfacet
  facet normal -0.540366 0.762591 -0.355612
    outer loop
      vertex 20.9633 26.351 66.9952
      vertex 24.9596 27.281 62.917
      vertex 24.9596 26.5001 61.2424
    endloop
  endfacet
  facet normal -0.540404 0.762551 -0.355639
    outer loop
      vertex 24.9596 26.5001 61.2424
      vertex 19.529 25.4551 67.2537
      vertex 20.9633 26.351 66.9952
    endloop
  endfacet
  facet normal -0.517819 0.852237 0.0745366
    outer loop
      vertex 19.5495 27.0458 73.2376
      vertex 19.4504 26.8179 75.1549
      vertex 24.9596 29.8694 78.538
    endloop
  endfacet
  facet normal -0.517349 0.852517 0.0745941
    outer loop
      vertex 19.4504 26.8179 75.1549
      vertex 19.5495 27.0458 73.2376
      vertex 19.4504 26.9849 73.2463
    endloop
  endfacet
  facet normal -0.619795 0.643929 -0.448564
    outer loop
      vertex 19.529 25.4551 67.2537
      vertex 23.0797 25.4402 62.3262
      vertex 19.5102 25.44 67.258
    endloop
  endfacet
  facet normal -0.621113 0.641998 -0.449508
    outer loop
      vertex 24.9596 26.5001 61.2424
      vertex 23.0797 25.4402 62.3262
      vertex 19.529 25.4551 67.2537
    endloop
  endfacet
  facet normal -0.621117 0.641973 -0.449538
    outer loop
      vertex 23.0797 25.4402 62.3262
      vertex 24.9596 26.5001 61.2424
      vertex 24.9596 25.9857 60.5078
    endloop
  endfacet
  facet normal -0.620961 0.642079 -0.449603
    outer loop
      vertex 19.5102 25.44 67.258
      vertex 19.4504 24.387 65.8368
      vertex 19.4504 25.3919 67.2719
    endloop
  endfacet
  facet normal -0.62112 0.64198 -0.449523
    outer loop
      vertex 19.4504 24.387 65.8368
      vertex 19.5102 25.44 67.258
      vertex 23.0797 25.4402 62.3262
    endloop
  endfacet
  facet normal -0.518856 -0.825751 -0.221188
    outer loop
      vertex 26 -31.6697 63.8128
      vertex 24.9596 -31.2541 64.7018
      vertex 26 -31.5846 63.4951
    endloop
  endfacet
  facet normal -0.475978 -0.849469 0.227698
    outer loop
      vertex 26 -33.0908 83.0906
      vertex 24.9596 -32.6647 82.5054
      vertex 26 -33.184 82.7429
    endloop
  endfacet
  facet normal -0.415695 -0.906037 0.0793351
    outer loop
      vertex 26 -33.759 79.4818
      vertex 24.9596 -33.3643 78.538
      vertex 26 -33.7904 79.1232
    endloop
  endfacet
  facet normal -0.520066 -0.77411 0.36095
    outer loop
      vertex 24.9596 -31.8102 84.338
      vertex 26 -33.0908 83.0906
      vertex 26 -32.2363 84.9232
    endloop
  endfacet
  facet normal -0.520066 -0.77411 0.36095
    outer loop
      vertex 26 -33.0908 83.0906
      vertex 24.9596 -31.8102 84.338
      vertex 24.9596 -32.6647 82.5054
    endloop
  endfacet
  facet normal -0.649581 -0 -0.760292
    outer loop
      vertex 24.9596 17.3202 55.9424
      vertex 26 8 55.0535
      vertex 24.9596 8 55.9424
    endloop
  endfacet
  facet normal -0.649581 0 -0.760292
    outer loop
      vertex 26 8 55.0535
      vertex 24.9596 17.3202 55.9424
      vertex 26 17.6399 55.0535
    endloop
  endfacet
  facet normal -0.649581 0 -0.760292
    outer loop
      vertex 24.9596 -20.8152 55.9424
      vertex 26 -8 55.0535
      vertex 26 -21.2308 55.0535
    endloop
  endfacet
  facet normal -0.649581 0 -0.760292
    outer loop
      vertex 26 -8 55.0535
      vertex 24.9596 -20.8152 55.9424
      vertex 24.9596 -8 55.9424
    endloop
  endfacet
  facet normal -0.585968 -0.734408 -0.34247
    outer loop
      vertex 24.9596 -29.995 61.2424
      vertex 26 -31.1915 62.0281
      vertex 24.9596 -30.7759 62.917
    endloop
  endfacet
  facet normal -0.586002 -0.734405 -0.34242
    outer loop
      vertex 26 -31.1915 62.0281
      vertex 24.9596 -29.995 61.2424
      vertex 26 -30.5497 60.6516
    endloop
  endfacet
  facet normal -0.459859 0.857739 -0.229813
    outer loop
      vertex 26 28.0788 63.8128
      vertex 24.9596 27.281 62.917
      vertex 24.9596 27.7592 64.7018
    endloop
  endfacet
  facet normal -0.459849 0.857741 -0.229827
    outer loop
      vertex 24.9596 27.281 62.917
      vertex 26 28.0788 63.8128
      vertex 26 27.6006 62.0281
    endloop
  endfacet
  facet normal -0.535114 -0.735199 0.416095
    outer loop
      vertex 25.544 -30.6946 87.0608
      vertex 26 -32.2363 84.9232
      vertex 26 -31.0072 87.0949
    endloop
  endfacet
  facet normal -0.535007 -0.735245 0.416151
    outer loop
      vertex 25.4606 -30.6368 87.0557
      vertex 26 -32.2363 84.9232
      vertex 25.544 -30.6946 87.0608
    endloop
  endfacet
  facet normal -0.535136 -0.735193 0.416079
    outer loop
      vertex 26 -32.2363 84.9232
      vertex 25.4606 -30.6368 87.0557
      vertex 24.9596 -31.8102 84.338
    endloop
  endfacet
  facet normal -0.663493 -0.528931 -0.529158
    outer loop
      vertex 26 -29.3509 58.8399
      vertex 24.9596 -28.9352 59.7289
      vertex 26 -29.1183 58.6074
    endloop
  endfacet
  facet normal -0.403607 0.902932 -0.1477
    outer loop
      vertex 26 28.4981 66.3759
      vertex 24.9596 27.7592 64.7018
      vertex 24.9596 28.054 66.504
    endloop
  endfacet
  facet normal -0.40359 0.902937 -0.147712
    outer loop
      vertex 24.9596 27.7592 64.7018
      vertex 26 28.4981 66.3759
      vertex 26 28.0788 63.8128
    endloop
  endfacet
  facet normal -0.403631 0.90292 -0.147703
    outer loop
      vertex 26 29.6685 73.5302
      vertex 24.9596 29.1076 72.9445
      vertex 24.9596 29.6931 76.5237
    endloop
  endfacet
  facet normal -0.403616 0.902923 -0.147733
    outer loop
      vertex 24.9596 29.1076 72.9445
      vertex 26 29.6685 73.5302
      vertex 26 29.5621 72.8799
    endloop
  endfacet
  facet normal -0.337827 -0.937621 -0.0821006
    outer loop
      vertex 26 -33.7904 79.1232
      vertex 24.9596 -33.3643 78.538
      vertex 26 -33.759 78.7646
    endloop
  endfacet
  facet normal -0.469808 -0.871188 -0.142522
    outer loop
      vertex 24.9596 -31.2541 64.7018
      vertex 26 -32.8204 70.8465
      vertex 24.9596 -32.2961 71.0712
    endloop
  endfacet
  facet normal -0.469794 -0.871194 -0.142526
    outer loop
      vertex 26 -32.8204 70.8465
      vertex 24.9596 -31.2541 64.7018
      vertex 26 -31.6697 63.8128
    endloop
  endfacet
  facet normal -0.670683 0.313482 -0.672245
    outer loop
      vertex 24.9596 22.6202 57.3626
      vertex 26 21.2653 55.6928
      vertex 24.9596 20.9456 56.5817
    endloop
  endfacet
  facet normal -0.67072 0.313434 -0.67223
    outer loop
      vertex 26 21.2653 55.6928
      vertex 24.9596 22.6202 57.3626
      vertex 26 22.9399 56.4736
    endloop
  endfacet
  facet normal -0.686127 -0.307454 -0.659319
    outer loop
      vertex 26 -24.8562 55.6928
      vertex 24.9596 -26.1152 57.3626
      vertex 24.9596 -24.4406 56.5817
    endloop
  endfacet
  facet normal -0.686161 -0.307408 -0.659306
    outer loop
      vertex 24.9596 -26.1152 57.3626
      vertex 26 -24.8562 55.6928
      vertex 26 -26.5308 56.4736
    endloop
  endfacet
  facet normal -0.663145 -0.0653029 -0.745637
    outer loop
      vertex 26 -21.5585 55.0822
      vertex 24.9596 -20.8152 55.9424
      vertex 26 -21.2308 55.0535
    endloop
  endfacet
  facet normal -0.659014 0.431414 -0.616102
    outer loop
      vertex 24.9596 22.6202 57.3626
      vertex 26 24.4534 57.5334
      vertex 26 22.9399 56.4736
    endloop
  endfacet
  facet normal -0.658994 0.431405 -0.61613
    outer loop
      vertex 26 24.4534 57.5334
      vertex 24.9596 22.6202 57.3626
      vertex 24.9596 24.1338 58.4224
    endloop
  endfacet
  facet normal -0.342987 0.935759 0.0819377
    outer loop
      vertex 26 30.1995 79.1232
      vertex 24.9596 29.8694 78.538
      vertex 26 30.1681 79.4818
    endloop
  endfacet
  facet normal -0.765757 -0.526965 0.368679
    outer loop
      vertex 25.1449 -30.2036 87.0178
      vertex 24.9596 -30.6504 85.9943
      vertex 25.159 -30.2229 87.0195
    endloop
  endfacet
  facet normal -0.475974 -0.849488 0.227638
    outer loop
      vertex 24.9596 -32.6647 82.5054
      vertex 26 -33.6142 81.1375
      vertex 26 -33.184 82.7429
    endloop
  endfacet
  facet normal -0.475961 -0.849492 0.22765
    outer loop
      vertex 26 -33.6142 81.1375
      vertex 24.9596 -32.6647 82.5054
      vertex 24.9596 -33.1881 80.5523
    endloop
  endfacet
  facet normal -0.257971 0.96247 -0.0842765
    outer loop
      vertex 26 30.1681 78.7646
      vertex 24.9596 29.8694 78.538
      vertex 26 30.1995 79.1232
    endloop
  endfacet
  facet normal -0.670957 0.19191 -0.716231
    outer loop
      vertex 24.9596 20.9456 56.5817
      vertex 26 19.4805 55.2145
      vertex 24.9596 19.1609 56.1035
    endloop
  endfacet
  facet normal -0.670931 0.191944 -0.716247
    outer loop
      vertex 26 19.4805 55.2145
      vertex 24.9596 20.9456 56.5817
      vertex 26 21.2653 55.6928
    endloop
  endfacet
  facet normal -0.680511 -0.189655 -0.707768
    outer loop
      vertex 24.9596 -24.4406 56.5817
      vertex 26 -23.0715 55.2145
      vertex 26 -24.5385 55.6076
    endloop
  endfacet
  facet normal -0.680531 -0.189629 -0.707756
    outer loop
      vertex 26 -23.0715 55.2145
      vertex 24.9596 -24.4406 56.5817
      vertex 24.9596 -22.6558 56.1035
    endloop
  endfacet
  facet normal -0.342671 0.935878 0.0819102
    outer loop
      vertex 26 30.1681 79.4818
      vertex 25.7555 29.9457 81
      vertex 25.9038 30 81
    endloop
  endfacet
  facet normal -0.343081 0.935731 0.081868
    outer loop
      vertex 26 30.1681 79.4818
      vertex 25.9038 30 81
      vertex 26 30.035 81.0031
    endloop
  endfacet
  facet normal -0.343021 0.935756 0.0818362
    outer loop
      vertex 25.7555 29.9457 81
      vertex 26 30.1681 79.4818
      vertex 24.9596 29.6931 80.5523
    endloop
  endfacet
  facet normal -0.34296 0.935773 0.0819028
    outer loop
      vertex 24.9596 29.6931 80.5523
      vertex 26 30.1681 79.4818
      vertex 24.9596 29.8694 78.538
    endloop
  endfacet
  facet normal -0.595726 0.657921 -0.460706
    outer loop
      vertex 26 26.8197 60.3535
      vertex 24.9596 25.9857 60.5078
      vertex 24.9596 26.5001 61.2424
    endloop
  endfacet
  facet normal -0.595743 0.657955 -0.460636
    outer loop
      vertex 24.9596 25.9857 60.5078
      vertex 26 26.8197 60.3535
      vertex 26 26.2683 59.5659
    endloop
  endfacet
  facet normal -0.415653 -0.906065 0.0792403
    outer loop
      vertex 24.9596 -33.1881 80.5523
      vertex 26 -33.759 79.4818
      vertex 26 -33.6142 81.1375
    endloop
  endfacet
  facet normal -0.415638 -0.90607 0.0792581
    outer loop
      vertex 26 -33.759 79.4818
      vertex 24.9596 -33.1881 80.5523
      vertex 24.9596 -33.3643 78.538
    endloop
  endfacet
  facet normal -0.680626 -0.420211 -0.600142
    outer loop
      vertex 26 -28.0443 57.5334
      vertex 24.9596 -26.1152 57.3626
      vertex 26 -26.8002 56.6623
    endloop
  endfacet
  facet normal -0.680646 -0.420219 -0.600114
    outer loop
      vertex 24.9596 -26.1152 57.3626
      vertex 26 -28.0443 57.5334
      vertex 24.9596 -27.6287 58.4224
    endloop
  endfacet
  facet normal -0.659747 0.0655205 -0.748626
    outer loop
      vertex 24.9596 19.1609 56.1035
      vertex 26 17.6399 55.0535
      vertex 24.9596 17.3202 55.9424
    endloop
  endfacet
  facet normal -0.659779 0.0654812 -0.748601
    outer loop
      vertex 26 17.6399 55.0535
      vertex 24.9596 19.1609 56.1035
      vertex 26 19.4805 55.2145
    endloop
  endfacet
  facet normal -0.634737 0.546401 -0.546401
    outer loop
      vertex 24.9596 24.1338 58.4224
      vertex 26 24.8753 57.9553
      vertex 26 24.4534 57.5334
    endloop
  endfacet
  facet normal -0.634737 0.546401 -0.546401
    outer loop
      vertex 26 24.8753 57.9553
      vertex 24.9596 24.1338 58.4224
      vertex 24.9596 24.5964 58.885
    endloop
  endfacet
  facet normal -0.680637 -0.42031 -0.600061
    outer loop
      vertex 26 -26.8002 56.6623
      vertex 24.9596 -26.1152 57.3626
      vertex 26 -26.5308 56.4736
    endloop
  endfacet
  facet normal -0.66317 -0.0651989 -0.745623
    outer loop
      vertex 24.9596 -22.6558 56.1035
      vertex 26 -21.5585 55.0822
      vertex 26 -23.0715 55.2145
    endloop
  endfacet
  facet normal -0.663131 -0.0652639 -0.745653
    outer loop
      vertex 26 -21.5585 55.0822
      vertex 24.9596 -22.6558 56.1035
      vertex 24.9596 -20.8152 55.9424
    endloop
  endfacet
  facet normal -0.251867 0.963043 -0.0954513
    outer loop
      vertex 26 29.6685 73.5302
      vertex 24.9596 29.6931 76.5237
      vertex 26 30.0232 77.1089
    endloop
  endfacet
  facet normal -0.257981 0.962471 -0.0842315
    outer loop
      vertex 26 30.0232 77.1089
      vertex 24.9596 29.8694 78.538
      vertex 26 30.1681 78.7646
    endloop
  endfacet
  facet normal -0.257991 0.962468 -0.0842392
    outer loop
      vertex 24.9596 29.8694 78.538
      vertex 26 30.0232 77.1089
      vertex 24.9596 29.6931 76.5237
    endloop
  endfacet
  facet normal -0.518896 -0.825713 -0.221233
    outer loop
      vertex 24.9596 -30.7759 62.917
      vertex 26 -31.5846 63.4951
      vertex 24.9596 -31.2541 64.7018
    endloop
  endfacet
  facet normal -0.518882 -0.825715 -0.22126
    outer loop
      vertex 26 -31.5846 63.4951
      vertex 24.9596 -30.7759 62.917
      vertex 26 -31.1915 62.0281
    endloop
  endfacet
  facet normal -0.632857 -0.634237 -0.444113
    outer loop
      vertex 24.9596 -28.9352 59.7289
      vertex 26 -30.4107 60.3535
      vertex 24.9596 -29.995 61.2424
    endloop
  endfacet
  facet normal -0.632875 -0.634238 -0.444084
    outer loop
      vertex 26 -30.4107 60.3535
      vertex 24.9596 -28.9352 59.7289
      vertex 26 -29.3509 58.8399
    endloop
  endfacet
  facet normal -0.680499 -0.1898 -0.707741
    outer loop
      vertex 26 -24.8562 55.6928
      vertex 24.9596 -24.4406 56.5817
      vertex 26 -24.5385 55.6076
    endloop
  endfacet
  facet normal -0.411949 0.880188 0.235726
    outer loop
      vertex 24.9596 29.6931 80.5523
      vertex 24.9596 29.5732 81
      vertex 25.7555 29.9457 81
    endloop
  endfacet
  facet normal -0.663436 -0.529081 -0.529081
    outer loop
      vertex 26 -29.1183 58.6074
      vertex 24.9596 -27.6287 58.4224
      vertex 26 -28.0443 57.5334
    endloop
  endfacet
  facet normal -0.663436 -0.529081 -0.529081
    outer loop
      vertex 24.9596 -27.6287 58.4224
      vertex 26 -29.1183 58.6074
      vertex 24.9596 -28.9352 59.7289
    endloop
  endfacet
  facet normal -0.889269 -0.33774 0.308435
    outer loop
      vertex 25.0614 -30 87
      vertex 24.9596 -30.6504 85.9943
      vertex 25.1449 -30.2036 87.0178
    endloop
  endfacet
  facet normal -0.889245 -0.33778 0.308459
    outer loop
      vertex 24.9596 -30.6504 85.9943
      vertex 25.0614 -30 87
      vertex 24.9596 -29.732 87
    endloop
  endfacet
  facet normal -0.889253 -0.3378 0.308416
    outer loop
      vertex 24.9596 -22.875 94.5089
      vertex 24.9596 -23.2728 94.0732
      vertex 25.7736 -25.1673 94.3452
    endloop
  endfacet
  facet normal -0.76637 -0.52621 0.368483
    outer loop
      vertex 24.9596 -30.6504 85.9943
      vertex 25.4606 -30.6368 87.0557
      vertex 25.159 -30.2229 87.0195
    endloop
  endfacet
  facet normal -0.766363 -0.526223 0.36848
    outer loop
      vertex 25.4606 -30.6368 87.0557
      vertex 24.9596 -30.6504 85.9943
      vertex 24.9596 -31.8102 84.338
    endloop
  endfacet
  facet normal -0.3378 -0.93765 -0.0818776
    outer loop
      vertex 26 -33.6986 78.074
      vertex 24.9596 -33.3643 78.538
      vertex 24.9596 -33.3373 78.2288
    endloop
  endfacet
  facet normal -0.337848 -0.937621 -0.0820045
    outer loop
      vertex 24.9596 -33.3643 78.538
      vertex 26 -33.6986 78.074
      vertex 26 -33.759 78.7646
    endloop
  endfacet
  facet normal -0.538751 0.763529 -0.356049
    outer loop
      vertex 26 27.6006 62.0281
      vertex 24.9596 26.5001 61.2424
      vertex 24.9596 27.281 62.917
    endloop
  endfacet
  facet normal -0.538751 0.763529 -0.356049
    outer loop
      vertex 24.9596 26.5001 61.2424
      vertex 26 27.6006 62.0281
      vertex 26 26.8197 60.3535
    endloop
  endfacet
  facet normal -0.586006 -0.734393 -0.342438
    outer loop
      vertex 26 -30.5497 60.6516
      vertex 24.9596 -29.995 61.2424
      vertex 26 -30.4107 60.3535
    endloop
  endfacet
  facet normal 0.894133 0.446097 -0.0390205
    outer loop
      vertex 9.46633 -17.1321 67.5854
      vertex 9.46633 -17.2105 66.6891
      vertex 5 -8.90834 59.2591
    endloop
  endfacet
  facet normal 0.926843 -0.0974065 -0.362593
    outer loop
      vertex 9.46633 10.8862 71.7724
      vertex 8.11616 8 69.0965
      vertex 8.06808 8 68.9736
    endloop
  endfacet
  facet normal 0.926138 -0.341842 -0.159414
    outer loop
      vertex 5.72578 8 61.3916
      vertex 9.46633 14.8404 68.4545
      vertex 9.46633 14.4601 69.27
    endloop
  endfacet
  facet normal 0.926139 -0.341836 -0.159421
    outer loop
      vertex 9.46633 14.8404 68.4545
      vertex 5.72578 8 61.3916
      vertex 5.69168 8 61.1935
    endloop
  endfacet
  facet normal 0.933858 -0.151078 -0.324167
    outer loop
      vertex 9.46633 11.7553 71.5396
      vertex 7.12126 8 66.5341
      vertex 6.91951 8 65.9529
    endloop
  endfacet
  facet normal 0.937016 0.246983 -0.246983
    outer loop
      vertex 9.46633 -15.3667 70.6432
      vertex 9.46633 -16.0029 70.007
      vertex 5 -8.12376 60.9416
    endloop
  endfacet
  facet normal 0.482561 0.717488 0.502339
    outer loop
      vertex 9.46633 -16.4889 63.7121
      vertex 9.46633 -15.9729 62.9751
      vertex 5 -8.12376 56.0547
    endloop
  endfacet
  facet normal -0.790213 -0.0534656 0.610496
    outer loop
      vertex 7.61593 8 58.5515
      vertex 9.47633 9.95985 61.1312
      vertex 9.47633 10.8562 61.2097
    endloop
  endfacet
  facet normal -0.790259 -0.0533548 0.610445
    outer loop
      vertex 9.47633 9.95985 61.1312
      vertex 7.61593 8 58.5515
      vertex 8.0078 8 59.0588
    endloop
  endfacet
  facet normal 0 0.660073 0.751201
    outer loop
      vertex 5.1957 -8 55.8923
      vertex 9.46633 -15.3366 62.3389
      vertex 9.47633 -15.3366 62.3389
    endloop
  endfacet
  facet normal 0 0.660073 0.751201
    outer loop
      vertex 9.46633 -15.3366 62.3389
      vertex 5.1957 -8 55.8923
      vertex 5.1857 -8 55.8923
    endloop
  endfacet
  facet normal 0.877911 -0.478824 0
    outer loop
      vertex 9.46633 15.1517 66.6891
      vertex 5.5657 8 59.6563
      vertex 5.5657 8 59.4149
    endloop
  endfacet
  facet normal 0.936801 -0.200685 -0.286581
    outer loop
      vertex 6.70802 8 65.3435
      vertex 9.46633 13.3078 70.6432
      vertex 9.46633 12.5708 71.1593
    endloop
  endfacet
  facet normal 0.9368 -0.200667 -0.286599
    outer loop
      vertex 9.46633 13.3078 70.6432
      vertex 6.70802 8 65.3435
      vertex 6.55334 8 64.8379
    endloop
  endfacet
  facet normal 0.857266 -0.512915 0.0448672
    outer loop
      vertex 5.59364 8 58.8744
      vertex 9.46633 15.1216 66.293
      vertex 5.56778 8 59.3685
    endloop
  endfacet
  facet normal 0.892961 -0.448418 -0.0392734
    outer loop
      vertex 5.59715 8 60.3724
      vertex 9.46633 15.1517 66.6891
      vertex 9.46633 15.0732 67.5854
    endloop
  endfacet
  facet normal 0.892946 -0.448451 -0.0392261
    outer loop
      vertex 9.46633 15.1517 66.6891
      vertex 5.59715 8 60.3724
      vertex 5.59147 8 60.2431
    endloop
  endfacet
  facet normal 0.913699 -0.392545 -0.105182
    outer loop
      vertex 9.46633 14.8404 68.4545
      vertex 5.69168 8 61.1935
      vertex 5.61469 8 60.5247
    endloop
  endfacet
  facet normal -0.790057 0.0532751 0.610715
    outer loop
      vertex 6.30213 -8 56.6743
      vertex 9.47633 -12.0187 61.1312
      vertex 6.49453 -8 56.9232
    endloop
  endfacet
  facet normal -0.789949 0.0534923 0.610834
    outer loop
      vertex 9.47633 -12.0187 61.1312
      vertex 6.30213 -8 56.6743
      vertex 9.47633 -12.9151 61.2097
    endloop
  endfacet
  facet normal 0.482495 0.717498 0.502389
    outer loop
      vertex 9.46633 -16.4889 63.7121
      vertex 5 -8.12376 56.0547
      vertex 5 -8.48233 56.5668
    endloop
  endfacet
  facet normal 0.937 0.247054 -0.246974
    outer loop
      vertex 5.18498 -8 61.7672
      vertex 5 -8.12376 60.9416
      vertex 5 -8 61.0654
    endloop
  endfacet
  facet normal 0.937015 0.247002 -0.246969
    outer loop
      vertex 5 -8.12376 60.9416
      vertex 5.18498 -8 61.7672
      vertex 9.46633 -15.3667 70.6432
    endloop
  endfacet
  facet normal 0.933774 0.293135 -0.205274
    outer loop
      vertex 9.46633 -16.0029 70.007
      vertex 9.46633 -16.519 69.27
      vertex 5 -8.12376 60.9416
    endloop
  endfacet
  facet normal -0.699534 0.185121 0.690204
    outer loop
      vertex 6.15788 -8 56.5281
      vertex 9.47633 -12.9151 61.2097
      vertex 6.30213 -8 56.6743
    endloop
  endfacet
  facet normal -0.699729 0.184867 0.690075
    outer loop
      vertex 9.47633 -12.9151 61.2097
      vertex 6.15788 -8 56.5281
      vertex 9.47633 -13.7841 61.4425
    endloop
  endfacet
  facet normal 0.936617 -0.247715 -0.247761
    outer loop
      vertex 9.46633 13.3078 70.6432
      vertex 6.35773 8 64.1985
      vertex 6.16645 8 63.4754
    endloop
  endfacet
  facet normal -0.243044 0.556387 0.794584
    outer loop
      vertex 9.47633 -15.3366 62.3389
      vertex 5.46411 -8 55.9744
      vertex 5.1957 -8 55.8923
    endloop
  endfacet
  facet normal -0.243466 0.556155 0.794617
    outer loop
      vertex 5.46411 -8 55.9744
      vertex 9.47633 -14.5996 61.8228
      vertex 5.50915 -8 55.9882
    endloop
  endfacet
  facet normal -0.242973 0.556422 0.794581
    outer loop
      vertex 9.47633 -14.5996 61.8228
      vertex 5.46411 -8 55.9744
      vertex 9.47633 -15.3366 62.3389
    endloop
  endfacet
  facet normal -0.533282 0.357294 0.76678
    outer loop
      vertex 5.50915 -8 55.9882
      vertex 9.47633 -13.7841 61.4425
      vertex 5.57069 -8 56.031
    endloop
  endfacet
  facet normal -0.532929 0.357623 0.766872
    outer loop
      vertex 9.47633 -13.7841 61.4425
      vertex 5.50915 -8 55.9882
      vertex 9.47633 -14.5996 61.8228
    endloop
  endfacet
  facet normal 0.136282 -0.700462 0.700557
    outer loop
      vertex 6.3631 8 57.6655
      vertex 9.46633 13.2778 62.3389
      vertex 6.17136 8 57.7028
    endloop
  endfacet
  facet normal 0.926787 -0.0971802 -0.362798
    outer loop
      vertex 8.06808 8 68.9736
      vertex 9.46633 11.7553 71.5396
      vertex 9.46633 10.8862 71.7724
    endloop
  endfacet
  facet normal 0.926788 -0.0971823 -0.362795
    outer loop
      vertex 9.46633 11.7553 71.5396
      vertex 8.06808 8 68.9736
      vertex 7.80377 8 68.2984
    endloop
  endfacet
  facet normal 0.688188 0.657548 0.306641
    outer loop
      vertex 9.46633 -16.8692 64.5276
      vertex 9.46633 -16.4889 63.7121
      vertex 5 -8.74654 57.1334
    endloop
  endfacet
  facet normal 0.937123 0.200166 -0.285893
    outer loop
      vertex 5.45244 -8 62.6439
      vertex 9.46633 -15.3667 70.6432
      vertex 5.18498 -8 61.7672
    endloop
  endfacet
  facet normal 0.913509 0.0429974 -0.404541
    outer loop
      vertex 9.46633 -8 72.298
      vertex 9.46633 -12.9451 71.7724
      vertex 7.56339 -8 68.0009
    endloop
  endfacet
  facet normal 0.91369 -0.392571 -0.105155
    outer loop
      vertex 5.61469 8 60.5247
      vertex 9.46633 15.0732 67.5854
      vertex 9.46633 14.8404 68.4545
    endloop
  endfacet
  facet normal 0.913709 -0.392508 -0.10523
    outer loop
      vertex 9.46633 15.0732 67.5854
      vertex 5.61469 8 60.5247
      vertex 5.59715 8 60.3724
    endloop
  endfacet
  facet normal 0.860211 -0.508472 0.0386392
    outer loop
      vertex 5.5657 8 59.4149
      vertex 9.46633 15.1216 66.293
      vertex 9.46633 15.1517 66.6891
    endloop
  endfacet
  facet normal 0.860247 -0.508417 0.0385628
    outer loop
      vertex 9.46633 15.1216 66.293
      vertex 5.5657 8 59.4149
      vertex 5.56778 8 59.3685
    endloop
  endfacet
  facet normal 0.796082 -0.584565 0.156641
    outer loop
      vertex 5.67478 8 58.3818
      vertex 9.46633 15.0432 65.3967
      vertex 5.59936 8 58.7651
    endloop
  endfacet
  facet normal 0.936616 -0.247741 -0.247741
    outer loop
      vertex 6.16645 8 63.4754
      vertex 9.46633 13.944 70.007
      vertex 9.46633 13.3078 70.6432
    endloop
  endfacet
  facet normal 0.936615 -0.247784 -0.247702
    outer loop
      vertex 9.46633 13.944 70.007
      vertex 6.16645 8 63.4754
      vertex 6.07156 8 63.1166
    endloop
  endfacet
  facet normal 0.926769 0.340451 -0.158724
    outer loop
      vertex 9.46633 -16.519 69.27
      vertex 9.46633 -16.8992 68.4545
      vertex 5 -8.74654 59.863
    endloop
  endfacet
  facet normal 0.91376 -0.0541682 -0.402627
    outer loop
      vertex 9.46633 10.8862 71.7724
      vertex 9.46633 8 72.1607
      vertex 8.11616 8 69.0965
    endloop
  endfacet
  facet normal 0.892942 -0.44846 -0.0392146
    outer loop
      vertex 9.46633 15.1517 66.6891
      vertex 5.59147 8 60.2431
      vertex 5.5657 8 59.6563
    endloop
  endfacet
  facet normal 0.934116 0.150854 -0.323527
    outer loop
      vertex 5.86522 -8 63.8532
      vertex 9.46633 -13.8142 71.5396
      vertex 5.55815 -8 62.9666
    endloop
  endfacet
  facet normal -0.700981 -0.184529 0.688893
    outer loop
      vertex 7.32279 8 58.2533
      vertex 9.47633 10.8562 61.2097
      vertex 9.47633 11.7253 61.4425
    endloop
  endfacet
  facet normal -0.700862 -0.184698 0.688969
    outer loop
      vertex 9.47633 10.8562 61.2097
      vertex 7.32279 8 58.2533
      vertex 7.61593 8 58.5515
    endloop
  endfacet
  facet normal -0.789907 0.0535626 0.610883
    outer loop
      vertex 9.47633 -12.0187 61.1312
      vertex 6.7741 -8 57.2847
      vertex 6.49453 -8 56.9232
    endloop
  endfacet
  facet normal 0.145529 0.699603 0.699555
    outer loop
      vertex 5.1857 -8 55.8923
      vertex 5 -8.12376 56.0547
      vertex 9.46633 -15.3366 62.3389
    endloop
  endfacet
  facet normal 0.145822 0.699379 0.699718
    outer loop
      vertex 5 -8.12376 56.0547
      vertex 5.1857 -8 55.8923
      vertex 5 -8 55.931
    endloop
  endfacet
  facet normal 0.145295 0.699548 0.699658
    outer loop
      vertex 9.46633 -15.9729 62.9751
      vertex 9.46633 -15.3366 62.3389
      vertex 5 -8.12376 56.0547
    endloop
  endfacet
  facet normal 0.857267 -0.512913 0.0448649
    outer loop
      vertex 5.59364 8 58.8744
      vertex 9.46633 15.0432 65.3967
      vertex 9.46633 15.1216 66.293
    endloop
  endfacet
  facet normal 0.857268 -0.512912 0.0448634
    outer loop
      vertex 9.46633 15.0432 65.3967
      vertex 5.59364 8 58.8744
      vertex 5.59936 8 58.7651
    endloop
  endfacet
  facet normal 0.927412 0.0967535 -0.36131
    outer loop
      vertex 6.28653 -8 64.9347
      vertex 9.46633 -12.9451 71.7724
      vertex 5.98378 -8 64.1576
    endloop
  endfacet
  facet normal 0.933273 -0.294227 -0.205988
    outer loop
      vertex 9.46633 14.4601 69.27
      vertex 6.00522 8 62.8161
      vertex 5.84966 8 62.1113
    endloop
  endfacet
  facet normal 0.926138 -0.341843 -0.159414
    outer loop
      vertex 9.46633 14.4601 69.27
      vertex 5.84966 8 62.1113
      vertex 5.72578 8 61.3916
    endloop
  endfacet
  facet normal 0.859045 0.509953 0.044606
    outer loop
      vertex 9.46633 -17.1805 66.293
      vertex 9.46633 -17.1021 65.3967
      vertex 5 -8.90834 57.7372
    endloop
  endfacet
  facet normal 0.9368 -0.200673 -0.286593
    outer loop
      vertex 9.46633 13.3078 70.6432
      vertex 6.55334 8 64.8379
      vertex 6.35773 8 64.1985
    endloop
  endfacet
  facet normal 0.798872 0.581001 0.155696
    outer loop
      vertex 9.46633 -17.1021 65.3967
      vertex 9.46633 -16.8692 64.5276
      vertex 5 -8.74654 57.1334
    endloop
  endfacet
  facet normal 0.933276 -0.294198 -0.206018
    outer loop
      vertex 6.07156 8 63.1166
      vertex 9.46633 14.4601 69.27
      vertex 9.46633 13.944 70.007
    endloop
  endfacet
  facet normal 0.933277 -0.294182 -0.206035
    outer loop
      vertex 9.46633 14.4601 69.27
      vertex 6.07156 8 63.1166
      vertex 6.00522 8 62.8161
    endloop
  endfacet
  facet normal -0.69981 0.184772 0.690018
    outer loop
      vertex 9.47633 -13.7841 61.4425
      vertex 6.15788 -8 56.5281
      vertex 5.87884 -8 56.2451
    endloop
  endfacet
  facet normal -0.532835 0.357707 0.766898
    outer loop
      vertex 9.47633 -13.7841 61.4425
      vertex 5.87884 -8 56.2451
      vertex 5.57069 -8 56.031
    endloop
  endfacet
  facet normal -0.790187 -0.0534955 0.610527
    outer loop
      vertex 8.14672 8 59.2386
      vertex 9.47633 9.95985 61.1312
      vertex 8.0078 8 59.0588
    endloop
  endfacet
  facet normal 0.683627 -0.661458 0.308427
    outer loop
      vertex 5.85287 8 57.9312
      vertex 9.46633 14.4301 63.7121
      vertex 5.72862 8 58.2066
    endloop
  endfacet
  facet normal 0.927879 -0.100988 -0.358945
    outer loop
      vertex 9.46633 11.7553 71.5396
      vertex 7.80377 8 68.2984
      vertex 7.12126 8 66.5341
    endloop
  endfacet
  facet normal 0.798876 0.580997 0.155689
    outer loop
      vertex 9.46633 -17.1021 65.3967
      vertex 5 -8.74654 57.1334
      vertex 5 -8.90834 57.7372
    endloop
  endfacet
  facet normal 0.934117 0.150869 -0.323517
    outer loop
      vertex 9.46633 -14.6297 71.1593
      vertex 5.55815 -8 62.9666
      vertex 9.46633 -13.8142 71.5396
    endloop
  endfacet
  facet normal 0.934127 0.150964 -0.323445
    outer loop
      vertex 5.55815 -8 62.9666
      vertex 9.46633 -14.6297 71.1593
      vertex 5.49714 -8 62.7904
    endloop
  endfacet
  facet normal 0.933863 -0.15115 -0.324121
    outer loop
      vertex 6.91951 8 65.9529
      vertex 9.46633 12.5708 71.1593
      vertex 9.46633 11.7553 71.5396
    endloop
  endfacet
  facet normal 0.933866 -0.151182 -0.324095
    outer loop
      vertex 9.46633 12.5708 71.1593
      vertex 6.91951 8 65.9529
      vertex 6.70802 8 65.3435
    endloop
  endfacet
  facet normal 0.914544 0.390706 -0.10468
    outer loop
      vertex 5 -8.74654 59.863
      vertex 9.46633 -16.8992 68.4545
      vertex 5 -8.90834 59.2591
    endloop
  endfacet
  facet normal 0.914549 0.39069 -0.104697
    outer loop
      vertex 9.46633 -16.8992 68.4545
      vertex 9.46633 -17.1321 67.5854
      vertex 5 -8.90834 59.2591
    endloop
  endfacet
  facet normal 0.921382 0.0619282 -0.383692
    outer loop
      vertex 7.56339 -8 68.0009
      vertex 9.46633 -12.9451 71.7724
      vertex 6.28653 -8 64.9347
    endloop
  endfacet
  facet normal 0.937124 0.200188 -0.285872
    outer loop
      vertex 9.46633 -15.3667 70.6432
      vertex 5.49714 -8 62.7904
      vertex 9.46633 -14.6297 71.1593
    endloop
  endfacet
  facet normal 0.93712 0.200121 -0.285934
    outer loop
      vertex 5.49714 -8 62.7904
      vertex 9.46633 -15.3667 70.6432
      vertex 5.45244 -8 62.6439
    endloop
  endfacet
  facet normal -0.536455 -0.356568 0.764902
    outer loop
      vertex 7.14021 8 58.0675
      vertex 9.47633 11.7253 61.4425
      vertex 6.93831 8 57.9259
    endloop
  endfacet
  facet normal 0.475047 -0.720779 0.504786
    outer loop
      vertex 6.00886 8 57.7844
      vertex 9.46633 14.4301 63.7121
      vertex 5.85287 8 57.9312
    endloop
  endfacet
  facet normal 0.683671 -0.661437 0.308373
    outer loop
      vertex 5.69426 8 58.2828
      vertex 9.46633 14.4301 63.7121
      vertex 9.46633 14.8103 64.5276
    endloop
  endfacet
  facet normal 0.683727 -0.661412 0.308305
    outer loop
      vertex 9.46633 14.4301 63.7121
      vertex 5.69426 8 58.2828
      vertex 5.72862 8 58.2066
    endloop
  endfacet
  facet normal 0.796075 -0.584572 0.156653
    outer loop
      vertex 5.67478 8 58.3818
      vertex 9.46633 14.8103 64.5276
      vertex 9.46633 15.0432 65.3967
    endloop
  endfacet
  facet normal 0.796081 -0.584567 0.156643
    outer loop
      vertex 9.46633 14.8103 64.5276
      vertex 5.67478 8 58.3818
      vertex 5.69426 8 58.2828
    endloop
  endfacet
  facet normal -0.818258 0 0.574851
    outer loop
      vertex 9.47633 8 61.1312
      vertex 9.47633 9.95985 61.1312
      vertex 8.14672 8 59.2386
    endloop
  endfacet
  facet normal -0.818263 0 0.574844
    outer loop
      vertex 9.47633 -12.0187 61.1312
      vertex 9.47633 -8 61.1312
      vertex 6.7741 -8 57.2847
    endloop
  endfacet
  facet normal 0.688209 0.657538 0.306615
    outer loop
      vertex 9.46633 -16.4889 63.7121
      vertex 5 -8.48233 56.5668
      vertex 5 -8.74654 57.1334
    endloop
  endfacet
  facet normal 0.859048 0.509949 0.0446001
    outer loop
      vertex 9.46633 -17.1805 66.293
      vertex 5 -8.90834 57.7372
      vertex 5 -8.96281 58.36
    endloop
  endfacet
  facet normal -0.701017 -0.184487 0.688868
    outer loop
      vertex 7.32279 8 58.2533
      vertex 9.47633 11.7253 61.4425
      vertex 7.14021 8 58.0675
    endloop
  endfacet
  facet normal 0.933773 0.293148 -0.205261
    outer loop
      vertex 5 -8.12376 60.9416
      vertex 9.46633 -16.519 69.27
      vertex 5 -8.48233 60.4295
    endloop
  endfacet
  facet normal 0.926777 0.340408 -0.158763
    outer loop
      vertex 5 -8.48233 60.4295
      vertex 9.46633 -16.519 69.27
      vertex 5 -8.74654 59.863
    endloop
  endfacet
  facet normal -0.24969 -0.555501 0.793142
    outer loop
      vertex 6.56909 8 57.7272
      vertex 9.47633 13.2778 62.3389
      vertex 6.3731 8 57.6655
    endloop
  endfacet
  facet normal 0 -0.662938 0.748674
    outer loop
      vertex 9.46633 13.2778 62.3389
      vertex 6.3731 8 57.6655
      vertex 9.47633 13.2778 62.3389
    endloop
  endfacet
  facet normal 0 -0.662938 0.748674
    outer loop
      vertex 6.3731 8 57.6655
      vertex 9.46633 13.2778 62.3389
      vertex 6.3631 8 57.6655
    endloop
  endfacet
  facet normal 0.927415 0.0967779 -0.361296
    outer loop
      vertex 9.46633 -13.8142 71.5396
      vertex 5.98378 -8 64.1576
      vertex 9.46633 -12.9451 71.7724
    endloop
  endfacet
  facet normal 0.927433 0.0968799 -0.361224
    outer loop
      vertex 5.98378 -8 64.1576
      vertex 9.46633 -13.8142 71.5396
      vertex 5.86522 -8 63.8532
    endloop
  endfacet
  facet normal 0.862003 0.505456 0.0382825
    outer loop
      vertex 9.46633 -17.2105 66.6891
      vertex 9.46633 -17.1805 66.293
      vertex 5 -8.96281 58.36
    endloop
  endfacet
  facet normal -0.249988 -0.555348 0.793155
    outer loop
      vertex 6.56909 8 57.7272
      vertex 9.47633 12.5407 61.8228
      vertex 9.47633 13.2778 62.3389
    endloop
  endfacet
  facet normal -0.250318 -0.555161 0.793182
    outer loop
      vertex 9.47633 12.5407 61.8228
      vertex 6.56909 8 57.7272
      vertex 6.72499 8 57.7764
    endloop
  endfacet
  facet normal -0.536225 -0.356778 0.764966
    outer loop
      vertex 6.72499 8 57.7764
      vertex 9.47633 11.7253 61.4425
      vertex 9.47633 12.5407 61.8228
    endloop
  endfacet
  facet normal -0.536124 -0.356876 0.76499
    outer loop
      vertex 9.47633 11.7253 61.4425
      vertex 6.72499 8 57.7764
      vertex 6.93831 8 57.9259
    endloop
  endfacet
  facet normal 0.136436 -0.700495 0.700495
    outer loop
      vertex 6.07569 8 57.7215
      vertex 9.46633 13.2778 62.3389
      vertex 9.46633 13.914 62.9751
    endloop
  endfacet
  facet normal 0.136882 -0.700607 0.700295
    outer loop
      vertex 9.46633 13.2778 62.3389
      vertex 6.07569 8 57.7215
      vertex 6.17136 8 57.7028
    endloop
  endfacet
  facet normal 0.475118 -0.720769 0.504734
    outer loop
      vertex 6.00886 8 57.7844
      vertex 9.46633 13.914 62.9751
      vertex 9.46633 14.4301 63.7121
    endloop
  endfacet
  facet normal 0.47508 -0.720773 0.504763
    outer loop
      vertex 9.46633 13.914 62.9751
      vertex 6.00886 8 57.7844
      vertex 6.07569 8 57.7215
    endloop
  endfacet
  facet normal 0.879344 0.476187 0
    outer loop
      vertex 5 -8.96281 58.6364
      vertex 9.46633 -17.2105 66.6891
      vertex 5 -8.96281 58.36
    endloop
  endfacet
  facet normal 0.894134 0.446097 -0.0390218
    outer loop
      vertex 5 -8.90834 59.2591
      vertex 9.46633 -17.2105 66.6891
      vertex 5 -8.96281 58.6364
    endloop
  endfacet
  facet normal -0.9759 0.19518 -0.09759
    outer loop
      vertex 14.2902 -16.6893 64.5826
      vertex 14.2891 -16.6944 64.5834
      vertex 14.2894 -16.693 64.5832
    endloop
  endfacet
  facet normal -0.418942 0.24945 0.873076
    outer loop
      vertex 9.47633 -13.7841 61.4425
      vertex 14.2891 -16.6958 64.5838
      vertex 14.2891 -16.6944 64.5834
    endloop
  endfacet
  facet normal -0.428225 0.233893 0.872879
    outer loop
      vertex 14.2891 -16.6958 64.5838
      vertex 9.47633 -13.7841 61.4425
      vertex 14.2891 -18.0046 64.9345
    endloop
  endfacet
  facet normal -0.430638 0.22979 0.872781
    outer loop
      vertex 9.47633 -13.7841 61.4425
      vertex 14.2891 -16.6944 64.5834
      vertex 14.2902 -16.6893 64.5826
    endloop
  endfacet
  facet normal 0.00593609 0.6222 0.782836
    outer loop
      vertex 9.47633 -15.3366 62.3389
      vertex 14.2842 -20.3622 66.2968
      vertex 14.2853 -20.3529 66.2894
    endloop
  endfacet
  facet normal 0 0.618712 0.785618
    outer loop
      vertex 14.2842 -20.3622 66.2968
      vertex 9.47633 -15.3366 62.3389
      vertex 9.46633 -15.3366 62.3389
    endloop
  endfacet
  facet normal 0.799463 0.59843 -0.0523451
    outer loop
      vertex 9.46633 -17.1321 67.5854
      vertex 14.2842 -23.0381 73.6487
      vertex 9.46633 -17.2105 66.6891
    endloop
  endfacet
  facet normal 0.749495 -0.659485 -0.0577592
    outer loop
      vertex 9.46633 15.1517 66.6891
      vertex 14.2842 20.0176 73.6487
      vertex 9.46633 15.0732 67.5854
    endloop
  endfacet
  facet normal 0.890537 0.192266 -0.412284
    outer loop
      vertex 14.2842 -17.4719 80.2405
      vertex 14.2842 -18.7079 79.6641
      vertex 9.46633 -13.8142 71.5396
    endloop
  endfacet
  facet normal 0.876089 -0.276567 -0.394942
    outer loop
      vertex 9.46633 13.3078 70.6432
      vertex 14.2842 15.6875 79.6641
      vertex 9.46633 12.5708 71.1593
    endloop
  endfacet
  facet normal 0.00497757 -0.700701 0.713438
    outer loop
      vertex 14.2842 17.3418 66.2968
      vertex 9.47633 13.2778 62.3389
      vertex 14.2865 17.3353 66.2904
    endloop
  endfacet
  facet normal 0 -0.697693 0.716397
    outer loop
      vertex 9.47633 13.2778 62.3389
      vertex 14.2842 17.3418 66.2968
      vertex 9.46633 13.2778 62.3389
    endloop
  endfacet
  facet normal 0.882171 -0.199035 -0.4268
    outer loop
      vertex 14.2842 15.6875 79.6641
      vertex 14.2842 14.4515 80.2405
      vertex 9.46633 11.7553 71.5396
    endloop
  endfacet
  facet normal 0.878193 0.35598 -0.31946
    outer loop
      vertex 14.2842 -20.7894 77.9176
      vertex 14.2842 -21.3265 77.3191
      vertex 9.46633 -16.0029 70.007
    endloop
  endfacet
  facet normal -0.532807 0.0737801 0.843014
    outer loop
      vertex 14.2903 -15.3362 64.4641
      vertex 9.47633 -12.0187 61.1312
      vertex 14.2903 -16.6879 64.5824
    endloop
  endfacet
  facet normal -0.537196 0.065313 0.840925
    outer loop
      vertex 9.47633 -12.0187 61.1312
      vertex 14.2903 -15.3362 64.4641
      vertex 14.2908 -15.3308 64.464
    endloop
  endfacet
  facet normal 0.796422 -0.584142 -0.15649
    outer loop
      vertex 14.2842 20.0176 73.6487
      vertex 14.2842 19.6647 74.966
      vertex 9.46633 14.8404 68.4545
    endloop
  endfacet
  facet normal 0.885337 0.0629323 -0.460671
    outer loop
      vertex 14.2842 -16.1546 80.5934
      vertex 12.3305 -8 77.9527
      vertex 14.2842 -8 81.7074
    endloop
  endfacet
  facet normal 0.885343 0.062938 -0.460659
    outer loop
      vertex 12.3305 -8 77.9527
      vertex 14.2842 -16.1546 80.5934
      vertex 9.46633 -12.9451 71.7724
    endloop
  endfacet
  facet normal 0.371385 0.760566 0.532553
    outer loop
      vertex 14.2842 -22.1087 68.3782
      vertex 14.2842 -21.3265 67.2611
      vertex 9.46633 -16.4889 63.7121
    endloop
  endfacet
  facet normal 0.748088 0.661077 0.0578065
    outer loop
      vertex 14.2842 -23.1569 72.2901
      vertex 14.2842 -23.0381 70.9315
      vertex 9.46633 -17.1805 66.293
    endloop
  endfacet
  facet normal 0.230149 -0.797163 0.558178
    outer loop
      vertex 14.2842 18.3061 67.2611
      vertex 14.2842 19.0883 68.3782
      vertex 9.46633 14.4301 63.7121
    endloop
  endfacet
  facet normal 0.871324 0.401964 -0.281458
    outer loop
      vertex 14.2842 -21.3265 77.3191
      vertex 14.2842 -22.1087 76.202
      vertex 9.46633 -16.519 69.27
    endloop
  endfacet
  facet normal 0.799455 0.598442 -0.0523295
    outer loop
      vertex 14.2842 -23.0381 73.6487
      vertex 14.2842 -23.1569 72.2901
      vertex 9.46633 -17.2105 66.6891
    endloop
  endfacet
  facet normal 0.86481 -0.355038 -0.355038
    outer loop
      vertex 14.2842 17.7689 77.9176
      vertex 14.2842 16.8046 78.8819
      vertex 9.46633 13.3078 70.6432
    endloop
  endfacet
  facet normal 0.5437 0.760636 0.354717
    outer loop
      vertex 14.2842 -22.6851 69.6142
      vertex 14.2842 -22.1087 68.3782
      vertex 9.46633 -16.4889 63.7121
    endloop
  endfacet
  facet normal 0.154814 0.698582 0.698582
    outer loop
      vertex 14.2842 -21.3265 67.2611
      vertex 14.2842 -20.3622 66.2968
      vertex 9.46633 -15.3366 62.3389
    endloop
  endfacet
  facet normal 0.888949 0.118519 -0.442406
    outer loop
      vertex 14.2842 -16.1546 80.5934
      vertex 14.2842 -17.4719 80.2405
      vertex 9.46633 -13.8142 71.5396
    endloop
  endfacet
  facet normal 0.423081 -0.821187 0.382955
    outer loop
      vertex 14.2842 19.0883 68.3782
      vertex 14.2842 19.6647 69.6142
      vertex 9.46633 14.4301 63.7121
    endloop
  endfacet
  facet normal 0.680384 -0.730065 0.0638928
    outer loop
      vertex 14.2842 20.0176 70.9315
      vertex 14.2842 20.1365 72.2901
      vertex 9.46633 15.0432 65.3967
    endloop
  endfacet
  facet normal 0.883413 -0.0852933 -0.460767
    outer loop
      vertex 11.6879 8 76.566
      vertex 14.2842 13.1342 80.5934
      vertex 14.2842 8 81.5438
    endloop
  endfacet
  facet normal 0.883413 -0.0852927 -0.460768
    outer loop
      vertex 14.2842 13.1342 80.5934
      vertex 11.6879 8 76.566
      vertex 9.46633 10.8862 71.7724
    endloop
  endfacet
  facet normal -0.0744216 0.571991 0.816877
    outer loop
      vertex 14.2853 -19.2457 65.5142
      vertex 9.47633 -14.5996 61.8228
      vertex 14.2853 -20.3515 66.2885
    endloop
  endfacet
  facet normal -0.0737089 0.572498 0.816586
    outer loop
      vertex 9.47633 -14.5996 61.8228
      vertex 14.2853 -19.2457 65.5142
      vertex 14.2876 -19.2387 65.5095
    endloop
  endfacet
  facet normal 0.883827 -0.121043 -0.451883
    outer loop
      vertex 9.46633 11.7553 71.5396
      vertex 14.2842 13.1342 80.5934
      vertex 9.46633 10.8862 71.7724
    endloop
  endfacet
  facet normal 0.891254 -0.0604682 -0.449455
    outer loop
      vertex 9.46633 10.8862 71.7724
      vertex 11.6879 8 76.566
      vertex 9.46633 8 72.1607
    endloop
  endfacet
  facet normal 0.856517 0.467778 -0.218086
    outer loop
      vertex 9.46633 -16.519 69.27
      vertex 14.2842 -22.6851 74.966
      vertex 9.46633 -16.8992 68.4545
    endloop
  endfacet
  facet normal -0.210772 -0.542239 0.813358
    outer loop
      vertex 9.47633 13.2778 62.3389
      vertex 14.2865 17.3341 66.2896
      vertex 14.2865 17.3353 66.2904
    endloop
  endfacet
  facet normal -0.185835 -0.563568 0.804895
    outer loop
      vertex 14.2865 17.3341 66.2896
      vertex 9.47633 13.2778 62.3389
      vertex 9.47633 12.5407 61.8228
    endloop
  endfacet
  facet normal 0.88115 0.334329 -0.334364
    outer loop
      vertex 14.2842 -19.825 78.8819
      vertex 14.2842 -20.7894 77.9176
      vertex 9.46633 -15.3667 70.6432
    endloop
  endfacet
  facet normal 0.371429 0.760577 0.532507
    outer loop
      vertex 14.2842 -21.3265 67.2611
      vertex 9.46633 -15.9729 62.9751
      vertex 9.46633 -16.4889 63.7121
    endloop
  endfacet
  facet normal -0.290432 0.388632 0.874422
    outer loop
      vertex 9.47633 -14.5996 61.8228
      vertex 14.2876 -18.0119 64.9374
      vertex 14.2876 -18.011 64.937
    endloop
  endfacet
  facet normal -0.275818 0.406245 0.871143
    outer loop
      vertex 14.2876 -18.0119 64.9374
      vertex 9.47633 -14.5996 61.8228
      vertex 14.2876 -19.2387 65.5095
    endloop
  endfacet
  facet normal -0.277303 0.404476 0.871494
    outer loop
      vertex 9.47633 -14.5996 61.8228
      vertex 14.2876 -18.011 64.937
      vertex 14.289 -18.0053 64.9348
    endloop
  endfacet
  facet normal 0.891065 0.047971 -0.451334
    outer loop
      vertex 9.46633 -8 72.298
      vertex 12.3305 -8 77.9527
      vertex 9.46633 -12.9451 71.7724
    endloop
  endfacet
  facet normal -0.185885 -0.563531 0.80491
    outer loop
      vertex 14.2865 17.3341 66.2896
      vertex 9.47633 12.5407 61.8228
      vertex 14.2865 16.226 65.5138
    endloop
  endfacet
  facet normal -0.177356 -0.571183 0.801433
    outer loop
      vertex 14.2882 16.22 65.5099
      vertex 14.2865 16.226 65.5138
      vertex 9.47633 12.5407 61.8228
    endloop
  endfacet
  facet normal -0.532774 0.0738263 0.843031
    outer loop
      vertex 9.47633 -12.9151 61.2097
      vertex 14.2903 -16.6879 64.5824
      vertex 9.47633 -12.0187 61.1312
    endloop
  endfacet
  facet normal -0.513226 0.106453 0.851626
    outer loop
      vertex 14.2903 -16.6879 64.5824
      vertex 9.47633 -12.9151 61.2097
      vertex 14.2903 -16.6887 64.5825
    endloop
  endfacet
  facet normal 0.0155701 -0.707021 0.707021
    outer loop
      vertex 14.2842 18.3061 67.2611
      vertex 9.46633 13.914 62.9751
      vertex 9.46633 13.2778 62.3389
    endloop
  endfacet
  facet normal 0.833717 0.533373 -0.142932
    outer loop
      vertex 9.46633 -16.8992 68.4545
      vertex 14.2842 -23.0381 73.6487
      vertex 9.46633 -17.1321 67.5854
    endloop
  endfacet
  facet normal 0.882171 -0.199034 -0.426801
    outer loop
      vertex 9.46633 12.5708 71.1593
      vertex 14.2842 15.6875 79.6641
      vertex 9.46633 11.7553 71.5396
    endloop
  endfacet
  facet normal 0.665965 0.72056 0.19309
    outer loop
      vertex 14.2842 -23.0381 70.9315
      vertex 14.2842 -22.6851 69.6142
      vertex 9.46633 -16.8692 64.5276
    endloop
  endfacet
  facet normal 0.543702 0.760635 0.354714
    outer loop
      vertex 14.2842 -22.6851 69.6142
      vertex 9.46633 -16.4889 63.7121
      vertex 9.46633 -16.8692 64.5276
    endloop
  endfacet
  facet normal 0.849795 -0.431786 -0.302339
    outer loop
      vertex 14.2842 19.0883 76.202
      vertex 14.2842 18.3061 77.3191
      vertex 9.46633 14.4601 69.27
    endloop
  endfacet
  facet normal 0.74947 -0.659518 -0.0577187
    outer loop
      vertex 14.2842 20.1365 72.2901
      vertex 14.2842 20.0176 73.6487
      vertex 9.46633 15.1517 66.6891
    endloop
  endfacet
  facet normal -0.543242 -0.0731618 0.836382
    outer loop
      vertex 14.2904 13.6683 64.5824
      vertex 9.47633 9.95985 61.1312
      vertex 14.2904 12.3159 64.4641
    endloop
  endfacet
  facet normal -0.547536 -0.0617275 0.834502
    outer loop
      vertex 14.2908 12.311 64.464
      vertex 14.2904 12.3159 64.4641
      vertex 9.47633 9.95985 61.1312
    endloop
  endfacet
  facet normal 0.154693 0.69854 0.69865
    outer loop
      vertex 14.2842 -21.3265 67.2611
      vertex 9.46633 -15.3366 62.3389
      vertex 9.46633 -15.9729 62.9751
    endloop
  endfacet
  facet normal -0.428259 0.233839 0.872877
    outer loop
      vertex 9.47633 -13.7841 61.4425
      vertex 14.2903 -16.6887 64.5825
      vertex 9.47633 -12.9151 61.2097
    endloop
  endfacet
  facet normal -0.437333 0.21829 0.872405
    outer loop
      vertex 14.2903 -16.6887 64.5825
      vertex 9.47633 -13.7841 61.4425
      vertex 14.2902 -16.6893 64.5826
    endloop
  endfacet
  facet normal -0.569176 0 0.822216
    outer loop
      vertex 9.47633 9.95985 61.1312
      vertex 14.2908 8 64.464
      vertex 14.2908 12.311 64.464
    endloop
  endfacet
  facet normal -0.569176 0 0.822216
    outer loop
      vertex 14.2908 8 64.464
      vertex 9.47633 9.95985 61.1312
      vertex 9.47633 8 61.1312
    endloop
  endfacet
  facet normal -0.569176 0 0.822216
    outer loop
      vertex 9.47633 -12.0187 61.1312
      vertex 14.2908 -8 64.464
      vertex 9.47633 -8 61.1312
    endloop
  endfacet
  facet normal -0.569176 0 0.822216
    outer loop
      vertex 14.2908 -8 64.464
      vertex 9.47633 -12.0187 61.1312
      vertex 14.2908 -15.3308 64.464
    endloop
  endfacet
  facet normal 0.833716 0.533374 -0.14293
    outer loop
      vertex 14.2842 -22.6851 74.966
      vertex 14.2842 -23.0381 73.6487
      vertex 9.46633 -16.8992 68.4545
    endloop
  endfacet
  facet normal 0.888949 0.118505 -0.44241
    outer loop
      vertex 9.46633 -12.9451 71.7724
      vertex 14.2842 -16.1546 80.5934
      vertex 9.46633 -13.8142 71.5396
    endloop
  endfacet
  facet normal 0.665961 0.720562 0.193095
    outer loop
      vertex 14.2842 -23.0381 70.9315
      vertex 9.46633 -16.8692 64.5276
      vertex 9.46633 -17.1021 65.3967
    endloop
  endfacet
  facet normal 0.883826 -0.121057 -0.45188
    outer loop
      vertex 14.2842 14.4515 80.2405
      vertex 14.2842 13.1342 80.5934
      vertex 9.46633 11.7553 71.5396
    endloop
  endfacet
  facet normal 0.888044 0.263706 -0.376613
    outer loop
      vertex 14.2842 -18.7079 79.6641
      vertex 14.2842 -19.825 78.8819
      vertex 9.46633 -15.3667 70.6432
    endloop
  endfacet
  facet normal 0.748079 0.661085 0.0578256
    outer loop
      vertex 14.2842 -23.0381 70.9315
      vertex 9.46633 -17.1021 65.3967
      vertex 9.46633 -17.1805 66.293
    endloop
  endfacet
  facet normal 0.796417 -0.584154 -0.156473
    outer loop
      vertex 9.46633 15.0732 67.5854
      vertex 14.2842 20.0176 73.6487
      vertex 9.46633 14.8404 68.4545
    endloop
  endfacet
  facet normal 0.230106 -0.797147 0.558219
    outer loop
      vertex 14.2842 18.3061 67.2611
      vertex 9.46633 14.4301 63.7121
      vertex 9.46633 13.914 62.9751
    endloop
  endfacet
  facet normal 0.752593 0.656605 0.0497302
    outer loop
      vertex 14.2842 -23.1569 72.2901
      vertex 9.46633 -17.1805 66.293
      vertex 9.46633 -17.2105 66.6891
    endloop
  endfacet
  facet normal 0.849801 -0.431765 -0.302352
    outer loop
      vertex 9.46633 14.4601 69.27
      vertex 14.2842 18.3061 77.3191
      vertex 9.46633 13.944 70.007
    endloop
  endfacet
  facet normal -0.27582 0.406248 0.871141
    outer loop
      vertex 9.47633 -14.5996 61.8228
      vertex 14.2891 -18.0046 64.9345
      vertex 9.47633 -13.7841 61.4425
    endloop
  endfacet
  facet normal -0.271297 0.411629 0.870034
    outer loop
      vertex 14.2891 -18.0046 64.9345
      vertex 9.47633 -14.5996 61.8228
      vertex 14.289 -18.0053 64.9348
    endloop
  endfacet
  facet normal 0.876092 -0.276546 -0.39495
    outer loop
      vertex 14.2842 16.8046 78.8819
      vertex 14.2842 15.6875 79.6641
      vertex 9.46633 13.3078 70.6432
    endloop
  endfacet
  facet normal 0.680411 -0.730043 0.0638574
    outer loop
      vertex 14.2842 20.1365 72.2901
      vertex 9.46633 15.1216 66.293
      vertex 9.46633 15.0432 65.3967
    endloop
  endfacet
  facet normal 0.828364 -0.507697 -0.236761
    outer loop
      vertex 14.2842 19.6647 74.966
      vertex 14.2842 19.0883 76.202
      vertex 9.46633 14.4601 69.27
    endloop
  endfacet
  facet normal 0.890537 0.192265 -0.412284
    outer loop
      vertex 9.46633 -13.8142 71.5396
      vertex 14.2842 -18.7079 79.6641
      vertex 9.46633 -14.6297 71.1593
    endloop
  endfacet
  facet normal 0.686293 -0.725234 0.0551112
    outer loop
      vertex 14.2842 20.1365 72.2901
      vertex 9.46633 15.1517 66.6891
      vertex 9.46633 15.1216 66.293
    endloop
  endfacet
  facet normal 0.881148 0.334349 -0.334349
    outer loop
      vertex 9.46633 -15.3667 70.6432
      vertex 14.2842 -20.7894 77.9176
      vertex 9.46633 -16.0029 70.007
    endloop
  endfacet
  facet normal -0.521344 -0.120681 0.84477
    outer loop
      vertex 9.47633 10.8562 61.2097
      vertex 14.2904 13.6683 64.5824
      vertex 14.2904 13.669 64.5825
    endloop
  endfacet
  facet normal -0.543192 -0.0732504 0.836407
    outer loop
      vertex 14.2904 13.6683 64.5824
      vertex 9.47633 10.8562 61.2097
      vertex 9.47633 9.95985 61.1312
    endloop
  endfacet
  facet normal 0.871328 0.401946 -0.281471
    outer loop
      vertex 9.46633 -16.0029 70.007
      vertex 14.2842 -21.3265 77.3191
      vertex 9.46633 -16.519 69.27
    endloop
  endfacet
  facet normal 0.856525 0.467745 -0.218129
    outer loop
      vertex 14.2842 -22.1087 76.202
      vertex 14.2842 -22.6851 74.966
      vertex 9.46633 -16.519 69.27
    endloop
  endfacet
  facet normal -0.0743669 0.572023 0.816859
    outer loop
      vertex 9.47633 -15.3366 62.3389
      vertex 14.2853 -20.3515 66.2885
      vertex 9.47633 -14.5996 61.8228
    endloop
  endfacet
  facet normal -0.125934 0.536452 0.834482
    outer loop
      vertex 14.2853 -20.3515 66.2885
      vertex 9.47633 -15.3366 62.3389
      vertex 14.2853 -20.3529 66.2894
    endloop
  endfacet
  facet normal 0.423202 -0.821176 0.382846
    outer loop
      vertex 14.2842 19.6647 69.6142
      vertex 9.46633 14.8103 64.5276
      vertex 9.46633 14.4301 63.7121
    endloop
  endfacet
  facet normal 0.828364 -0.507698 -0.23676
    outer loop
      vertex 9.46633 14.8404 68.4545
      vertex 14.2842 19.6647 74.966
      vertex 9.46633 14.4601 69.27
    endloop
  endfacet
  facet normal 0.57344 -0.791327 0.212058
    outer loop
      vertex 14.2842 19.6647 69.6142
      vertex 9.46633 15.0432 65.3967
      vertex 9.46633 14.8103 64.5276
    endloop
  endfacet
  facet normal 0.573486 -0.791312 0.21199
    outer loop
      vertex 14.2842 19.6647 69.6142
      vertex 14.2842 20.0176 70.9315
      vertex 9.46633 15.0432 65.3967
    endloop
  endfacet
  facet normal 0.888042 0.263725 -0.376604
    outer loop
      vertex 9.46633 -14.6297 71.1593
      vertex 14.2842 -18.7079 79.6641
      vertex 9.46633 -15.3667 70.6432
    endloop
  endfacet
  facet normal -0.348105 -0.396171 0.84963
    outer loop
      vertex 9.47633 12.5407 61.8228
      vertex 14.2882 14.992 64.9373
      vertex 14.2882 16.22 65.5099
    endloop
  endfacet
  facet normal -0.353939 -0.387017 0.851437
    outer loop
      vertex 14.2882 14.992 64.9373
      vertex 9.47633 12.5407 61.8228
      vertex 14.2882 14.9909 64.9368
    endloop
  endfacet
  facet normal -0.350772 -0.392002 0.850466
    outer loop
      vertex 14.2892 14.9861 64.935
      vertex 14.2882 14.9909 64.9368
      vertex 9.47633 12.5407 61.8228
    endloop
  endfacet
  facet normal -0.455226 -0.252058 0.853953
    outer loop
      vertex 9.47633 11.7253 61.4425
      vertex 14.2904 13.669 64.5825
      vertex 14.2902 13.6697 64.5826
    endloop
  endfacet
  facet normal -0.465233 -0.229035 0.855045
    outer loop
      vertex 14.2904 13.669 64.5825
      vertex 9.47633 11.7253 61.4425
      vertex 9.47633 10.8562 61.2097
    endloop
  endfacet
  facet normal 0.8603 -0.379379 -0.340522
    outer loop
      vertex 14.2842 18.3061 77.3191
      vertex 14.2842 17.7689 77.9176
      vertex 9.46633 13.944 70.007
    endloop
  endfacet
  facet normal 0.86481 -0.355038 -0.355038
    outer loop
      vertex 9.46633 13.944 70.007
      vertex 14.2842 17.7689 77.9176
      vertex 9.46633 13.3078 70.6432
    endloop
  endfacet
  facet normal 0.0155701 -0.707021 0.707021
    outer loop
      vertex 14.2842 17.3418 66.2968
      vertex 14.2842 18.3061 67.2611
      vertex 9.46633 13.2778 62.3389
    endloop
  endfacet
  facet normal -0.343196 -0.40381 0.848029
    outer loop
      vertex 9.47633 12.5407 61.8228
      vertex 14.2894 14.9853 64.9347
      vertex 14.2892 14.9861 64.935
    endloop
  endfacet
  facet normal -0.348056 -0.396256 0.849611
    outer loop
      vertex 14.2894 14.9853 64.9347
      vertex 9.47633 12.5407 61.8228
      vertex 9.47633 11.7253 61.4425
    endloop
  endfacet
  facet normal -0.465169 -0.229169 0.855043
    outer loop
      vertex 9.47633 11.7253 61.4425
      vertex 14.2894 13.6757 64.5837
      vertex 14.2894 14.9853 64.9347
    endloop
  endfacet
  facet normal -0.46566 -0.228022 0.855083
    outer loop
      vertex 14.2894 13.6757 64.5837
      vertex 9.47633 11.7253 61.4425
      vertex 14.2894 13.6742 64.5833
    endloop
  endfacet
  facet normal -0.688247 -0.229416 0.688247
    outer loop
      vertex 14.2894 13.6742 64.5833
      vertex 14.2902 13.6697 64.5826
      vertex 14.2897 13.6727 64.5831
    endloop
  endfacet
  facet normal -0.470454 -0.216699 0.855403
    outer loop
      vertex 14.2902 13.6697 64.5826
      vertex 14.2894 13.6742 64.5833
      vertex 9.47633 11.7253 61.4425
    endloop
  endfacet
  facet normal 0.713566 -0.697925 -0.0610351
    outer loop
      vertex 19.4504 25.3441 73.1406
      vertex 19.4504 25.193 74.8684
      vertex 14.2842 20.1365 72.2901
    endloop
  endfacet
  facet normal 0.377761 0.0807259 0.922377
    outer loop
      vertex 14.2903 -16.6879 64.5824
      vertex 19.4504 -17.9348 62.5782
      vertex 14.2903 -15.3362 64.4641
    endloop
  endfacet
  facet normal 0.3836 0.114546 0.916368
    outer loop
      vertex 14.2903 -16.6887 64.5825
      vertex 19.4504 -17.9348 62.5782
      vertex 14.2903 -16.6879 64.5824
    endloop
  endfacet
  facet normal 0.379449 0.0902256 0.920803
    outer loop
      vertex 14.2902 -16.6893 64.5826
      vertex 19.4504 -17.9348 62.5782
      vertex 14.2903 -16.6887 64.5825
    endloop
  endfacet
  facet normal 0.375582 0.0686701 0.924242
    outer loop
      vertex 19.4504 -17.9348 62.5782
      vertex 14.2902 -16.6893 64.5826
      vertex 14.2894 -16.693 64.5832
    endloop
  endfacet
  facet normal 0.703487 -0.708006 0.0619167
    outer loop
      vertex 19.4504 25.193 71.4128
      vertex 19.4504 25.3441 73.1406
      vertex 14.2842 20.1365 72.2901
    endloop
  endfacet
  facet normal 0.68628 -0.702563 0.188214
    outer loop
      vertex 19.4504 25.193 71.4128
      vertex 14.2842 20.0176 70.9315
      vertex 14.2842 19.6647 69.6142
    endloop
  endfacet
  facet normal 0.577307 0.21138 -0.788692
    outer loop
      vertex 17.8158 -8 85.364
      vertex 18.4956 -8 85.8616
      vertex 14.2842 -16.1546 80.5934
    endloop
  endfacet
  facet normal 0.622572 0.641049 0.448843
    outer loop
      vertex 19.4504 -26.9771 68.1656
      vertex 19.4504 -25.9823 66.7448
      vertex 14.2842 -21.3265 67.2611
    endloop
  endfacet
  facet normal 0.712145 -0.127783 -0.690305
    outer loop
      vertex 14.2842 13.1342 80.5934
      vertex 17.2616 8 84.6154
      vertex 14.2842 8 81.5438
    endloop
  endfacet
  facet normal 0.699699 0.711722 0.0622351
    outer loop
      vertex 19.4504 -28.3102 73.1406
      vertex 14.2842 -23.0381 70.9315
      vertex 14.2842 -23.1569 72.2901
    endloop
  endfacet
  facet normal 0.48645 0.354847 0.798405
    outer loop
      vertex 14.2876 -18.0119 64.9374
      vertex 19.4504 -20.9958 63.118
      vertex 14.2876 -18.011 64.937
    endloop
  endfacet
  facet normal 0.491017 0.368158 0.789533
    outer loop
      vertex 19.4504 -20.9958 63.118
      vertex 14.2876 -18.0119 64.9374
      vertex 19.4504 -22.4097 63.7773
    endloop
  endfacet
  facet normal 0.343283 0 0.939232
    outer loop
      vertex 19.4504 14.9687 62.5782
      vertex 14.2908 12.311 64.464
      vertex 19.4504 8 62.5782
    endloop
  endfacet
  facet normal 0.339401 0.0085102 0.940603
    outer loop
      vertex 14.2908 12.311 64.464
      vertex 19.4504 14.9687 62.5782
      vertex 14.2904 12.3159 64.4641
    endloop
  endfacet
  facet normal 0.343283 0 0.939232
    outer loop
      vertex 19.4504 8 62.5782
      vertex 14.2908 12.311 64.464
      vertex 14.2908 8 64.464
    endloop
  endfacet
  facet normal 0.343283 -0 0.939232
    outer loop
      vertex 14.2908 -15.3308 64.464
      vertex 19.4504 -8 62.5782
      vertex 14.2908 -8 64.464
    endloop
  endfacet
  facet normal 0.343283 0 0.939232
    outer loop
      vertex 19.4504 -8 62.5782
      vertex 14.2908 -15.3308 64.464
      vertex 19.4504 -17.9348 62.5782
    endloop
  endfacet
  facet normal 0.337108 -0.013781 0.941365
    outer loop
      vertex 19.4504 -17.9348 62.5782
      vertex 14.2908 -15.3308 64.464
      vertex 14.2903 -15.3362 64.4641
    endloop
  endfacet
  facet normal 0.645718 0.437953 -0.625496
    outer loop
      vertex 19.4504 -23.3351 81.7575
      vertex 19.4504 -24.7559 80.7627
      vertex 14.2842 -18.7079 79.6641
    endloop
  endfacet
  facet normal 0.62668 -0.638357 0.446958
    outer loop
      vertex 19.4504 23.0163 66.7448
      vertex 19.4504 24.0111 68.1656
      vertex 14.2842 18.3061 67.2611
    endloop
  endfacet
  facet normal 0.714124 -0.634431 -0.295845
    outer loop
      vertex 19.4504 24.7441 76.5437
      vertex 19.4504 24.0111 78.1156
      vertex 14.2842 19.0883 76.202
    endloop
  endfacet
  facet normal 0.661046 -0.680035 0.317129
    outer loop
      vertex 19.4504 24.0111 68.1656
      vertex 14.2842 19.6647 69.6142
      vertex 14.2842 19.0883 68.3782
    endloop
  endfacet
  facet normal 0.717051 -0.67327 -0.180404
    outer loop
      vertex 19.4504 25.193 74.8684
      vertex 19.4504 24.7441 76.5437
      vertex 14.2842 19.6647 74.966
    endloop
  endfacet
  facet normal 0.686268 -0.702565 0.188254
    outer loop
      vertex 19.4504 24.7441 69.7375
      vertex 19.4504 25.193 71.4128
      vertex 14.2842 19.6647 69.6142
    endloop
  endfacet
  facet normal 0.710827 0.637465 -0.297259
    outer loop
      vertex 19.4504 -26.9771 78.1156
      vertex 19.4504 -27.7101 76.5437
      vertex 14.2842 -22.1087 76.202
    endloop
  endfacet
  facet normal 0.54662 -0.520007 0.656353
    outer loop
      vertex 19.4504 20.7217 64.6721
      vertex 19.4504 21.7899 65.5184
      vertex 14.2842 17.3418 66.2968
    endloop
  endfacet
  facet normal 0.57087 -0.278799 -0.772255
    outer loop
      vertex 14.2842 14.4515 80.2405
      vertex 19.4504 8 86.3886
      vertex 18.2996 8 85.5379
    endloop
  endfacet
  facet normal 0.570863 -0.278807 -0.772258
    outer loop
      vertex 19.4504 8 86.3886
      vertex 14.2842 14.4515 80.2405
      vertex 19.4504 18.7972 82.4905
    endloop
  endfacet
  facet normal 0.441956 -0.232185 0.866467
    outer loop
      vertex 14.2894 13.6757 64.5837
      vertex 19.4504 16.5229 62.7142
      vertex 19.4504 18.0298 63.118
    endloop
  endfacet
  facet normal 0.441571 -0.231182 0.866931
    outer loop
      vertex 19.4504 16.5229 62.7142
      vertex 14.2894 13.6757 64.5837
      vertex 14.2894 13.6742 64.5833
    endloop
  endfacet
  facet normal 0.651382 -0.196384 -0.732894
    outer loop
      vertex 18.0825 8 85.345
      vertex 17.2616 8 84.6154
      vertex 14.2842 13.1342 80.5934
    endloop
  endfacet
  facet normal 0.684823 -0.515275 -0.515275
    outer loop
      vertex 19.4504 23.0163 79.5363
      vertex 19.4504 21.7899 80.7627
      vertex 14.2842 17.7689 77.9176
    endloop
  endfacet
  facet normal 0.626671 -0.638352 0.446978
    outer loop
      vertex 19.4504 24.0111 68.1656
      vertex 14.2842 19.0883 68.3782
      vertex 14.2842 18.3061 67.2611
    endloop
  endfacet
  facet normal 0.534964 -0.48905 0.688944
    outer loop
      vertex 19.4504 19.4437 63.7773
      vertex 14.2842 17.3418 66.2968
      vertex 14.2865 17.3353 66.2904
    endloop
  endfacet
  facet normal 0.533893 -0.469028 0.703542
    outer loop
      vertex 14.2865 17.3341 66.2896
      vertex 19.4504 19.4437 63.7773
      vertex 14.2865 17.3353 66.2904
    endloop
  endfacet
  facet normal 0.534758 -0.484633 0.692217
    outer loop
      vertex 19.4504 19.4437 63.7773
      vertex 14.2865 17.3341 66.2896
      vertex 14.2865 16.226 65.5138
    endloop
  endfacet
  facet normal 0.703489 -0.708 0.0619618
    outer loop
      vertex 19.4504 25.193 71.4128
      vertex 14.2842 20.1365 72.2901
      vertex 14.2842 20.0176 70.9315
    endloop
  endfacet
  facet normal 0.704624 -0.581255 -0.406998
    outer loop
      vertex 14.2842 19.0883 76.202
      vertex 19.4504 23.0163 79.5363
      vertex 14.2842 18.3061 77.3191
    endloop
  endfacet
  facet normal 0.701522 0.583764 -0.408762
    outer loop
      vertex 19.4504 -25.9823 79.5363
      vertex 19.4504 -26.9771 78.1156
      vertex 14.2842 -22.1087 76.202
    endloop
  endfacet
  facet normal 0.694468 -0.535462 -0.480619
    outer loop
      vertex 14.2842 18.3061 77.3191
      vertex 19.4504 23.0163 79.5363
      vertex 14.2842 17.7689 77.9176
    endloop
  endfacet
  facet normal 0.709932 0.701589 -0.0613961
    outer loop
      vertex 19.4504 -28.159 74.8684
      vertex 19.4504 -28.3102 73.1406
      vertex 14.2842 -23.0381 73.6487
    endloop
  endfacet
  facet normal 0.682322 0.706138 0.189225
    outer loop
      vertex 19.4504 -27.7101 69.7375
      vertex 14.2842 -22.6851 69.6142
      vertex 14.2842 -23.0381 70.9315
    endloop
  endfacet
  facet normal 0.648398 -0.436649 -0.623633
    outer loop
      vertex 19.4504 21.7899 80.7627
      vertex 19.4504 20.3691 81.7575
      vertex 14.2842 16.8046 78.8819
    endloop
  endfacet
  facet normal 0.684823 -0.515275 -0.515275
    outer loop
      vertex 14.2842 17.7689 77.9176
      vertex 19.4504 21.7899 80.7627
      vertex 14.2842 16.8046 78.8819
    endloop
  endfacet
  facet normal 0.59783 0.338785 -0.726515
    outer loop
      vertex 19.4504 -21.7632 82.4905
      vertex 19.4504 -23.3351 81.7575
      vertex 14.2842 -18.7079 79.6641
    endloop
  endfacet
  facet normal 0.648401 -0.436663 -0.62362
    outer loop
      vertex 14.2842 16.8046 78.8819
      vertex 19.4504 20.3691 81.7575
      vertex 14.2842 15.6875 79.6641
    endloop
  endfacet
  facet normal 0.661047 -0.680041 0.317113
    outer loop
      vertex 19.4504 24.0111 68.1656
      vertex 19.4504 24.7441 69.7375
      vertex 14.2842 19.6647 69.6142
    endloop
  endfacet
  facet normal 0.372579 0.0525207 0.926513
    outer loop
      vertex 14.2891 -16.6944 64.5834
      vertex 19.4504 -17.9348 62.5782
      vertex 14.2894 -16.693 64.5832
    endloop
  endfacet
  facet normal 0.377751 0.0807181 0.922382
    outer loop
      vertex 19.4504 -17.9348 62.5782
      vertex 14.2891 -16.6944 64.5834
      vertex 19.4504 -19.4889 62.7142
    endloop
  endfacet
  facet normal 0.581817 -0.575104 0.575104
    outer loop
      vertex 19.4504 21.7899 65.5184
      vertex 19.4504 23.0163 66.7448
      vertex 14.2842 18.3061 67.2611
    endloop
  endfacet
  facet normal 0.495136 -0.370514 0.78585
    outer loop
      vertex 19.4504 19.4437 63.7773
      vertex 14.2865 16.226 65.5138
      vertex 14.2882 16.22 65.5099
    endloop
  endfacet
  facet normal 0.493953 -0.367448 0.788031
    outer loop
      vertex 19.4504 19.4437 63.7773
      vertex 14.2882 16.22 65.5099
      vertex 14.2882 14.992 64.9373
    endloop
  endfacet
  facet normal 0.709936 0.701589 -0.061349
    outer loop
      vertex 14.2842 -23.0381 73.6487
      vertex 19.4504 -28.3102 73.1406
      vertex 14.2842 -23.1569 72.2901
    endloop
  endfacet
  facet normal 0.65126 -0.196538 -0.732962
    outer loop
      vertex 14.2842 13.1342 80.5934
      vertex 18.2996 8 85.5379
      vertex 18.0825 8 85.345
    endloop
  endfacet
  facet normal 0.651415 -0.196336 -0.732878
    outer loop
      vertex 18.2996 8 85.5379
      vertex 14.2842 13.1342 80.5934
      vertex 14.2842 14.4515 80.2405
    endloop
  endfacet
  facet normal 0.436107 -0.218349 0.873003
    outer loop
      vertex 19.4504 18.0298 63.118
      vertex 14.2892 14.9861 64.935
      vertex 14.2894 14.9853 64.9347
    endloop
  endfacet
  facet normal 0.442183 -0.232708 0.866211
    outer loop
      vertex 14.2892 14.9861 64.935
      vertex 19.4504 18.0298 63.118
      vertex 14.2882 14.9909 64.9368
    endloop
  endfacet
  facet normal 0.441983 -0.232225 0.866443
    outer loop
      vertex 19.4504 18.0298 63.118
      vertex 14.2894 14.9853 64.9347
      vertex 14.2894 13.6757 64.5837
    endloop
  endfacet
  facet normal 0.600123 -0.338077 -0.724953
    outer loop
      vertex 14.2842 15.6875 79.6641
      vertex 19.4504 20.3691 81.7575
      vertex 14.2842 14.4515 80.2405
    endloop
  endfacet
  facet normal 0.49103 0.368179 0.789515
    outer loop
      vertex 14.2876 -19.2387 65.5095
      vertex 19.4504 -22.4097 63.7773
      vertex 14.2876 -18.0119 64.9374
    endloop
  endfacet
  facet normal 0.491169 0.368546 0.789257
    outer loop
      vertex 19.4504 -22.4097 63.7773
      vertex 14.2876 -19.2387 65.5095
      vertex 14.2853 -19.2457 65.5142
    endloop
  endfacet
  facet normal 0.656987 0.683266 0.318617
    outer loop
      vertex 19.4504 -27.7101 69.7375
      vertex 19.4504 -26.9771 68.1656
      vertex 14.2842 -22.6851 69.6142
    endloop
  endfacet
  facet normal 0.577443 0.211269 -0.788622
    outer loop
      vertex 14.2842 -16.1546 80.5934
      vertex 18.6067 -8 85.943
      vertex 14.2842 -17.4719 80.2405
    endloop
  endfacet
  facet normal 0.577706 0.211043 -0.78849
    outer loop
      vertex 18.6067 -8 85.943
      vertex 14.2842 -16.1546 80.5934
      vertex 18.4956 -8 85.8616
    endloop
  endfacet
  facet normal 0.656986 0.683259 0.318633
    outer loop
      vertex 19.4504 -26.9771 68.1656
      vertex 14.2842 -22.1087 68.3782
      vertex 14.2842 -22.6851 69.6142
    endloop
  endfacet
  facet normal 0.367978 -0.0276383 0.929424
    outer loop
      vertex 19.4504 14.9687 62.5782
      vertex 14.2902 13.6697 64.5826
      vertex 14.2904 13.669 64.5825
    endloop
  endfacet
  facet normal 0.380222 -0.0900465 0.920501
    outer loop
      vertex 14.2902 13.6697 64.5826
      vertex 19.4504 14.9687 62.5782
      vertex 14.2897 13.6727 64.5831
    endloop
  endfacet
  facet normal 0.387348 -0.130381 0.912668
    outer loop
      vertex 14.2904 13.6683 64.5824
      vertex 19.4504 14.9687 62.5782
      vertex 14.2904 13.669 64.5825
    endloop
  endfacet
  facet normal 0.378477 -0.080659 0.92209
    outer loop
      vertex 19.4504 14.9687 62.5782
      vertex 14.2904 13.6683 64.5824
      vertex 14.2904 12.3159 64.4641
    endloop
  endfacet
  facet normal 0.714121 -0.634427 -0.295861
    outer loop
      vertex 14.2842 19.6647 74.966
      vertex 19.4504 24.7441 76.5437
      vertex 14.2842 19.0883 76.202
    endloop
  endfacet
  facet normal 0.493958 -0.367455 0.788025
    outer loop
      vertex 14.2882 14.992 64.9373
      vertex 19.4504 18.0298 63.118
      vertex 19.4504 19.4437 63.7773
    endloop
  endfacet
  facet normal 0.491484 -0.360376 0.792826
    outer loop
      vertex 19.4504 18.0298 63.118
      vertex 14.2882 14.992 64.9373
      vertex 14.2882 14.9909 64.9368
    endloop
  endfacet
  facet normal 0.716077 0.0944792 -0.691598
    outer loop
      vertex 14.2842 -8 81.7074
      vertex 17.8158 -8 85.364
      vertex 14.2842 -16.1546 80.5934
    endloop
  endfacet
  facet normal 0.704624 -0.581252 -0.407003
    outer loop
      vertex 19.4504 24.0111 78.1156
      vertex 19.4504 23.0163 79.5363
      vertex 14.2842 19.0883 76.202
    endloop
  endfacet
  facet normal 0.531108 0.485998 0.694068
    outer loop
      vertex 14.2853 -20.3515 66.2885
      vertex 19.4504 -22.4097 63.7773
      vertex 14.2853 -19.2457 65.5142
    endloop
  endfacet
  facet normal 0.529664 0.458675 0.713494
    outer loop
      vertex 14.2853 -20.3529 66.2894
      vertex 19.4504 -22.4097 63.7773
      vertex 14.2853 -20.3515 66.2885
    endloop
  endfacet
  facet normal 0.531189 0.488174 0.692477
    outer loop
      vertex 19.4504 -22.4097 63.7773
      vertex 14.2853 -20.3529 66.2894
      vertex 14.2842 -20.3622 66.2968
    endloop
  endfacet
  facet normal 0.717056 -0.673274 -0.180368
    outer loop
      vertex 14.2842 20.0176 73.6487
      vertex 19.4504 25.193 74.8684
      vertex 14.2842 19.6647 74.966
    endloop
  endfacet
  facet normal 0.713575 -0.697912 -0.0610788
    outer loop
      vertex 14.2842 20.1365 72.2901
      vertex 19.4504 25.193 74.8684
      vertex 14.2842 20.0176 73.6487
    endloop
  endfacet
  facet normal 0.378478 -0.080687 0.922087
    outer loop
      vertex 14.2894 13.6742 64.5833
      vertex 19.4504 14.9687 62.5782
      vertex 19.4504 16.5229 62.7142
    endloop
  endfacet
  facet normal 0.372378 -0.0490953 0.926782
    outer loop
      vertex 19.4504 14.9687 62.5782
      vertex 14.2894 13.6742 64.5833
      vertex 14.2897 13.6727 64.5831
    endloop
  endfacet
  facet normal 0.622563 0.641044 0.448863
    outer loop
      vertex 19.4504 -26.9771 68.1656
      vertex 14.2842 -21.3265 67.2611
      vertex 14.2842 -22.1087 68.3782
    endloop
  endfacet
  facet normal 0.57779 0.57713 0.57713
    outer loop
      vertex 19.4504 -25.9823 66.7448
      vertex 19.4504 -24.7559 65.5184
      vertex 14.2842 -21.3265 67.2611
    endloop
  endfacet
  facet normal 0.701522 0.583768 -0.408757
    outer loop
      vertex 14.2842 -21.3265 77.3191
      vertex 19.4504 -25.9823 79.5363
      vertex 14.2842 -22.1087 76.202
    endloop
  endfacet
  facet normal 0.57779 0.57713 0.57713
    outer loop
      vertex 19.4504 -24.7559 65.5184
      vertex 14.2842 -20.3622 66.2968
      vertex 14.2842 -21.3265 67.2611
    endloop
  endfacet
  facet normal 0.597834 0.3388 -0.726505
    outer loop
      vertex 14.2842 -17.4719 80.2405
      vertex 19.4504 -21.7632 82.4905
      vertex 14.2842 -18.7079 79.6641
    endloop
  endfacet
  facet normal 0.713581 0.676698 -0.181336
    outer loop
      vertex 14.2842 -22.6851 74.966
      vertex 19.4504 -27.7101 76.5437
      vertex 14.2842 -23.0381 73.6487
    endloop
  endfacet
  facet normal 0.699687 0.71173 0.0622836
    outer loop
      vertex 19.4504 -28.3102 73.1406
      vertex 19.4504 -28.159 71.4128
      vertex 14.2842 -23.0381 70.9315
    endloop
  endfacet
  facet normal 0.68192 0.517197 -0.517197
    outer loop
      vertex 19.4504 -24.7559 80.7627
      vertex 19.4504 -25.9823 79.5363
      vertex 14.2842 -20.7894 77.9176
    endloop
  endfacet
  facet normal 0.545674 0.235212 -0.80431
    outer loop
      vertex 14.2842 -17.4719 80.2405
      vertex 19.4504 -8 86.5154
      vertex 19.4504 -21.7632 82.4905
    endloop
  endfacet
  facet normal 0.545676 0.235211 -0.80431
    outer loop
      vertex 19.4504 -8 86.5154
      vertex 14.2842 -17.4719 80.2405
      vertex 18.6067 -8 85.943
    endloop
  endfacet
  facet normal 0.531103 0.485972 0.69409
    outer loop
      vertex 19.4504 -23.6877 64.6721
      vertex 19.4504 -22.4097 63.7773
      vertex 14.2842 -20.3622 66.2968
    endloop
  endfacet
  facet normal 0.681917 0.517172 -0.517226
    outer loop
      vertex 14.2842 -19.825 78.8819
      vertex 19.4504 -24.7559 80.7627
      vertex 14.2842 -20.7894 77.9176
    endloop
  endfacet
  facet normal 0.581817 -0.575104 0.575104
    outer loop
      vertex 19.4504 21.7899 65.5184
      vertex 14.2842 18.3061 67.2611
      vertex 14.2842 17.3418 66.2968
    endloop
  endfacet
  facet normal 0.534762 -0.48465 0.692202
    outer loop
      vertex 19.4504 19.4437 63.7773
      vertex 19.4504 20.7217 64.6721
      vertex 14.2842 17.3418 66.2968
    endloop
  endfacet
  facet normal 0.682322 0.706141 0.189212
    outer loop
      vertex 19.4504 -28.159 71.4128
      vertex 19.4504 -27.7101 69.7375
      vertex 14.2842 -23.0381 70.9315
    endloop
  endfacet
  facet normal 0.439982 0.232426 0.867407
    outer loop
      vertex 14.2891 -18.0046 64.9345
      vertex 19.4504 -20.9958 63.118
      vertex 14.2891 -16.6958 64.5838
    endloop
  endfacet
  facet normal 0.463721 0.292214 0.836406
    outer loop
      vertex 14.289 -18.0053 64.9348
      vertex 19.4504 -20.9958 63.118
      vertex 14.2891 -18.0046 64.9345
    endloop
  endfacet
  facet normal 0.438157 0.227982 0.869507
    outer loop
      vertex 19.4504 -20.9958 63.118
      vertex 14.289 -18.0053 64.9348
      vertex 14.2876 -18.011 64.937
    endloop
  endfacet
  facet normal 0.645727 0.437964 -0.625479
    outer loop
      vertex 14.2842 -18.7079 79.6641
      vertex 19.4504 -24.7559 80.7627
      vertex 14.2842 -19.825 78.8819
    endloop
  endfacet
  facet normal 0.691542 0.5376 -0.482448
    outer loop
      vertex 14.2842 -20.7894 77.9176
      vertex 19.4504 -25.9823 79.5363
      vertex 14.2842 -21.3265 77.3191
    endloop
  endfacet
  facet normal 0.713579 0.676703 -0.181324
    outer loop
      vertex 19.4504 -27.7101 76.5437
      vertex 19.4504 -28.159 74.8684
      vertex 14.2842 -23.0381 73.6487
    endloop
  endfacet
  facet normal 0.600112 -0.338063 -0.724968
    outer loop
      vertex 19.4504 20.3691 81.7575
      vertex 19.4504 18.7972 82.4905
      vertex 14.2842 14.4515 80.2405
    endloop
  endfacet
  facet normal 0.710823 0.637462 -0.297276
    outer loop
      vertex 14.2842 -22.1087 76.202
      vertex 19.4504 -27.7101 76.5437
      vertex 14.2842 -22.6851 74.966
    endloop
  endfacet
  facet normal 0.445038 0.246016 0.861056
    outer loop
      vertex 14.2891 -16.6958 64.5838
      vertex 19.4504 -19.4889 62.7142
      vertex 14.2891 -16.6944 64.5834
    endloop
  endfacet
  facet normal 0.439988 0.232435 0.867401
    outer loop
      vertex 19.4504 -19.4889 62.7142
      vertex 14.2891 -16.6958 64.5838
      vertex 19.4504 -20.9958 63.118
    endloop
  endfacet
  facet normal 0.542763 0.521563 0.658316
    outer loop
      vertex 19.4504 -24.7559 65.5184
      vertex 19.4504 -23.6877 64.6721
      vertex 14.2842 -20.3622 66.2968
    endloop
  endfacet
  facet normal 0.411595 0.899412 0.147131
    outer loop
      vertex 24.9596 -31.5631 76.8102
      vertex 24.9596 -29.6292 64.9883
      vertex 19.4504 -28.159 71.4128
    endloop
  endfacet
  facet normal 0.39855 -0.913659 0.0799016
    outer loop
      vertex 24.9596 28.0682 76.8102
      vertex 24.9596 28.2193 78.538
      vertex 19.4504 25.3441 73.1406
    endloop
  endfacet
  facet normal 0.589176 0.732313 0.341452
    outer loop
      vertex 24.9596 -29.2254 63.4814
      vertex 24.9596 -28.5661 62.0674
      vertex 19.4504 -26.9771 68.1656
    endloop
  endfacet
  facet normal 0.573984 0.815749 -0.0713863
    outer loop
      vertex 19.4504 -28.159 74.8684
      vertex 24.9596 -31.5631 80.2658
      vertex 19.4504 -28.3102 73.1406
    endloop
  endfacet
  facet normal 0.671001 0 0.741456
    outer loop
      vertex 19.4504 14.9687 62.5782
      vertex 24.9596 8 57.5925
      vertex 24.9596 17.3202 57.5925
    endloop
  endfacet
  facet normal 0.671001 0 0.741456
    outer loop
      vertex 24.9596 8 57.5925
      vertex 19.4504 14.9687 62.5782
      vertex 19.4504 8 62.5782
    endloop
  endfacet
  facet normal 0.671001 -0 0.741456
    outer loop
      vertex 19.4504 -17.9348 62.5782
      vertex 24.9596 -8 57.5925
      vertex 19.4504 -8 62.5782
    endloop
  endfacet
  facet normal 0.671001 0 0.741456
    outer loop
      vertex 24.9596 -8 57.5925
      vertex 19.4504 -17.9348 62.5782
      vertex 24.9596 -20.8152 57.5925
    endloop
  endfacet
  facet normal 0.663591 -0.678003 -0.316163
    outer loop
      vertex 19.4504 24.0111 78.1156
      vertex 24.9596 27.6193 81.9411
      vertex 24.9596 26.8863 83.513
    endloop
  endfacet
  facet normal 0.663591 -0.678003 -0.316163
    outer loop
      vertex 24.9596 27.6193 81.9411
      vertex 19.4504 24.0111 78.1156
      vertex 19.4504 24.7441 76.5437
    endloop
  endfacet
  facet normal 0.468386 0.88016 0.0770229
    outer loop
      vertex 24.9596 -31.5631 76.8102
      vertex 19.4504 -28.159 71.4128
      vertex 19.4504 -28.3102 73.1406
    endloop
  endfacet
  facet normal 0.540367 -0.762592 0.355608
    outer loop
      vertex 24.9596 25.0712 62.0674
      vertex 19.4504 24.7441 69.7375
      vertex 19.4504 24.0111 68.1656
    endloop
  endfacet
  facet normal 0.39855 -0.913659 0.0799016
    outer loop
      vertex 24.9596 28.0682 76.8102
      vertex 19.4504 25.3441 73.1406
      vertex 19.4504 25.193 71.4128
    endloop
  endfacet
  facet normal 0.944618 0.138603 -0.297467
    outer loop
      vertex 22.5022 -14.5368 95.5487
      vertex 19.4504 -21.7632 82.4905
      vertex 22.4835 -13.8844 95.7933
    endloop
  endfacet
  facet normal 0.944575 0.138745 -0.297536
    outer loop
      vertex 19.4504 -21.7632 82.4905
      vertex 22.5022 -14.5368 95.5487
      vertex 19.4504 -23.3351 81.7575
    endloop
  endfacet
  facet normal 0.488342 0.842914 0.225873
    outer loop
      vertex 24.9596 -29.6292 64.9883
      vertex 24.9596 -29.2254 63.4814
      vertex 19.4504 -28.159 71.4128
    endloop
  endfacet
  facet normal 0.710436 0.182159 0.679779
    outer loop
      vertex 19.4504 -20.9958 63.118
      vertex 24.9596 -22.3693 57.7284
      vertex 19.4504 -19.4889 62.7142
    endloop
  endfacet
  facet normal 0.710436 0.182147 0.679782
    outer loop
      vertex 24.9596 -22.3693 57.7284
      vertex 19.4504 -20.9958 63.118
      vertex 24.9596 -23.8763 58.1322
    endloop
  endfacet
  facet normal 0.33611 -0.929467 0.152056
    outer loop
      vertex 24.9596 26.1342 64.9883
      vertex 24.9596 28.0682 76.8102
      vertex 19.4504 25.193 71.4128
    endloop
  endfacet
  facet normal 0.729998 0.559827 -0.392041
    outer loop
      vertex 24.9596 -30.3813 83.513
      vertex 19.4504 -25.9823 79.5363
      vertex 24.9596 -29.3864 84.9337
    endloop
  endfacet
  facet normal 0.729996 0.559847 -0.392015
    outer loop
      vertex 19.4504 -25.9823 79.5363
      vertex 24.9596 -30.3813 83.513
      vertex 19.4504 -26.9771 78.1156
    endloop
  endfacet
  facet normal 0.701611 -0.184436 0.688277
    outer loop
      vertex 19.4504 18.0298 63.118
      vertex 24.9596 18.8744 57.7284
      vertex 24.9596 20.3813 58.1322
    endloop
  endfacet
  facet normal 0.701611 -0.184436 0.688277
    outer loop
      vertex 24.9596 18.8744 57.7284
      vertex 19.4504 18.0298 63.118
      vertex 19.4504 16.5229 62.7142
    endloop
  endfacet
  facet normal 0.647829 0.735828 -0.197167
    outer loop
      vertex 24.9596 -31.5631 80.2658
      vertex 19.4504 -27.7101 76.5437
      vertex 24.9596 -31.1142 81.9411
    endloop
  endfacet
  facet normal 0.647829 0.735828 -0.197167
    outer loop
      vertex 19.4504 -27.7101 76.5437
      vertex 24.9596 -31.5631 80.2658
      vertex 19.4504 -28.159 74.8684
    endloop
  endfacet
  facet normal 0.684421 -0.0635094 0.726316
    outer loop
      vertex 19.4504 16.5229 62.7142
      vertex 24.9596 17.3202 57.5925
      vertex 24.9596 18.8744 57.7284
    endloop
  endfacet
  facet normal 0.684422 -0.0635557 0.726311
    outer loop
      vertex 24.9596 17.3202 57.5925
      vertex 19.4504 16.5229 62.7142
      vertex 19.4504 14.9687 62.5782
    endloop
  endfacet
  facet normal 0.71883 0.431705 0.544898
    outer loop
      vertex 24.9596 -26.5681 59.6864
      vertex 19.4504 -23.6877 64.6721
      vertex 19.4504 -24.7559 65.5184
    endloop
  endfacet
  facet normal 0.961094 0.077459 -0.265137
    outer loop
      vertex 22.5713 -10.0267 97.24
      vertex 22.0205 -8 95.8355
      vertex 22.0942 -8.02278 96.096
    endloop
  endfacet
  facet normal 0.961105 0.0774879 -0.265091
    outer loop
      vertex 22.5713 -10.0267 97.24
      vertex 22.0942 -8.02278 96.096
      vertex 22.1693 -8.09045 96.3485
    endloop
  endfacet
  facet normal 0.961081 0.0774354 -0.265194
    outer loop
      vertex 22.5713 -10.0267 97.24
      vertex 22.1693 -8.09045 96.3485
      vertex 22.2436 -8.20096 96.5855
    endloop
  endfacet
  facet normal 0.961202 0.077636 -0.264695
    outer loop
      vertex 22.5713 -10.0267 97.24
      vertex 22.2436 -8.20096 96.5855
      vertex 22.3147 -8.35094 96.7997
    endloop
  endfacet
  facet normal 0.961118 0.0775356 -0.265028
    outer loop
      vertex 22.5713 -10.0267 97.24
      vertex 22.3147 -8.35094 96.7997
      vertex 22.3806 -8.53581 96.9846
    endloop
  endfacet
  facet normal 0.960942 0.0773964 -0.265709
    outer loop
      vertex 22.5713 -10.0267 97.24
      vertex 22.3806 -8.53581 96.9846
      vertex 22.4393 -8.75 97.1345
    endloop
  endfacet
  facet normal 0.96131 0.0775487 -0.264327
    outer loop
      vertex 22.5713 -10.0267 97.24
      vertex 22.4393 -8.75 97.1345
      vertex 22.4888 -8.98697 97.245
    endloop
  endfacet
  facet normal 0.960916 0.0775243 -0.265765
    outer loop
      vertex 22.5713 -10.0267 97.24
      vertex 22.4888 -8.98697 97.245
      vertex 22.5279 -9.23953 97.3127
    endloop
  endfacet
  facet normal 0.961023 0.0774952 -0.265385
    outer loop
      vertex 22.5713 -10.0267 97.24
      vertex 22.5279 -9.23953 97.3127
      vertex 22.5552 -9.5 97.3355
    endloop
  endfacet
  facet normal 0.961104 0.0774471 -0.265106
    outer loop
      vertex 22.5713 -10.0267 97.24
      vertex 22.5552 -9.5 97.3355
      vertex 22.5699 -9.76047 97.3127
    endloop
  endfacet
  facet normal 0.961113 0.0775237 -0.265051
    outer loop
      vertex 22.0205 -8 95.8355
      vertex 22.5713 -10.0267 97.24
      vertex 22.4835 -13.8844 95.7933
    endloop
  endfacet
  facet normal 0.961117 0.0775239 -0.265036
    outer loop
      vertex 22.0205 -8 95.8355
      vertex 22.4835 -13.8844 95.7933
      vertex 19.4504 -8 86.5154
    endloop
  endfacet
  facet normal 0.961116 0.0775096 -0.265045
    outer loop
      vertex 19.4504 -8 86.5154
      vertex 22.4835 -13.8844 95.7933
      vertex 19.4504 -21.7632 82.4905
    endloop
  endfacet
  facet normal 0.488329 0.842924 0.225863
    outer loop
      vertex 24.9596 -29.2254 63.4814
      vertex 19.4504 -27.7101 69.7375
      vertex 19.4504 -28.159 71.4128
    endloop
  endfacet
  facet normal 0.687646 0.0632947 0.723282
    outer loop
      vertex 19.4504 -19.4889 62.7142
      vertex 24.9596 -20.8152 57.5925
      vertex 19.4504 -17.9348 62.5782
    endloop
  endfacet
  facet normal 0.687642 0.0632489 0.723289
    outer loop
      vertex 24.9596 -20.8152 57.5925
      vertex 19.4504 -19.4889 62.7142
      vertex 24.9596 -22.3693 57.7284
    endloop
  endfacet
  facet normal 0.862798 -0.3575 -0.357454
    outer loop
      vertex 21.4831 18.6486 88.8108
      vertex 21.3428 18.2839 88.8369
      vertex 19.4504 21.7899 80.7627
    endloop
  endfacet
  facet normal 0.674353 -0.522134 0.522134
    outer loop
      vertex 24.9596 24.1763 60.7895
      vertex 19.4504 23.0163 66.7448
      vertex 19.4504 21.7899 65.5184
    endloop
  endfacet
  facet normal 0.573984 0.815749 -0.0713863
    outer loop
      vertex 24.9596 -31.5631 80.2658
      vertex 24.9596 -31.7143 78.538
      vertex 19.4504 -28.3102 73.1406
    endloop
  endfacet
  facet normal 0.951841 -0.129573 -0.277867
    outer loop
      vertex 21.0431 16.635 88.9546
      vertex 19.4504 18.7972 82.4905
      vertex 19.4504 20.3691 81.7575
    endloop
  endfacet
  facet normal 0.951837 -0.12959 -0.277872
    outer loop
      vertex 20.9699 16 89
      vertex 19.4504 18.7972 82.4905
      vertex 21.0431 16.635 88.9546
    endloop
  endfacet
  facet normal 0.951825 -0.129639 -0.27789
    outer loop
      vertex 19.4504 18.7972 82.4905
      vertex 20.9699 16 89
      vertex 20.9615 15.6856 89.1179
    endloop
  endfacet
  facet normal 0.422978 -0.875275 0.234487
    outer loop
      vertex 24.9596 25.7305 63.4814
      vertex 24.9596 26.1342 64.9883
      vertex 19.4504 25.193 71.4128
    endloop
  endfacet
  facet normal 0.959943 -0.0951489 -0.263545
    outer loop
      vertex 19.4504 8 86.3886
      vertex 20.9615 15.6856 89.1179
      vertex 20.9832 10.0267 91.24
    endloop
  endfacet
  facet normal 0.959923 -0.0950879 -0.263639
    outer loop
      vertex 20.3967 8 89.8355
      vertex 20.9832 10.0267 91.24
      vertex 20.9775 9.7748 91.3101
    endloop
  endfacet
  facet normal 0.959972 -0.095323 -0.263375
    outer loop
      vertex 20.3967 8 89.8355
      vertex 20.9775 9.7748 91.3101
      vertex 20.9586 9.51456 91.3354
    endloop
  endfacet
  facet normal 0.959955 -0.0952137 -0.263479
    outer loop
      vertex 20.3967 8 89.8355
      vertex 20.9586 9.51456 91.3354
      vertex 20.9272 9.25388 91.3152
    endloop
  endfacet
  facet normal 0.959932 -0.0950287 -0.263627
    outer loop
      vertex 20.3967 8 89.8355
      vertex 20.9272 9.25388 91.3152
      vertex 20.8842 9.00067 91.2499
    endloop
  endfacet
  facet normal 0.959958 -0.0953255 -0.263426
    outer loop
      vertex 20.3967 8 89.8355
      vertex 20.8842 9.00067 91.2499
      vertex 20.8309 8.76265 91.1418
    endloop
  endfacet
  facet normal 0.959916 -0.094584 -0.263845
    outer loop
      vertex 20.3967 8 89.8355
      vertex 20.8309 8.76265 91.1418
      vertex 20.769 8.54701 90.9939
    endloop
  endfacet
  facet normal 0.959938 -0.0953558 -0.263488
    outer loop
      vertex 20.3967 8 89.8355
      vertex 20.769 8.54701 90.9939
      vertex 20.7002 8.36035 90.8108
    endloop
  endfacet
  facet normal 0.959939 -0.095529 -0.263424
    outer loop
      vertex 20.3967 8 89.8355
      vertex 20.7002 8.36035 90.8108
      vertex 20.6267 8.2083 90.5981
    endloop
  endfacet
  facet normal 0.959965 -0.094331 -0.263759
    outer loop
      vertex 20.3967 8 89.8355
      vertex 20.6267 8.2083 90.5981
      vertex 20.5508 8.0955 90.3622
    endloop
  endfacet
  facet normal 0.959967 -0.0942835 -0.263768
    outer loop
      vertex 20.3967 8 89.8355
      vertex 20.5508 8.0955 90.3622
      vertex 20.4747 8.02539 90.1103
    endloop
  endfacet
  facet normal 0.959943 -0.0951623 -0.26354
    outer loop
      vertex 20.9832 10.0267 91.24
      vertex 20.3967 8 89.8355
      vertex 19.4504 8 86.3886
    endloop
  endfacet
  facet normal 0.959943 -0.0951481 -0.263547
    outer loop
      vertex 20.9615 15.6856 89.1179
      vertex 19.4504 8 86.3886
      vertex 19.4504 18.7972 82.4905
    endloop
  endfacet
  facet normal 0.707316 -0.298743 0.640669
    outer loop
      vertex 24.9596 20.3813 58.1322
      vertex 24.9596 21.7952 58.7915
      vertex 19.4504 18.0298 63.118
    endloop
  endfacet
  facet normal 0.707316 -0.298743 0.640669
    outer loop
      vertex 24.9596 21.7952 58.7915
      vertex 19.4504 19.4437 63.7773
      vertex 19.4504 18.0298 63.118
    endloop
  endfacet
  facet normal 0.700346 0.504735 0.504735
    outer loop
      vertex 24.9596 -27.6713 60.7895
      vertex 19.4504 -24.7559 65.5184
      vertex 19.4504 -25.9823 66.7448
    endloop
  endfacet
  facet normal 0.924892 -0.218082 -0.311471
    outer loop
      vertex 21.2456 17.8249 88.8696
      vertex 19.4504 20.3691 81.7575
      vertex 19.4504 21.7899 80.7627
    endloop
  endfacet
  facet normal 0.924887 -0.218099 -0.311476
    outer loop
      vertex 19.4504 20.3691 81.7575
      vertex 21.2456 17.8249 88.8696
      vertex 21.1021 17.1471 88.9181
    endloop
  endfacet
  facet normal 0.924904 -0.218051 -0.311458
    outer loop
      vertex 21.3428 18.2839 88.8369
      vertex 21.2456 17.8249 88.8696
      vertex 19.4504 21.7899 80.7627
    endloop
  endfacet
  facet normal 0.697878 -0.444765 0.561382
    outer loop
      vertex 24.9596 23.0732 59.6864
      vertex 19.4504 21.7899 65.5184
      vertex 19.4504 20.7217 64.6721
    endloop
  endfacet
  facet normal 0.697744 0.649245 -0.302711
    outer loop
      vertex 24.9596 -31.1142 81.9411
      vertex 19.4504 -26.9771 78.1156
      vertex 24.9596 -30.3813 83.513
    endloop
  endfacet
  facet normal 0.69775 0.649224 -0.302743
    outer loop
      vertex 19.4504 -26.9771 78.1156
      vertex 24.9596 -31.1142 81.9411
      vertex 19.4504 -27.7101 76.5437
    endloop
  endfacet
  facet normal 0.721233 0.397293 0.567434
    outer loop
      vertex 24.9596 -26.5681 59.6864
      vertex 19.4504 -22.4097 63.7773
      vertex 19.4504 -23.6877 64.6721
    endloop
  endfacet
  facet normal 0.721239 0.39734 0.567394
    outer loop
      vertex 19.4504 -22.4097 63.7773
      vertex 24.9596 -26.5681 59.6864
      vertex 24.9596 -25.2902 58.7915
    endloop
  endfacet
  facet normal 0.674353 -0.522134 0.522134
    outer loop
      vertex 24.9596 23.0732 59.6864
      vertex 24.9596 24.1763 60.7895
      vertex 19.4504 21.7899 65.5184
    endloop
  endfacet
  facet normal 0.862828 -0.35744 -0.35744
    outer loop
      vertex 21.6603 19.1092 88.7779
      vertex 19.4504 21.7899 80.7627
      vertex 19.4504 23.0163 79.5363
    endloop
  endfacet
  facet normal 0.862814 -0.35747 -0.357446
    outer loop
      vertex 19.4504 21.7899 80.7627
      vertex 21.6603 19.1092 88.7779
      vertex 21.4831 18.6486 88.8108
    endloop
  endfacet
  facet normal 0.702161 -0.408377 0.583265
    outer loop
      vertex 24.9596 21.7952 58.7915
      vertex 19.4504 20.7217 64.6721
      vertex 19.4504 19.4437 63.7773
    endloop
  endfacet
  facet normal 0.702152 -0.408413 0.583251
    outer loop
      vertex 24.9596 21.7952 58.7915
      vertex 24.9596 23.0732 59.6864
      vertex 19.4504 20.7217 64.6721
    endloop
  endfacet
  facet normal 0.656866 0.617646 0.432483
    outer loop
      vertex 24.9596 -28.5661 62.0674
      vertex 24.9596 -27.6713 60.7895
      vertex 19.4504 -26.9771 68.1656
    endloop
  endfacet
  facet normal 0.745023 0.492564 -0.449801
    outer loop
      vertex 24.9596 -20.4867 94.6795
      vertex 19.4504 -25.9823 79.5363
      vertex 23.1222 -17.5136 94.8919
    endloop
  endfacet
  facet normal 0.745024 0.492563 -0.4498
    outer loop
      vertex 19.4504 -25.9823 79.5363
      vertex 24.9596 -20.4867 94.6795
      vertex 24.9596 -29.3864 84.9337
    endloop
  endfacet
  facet normal 0.5178 -0.852249 -0.0745311
    outer loop
      vertex 19.4504 25.3441 73.1406
      vertex 24.9596 28.0682 80.2658
      vertex 19.4504 25.193 74.8684
    endloop
  endfacet
  facet normal 0.468386 0.88016 0.0770229
    outer loop
      vertex 24.9596 -31.7143 78.538
      vertex 24.9596 -31.5631 76.8102
      vertex 19.4504 -28.3102 73.1406
    endloop
  endfacet
  facet normal 0.904702 0.244377 -0.348989
    outer loop
      vertex 22.6015 -16.0997 94.9929
      vertex 22.7737 -16.8096 94.9422
      vertex 19.4504 -24.7559 80.7627
    endloop
  endfacet
  facet normal 0.5178 -0.852249 -0.0745311
    outer loop
      vertex 24.9596 28.2193 78.538
      vertex 24.9596 28.0682 80.2658
      vertex 19.4504 25.3441 73.1406
    endloop
  endfacet
  facet normal 0.423026 -0.875242 0.234523
    outer loop
      vertex 24.9596 25.7305 63.4814
      vertex 19.4504 25.193 71.4128
      vertex 19.4504 24.7441 69.7375
    endloop
  endfacet
  facet normal 0.540338 -0.762623 0.355585
    outer loop
      vertex 24.9596 25.0712 62.0674
      vertex 24.9596 25.7305 63.4814
      vertex 19.4504 24.7441 69.7375
    endloop
  endfacet
  facet normal 0.944562 0.138786 -0.297559
    outer loop
      vertex 22.5022 -14.5368 95.5487
      vertex 22.5345 -15.6584 95.1281
      vertex 19.4504 -23.3351 81.7575
    endloop
  endfacet
  facet normal 0.721223 0.292745 0.627805
    outer loop
      vertex 19.4504 -22.4097 63.7773
      vertex 24.9596 -23.8763 58.1322
      vertex 19.4504 -20.9958 63.118
    endloop
  endfacet
  facet normal 0.721223 0.292745 0.627805
    outer loop
      vertex 24.9596 -23.8763 58.1322
      vertex 19.4504 -22.4097 63.7773
      vertex 24.9596 -25.2902 58.7915
    endloop
  endfacet
  facet normal 0.70035 0.50471 0.504755
    outer loop
      vertex 24.9596 -27.6713 60.7895
      vertex 24.9596 -26.5681 59.6864
      vertex 19.4504 -24.7559 65.5184
    endloop
  endfacet
  facet normal 0.589189 0.732291 0.341478
    outer loop
      vertex 24.9596 -29.2254 63.4814
      vertex 19.4504 -26.9771 68.1656
      vertex 19.4504 -27.7101 69.7375
    endloop
  endfacet
  facet normal 0.656853 0.617667 0.432471
    outer loop
      vertex 24.9596 -27.6713 60.7895
      vertex 19.4504 -25.9823 66.7448
      vertex 19.4504 -26.9771 68.1656
    endloop
  endfacet
  facet normal 0.904781 0.244203 -0.348908
    outer loop
      vertex 22.5773 -16 95
      vertex 19.4504 -23.3351 81.7575
      vertex 22.5345 -15.6584 95.1281
    endloop
  endfacet
  facet normal 0.904674 0.244445 -0.349016
    outer loop
      vertex 22.6015 -16.0997 94.9929
      vertex 19.4504 -23.3351 81.7575
      vertex 22.5773 -16 95
    endloop
  endfacet
  facet normal 0.904721 0.244337 -0.348969
    outer loop
      vertex 19.4504 -23.3351 81.7575
      vertex 22.6015 -16.0997 94.9929
      vertex 19.4504 -24.7559 80.7627
    endloop
  endfacet
  facet normal 0.603909 -0.769894 -0.206295
    outer loop
      vertex 19.4504 24.7441 76.5437
      vertex 24.9596 28.0682 80.2658
      vertex 24.9596 27.6193 81.9411
    endloop
  endfacet
  facet normal 0.603909 -0.769894 -0.206295
    outer loop
      vertex 24.9596 28.0682 80.2658
      vertex 19.4504 24.7441 76.5437
      vertex 19.4504 25.193 74.8684
    endloop
  endfacet
  facet normal 0.621094 -0.64201 0.449516
    outer loop
      vertex 24.9596 24.1763 60.7895
      vertex 19.4504 24.0111 68.1656
      vertex 19.4504 23.0163 66.7448
    endloop
  endfacet
  facet normal 0.621136 -0.641947 0.449549
    outer loop
      vertex 24.9596 24.1763 60.7895
      vertex 24.9596 25.0712 62.0674
      vertex 19.4504 24.0111 68.1656
    endloop
  endfacet
  facet normal 0.798466 0.425706 -0.425707
    outer loop
      vertex 23.1222 -17.5136 94.8919
      vertex 19.4504 -24.7559 80.7627
      vertex 23.0225 -17.3123 94.9062
    endloop
  endfacet
  facet normal 0.798465 0.425707 -0.425707
    outer loop
      vertex 19.4504 -24.7559 80.7627
      vertex 23.1222 -17.5136 94.8919
      vertex 19.4504 -25.9823 79.5363
    endloop
  endfacet
  facet normal 0.798486 0.425678 -0.425697
    outer loop
      vertex 22.7737 -16.8096 94.9422
      vertex 23.0225 -17.3123 94.9062
      vertex 19.4504 -24.7559 80.7627
    endloop
  endfacet
  facet normal 0.703346 -0.582289 -0.407729
    outer loop
      vertex 19.4504 23.0163 79.5363
      vertex 24.9596 26.8863 83.513
      vertex 24.9596 25.8915 84.9337
    endloop
  endfacet
  facet normal 0.703346 -0.582289 -0.407729
    outer loop
      vertex 24.9596 26.8863 83.513
      vertex 19.4504 23.0163 79.5363
      vertex 19.4504 24.0111 78.1156
    endloop
  endfacet
  facet normal 0.705112 -0.576799 -0.412456
    outer loop
      vertex 24.9596 23.3597 88.4743
      vertex 19.4504 23.0163 79.5363
      vertex 24.9596 25.8915 84.9337
    endloop
  endfacet
  facet normal 0.70512 -0.576785 -0.412461
    outer loop
      vertex 19.4504 23.0163 79.5363
      vertex 24.9596 23.3597 88.4743
      vertex 21.6603 19.1092 88.7779
    endloop
  endfacet
  facet normal 0.951869 -0.129468 -0.277819
    outer loop
      vertex 21.1021 17.1471 88.9181
      vertex 21.0431 16.635 88.9546
      vertex 19.4504 20.3691 81.7575
    endloop
  endfacet
  facet normal 0.579548 -0.738627 -0.344316
    outer loop
      vertex 25.914 25.39 88.3293
      vertex 25.8482 25.3366 88.3331
      vertex 24.9596 26.8863 83.513
    endloop
  endfacet
  facet normal 0.415664 0.906055 -0.0793005
    outer loop
      vertex 26 -32.1404 79.1232
      vertex 24.9596 -31.5631 80.2658
      vertex 26 -32.0161 80.5434
    endloop
  endfacet
  facet normal 0.415675 0.906051 -0.0792886
    outer loop
      vertex 24.9596 -31.5631 80.2658
      vertex 26 -32.1404 79.1232
      vertex 24.9596 -31.7143 78.538
    endloop
  endfacet
  facet normal 0.455275 -0.820007 -0.346862
    outer loop
      vertex 26 27.9494 82.5263
      vertex 26 25.8578 87.471
      vertex 24.9596 27.6193 81.9411
    endloop
  endfacet
  facet normal 0.670966 -0.191867 0.716235
    outer loop
      vertex 24.9596 20.3813 58.1322
      vertex 26 19.194 56.8395
      vertex 26 20.701 57.2432
    endloop
  endfacet
  facet normal 0.67092 -0.191934 0.716259
    outer loop
      vertex 26 19.194 56.8395
      vertex 24.9596 20.3813 58.1322
      vertex 24.9596 18.8744 57.7284
    endloop
  endfacet
  facet normal 0.580041 -0.738267 -0.344259
    outer loop
      vertex 25.914 25.39 88.3293
      vertex 26 25.8578 87.471
      vertex 26 25.4599 88.3243
    endloop
  endfacet
  facet normal 0.579944 -0.738324 -0.3443
    outer loop
      vertex 24.9596 26.8863 83.513
      vertex 26 25.8578 87.471
      vertex 25.914 25.39 88.3293
    endloop
  endfacet
  facet normal 0.579923 -0.738341 -0.344299
    outer loop
      vertex 26 25.8578 87.471
      vertex 24.9596 26.8863 83.513
      vertex 24.9596 27.6193 81.9411
    endloop
  endfacet
  facet normal 0.632817 0.634269 0.444123
    outer loop
      vertex 26 -28.9817 61.1785
      vertex 24.9596 -27.6713 60.7895
      vertex 24.9596 -28.5661 62.0674
    endloop
  endfacet
  facet normal 0.632839 0.634275 0.444083
    outer loop
      vertex 24.9596 -27.6713 60.7895
      vertex 26 -28.9817 61.1785
      vertex 26 -28.2462 60.128
    endloop
  endfacet
  facet normal 0.670682 -0.313509 0.672234
    outer loop
      vertex 24.9596 21.7952 58.7915
      vertex 26 20.701 57.2432
      vertex 26 22.1149 57.9026
    endloop
  endfacet
  facet normal 0.670719 -0.313456 0.672221
    outer loop
      vertex 26 20.701 57.2432
      vertex 24.9596 21.7952 58.7915
      vertex 24.9596 20.3813 58.1322
    endloop
  endfacet
  facet normal 0.859633 -0.418523 -0.293034
    outer loop
      vertex 25.8482 25.3366 88.3331
      vertex 25.7969 25.2257 88.341
      vertex 24.9596 26.8863 83.513
    endloop
  endfacet
  facet normal 0.5189 0.825703 0.221262
    outer loop
      vertex 26 -30.0448 64.0993
      vertex 24.9596 -29.2254 63.4814
      vertex 24.9596 -29.6292 64.9883
    endloop
  endfacet
  facet normal 0.518902 0.825703 0.221259
    outer loop
      vertex 24.9596 -29.2254 63.4814
      vertex 26 -30.0448 64.0993
      vertex 26 -29.7129 62.8607
    endloop
  endfacet
  facet normal 0.586003 0.734401 0.342426
    outer loop
      vertex 26 -29.5237 62.3407
      vertex 24.9596 -28.5661 62.0674
      vertex 24.9596 -29.2254 63.4814
    endloop
  endfacet
  facet normal 0.585978 0.734392 0.342489
    outer loop
      vertex 24.9596 -28.5661 62.0674
      vertex 26 -29.5237 62.3407
      vertex 26 -28.9817 61.1785
    endloop
  endfacet
  facet normal 0.766438 0.526124 -0.368465
    outer loop
      vertex 26 -27.6958 89.5117
      vertex 26 -27.9447 89.1563
      vertex 24.9596 -30.3813 83.513
    endloop
  endfacet
  facet normal 0.65899 -0.431428 0.616118
    outer loop
      vertex 24.9596 21.7952 58.7915
      vertex 26 23.3928 58.7974
      vertex 24.9596 23.0732 59.6864
    endloop
  endfacet
  facet normal 0.658982 -0.431422 0.616131
    outer loop
      vertex 26 23.3928 58.7974
      vertex 24.9596 21.7952 58.7915
      vertex 26 22.1149 57.9026
    endloop
  endfacet
  facet normal 0.337846 0.937617 0.0820629
    outer loop
      vertex 26 -32.0161 77.703
      vertex 24.9596 -31.7143 78.538
      vertex 26 -32.1404 79.1232
    endloop
  endfacet
  facet normal 0.337838 0.937621 0.0820513
    outer loop
      vertex 24.9596 -31.7143 78.538
      vertex 26 -32.0161 77.703
      vertex 24.9596 -31.5631 76.8102
    endloop
  endfacet
  facet normal 0.66347 0.528924 0.529194
    outer loop
      vertex 26 -28.0869 59.9005
      vertex 26 -27.8905 59.7042
      vertex 24.9596 -27.6713 60.7895
    endloop
  endfacet
  facet normal 0.595791 -0.65789 0.460667
    outer loop
      vertex 26 24.496 59.9005
      vertex 26 24.6553 60.128
      vertex 24.9596 24.1763 60.7895
    endloop
  endfacet
  facet normal 0.337882 0.93761 0.0819952
    outer loop
      vertex 26 -32.0161 77.703
      vertex 26 -31.9892 77.3954
      vertex 24.9596 -31.5631 76.8102
    endloop
  endfacet
  facet normal 0.663419 0.529068 0.529116
    outer loop
      vertex 26 -27.8905 59.7042
      vertex 24.9596 -26.5681 59.6864
      vertex 24.9596 -27.6713 60.7895
    endloop
  endfacet
  facet normal 0.663436 0.529081 0.529081
    outer loop
      vertex 24.9596 -26.5681 59.6864
      vertex 26 -27.8905 59.7042
      vertex 26 -26.9837 58.7974
    endloop
  endfacet
  facet normal 0.659742 -0.065513 0.748631
    outer loop
      vertex 24.9596 18.8744 57.7284
      vertex 26 17.6399 56.7035
      vertex 26 19.194 56.8395
    endloop
  endfacet
  facet normal 0.65978 -0.0654582 0.748603
    outer loop
      vertex 26 17.6399 56.7035
      vertex 24.9596 18.8744 57.7284
      vertex 24.9596 17.3202 57.5925
    endloop
  endfacet
  facet normal 0.469832 0.871176 0.142512
    outer loop
      vertex 26 -31.6345 73.8167
      vertex 24.9596 -29.6292 64.9883
      vertex 24.9596 -31.5631 76.8102
    endloop
  endfacet
  facet normal 0.469792 0.871197 0.142522
    outer loop
      vertex 24.9596 -29.6292 64.9883
      vertex 26 -31.6345 73.8167
      vertex 26 -30.0448 64.0993
    endloop
  endfacet
  facet normal 0.403654 -0.902909 0.147711
    outer loop
      vertex 24.9596 26.1342 64.9883
      vertex 26 28.0436 73.8167
      vertex 24.9596 28.0682 76.8102
    endloop
  endfacet
  facet normal 0.403664 -0.902905 0.147709
    outer loop
      vertex 26 28.0436 73.8167
      vertex 24.9596 26.1342 64.9883
      vertex 26 26.4539 64.0993
    endloop
  endfacet
  facet normal 0.663167 0.0652021 0.745626
    outer loop
      vertex 24.9596 -22.3693 57.7284
      vertex 26 -21.2308 56.7035
      vertex 24.9596 -20.8152 57.5925
    endloop
  endfacet
  facet normal 0.663136 0.0652521 0.745649
    outer loop
      vertex 26 -21.2308 56.7035
      vertex 24.9596 -22.3693 57.7284
      vertex 26 -22.7849 56.8395
    endloop
  endfacet
  facet normal 0.86674 -0.405706 -0.290111
    outer loop
      vertex 24.9596 25.8915 84.9337
      vertex 25.5825 24.7621 88.3741
      vertex 24.9596 23.3597 88.4743
    endloop
  endfacet
  facet normal 0.686161 0.307499 0.659263
    outer loop
      vertex 26 -24.5436 57.3606
      vertex 26 -24.2919 57.2432
      vertex 24.9596 -23.8763 58.1322
    endloop
  endfacet
  facet normal 0.649623 0 0.760256
    outer loop
      vertex 24.9596 17.3202 57.5925
      vertex 26 8 56.7035
      vertex 26 17.6399 56.7035
    endloop
  endfacet
  facet normal 0.649623 0 0.760256
    outer loop
      vertex 26 8 56.7035
      vertex 24.9596 17.3202 57.5925
      vertex 24.9596 8 57.5925
    endloop
  endfacet
  facet normal 0.649623 -0 0.760256
    outer loop
      vertex 24.9596 -20.8152 57.5925
      vertex 26 -8 56.7035
      vertex 24.9596 -8 57.5925
    endloop
  endfacet
  facet normal 0.649623 0 0.760256
    outer loop
      vertex 26 -8 56.7035
      vertex 24.9596 -20.8152 57.5925
      vertex 26 -21.2308 56.7035
    endloop
  endfacet
  facet normal 0.680486 0.189653 0.707793
    outer loop
      vertex 24.9596 -23.8763 58.1322
      vertex 26 -22.7849 56.8395
      vertex 24.9596 -22.3693 57.7284
    endloop
  endfacet
  facet normal 0.680518 0.189601 0.707776
    outer loop
      vertex 26 -22.7849 56.8395
      vertex 24.9596 -23.8763 58.1322
      vertex 26 -24.2919 57.2432
    endloop
  endfacet
  facet normal 0.258078 -0.962445 0.0842359
    outer loop
      vertex 24.9596 28.2193 78.538
      vertex 26 28.4252 77.703
      vertex 26 28.5495 79.1232
    endloop
  endfacet
  facet normal 0.258029 -0.962464 0.0841696
    outer loop
      vertex 26 28.4252 77.703
      vertex 24.9596 28.2193 78.538
      vertex 24.9596 28.0682 76.8102
    endloop
  endfacet
  facet normal 0.68615 0.307433 0.659305
    outer loop
      vertex 24.9596 -25.2902 58.7915
      vertex 26 -24.5436 57.3606
      vertex 24.9596 -23.8763 58.1322
    endloop
  endfacet
  facet normal 0.686127 0.307474 0.65931
    outer loop
      vertex 26 -24.5436 57.3606
      vertex 24.9596 -25.2902 58.7915
      vertex 26 -25.7058 57.9026
    endloop
  endfacet
  facet normal 0.859662 -0.418472 -0.293022
    outer loop
      vertex 25.7969 25.2257 88.341
      vertex 24.9596 25.8915 84.9337
      vertex 24.9596 26.8863 83.513
    endloop
  endfacet
  facet normal 0.859656 -0.418484 -0.293023
    outer loop
      vertex 24.9596 25.8915 84.9337
      vertex 25.7969 25.2257 88.341
      vertex 25.5825 24.7621 88.3741
    endloop
  endfacet
  facet normal 0.535085 0.735221 -0.416094
    outer loop
      vertex 26 -27.9447 89.1563
      vertex 26 -30.8073 84.0982
      vertex 24.9596 -30.3813 83.513
    endloop
  endfacet
  facet normal 0.595734 -0.657903 0.460722
    outer loop
      vertex 24.9596 24.1763 60.7895
      vertex 26 25.3908 61.1785
      vertex 24.9596 25.0712 62.0674
    endloop
  endfacet
  facet normal 0.595784 -0.657918 0.460636
    outer loop
      vertex 26 25.3908 61.1785
      vertex 24.9596 24.1763 60.7895
      vertex 26 24.6553 60.128
    endloop
  endfacet
  facet normal 0.342952 -0.935775 -0.0819018
    outer loop
      vertex 24.9596 28.0682 80.2658
      vertex 26 28.5495 79.1232
      vertex 26 28.4252 80.5434
    endloop
  endfacet
  facet normal 0.343018 -0.935757 -0.0818341
    outer loop
      vertex 26 28.5495 79.1232
      vertex 24.9596 28.0682 80.2658
      vertex 24.9596 28.2193 78.538
    endloop
  endfacet
  facet normal 0.251867 -0.963043 0.0954513
    outer loop
      vertex 26 28.0436 73.8167
      vertex 26 28.3983 77.3954
      vertex 24.9596 28.0682 76.8102
    endloop
  endfacet
  facet normal 0.258029 -0.962464 0.0841686
    outer loop
      vertex 26 28.3983 77.3954
      vertex 26 28.4252 77.703
      vertex 24.9596 28.0682 76.8102
    endloop
  endfacet
  facet normal 0.680644 0.420243 0.6001
    outer loop
      vertex 26 -26.9837 58.7974
      vertex 24.9596 -25.2902 58.7915
      vertex 24.9596 -26.5681 59.6864
    endloop
  endfacet
  facet normal 0.680616 0.420227 0.600143
    outer loop
      vertex 24.9596 -25.2902 58.7915
      vertex 26 -26.9837 58.7974
      vertex 26 -25.7058 57.9026
    endloop
  endfacet
  facet normal 0.342939 -0.935786 -0.0818357
    outer loop
      vertex 26 28.4252 80.5434
      vertex 26 28.3983 80.851
      vertex 24.9596 28.0682 80.2658
    endloop
  endfacet
  facet normal 0.518907 0.825696 0.221273
    outer loop
      vertex 26 -29.7129 62.8607
      vertex 26 -29.641 62.5924
      vertex 24.9596 -29.2254 63.4814
    endloop
  endfacet
  facet normal 0.332097 0.938646 0.0930331
    outer loop
      vertex 26 -31.9892 77.3954
      vertex 26 -31.6345 73.8167
      vertex 24.9596 -31.5631 76.8102
    endloop
  endfacet
  facet normal 0.45991 -0.857719 0.229784
    outer loop
      vertex 24.9596 25.7305 63.4814
      vertex 26 26.4539 64.0993
      vertex 24.9596 26.1342 64.9883
    endloop
  endfacet
  facet normal 0.459878 -0.857721 0.229841
    outer loop
      vertex 26 26.4539 64.0993
      vertex 24.9596 25.7305 63.4814
      vertex 26 26.0501 62.5924
    endloop
  endfacet
  facet normal 0.538758 -0.763541 0.356013
    outer loop
      vertex 24.9596 25.0712 62.0674
      vertex 26 26.0501 62.5924
      vertex 24.9596 25.7305 63.4814
    endloop
  endfacet
  facet normal 0.538744 -0.763539 0.356038
    outer loop
      vertex 26 26.0501 62.5924
      vertex 24.9596 25.0712 62.0674
      vertex 26 25.3908 61.1785
    endloop
  endfacet
  facet normal 0.411919 -0.880171 -0.235844
    outer loop
      vertex 24.9596 27.6193 81.9411
      vertex 26 28.3983 80.851
      vertex 26 27.9494 82.5263
    endloop
  endfacet
  facet normal 0.411919 -0.880171 -0.235844
    outer loop
      vertex 26 28.3983 80.851
      vertex 24.9596 27.6193 81.9411
      vertex 24.9596 28.0682 80.2658
    endloop
  endfacet
  facet normal 0.634814 -0.546218 0.546496
    outer loop
      vertex 26 24.2996 59.7042
      vertex 26 24.496 59.9005
      vertex 24.9596 24.1763 60.7895
    endloop
  endfacet
  facet normal 0.520018 0.774126 -0.360986
    outer loop
      vertex 26 -31.5403 82.5263
      vertex 24.9596 -30.3813 83.513
      vertex 26 -30.8073 84.0982
    endloop
  endfacet
  facet normal 0.520061 0.774121 -0.360935
    outer loop
      vertex 24.9596 -30.3813 83.513
      vertex 26 -31.5403 82.5263
      vertex 24.9596 -31.1142 81.9411
    endloop
  endfacet
  facet normal 0.634737 -0.546401 0.546401
    outer loop
      vertex 24.9596 23.0732 59.6864
      vertex 26 24.2996 59.7042
      vertex 24.9596 24.1763 60.7895
    endloop
  endfacet
  facet normal 0.634737 -0.546401 0.546401
    outer loop
      vertex 26 24.2996 59.7042
      vertex 24.9596 23.0732 59.6864
      vertex 26 23.3928 58.7974
    endloop
  endfacet
  facet normal 0.475952 0.849503 -0.227626
    outer loop
      vertex 26 -31.9892 80.851
      vertex 24.9596 -31.1142 81.9411
      vertex 26 -31.5403 82.5263
    endloop
  endfacet
  facet normal 0.475952 0.849503 -0.227626
    outer loop
      vertex 24.9596 -31.1142 81.9411
      vertex 26 -31.9892 80.851
      vertex 24.9596 -31.5631 80.2658
    endloop
  endfacet
  facet normal 0.415652 0.906066 -0.0792366
    outer loop
      vertex 26 -31.9892 80.851
      vertex 26 -32.0161 80.5434
      vertex 24.9596 -31.5631 80.2658
    endloop
  endfacet
  facet normal 0.632844 0.634249 0.444114
    outer loop
      vertex 26 -28.2462 60.128
      vertex 26 -28.0869 59.9005
      vertex 24.9596 -27.6713 60.7895
    endloop
  endfacet
  facet normal 0.889226 0.33781 -0.308482
    outer loop
      vertex 26 -26.8781 90.6795
      vertex 24.9596 -20.4867 94.6795
      vertex 26 -23.4165 94.4702
    endloop
  endfacet
  facet normal 0.889226 0.33781 -0.308483
    outer loop
      vertex 24.9596 -20.4867 94.6795
      vertex 26 -26.8781 90.6795
      vertex 24.9596 -29.3864 84.9337
    endloop
  endfacet
  facet normal 0.766317 0.526275 -0.368501
    outer loop
      vertex 26 -27.6958 89.5117
      vertex 24.9596 -29.3864 84.9337
      vertex 26 -26.8781 90.6795
    endloop
  endfacet
  facet normal 0.766384 0.526189 -0.368484
    outer loop
      vertex 24.9596 -29.3864 84.9337
      vertex 26 -27.6958 89.5117
      vertex 24.9596 -30.3813 83.513
    endloop
  endfacet
  facet normal 0.585913 0.734526 0.342312
    outer loop
      vertex 26 -29.641 62.5924
      vertex 26 -29.5237 62.3407
      vertex 24.9596 -29.2254 63.4814
    endloop
  endfacet
  facet normal 1 -0 0
    outer loop
      vertex 26 -25.1673 94.3452
      vertex 26 -26.8781 90.6795
      vertex 26 -23.4165 94.4702
    endloop
  endfacet
  facet normal 1 0 0
    outer loop
      vertex 26 -26.1726 94.4895
      vertex 26 -26.8781 90.6795
      vertex 26 -25.1673 94.3452
    endloop
  endfacet
  facet normal 1 -0 0
    outer loop
      vertex 26 -28.4485 91.9973
      vertex 26 -26.8781 90.6795
      vertex 26 -26.1726 94.4895
    endloop
  endfacet
  facet normal 1 -0 0
    outer loop
      vertex 26 -28.7338 91.5898
      vertex 26 -26.8781 90.6795
      vertex 26 -28.4485 91.9973
    endloop
  endfacet
  facet normal 1 0 0
    outer loop
      vertex 26 -26.8781 90.6795
      vertex 26 -28.7338 91.5898
      vertex 26 -27.6958 89.5117
    endloop
  endfacet
  facet normal 1 -0 0
    outer loop
      vertex 26 -29.72 90.1813
      vertex 26 -27.6958 89.5117
      vertex 26 -28.7338 91.5898
    endloop
  endfacet
  facet normal 1 0 0
    outer loop
      vertex 26 -27.6958 89.5117
      vertex 26 -29.72 90.1813
      vertex 26 -27.9447 89.1563
    endloop
  endfacet
  facet normal 1 0 0
    outer loop
      vertex 26 -31.0072 87.0949
      vertex 26 -27.9447 89.1563
      vertex 26 -29.72 90.1813
    endloop
  endfacet
  facet normal 1 0 0
    outer loop
      vertex 26 -27.9447 89.1563
      vertex 26 -31.0072 87.0949
      vertex 26 -30.8073 84.0982
    endloop
  endfacet
  facet normal 1 0 -0
    outer loop
      vertex 26 -31.0072 87.0949
      vertex 26 -29.72 90.1813
      vertex 26 -31.44 87.1423
    endloop
  endfacet
  facet normal 1 -0 0
    outer loop
      vertex 26 -32.2363 84.9232
      vertex 26 -30.8073 84.0982
      vertex 26 -31.0072 87.0949
    endloop
  endfacet
  facet normal 1 0 0
    outer loop
      vertex 26 -30.8073 84.0982
      vertex 26 -32.2363 84.9232
      vertex 26 -31.5403 82.5263
    endloop
  endfacet
  facet normal 1 0 0
    outer loop
      vertex 26 -31.5403 82.5263
      vertex 26 -33.184 82.7429
      vertex 26 -31.9892 80.851
    endloop
  endfacet
  facet normal 1 -0 0
    outer loop
      vertex 26 -33.184 82.7429
      vertex 26 -31.5403 82.5263
      vertex 26 -33.0908 83.0906
    endloop
  endfacet
  facet normal 1 -0 0
    outer loop
      vertex 26 -33.0908 83.0906
      vertex 26 -31.5403 82.5263
      vertex 26 -32.2363 84.9232
    endloop
  endfacet
  facet normal 1 -0 0
    outer loop
      vertex 26 -21.2308 56.7035
      vertex 26 -8 56.3035
      vertex 26 -8 56.7035
    endloop
  endfacet
  facet normal 1 0 0
    outer loop
      vertex 26 -21.2308 55.0535
      vertex 26 -8 56.3035
      vertex 26 -21.2308 56.7035
    endloop
  endfacet
  facet normal 1 0 0
    outer loop
      vertex 26 -8 56.3035
      vertex 26 -21.2308 55.0535
      vertex 26 -8 55.0535
    endloop
  endfacet
  facet normal 1 0 0
    outer loop
      vertex 26 -21.2308 56.7035
      vertex 26 -21.5585 55.0822
      vertex 26 -21.2308 55.0535
    endloop
  endfacet
  facet normal 1 0 0
    outer loop
      vertex 26 -22.7849 56.8395
      vertex 26 -21.5585 55.0822
      vertex 26 -21.2308 56.7035
    endloop
  endfacet
  facet normal 1 0 0
    outer loop
      vertex 26 -22.7849 56.8395
      vertex 26 -23.0715 55.2145
      vertex 26 -21.5585 55.0822
    endloop
  endfacet
  facet normal 1 0 0
    outer loop
      vertex 26 -24.5385 55.6076
      vertex 26 -22.7849 56.8395
      vertex 26 -24.2919 57.2432
    endloop
  endfacet
  facet normal 1 0 0
    outer loop
      vertex 26 -22.7849 56.8395
      vertex 26 -24.5385 55.6076
      vertex 26 -23.0715 55.2145
    endloop
  endfacet
  facet normal 1 0 0
    outer loop
      vertex 26 -24.8562 55.6928
      vertex 26 -24.2919 57.2432
      vertex 26 -24.5436 57.3606
    endloop
  endfacet
  facet normal 1 0 0
    outer loop
      vertex 26 -24.2919 57.2432
      vertex 26 -24.8562 55.6928
      vertex 26 -24.5385 55.6076
    endloop
  endfacet
  facet normal 1 0 0
    outer loop
      vertex 26 -26.5308 56.4736
      vertex 26 -24.5436 57.3606
      vertex 26 -25.7058 57.9026
    endloop
  endfacet
  facet normal 1 0 0
    outer loop
      vertex 26 -24.5436 57.3606
      vertex 26 -26.5308 56.4736
      vertex 26 -24.8562 55.6928
    endloop
  endfacet
  facet normal 1 0 0
    outer loop
      vertex 26 -25.7058 57.9026
      vertex 26 -26.8002 56.6623
      vertex 26 -26.5308 56.4736
    endloop
  endfacet
  facet normal 1 0 0
    outer loop
      vertex 26 -26.9837 58.7974
      vertex 26 -26.8002 56.6623
      vertex 26 -25.7058 57.9026
    endloop
  endfacet
  facet normal 1 0 0
    outer loop
      vertex 26 -29.1183 58.6074
      vertex 26 -26.9837 58.7974
      vertex 26 -27.8905 59.7042
    endloop
  endfacet
  facet normal 1 0 0
    outer loop
      vertex 26 -26.9837 58.7974
      vertex 26 -28.0443 57.5334
      vertex 26 -26.8002 56.6623
    endloop
  endfacet
  facet normal 1 0 0
    outer loop
      vertex 26 -29.1183 58.6074
      vertex 26 -27.8905 59.7042
      vertex 26 -28.0869 59.9005
    endloop
  endfacet
  facet normal 1 0 0
    outer loop
      vertex 26 -29.3509 58.8399
      vertex 26 -28.0869 59.9005
      vertex 26 -28.2462 60.128
    endloop
  endfacet
  facet normal 1 -0 0
    outer loop
      vertex 26 -30.4107 60.3535
      vertex 26 -28.2462 60.128
      vertex 26 -28.9817 61.1785
    endloop
  endfacet
  facet normal 1 0 0
    outer loop
      vertex 26 -26.9837 58.7974
      vertex 26 -29.1183 58.6074
      vertex 26 -28.0443 57.5334
    endloop
  endfacet
  facet normal 1 0 0
    outer loop
      vertex 26 -28.0869 59.9005
      vertex 26 -29.3509 58.8399
      vertex 26 -29.1183 58.6074
    endloop
  endfacet
  facet normal 1 0 0
    outer loop
      vertex 26 -30.5497 60.6516
      vertex 26 -28.9817 61.1785
      vertex 26 -29.5237 62.3407
    endloop
  endfacet
  facet normal 1 0 0
    outer loop
      vertex 26 -31.1915 62.0281
      vertex 26 -29.5237 62.3407
      vertex 26 -29.641 62.5924
    endloop
  endfacet
  facet normal 1 0 0
    outer loop
      vertex 26 -31.1915 62.0281
      vertex 26 -29.641 62.5924
      vertex 26 -29.7129 62.8607
    endloop
  endfacet
  facet normal 1 -0 0
    outer loop
      vertex 26 -31.5846 63.4951
      vertex 26 -29.7129 62.8607
      vertex 26 -30.0448 64.0993
    endloop
  endfacet
  facet normal 1 0 0
    outer loop
      vertex 26 -28.2462 60.128
      vertex 26 -30.4107 60.3535
      vertex 26 -29.3509 58.8399
    endloop
  endfacet
  facet normal 1 0 0
    outer loop
      vertex 26 -28.9817 61.1785
      vertex 26 -30.5497 60.6516
      vertex 26 -30.4107 60.3535
    endloop
  endfacet
  facet normal 1 0 0
    outer loop
      vertex 26 -29.5237 62.3407
      vertex 26 -31.1915 62.0281
      vertex 26 -30.5497 60.6516
    endloop
  endfacet
  facet normal 1 0 0
    outer loop
      vertex 26 -29.7129 62.8607
      vertex 26 -31.5846 63.4951
      vertex 26 -31.1915 62.0281
    endloop
  endfacet
  facet normal 1 -0 0
    outer loop
      vertex 26 -32.8204 70.8465
      vertex 26 -30.0448 64.0993
      vertex 26 -31.6345 73.8167
    endloop
  endfacet
  facet normal 1 0 0
    outer loop
      vertex 26 -30.0448 64.0993
      vertex 26 -31.6697 63.8128
      vertex 26 -31.5846 63.4951
    endloop
  endfacet
  facet normal 1 -0 0
    outer loop
      vertex 26 -34.0081 77.0394
      vertex 26 -31.6345 73.8167
      vertex 26 -31.9892 77.3954
    endloop
  endfacet
  facet normal 1 0 0
    outer loop
      vertex 26 -33.6986 78.074
      vertex 26 -31.9892 77.3954
      vertex 26 -32.0161 77.703
    endloop
  endfacet
  facet normal 1 -0 0
    outer loop
      vertex 26 -33.6986 78.074
      vertex 26 -32.0161 77.703
      vertex 26 -32.1404 79.1232
    endloop
  endfacet
  facet normal 1 0 0
    outer loop
      vertex 26 -30.0448 64.0993
      vertex 26 -32.8204 70.8465
      vertex 26 -31.6697 63.8128
    endloop
  endfacet
  facet normal 1 -0 0
    outer loop
      vertex 26 -33.6142 81.1375
      vertex 26 -31.9892 80.851
      vertex 26 -33.184 82.7429
    endloop
  endfacet
  facet normal 1 0 0
    outer loop
      vertex 26 -31.9892 80.851
      vertex 26 -33.6142 81.1375
      vertex 26 -32.0161 80.5434
    endloop
  endfacet
  facet normal 1 0 0
    outer loop
      vertex 26 -33.759 79.4818
      vertex 26 -32.0161 80.5434
      vertex 26 -33.6142 81.1375
    endloop
  endfacet
  facet normal 1 0 0
    outer loop
      vertex 26 -31.9892 77.3954
      vertex 26 -33.6986 78.074
      vertex 26 -34.0081 77.0394
    endloop
  endfacet
  facet normal 1 0 0
    outer loop
      vertex 26 -32.0161 80.5434
      vertex 26 -33.759 79.4818
      vertex 26 -32.1404 79.1232
    endloop
  endfacet
  facet normal 1 0 0
    outer loop
      vertex 26 -31.6345 73.8167
      vertex 26 -33.6533 73.4607
      vertex 26 -32.8204 70.8465
    endloop
  endfacet
  facet normal 1 0 0
    outer loop
      vertex 26 -32.8204 70.8465
      vertex 26 -33.6533 73.4607
      vertex 26 -33.1991 70.6841
    endloop
  endfacet
  facet normal 1 0 0
    outer loop
      vertex 26 -33.7904 79.1232
      vertex 26 -32.1404 79.1232
      vertex 26 -33.759 79.4818
    endloop
  endfacet
  facet normal 1 0 0
    outer loop
      vertex 26 -32.1404 79.1232
      vertex 26 -33.759 78.7646
      vertex 26 -33.6986 78.074
    endloop
  endfacet
  facet normal 1 0 0
    outer loop
      vertex 26 -32.1404 79.1232
      vertex 26 -33.7904 79.1232
      vertex 26 -33.759 78.7646
    endloop
  endfacet
  facet normal 1 0 0
    outer loop
      vertex 26 -31.6345 73.8167
      vertex 26 -34.0081 77.0394
      vertex 26 -33.6533 73.4607
    endloop
  endfacet
  facet normal 1 0 -0
    outer loop
      vertex 26 -34.0081 77.0394
      vertex 26 -33.6986 78.074
      vertex 26 -34.0841 77.9088
    endloop
  endfacet
  facet normal 0 0.996198 0.0871148
    outer loop
      vertex 22.0205 -8 95.8355
      vertex 21.6211 -8.02278 96.096
      vertex 22.0942 -8.02278 96.096
    endloop
  endfacet
  facet normal 0 0.996198 0.0871148
    outer loop
      vertex 21.6211 -8.02278 96.096
      vertex 22.0205 -8 95.8355
      vertex 21.5475 -8 95.8355
    endloop
  endfacet
  facet normal 0 0.965914 0.258865
    outer loop
      vertex 22.0942 -8.02278 96.096
      vertex 21.6962 -8.09045 96.3485
      vertex 22.1693 -8.09045 96.3485
    endloop
  endfacet
  facet normal 0 0.965914 0.258865
    outer loop
      vertex 21.6962 -8.09045 96.3485
      vertex 22.0942 -8.02278 96.096
      vertex 21.6211 -8.02278 96.096
    endloop
  endfacet
  facet normal 0 0.906315 0.422603
    outer loop
      vertex 22.1693 -8.09045 96.3485
      vertex 21.7705 -8.20096 96.5855
      vertex 22.2436 -8.20096 96.5855
    endloop
  endfacet
  facet normal 0 0.906315 0.422603
    outer loop
      vertex 21.7705 -8.20096 96.5855
      vertex 22.1693 -8.09045 96.3485
      vertex 21.6962 -8.09045 96.3485
    endloop
  endfacet
  facet normal 0 0.81916 0.573565
    outer loop
      vertex 22.2436 -8.20096 96.5855
      vertex 21.8417 -8.35094 96.7997
      vertex 22.3147 -8.35094 96.7997
    endloop
  endfacet
  facet normal 0 0.81916 0.573565
    outer loop
      vertex 21.8417 -8.35094 96.7997
      vertex 22.2436 -8.20096 96.5855
      vertex 21.7705 -8.20096 96.5855
    endloop
  endfacet
  facet normal 0 0.707164 0.707049
    outer loop
      vertex 22.3147 -8.35094 96.7997
      vertex 21.9075 -8.53581 96.9846
      vertex 22.3806 -8.53581 96.9846
    endloop
  endfacet
  facet normal 0 0.707164 0.707049
    outer loop
      vertex 21.9075 -8.53581 96.9846
      vertex 22.3147 -8.35094 96.7997
      vertex 21.8417 -8.35094 96.7997
    endloop
  endfacet
  facet normal 0 0.573378 0.819291
    outer loop
      vertex 22.3806 -8.53581 96.9846
      vertex 21.9662 -8.75 97.1345
      vertex 22.4393 -8.75 97.1345
    endloop
  endfacet
  facet normal 0 0.573378 0.819291
    outer loop
      vertex 21.9662 -8.75 97.1345
      vertex 22.3806 -8.53581 96.9846
      vertex 21.9075 -8.53581 96.9846
    endloop
  endfacet
  facet normal 0 0.422615 0.906309
    outer loop
      vertex 22.4393 -8.75 97.1345
      vertex 22.0158 -8.98697 97.245
      vertex 22.4888 -8.98697 97.245
    endloop
  endfacet
  facet normal 0 0.422615 0.906309
    outer loop
      vertex 22.0158 -8.98697 97.245
      vertex 22.4393 -8.75 97.1345
      vertex 21.9662 -8.75 97.1345
    endloop
  endfacet
  facet normal 0 0.258915 0.9659
    outer loop
      vertex 22.4888 -8.98697 97.245
      vertex 22.0548 -9.23953 97.3127
      vertex 22.5279 -9.23953 97.3127
    endloop
  endfacet
  facet normal 0 0.258915 0.9659
    outer loop
      vertex 22.0548 -9.23953 97.3127
      vertex 22.4888 -8.98697 97.245
      vertex 22.0158 -8.98697 97.245
    endloop
  endfacet
  facet normal 0 0.0872006 0.996191
    outer loop
      vertex 22.5279 -9.23953 97.3127
      vertex 22.0821 -9.5 97.3355
      vertex 22.5552 -9.5 97.3355
    endloop
  endfacet
  facet normal 0 0.0872006 0.996191
    outer loop
      vertex 22.0821 -9.5 97.3355
      vertex 22.5279 -9.23953 97.3127
      vertex 22.0548 -9.23953 97.3127
    endloop
  endfacet
  facet normal 0 -0.0872006 0.996191
    outer loop
      vertex 22.5552 -9.5 97.3355
      vertex 22.0968 -9.76047 97.3127
      vertex 22.5699 -9.76047 97.3127
    endloop
  endfacet
  facet normal 0 -0.0872006 0.996191
    outer loop
      vertex 22.0968 -9.76047 97.3127
      vertex 22.5552 -9.5 97.3355
      vertex 22.0821 -9.5 97.3355
    endloop
  endfacet
  facet normal 0 -0.263427 0.964679
    outer loop
      vertex 22.5699 -9.76047 97.3127
      vertex 22.0982 -10.0267 97.24
      vertex 22.5713 -10.0267 97.24
    endloop
  endfacet
  facet normal 0 -0.263427 0.964679
    outer loop
      vertex 22.0982 -10.0267 97.24
      vertex 22.5699 -9.76047 97.3127
      vertex 22.0968 -9.76047 97.3127
    endloop
  endfacet
  facet normal 0 -0.351137 0.936324
    outer loop
      vertex 22.5713 -10.0267 97.24
      vertex 22.0982 -10.0267 97.24
      vertex 22.4835 -13.8844 95.7933
    endloop
  endfacet
  facet normal -0.000157513 -0.351064 0.936351
    outer loop
      vertex 21.967 -15.7904 95.0786
      vertex 22.5022 -14.5368 95.5487
      vertex 22.4835 -13.8844 95.7933
    endloop
  endfacet
  facet normal 0.000107135 -0.351127 0.936328
    outer loop
      vertex 21.967 -15.7904 95.0786
      vertex 22.4835 -13.8844 95.7933
      vertex 22.0982 -10.0267 97.24
    endloop
  endfacet
  facet normal -1.23994e-14 -0.351123 0.936329
    outer loop
      vertex 21.967 -15.7904 95.0786
      vertex 22.5773 -16 95
      vertex 22.5345 -15.6584 95.1281
    endloop
  endfacet
  facet normal -1.63854e-14 -0.351123 0.936329
    outer loop
      vertex 22.5022 -14.5368 95.5487
      vertex 21.967 -15.7904 95.0786
      vertex 22.5345 -15.6584 95.1281
    endloop
  endfacet
  facet normal 0 -0.351123 0.936329
    outer loop
      vertex 22.5773 -16 95
      vertex 21.967 -15.7904 95.0786
      vertex 21.973 -16 95
    endloop
  endfacet
  facet normal 0 -0.0712147 0.997461
    outer loop
      vertex 26 -23.4165 94.4702
      vertex 25.7736 -25.1673 94.3452
      vertex 26 -25.1673 94.3452
    endloop
  endfacet
  facet normal 1.89915e-05 -0.07125 0.997458
    outer loop
      vertex 24.9596 -22.875 94.5089
      vertex 26 -23.4165 94.4702
      vertex 24.9596 -20.4867 94.6795
    endloop
  endfacet
  facet normal 3.51243e-05 -0.0712192 0.997461
    outer loop
      vertex 26 -23.4165 94.4702
      vertex 24.9596 -22.875 94.5089
      vertex 25.7736 -25.1673 94.3452
    endloop
  endfacet
  facet normal 1.14333e-06 -0.0712583 0.997458
    outer loop
      vertex 22.8357 -19.4383 94.7544
      vertex 24.9596 -20.4867 94.6795
      vertex 23.1222 -17.5136 94.8919
    endloop
  endfacet
  facet normal 9.35535e-06 -0.0708551 0.997487
    outer loop
      vertex 22.1517 -17.4363 94.8974
      vertex 23.1222 -17.5136 94.8919
      vertex 23.0225 -17.3123 94.9062
    endloop
  endfacet
  facet normal 5.23652e-06 -0.07125 0.997458
    outer loop
      vertex 24.9596 -20.4867 94.6795
      vertex 22.8357 -19.4383 94.7544
      vertex 24.9596 -22.875 94.5089
    endloop
  endfacet
  facet normal 8.56533e-05 -0.0713882 0.997449
    outer loop
      vertex 22.1517 -17.4363 94.8974
      vertex 23.0225 -17.3123 94.9062
      vertex 22.7737 -16.8096 94.9422
    endloop
  endfacet
  facet normal -1.75507e-05 -0.0712413 0.997459
    outer loop
      vertex 22.043 -16.563 94.9598
      vertex 22.7737 -16.8096 94.9422
      vertex 22.6015 -16.0997 94.9929
    endloop
  endfacet
  facet normal 0 -0.0710337 0.997474
    outer loop
      vertex 21.973 -16 95
      vertex 22.6015 -16.0997 94.9929
      vertex 22.5773 -16 95
    endloop
  endfacet
  facet normal -8.43716e-05 -0.0712533 0.997458
    outer loop
      vertex 23.1222 -17.5136 94.8919
      vertex 22.325 -18.151 94.8463
      vertex 22.4466 -18.6523 94.8105
    endloop
  endfacet
  facet normal -0.000101713 -0.071243 0.997459
    outer loop
      vertex 23.1222 -17.5136 94.8919
      vertex 22.4466 -18.6523 94.8105
      vertex 22.8357 -19.4383 94.7544
    endloop
  endfacet
  facet normal -2.81249e-05 -0.0713233 0.997453
    outer loop
      vertex 23.1222 -17.5136 94.8919
      vertex 22.1517 -17.4363 94.8974
      vertex 22.325 -18.151 94.8463
    endloop
  endfacet
  facet normal -2.89782e-05 -0.071275 0.997457
    outer loop
      vertex 22.7737 -16.8096 94.9422
      vertex 22.043 -16.563 94.9598
      vertex 22.1517 -17.4363 94.8974
    endloop
  endfacet
  facet normal -3.05967e-05 -0.0712257 0.99746
    outer loop
      vertex 22.6015 -16.0997 94.9929
      vertex 21.973 -16 95
      vertex 22.043 -16.563 94.9598
    endloop
  endfacet
  facet normal -0.933216 0.29425 0.206215
    outer loop
      vertex 9.4405 16.0849 70.393
      vertex 9.46633 16.2355 70.295
      vertex 9.45238 16.2106 70.2674
    endloop
  endfacet
  facet normal -0.933324 0.294095 0.205949
    outer loop
      vertex 9.4405 15.8349 70.75
      vertex 9.46633 16.2355 70.295
      vertex 9.4405 16.0849 70.393
    endloop
  endfacet
  facet normal -0.933356 0.294033 0.205893
    outer loop
      vertex 9.46633 16.2355 70.295
      vertex 9.4405 15.8349 70.75
      vertex 9.46633 15.6716 71.1003
    endloop
  endfacet
  facet normal -0.926063 0.341993 0.159527
    outer loop
      vertex 9.46633 16.2814 70.1966
      vertex 9.45238 16.2106 70.2674
      vertex 9.46633 16.2355 70.295
    endloop
  endfacet
  facet normal -0.871324 -0.401959 0.281466
    outer loop
      vertex 14.2842 -23.8841 77.227
      vertex 13.9318 -22.5075 78.102
      vertex 13.62 -23.0141 76.4133
    endloop
  endfacet
  facet normal -0.871339 -0.401946 0.281439
    outer loop
      vertex 13.9318 -22.5075 78.102
      vertex 14.2842 -23.8841 77.227
      vertex 14.2842 -22.8969 78.6369
    endloop
  endfacet
  facet normal -0.871333 -0.401959 0.281438
    outer loop
      vertex 12.5015 -21.549 75.0431
      vertex 11.7547 -20.1019 74.7978
      vertex 12.0881 -21.0075 74.5366
    endloop
  endfacet
  facet normal -0.871317 -0.401936 0.281522
    outer loop
      vertex 11.7547 -20.1019 74.7978
      vertex 12.5015 -21.549 75.0431
      vertex 12.7294 -21.1788 76.277
    endloop
  endfacet
  facet normal -0.881287 -0.334165 0.334165
    outer loop
      vertex 14.2842 -22.0851 79.5099
      vertex 14.1549 -22.2312 79.0228
      vertex 14.2842 -22.3597 79.2353
    endloop
  endfacet
  facet normal -0.881157 -0.334346 0.334329
    outer loop
      vertex 12.8923 -20.977 76.9499
      vertex 11.2722 -18.3555 75.3016
      vertex 11.6455 -19.7382 74.9027
    endloop
  endfacet
  facet normal -0.881152 -0.334319 0.334368
    outer loop
      vertex 11.2722 -18.3555 75.3016
      vertex 12.8923 -20.977 76.9499
      vertex 13.4385 -20.3601 79.0061
    endloop
  endfacet
  facet normal -0.888669 -0.11993 0.442588
    outer loop
      vertex 11.4487 -15.6508 77.145
      vertex 11.6731 -15.5326 77.6276
      vertex 11.6431 -15.538 77.5659
    endloop
  endfacet
  facet normal -0.889206 -0.117773 0.442089
    outer loop
      vertex 11.2547 -15.873 76.6956
      vertex 11.4487 -15.6508 77.145
      vertex 11.2767 -15.8349 76.75
    endloop
  endfacet
  facet normal -0.888942 -0.118619 0.442394
    outer loop
      vertex 11.4487 -15.6508 77.145
      vertex 11.2547 -15.873 76.6956
      vertex 11.6731 -15.5326 77.6276
    endloop
  endfacet
  facet normal -0.888953 -0.118576 0.442383
    outer loop
      vertex 13.3219 -17.4424 80.4289
      vertex 11.6731 -15.5326 77.6276
      vertex 11.2547 -15.873 76.6956
    endloop
  endfacet
  facet normal -0.88896 -0.11862 0.442358
    outer loop
      vertex 11.6731 -15.5326 77.6276
      vertex 13.3219 -17.4424 80.4289
      vertex 13.2279 -17.1049 80.3305
    endloop
  endfacet
  facet normal -0.886328 -0.11617 0.448248
    outer loop
      vertex 13.2279 -17.1049 80.3305
      vertex 13.3219 -17.4424 80.4289
      vertex 13.2426 -17.1449 80.3492
    endloop
  endfacet
  facet normal -0.890925 -0.191667 0.411723
    outer loop
      vertex 11.0732 -16.4946 76.0138
      vertex 11.1603 -16.0849 76.393
      vertex 11.0842 -16.393 76.0849
    endloop
  endfacet
  facet normal -0.890284 -0.192659 0.412647
    outer loop
      vertex 11.1603 -16.0849 76.393
      vertex 11.0732 -16.4946 76.0138
      vertex 11.2547 -15.873 76.6956
    endloop
  endfacet
  facet normal -0.890538 -0.192211 0.412307
    outer loop
      vertex 11.0732 -16.4946 76.0138
      vertex 13.3219 -17.4424 80.4289
      vertex 11.2547 -15.873 76.6956
    endloop
  endfacet
  facet normal -0.890548 -0.192101 0.412336
    outer loop
      vertex 13.4012 -17.7115 80.4748
      vertex 13.3219 -17.4424 80.4289
      vertex 11.0732 -16.4946 76.0138
    endloop
  endfacet
  facet normal -0.889696 -0.191488 0.414456
    outer loop
      vertex 13.3219 -17.4424 80.4289
      vertex 13.4012 -17.7115 80.4748
      vertex 13.3639 -17.5659 80.462
    endloop
  endfacet
  facet normal -0.888043 -0.263747 0.376585
    outer loop
      vertex 13.4385 -20.3601 79.0061
      vertex 11.1318 -17.5518 75.5334
      vertex 11.2722 -18.3555 75.3016
    endloop
  endfacet
  facet normal -0.888049 -0.2639 0.376466
    outer loop
      vertex 11.1318 -17.5518 75.5334
      vertex 13.4385 -20.3601 79.0061
      vertex 13.5273 -20.2806 79.2713
    endloop
  endfacet
  facet normal -0.7495 0.659478 0.0577865
    outer loop
      vertex 11.0955 18.8365 69.1628
      vertex 13.1193 20.9812 70.9358
      vertex 11.4823 19.2875 69.0327
    endloop
  endfacet
  facet normal -0.749467 0.659524 0.0576932
    outer loop
      vertex 13.1193 20.9812 70.9358
      vertex 11.0955 18.8365 69.1628
      vertex 12.9299 20.6774 71.9483
    endloop
  endfacet
  facet normal -0.749895 0.659045 0.0575849
    outer loop
      vertex 14.2158 21.9678 73.9008
      vertex 14.2842 22.0414 73.9492
      vertex 14.2842 22.0776 73.5349
    endloop
  endfacet
  facet normal -0.749768 0.659231 0.0571216
    outer loop
      vertex 14.2842 22.0414 73.9492
      vertex 14.2158 21.9678 73.9008
      vertex 14.2512 22.0034 73.9546
    endloop
  endfacet
  facet normal -0.833766 -0.533246 0.143119
    outer loop
      vertex 14.2842 -25.0569 74.0047
      vertex 13.8231 -24.4605 73.5406
      vertex 13.8896 -24.5732 73.5081
    endloop
  endfacet
  facet normal -0.828787 0.50772 0.235228
    outer loop
      vertex 12.9647 20.1243 74.1958
      vertex 12.3098 18.967 74.3863
      vertex 12.9759 20.131 74.2208
    endloop
  endfacet
  facet normal -0.828356 0.507723 0.236736
    outer loop
      vertex 12.3098 18.967 74.3863
      vertex 12.9647 20.1243 74.1958
      vertex 9.46633 16.2355 70.295
    endloop
  endfacet
  facet normal -0.883827 0.121335 0.451806
    outer loop
      vertex 14.2842 15.1526 82.1668
      vertex 13.7669 14.8631 81.2326
      vertex 13.7791 14.7427 81.2888
    endloop
  endfacet
  facet normal -0.87144 0.207404 0.444495
    outer loop
      vertex 13.7669 14.8631 81.2326
      vertex 13.7681 14.9858 81.1777
      vertex 13.7669 14.9739 81.1809
    endloop
  endfacet
  facet normal -0.882138 0.199521 0.426642
    outer loop
      vertex 13.7681 14.9858 81.1777
      vertex 13.7669 14.8631 81.2326
      vertex 14.2842 15.1526 82.1668
    endloop
  endfacet
  facet normal -0.888972 -0.118273 0.442426
    outer loop
      vertex 11.6731 -15.5326 77.6276
      vertex 12.0752 -15.538 78.4341
      vertex 11.8541 -15.5 78
    endloop
  endfacet
  facet normal -0.888957 -0.118414 0.442418
    outer loop
      vertex 11.6731 -15.5326 77.6276
      vertex 12.2997 -15.6508 78.855
      vertex 12.0752 -15.538 78.4341
    endloop
  endfacet
  facet normal -0.88896 -0.118368 0.442424
    outer loop
      vertex 11.6731 -15.5326 77.6276
      vertex 12.5208 -15.8349 79.25
      vertex 12.2997 -15.6508 78.855
    endloop
  endfacet
  facet normal -0.888954 -0.118548 0.442387
    outer loop
      vertex 11.6731 -15.5326 77.6276
      vertex 12.7318 -16.0849 79.607
      vertex 12.5208 -15.8349 79.25
    endloop
  endfacet
  facet normal -0.888956 -0.118897 0.442291
    outer loop
      vertex 11.6731 -15.5326 77.6276
      vertex 12.9263 -16.393 79.9151
      vertex 12.7318 -16.0849 79.607
    endloop
  endfacet
  facet normal -0.888937 -0.118444 0.442451
    outer loop
      vertex 11.6731 -15.5326 77.6276
      vertex 13.0983 -16.75 80.1651
      vertex 12.9263 -16.393 79.9151
    endloop
  endfacet
  facet normal -0.888933 -0.118404 0.442468
    outer loop
      vertex 13.0983 -16.75 80.1651
      vertex 11.6731 -15.5326 77.6276
      vertex 13.2279 -17.1049 80.3305
    endloop
  endfacet
  facet normal -0.796487 0.583992 0.156721
    outer loop
      vertex 9.83559 17.1365 69.6547
      vertex 12.8685 20.488 72.5798
      vertex 9.92338 17.2667 69.6157
    endloop
  endfacet
  facet normal -0.796438 0.584109 0.156536
    outer loop
      vertex 12.8685 20.488 72.5798
      vertex 9.83559 17.1365 69.6547
      vertex 12.8424 20.1543 73.6922
    endloop
  endfacet
  facet normal -0.802178 0.581492 0.135566
    outer loop
      vertex 9.83559 17.1365 69.6547
      vertex 9.92338 17.2667 69.6157
      vertex 9.84102 17.1449 69.6508
    endloop
  endfacet
  facet normal -0.797077 0.582855 0.157949
    outer loop
      vertex 12.8424 20.1543 73.6922
      vertex 9.83559 17.1365 69.6547
      vertex 12.8424 20.1472 73.7184
    endloop
  endfacet
  facet normal -0.796906 0.583325 0.157077
    outer loop
      vertex 14.2127 21.9583 73.9327
      vertex 14.212 21.9494 73.9622
      vertex 14.237 21.9849 73.9572
    endloop
  endfacet
  facet normal -0.871328 -0.401914 0.281518
    outer loop
      vertex 13.62 -23.0141 76.4133
      vertex 13.5843 -23.0721 76.22
      vertex 14.2842 -23.8841 77.227
    endloop
  endfacet
  facet normal -0.87137 -0.401945 0.281343
    outer loop
      vertex 12.4057 -21.7047 74.5242
      vertex 12.0881 -21.0075 74.5366
      vertex 12.2993 -21.5812 74.3711
    endloop
  endfacet
  facet normal -0.871336 -0.401931 0.28147
    outer loop
      vertex 12.0881 -21.0075 74.5366
      vertex 12.4057 -21.7047 74.5242
      vertex 12.5015 -21.549 75.0431
    endloop
  endfacet
  facet normal -0.849807 0.431737 0.302376
    outer loop
      vertex 9.46633 16.2355 70.295
      vertex 12.066 18.4341 74.462
      vertex 12.3098 18.967 74.3863
    endloop
  endfacet
  facet normal -0.84981 0.431725 0.302384
    outer loop
      vertex 12.066 18.4341 74.462
      vertex 9.46633 16.2355 70.295
      vertex 11.8915 18.0682 74.494
    endloop
  endfacet
  facet normal -0.890692 -0.192032 0.412057
    outer loop
      vertex 11.0455 -16.9914 75.7224
      vertex 11.0732 -16.4946 76.0138
      vertex 11.0455 -16.75 75.8349
    endloop
  endfacet
  facet normal -0.890542 -0.192188 0.412309
    outer loop
      vertex 11.0455 -16.9914 75.7224
      vertex 13.4012 -17.7115 80.4748
      vertex 11.0732 -16.4946 76.0138
    endloop
  endfacet
  facet normal -0.890531 -0.192286 0.412288
    outer loop
      vertex 13.5513 -18.4341 80.462
      vertex 13.4012 -17.7115 80.4748
      vertex 11.0455 -16.9914 75.7224
    endloop
  endfacet
  facet normal -0.890102 -0.192214 0.413246
    outer loop
      vertex 13.4012 -17.7115 80.4748
      vertex 13.5513 -18.4341 80.462
      vertex 13.4752 -18 80.5
    endloop
  endfacet
  facet normal -0.890533 -0.192247 0.412301
    outer loop
      vertex 13.5513 -18.4341 80.462
      vertex 11.0455 -16.9914 75.7224
      vertex 13.6679 -19.2112 80.3515
    endloop
  endfacet
  facet normal -0.88935 -0.263079 0.37396
    outer loop
      vertex 11.1318 -17.5518 75.5334
      vertex 11.0455 -16.9914 75.7224
      vertex 11.0608 -17.1449 75.6508
    endloop
  endfacet
  facet normal -0.888047 -0.263758 0.376568
    outer loop
      vertex 13.5273 -20.2806 79.2713
      vertex 11.0455 -16.9914 75.7224
      vertex 11.1318 -17.5518 75.5334
    endloop
  endfacet
  facet normal -0.888042 -0.263682 0.376634
    outer loop
      vertex 11.0455 -16.9914 75.7224
      vertex 13.5273 -20.2806 79.2713
      vertex 13.6679 -19.2112 80.3515
    endloop
  endfacet
  facet normal -0.888077 -0.263715 0.376528
    outer loop
      vertex 13.6679 -19.2112 80.3515
      vertex 13.7206 -20.1137 79.8437
      vertex 13.7828 -20.1 80
    endloop
  endfacet
  facet normal -0.887681 -0.264075 0.377209
    outer loop
      vertex 13.6679 -19.2112 80.3515
      vertex 13.6683 -20.1543 79.6922
      vertex 13.7206 -20.1137 79.8437
    endloop
  endfacet
  facet normal -0.888058 -0.263658 0.376613
    outer loop
      vertex 13.6679 -19.2112 80.3515
      vertex 13.5273 -20.2806 79.2713
      vertex 13.6683 -20.1543 79.6922
    endloop
  endfacet
  facet normal -0.888163 -0.263661 0.376364
    outer loop
      vertex 13.8531 -20.1137 80.1563
      vertex 13.6679 -19.2112 80.3515
      vertex 13.7828 -20.1 80
    endloop
  endfacet
  facet normal -0.888002 -0.263703 0.376713
    outer loop
      vertex 13.6679 -19.2112 80.3515
      vertex 13.8531 -20.1137 80.1563
      vertex 13.8856 -20.131 80.2208
    endloop
  endfacet
  facet normal -0.799495 -0.598386 0.0523565
    outer loop
      vertex 14.2842 -25.0569 74.0047
      vertex 13.9432 -24.6466 73.4869
      vertex 14.2842 -25.114 73.3521
    endloop
  endfacet
  facet normal -0.828277 0.508051 0.236309
    outer loop
      vertex 12.8424 20.1472 73.7184
      vertex 9.46633 16.2355 70.295
      vertex 12.8576 20.1137 73.8437
    endloop
  endfacet
  facet normal -0.828349 0.50773 0.236746
    outer loop
      vertex 9.46633 16.2355 70.295
      vertex 12.8424 20.1472 73.7184
      vertex 9.83559 17.1365 69.6547
    endloop
  endfacet
  facet normal -0.82838 0.507617 0.236881
    outer loop
      vertex 12.8576 20.1137 73.8437
      vertex 9.46633 16.2355 70.295
      vertex 12.8939 20.1 74
    endloop
  endfacet
  facet normal -0.828271 0.508051 0.236328
    outer loop
      vertex 12.8939 20.1 74
      vertex 9.46633 16.2355 70.295
      vertex 12.9469 20.1137 74.1563
    endloop
  endfacet
  facet normal -0.828436 0.507658 0.236595
    outer loop
      vertex 9.46633 16.2355 70.295
      vertex 9.83559 17.1365 69.6547
      vertex 9.65021 16.75 69.8349
    endloop
  endfacet
  facet normal -0.828561 0.507539 0.236411
    outer loop
      vertex 9.46633 16.2355 70.295
      vertex 9.65021 16.75 69.8349
      vertex 9.50286 16.393 70.0849
    endloop
  endfacet
  facet normal -0.827886 0.508314 0.23711
    outer loop
      vertex 9.46633 16.2355 70.295
      vertex 9.50286 16.393 70.0849
      vertex 9.46633 16.2814 70.1966
    endloop
  endfacet
  facet normal -0.828448 0.50737 0.237171
    outer loop
      vertex 12.9469 20.1137 74.1563
      vertex 9.46633 16.2355 70.295
      vertex 12.9647 20.1243 74.1958
    endloop
  endfacet
  facet normal -0.833709 -0.533381 0.14295
    outer loop
      vertex 13.8231 -24.4605 73.5406
      vertex 13.4292 -23.5846 74.5115
      vertex 13.4453 -23.8205 73.7252
    endloop
  endfacet
  facet normal -0.833724 -0.533363 0.142928
    outer loop
      vertex 14.2842 -25.0569 74.0047
      vertex 13.4292 -23.5846 74.5115
      vertex 13.8231 -24.4605 73.5406
    endloop
  endfacet
  facet normal -0.833732 -0.533358 0.1429
    outer loop
      vertex 13.4292 -23.5846 74.5115
      vertex 14.2842 -25.0569 74.0047
      vertex 14.2842 -24.6115 75.6671
    endloop
  endfacet
  facet normal -0.856541 -0.467733 0.218092
    outer loop
      vertex 14.2842 -24.6115 75.6671
      vertex 13.5666 -23.1306 76.0248
      vertex 13.4292 -23.5846 74.5115
    endloop
  endfacet
  facet normal -0.856535 -0.467734 0.21811
    outer loop
      vertex 13.5666 -23.1306 76.0248
      vertex 14.2842 -24.6115 75.6671
      vertex 14.2842 -23.8841 77.227
    endloop
  endfacet
  facet normal -0.878224 -0.355821 0.319554
    outer loop
      vertex 14.2842 -22.8969 78.6369
      vertex 14.1549 -22.2312 79.0228
      vertex 13.9318 -22.5075 78.102
    endloop
  endfacet
  facet normal -0.878342 -0.35572 0.31934
    outer loop
      vertex 14.1549 -22.2312 79.0228
      vertex 14.2842 -22.8969 78.6369
      vertex 14.2842 -22.3597 79.2353
    endloop
  endfacet
  facet normal -0.878193 -0.355856 0.319601
    outer loop
      vertex 12.7294 -21.1788 76.277
      vertex 11.6455 -19.7382 74.9027
      vertex 11.7547 -20.1019 74.7978
    endloop
  endfacet
  facet normal -0.878189 -0.356064 0.31938
    outer loop
      vertex 11.6455 -19.7382 74.9027
      vertex 12.7294 -21.1788 76.277
      vertex 12.8923 -20.977 76.9499
    endloop
  endfacet
  facet normal -0.883455 0.0856157 0.460628
    outer loop
      vertex 14.2171 13.4019 82.5
      vertex 14.2842 13.4901 82.6123
      vertex 14.1888 13.4456 82.4376
    endloop
  endfacet
  facet normal -0.883399 0.0853845 0.460776
    outer loop
      vertex 14.2842 13.4901 82.6123
      vertex 14.2171 13.4019 82.5
      vertex 14.2842 13.3363 82.6408
    endloop
  endfacet
  facet normal -0.440782 0.813486 -0.37941
    outer loop
      vertex 14.2842 21.3671 68.4329
      vertex 14.2819 21.5887 68.9107
      vertex 14.2842 21.5892 68.9091
    endloop
  endfacet
  facet normal -0.42319 0.821163 -0.382886
    outer loop
      vertex 14.2819 21.5887 68.9107
      vertex 14.2842 21.3671 68.4329
      vertex 13.8796 21.1833 68.4859
    endloop
  endfacet
  facet normal -0.573481 0.791298 -0.212055
    outer loop
      vertex 13.8796 21.1833 68.4859
      vertex 13.6612 21.3511 69.7027
      vertex 14.2819 21.5887 68.9107
    endloop
  endfacet
  facet normal -0.57347 0.791306 -0.212054
    outer loop
      vertex 13.6612 21.3511 69.7027
      vertex 13.8796 21.1833 68.4859
      vertex 12.9248 20.541 68.6712
    endloop
  endfacet
  facet normal -0.749433 0.659566 0.0576429
    outer loop
      vertex 10.5757 18.2306 69.3376
      vertex 12.9299 20.6774 71.9483
      vertex 11.0955 18.8365 69.1628
    endloop
  endfacet
  facet normal -0.749374 0.659645 0.0575159
    outer loop
      vertex 12.9299 20.6774 71.9483
      vertex 10.5757 18.2306 69.3376
      vertex 12.8766 20.592 72.2333
    endloop
  endfacet
  facet normal -0.749355 0.659753 0.0565053
    outer loop
      vertex 14.2131 21.9635 73.9152
      vertex 14.2512 22.0034 73.9546
      vertex 14.2158 21.9678 73.9008
    endloop
  endfacet
  facet normal -0.753394 0.65425 0.0659833
    outer loop
      vertex 14.2512 22.0034 73.9546
      vertex 14.2131 21.9635 73.9152
      vertex 14.2452 21.9964 73.9555
    endloop
  endfacet
  facet normal -0.79643 0.584133 0.156485
    outer loop
      vertex 9.92338 17.2667 69.6157
      vertex 12.8766 20.592 72.2333
      vertex 10.5757 18.2306 69.3376
    endloop
  endfacet
  facet normal -0.796473 0.584024 0.156673
    outer loop
      vertex 12.8766 20.592 72.2333
      vertex 9.92338 17.2667 69.6157
      vertex 12.8685 20.488 72.5798
    endloop
  endfacet
  facet normal -0.794009 0.588619 0.151913
    outer loop
      vertex 14.2131 21.9635 73.9152
      vertex 14.237 21.9849 73.9572
      vertex 14.2452 21.9964 73.9555
    endloop
  endfacet
  facet normal -0.796438 0.584399 0.155446
    outer loop
      vertex 14.237 21.9849 73.9572
      vertex 14.2131 21.9635 73.9152
      vertex 14.2127 21.9583 73.9327
    endloop
  endfacet
  facet normal -0.573472 0.791305 -0.212051
    outer loop
      vertex 12.9248 20.541 68.6712
      vertex 13.5964 21.3263 69.7854
      vertex 13.6612 21.3511 69.7027
    endloop
  endfacet
  facet normal -0.573301 0.791386 -0.212212
    outer loop
      vertex 13.5964 21.3263 69.7854
      vertex 12.9248 20.541 68.6712
      vertex 12.6696 20.3694 68.7207
    endloop
  endfacet
  facet normal -0.864865 0.355504 0.354438
    outer loop
      vertex 11.2468 16.9279 74.248
      vertex 10.8905 16.393 73.9151
      vertex 11.1397 16.75 74.1651
    endloop
  endfacet
  facet normal -0.864787 0.355056 0.355075
    outer loop
      vertex 11.2468 16.9279 74.248
      vertex 10.6375 16.0849 73.607
      vertex 10.8905 16.393 73.9151
    endloop
  endfacet
  facet normal -0.864797 0.355153 0.354955
    outer loop
      vertex 11.2468 16.9279 74.248
      vertex 10.3883 15.8349 73.25
      vertex 10.6375 16.0849 73.607
    endloop
  endfacet
  facet normal -0.8648 0.355271 0.354829
    outer loop
      vertex 11.2468 16.9279 74.248
      vertex 10.1506 15.6508 72.855
      vertex 10.3883 15.8349 73.25
    endloop
  endfacet
  facet normal -0.864806 0.355016 0.355068
    outer loop
      vertex 9.53778 15.5712 71.442
      vertex 10.1506 15.6508 72.855
      vertex 11.2468 16.9279 74.248
    endloop
  endfacet
  facet normal -0.864538 0.355712 0.355026
    outer loop
      vertex 9.73763 15.5 72
      vertex 9.53778 15.5712 71.442
      vertex 9.575 15.538 71.5659
    endloop
  endfacet
  facet normal -0.864714 0.355296 0.355013
    outer loop
      vertex 9.53778 15.5712 71.442
      vertex 9.93145 15.538 72.4341
      vertex 10.1506 15.6508 72.855
    endloop
  endfacet
  facet normal -0.864794 0.355077 0.355037
    outer loop
      vertex 9.53778 15.5712 71.442
      vertex 9.73763 15.5 72
      vertex 9.93145 15.538 72.4341
    endloop
  endfacet
  facet normal -0.799291 -0.598692 0.0519796
    outer loop
      vertex 14.2842 -25.0569 74.0047
      vertex 13.8896 -24.5732 73.5081
      vertex 13.9432 -24.6466 73.4869
    endloop
  endfacet
  facet normal -0.856454 -0.467977 0.217909
    outer loop
      vertex 13.5843 -23.0721 76.22
      vertex 13.5666 -23.1306 76.0248
      vertex 14.2842 -23.8841 77.227
    endloop
  endfacet
  facet normal -0.856496 -0.467981 0.217737
    outer loop
      vertex 12.4057 -21.7047 74.5242
      vertex 12.2993 -21.5812 74.3711
      vertex 12.387 -21.7666 74.3176
    endloop
  endfacet
  facet normal -0.686466 0.725092 -0.054828
    outer loop
      vertex 13.1447 21.0004 70.8717
      vertex 11.4823 19.2875 69.0327
      vertex 13.1193 20.9812 70.9358
    endloop
  endfacet
  facet normal -0.686241 0.725276 -0.0552026
    outer loop
      vertex 11.4823 19.2875 69.0327
      vertex 13.1447 21.0004 70.8717
      vertex 11.6347 19.4286 68.992
    endloop
  endfacet
  facet normal -0.680171 0.730234 -0.0642233
    outer loop
      vertex 12.6696 20.3694 68.7207
      vertex 13.5421 21.2872 69.9159
      vertex 13.5964 21.3263 69.7854
    endloop
  endfacet
  facet normal -0.680366 0.730076 -0.063959
    outer loop
      vertex 13.5421 21.2872 69.9159
      vertex 12.6696 20.3694 68.7207
      vertex 12.305 20.038 68.8163
    endloop
  endfacet
  facet normal -0.680422 0.730034 -0.0638483
    outer loop
      vertex 12.305 20.038 68.8163
      vertex 13.1447 21.0004 70.8717
      vertex 13.5421 21.2872 69.9159
    endloop
  endfacet
  facet normal -0.680432 0.730025 -0.06384
    outer loop
      vertex 13.1447 21.0004 70.8717
      vertex 12.305 20.038 68.8163
      vertex 11.6347 19.4286 68.992
    endloop
  endfacet
  facet normal -0.883802 0.121024 0.451937
    outer loop
      vertex 13.8037 14.5 81.4019
      vertex 14.2842 15.1526 82.1668
      vertex 13.7791 14.7427 81.2888
    endloop
  endfacet
  facet normal -0.883815 0.121082 0.451896
    outer loop
      vertex 13.8984 14.0716 81.7019
      vertex 14.2842 15.1526 82.1668
      vertex 13.8037 14.5 81.4019
    endloop
  endfacet
  facet normal -0.883803 0.121066 0.451924
    outer loop
      vertex 14.0368 13.7019 82.0716
      vertex 14.2842 15.1526 82.1668
      vertex 13.8984 14.0716 81.7019
    endloop
  endfacet
  facet normal -0.883846 0.121079 0.451836
    outer loop
      vertex 14.0368 13.7019 82.0716
      vertex 14.2842 13.4901 82.6123
      vertex 14.2842 15.1526 82.1668
    endloop
  endfacet
  facet normal -0.883857 0.121037 0.451825
    outer loop
      vertex 14.2842 13.4901 82.6123
      vertex 14.0368 13.7019 82.0716
      vertex 14.1888 13.4456 82.4376
    endloop
  endfacet
  facet normal -0.849467 0.431518 0.30364
    outer loop
      vertex 11.8915 18.0682 74.494
      vertex 11.6249 17.5659 74.462
      vertex 11.859 18 74.5
    endloop
  endfacet
  facet normal -0.849819 0.431793 0.302262
    outer loop
      vertex 11.8915 18.0682 74.494
      vertex 11.4957 17.3518 74.4046
      vertex 11.6249 17.5659 74.462
    endloop
  endfacet
  facet normal -0.849797 0.431769 0.302358
    outer loop
      vertex 9.46633 16.2355 70.295
      vertex 11.4957 17.3518 74.4046
      vertex 11.8915 18.0682 74.494
    endloop
  endfacet
  facet normal -0.849829 0.431735 0.302317
    outer loop
      vertex 9.53352 15.5753 71.4267
      vertex 9.46633 16.2355 70.295
      vertex 9.46633 15.6716 71.1003
    endloop
  endfacet
  facet normal -0.848615 0.433855 0.302692
    outer loop
      vertex 9.53352 15.5753 71.4267
      vertex 9.46633 15.6716 71.1003
      vertex 9.47164 15.6508 71.145
    endloop
  endfacet
  facet normal -0.849789 0.431792 0.302347
    outer loop
      vertex 9.46633 16.2355 70.295
      vertex 9.53352 15.5753 71.4267
      vertex 11.4957 17.3518 74.4046
    endloop
  endfacet
  facet normal -0.8606 0.380093 0.338964
    outer loop
      vertex 11.4957 17.3518 74.4046
      vertex 11.2468 16.9279 74.248
      vertex 11.3825 17.1449 74.3492
    endloop
  endfacet
  facet normal -0.860303 0.379324 0.340576
    outer loop
      vertex 9.53352 15.5753 71.4267
      vertex 11.2468 16.9279 74.248
      vertex 11.4957 17.3518 74.4046
    endloop
  endfacet
  facet normal -0.860454 0.378576 0.341026
    outer loop
      vertex 11.2468 16.9279 74.248
      vertex 9.53352 15.5753 71.4267
      vertex 9.53778 15.5712 71.442
    endloop
  endfacet
  facet normal -0.876157 0.2765 0.394838
    outer loop
      vertex 14.2842 17.3401 81
      vertex 14.0353 16.5514 81
      vertex 14.2842 16.7125 81.4395
    endloop
  endfacet
  facet normal -0.882233 0.199038 0.426673
    outer loop
      vertex 13.9109 16 81
      vertex 14.2842 16.7125 81.4395
      vertex 14.0353 16.5514 81
    endloop
  endfacet
  facet normal -0.882147 0.199094 0.426824
    outer loop
      vertex 14.2842 15.1526 82.1668
      vertex 13.9109 16 81
      vertex 13.8154 15.4791 81.0456
    endloop
  endfacet
  facet normal -0.882207 0.198974 0.426755
    outer loop
      vertex 13.9109 16 81
      vertex 14.2842 15.1526 82.1668
      vertex 14.2842 16.7125 81.4395
    endloop
  endfacet
  facet normal -0.882212 0.19888 0.426789
    outer loop
      vertex 14.2842 15.1526 82.1668
      vertex 13.8154 15.4791 81.0456
      vertex 13.7681 14.9858 81.1777
    endloop
  endfacet
  facet normal -0.701513 -0.583788 0.408743
    outer loop
      vertex 17.3478 -26.0596 79.3778
      vertex 14.2842 -23.8841 77.227
      vertex 19.1618 -28.4804 79.0336
    endloop
  endfacet
  facet normal -0.701516 -0.583776 0.408755
    outer loop
      vertex 14.2842 -23.8841 77.227
      vertex 16.4207 -24.8223 79.5538
      vertex 14.2842 -22.8969 78.6369
    endloop
  endfacet
  facet normal -0.701514 -0.583782 0.40875
    outer loop
      vertex 16.4207 -24.8223 79.5538
      vertex 14.2842 -23.8841 77.227
      vertex 17.3478 -26.0596 79.3778
    endloop
  endfacet
  facet normal -0.713565 0.697927 0.0610158
    outer loop
      vertex 14.5344 22.4387 72.3313
      vertex 17.0523 24.9072 73.5417
      vertex 19.4504 27.3941 73.1406
    endloop
  endfacet
  facet normal -0.713572 0.697916 0.0610517
    outer loop
      vertex 14.2842 22.0776 73.5349
      vertex 17.0523 24.9072 73.5417
      vertex 14.5344 22.4387 72.3313
    endloop
  endfacet
  facet normal -0.713575 0.697919 0.0609816
    outer loop
      vertex 17.0523 24.9072 73.5417
      vertex 14.2842 22.0776 73.5349
      vertex 14.2842 22.0414 73.9492
    endloop
  endfacet
  facet normal -0.686264 0.702565 -0.188267
    outer loop
      vertex 19.4504 27.2118 71.0568
      vertex 15.4344 23.0682 70.2329
      vertex 15.1863 22.9402 70.6596
    endloop
  endfacet
  facet normal -0.686267 0.702565 -0.188255
    outer loop
      vertex 15.4344 23.0682 70.2329
      vertex 19.4504 27.2118 71.0568
      vertex 19.4504 26.6704 69.0363
    endloop
  endfacet
  facet normal -0.600097 0.338028 0.724997
    outer loop
      vertex 14.2842 16.7125 81.4395
      vertex 14.2842 15.1526 82.1668
      vertex 19.4504 21.3941 83.5329
    endloop
  endfacet
  facet normal -0.709933 -0.701586 0.0614145
    outer loop
      vertex 19.4504 -30.1778 75.2243
      vertex 14.2842 -25.0569 74.0047
      vertex 19.4504 -30.3602 73.1406
    endloop
  endfacet
  facet normal -0.691504 -0.537542 0.482566
    outer loop
      vertex 14.2842 -22.8969 78.6369
      vertex 15.7497 -23.8328 79.6944
      vertex 14.2842 -22.3597 79.2353
    endloop
  endfacet
  facet normal -0.691508 -0.5375 0.482608
    outer loop
      vertex 15.7497 -23.8328 79.6944
      vertex 14.2842 -22.8969 78.6369
      vertex 16.4207 -24.8223 79.5538
    endloop
  endfacet
  facet normal -0.711889 0.12796 0.690537
    outer loop
      vertex 14.2842 13.4901 82.6123
      vertex 14.2842 13.3363 82.6408
      vertex 14.4127 13.2687 82.7858
    endloop
  endfacet
  facet normal -0.703485 0.708006 -0.0619394
    outer loop
      vertex 19.4504 27.2118 71.0568
      vertex 15.0674 22.8487 70.9644
      vertex 19.4504 27.3941 73.1406
    endloop
  endfacet
  facet normal -0.703488 0.708007 -0.0618835
    outer loop
      vertex 15.0674 22.8487 70.9644
      vertex 19.4504 27.2118 71.0568
      vertex 15.1863 22.9402 70.6596
    endloop
  endfacet
  facet normal -0.710813 -0.637458 0.297308
    outer loop
      vertex 19.4504 -29.6365 77.2448
      vertex 19.1618 -28.4804 79.0336
      vertex 14.2842 -23.8841 77.227
    endloop
  endfacet
  facet normal -0.710977 -0.637327 0.297197
    outer loop
      vertex 19.1618 -28.4804 79.0336
      vertex 19.4504 -29.6365 77.2448
      vertex 19.4504 -28.8252 78.9846
    endloop
  endfacet
  facet normal -0.713575 0.697924 0.0609414
    outer loop
      vertex 19.4504 27.3941 73.1406
      vertex 17.0523 24.9072 73.5417
      vertex 19.4504 27.3899 73.1887
    endloop
  endfacet
  facet normal -0.703483 0.708007 -0.0619459
    outer loop
      vertex 15.0674 22.8487 70.9644
      vertex 14.5344 22.4387 72.3313
      vertex 19.4504 27.3941 73.1406
    endloop
  endfacet
  facet normal -0.71358 -0.67671 0.181293
    outer loop
      vertex 19.4504 -29.6365 77.2448
      vertex 14.2842 -24.6115 75.6671
      vertex 19.4504 -30.1778 75.2243
    endloop
  endfacet
  facet normal -0.713577 -0.676709 0.181308
    outer loop
      vertex 14.2842 -24.6115 75.6671
      vertex 14.2842 -25.0569 74.0047
      vertex 19.4504 -30.1778 75.2243
    endloop
  endfacet
  facet normal -0.699692 -0.711725 -0.0622718
    outer loop
      vertex 19.4504 -30.3602 73.1406
      vertex 16.5726 -27.4896 72.6668
      vertex 19.4504 -30.2491 71.8708
    endloop
  endfacet
  facet normal -0.710825 -0.637468 0.297259
    outer loop
      vertex 14.2842 -23.8841 77.227
      vertex 14.2842 -24.6115 75.6671
      vertex 19.4504 -29.6365 77.2448
    endloop
  endfacet
  facet normal -0.651235 0.196526 0.732987
    outer loop
      vertex 14.2842 15.1526 82.1668
      vertex 15.1254 13.0456 83.4791
      vertex 15.3216 13.03 83.6576
    endloop
  endfacet
  facet normal -0.651588 0.195949 0.732828
    outer loop
      vertex 15.1254 13.0456 83.4791
      vertex 14.2842 13.4901 82.6123
      vertex 14.5979 13.1809 82.9739
    endloop
  endfacet
  facet normal -0.651404 0.196388 0.732874
    outer loop
      vertex 15.1254 13.0456 83.4791
      vertex 14.2842 15.1526 82.1668
      vertex 14.2842 13.4901 82.6123
    endloop
  endfacet
  facet normal -0.651342 0.196333 0.732944
    outer loop
      vertex 14.5979 13.1809 82.9739
      vertex 14.2842 13.4901 82.6123
      vertex 14.4127 13.2687 82.7858
    endloop
  endfacet
  facet normal -0.600126 0.338061 0.724957
    outer loop
      vertex 19.4504 21.3941 83.5329
      vertex 14.2842 15.1526 82.1668
      vertex 19.4504 19.4984 84.4169
    endloop
  endfacet
  facet normal -0.661038 0.680008 -0.317202
    outer loop
      vertex 17.1476 23.8205 67.7252
      vertex 16.9255 23.736 68.0069
      vertex 19.2895 25.6557 67.1958
    endloop
  endfacet
  facet normal -0.661035 0.680028 -0.317166
    outer loop
      vertex 14.7505 21.7666 68.3176
      vertex 14.2842 21.3671 68.4329
      vertex 14.2842 21.5892 68.9091
    endloop
  endfacet
  facet normal -0.686268 0.702557 -0.188282
    outer loop
      vertex 16.1756 23.4506 68.9582
      vertex 15.4344 23.0682 70.2329
      vertex 19.4504 26.6704 69.0363
    endloop
  endfacet
  facet normal -0.661059 0.680042 -0.317086
    outer loop
      vertex 19.4504 26.6704 69.0363
      vertex 16.9255 23.736 68.0069
      vertex 16.1756 23.4506 68.9582
    endloop
  endfacet
  facet normal -0.66104 0.680041 -0.317129
    outer loop
      vertex 19.4504 26.6704 69.0363
      vertex 19.2895 25.6557 67.1958
      vertex 16.9255 23.736 68.0069
    endloop
  endfacet
  facet normal -0.661174 0.679941 -0.317062
    outer loop
      vertex 19.2895 25.6557 67.1958
      vertex 19.4504 26.6704 69.0363
      vertex 19.4504 25.7936 67.156
    endloop
  endfacet
  facet normal -0.6484 0.436662 0.623621
    outer loop
      vertex 19.4504 23.1076 82.3331
      vertex 14.2842 16.7125 81.4395
      vertex 19.4504 21.3941 83.5329
    endloop
  endfacet
  facet normal -0.648424 0.436685 0.62358
    outer loop
      vertex 14.2842 16.7125 81.4395
      vertex 15.7887 19.5741 81
      vertex 14.2842 17.3401 81
    endloop
  endfacet
  facet normal -0.648421 0.436684 0.623584
    outer loop
      vertex 15.7887 19.5741 81
      vertex 14.2842 16.7125 81.4395
      vertex 19.4504 23.1076 82.3331
    endloop
  endfacet
  facet normal -0.709936 -0.701585 0.061386
    outer loop
      vertex 16.5726 -27.4896 72.6668
      vertex 14.2842 -25.0569 74.0047
      vertex 14.2842 -25.114 73.3521
    endloop
  endfacet
  facet normal -0.709937 -0.701585 0.0613856
    outer loop
      vertex 14.2842 -25.0569 74.0047
      vertex 16.5726 -27.4896 72.6668
      vertex 19.4504 -30.3602 73.1406
    endloop
  endfacet
  facet normal -0.571468 0.278665 0.771861
    outer loop
      vertex 19.4504 19.4984 84.4169
      vertex 19.345 14.0716 86.2981
      vertex 19.4504 14.1451 86.3496
    endloop
  endfacet
  facet normal -0.570795 0.278807 0.772308
    outer loop
      vertex 19.4504 19.4984 84.4169
      vertex 18.6642 13.7019 85.9284
      vertex 19.345 14.0716 86.2981
    endloop
  endfacet
  facet normal -0.570876 0.278802 0.77225
    outer loop
      vertex 14.2842 15.1526 82.1668
      vertex 18.6642 13.7019 85.9284
      vertex 19.4504 19.4984 84.4169
    endloop
  endfacet
  facet normal -0.570888 0.278772 0.772252
    outer loop
      vertex 18.6642 13.7019 85.9284
      vertex 14.2842 15.1526 82.1668
      vertex 17.9382 13.4019 85.5
    endloop
  endfacet
  facet normal -0.570827 0.278898 0.772252
    outer loop
      vertex 17.9382 13.4019 85.5
      vertex 14.2842 15.1526 82.1668
      vertex 17.1891 13.1809 85.0261
    endloop
  endfacet
  facet normal -0.570921 0.27874 0.772239
    outer loop
      vertex 17.1891 13.1809 85.0261
      vertex 14.2842 15.1526 82.1668
      vertex 16.4397 13.0456 84.5209
    endloop
  endfacet
  facet normal -0.570886 0.278788 0.772248
    outer loop
      vertex 16.4397 13.0456 84.5209
      vertex 14.2842 15.1526 82.1668
      vertex 15.7128 13 84
    endloop
  endfacet
  facet normal -0.570934 0.27874 0.77223
    outer loop
      vertex 15.7128 13 84
      vertex 14.2842 15.1526 82.1668
      vertex 15.6202 13.0062 83.9293
    endloop
  endfacet
  facet normal -0.651272 0.196492 0.732964
    outer loop
      vertex 15.6202 13.0062 83.9293
      vertex 14.2842 15.1526 82.1668
      vertex 15.3216 13.03 83.6576
    endloop
  endfacet
  facet normal -0.684826 0.515273 0.515273
    outer loop
      vertex 19.4504 24.4407 81
      vertex 15.7887 19.5741 81
      vertex 19.4504 23.1076 82.3331
    endloop
  endfacet
  facet normal -0.681803 -0.517274 0.517274
    outer loop
      vertex 14.2842 -22.3597 79.2353
      vertex 14.5244 -21.9494 79.9622
      vertex 14.2842 -22.0851 79.5099
    endloop
  endfacet
  facet normal -0.681897 -0.517175 0.517249
    outer loop
      vertex 14.5244 -21.9494 79.9622
      vertex 14.2842 -22.3597 79.2353
      vertex 15.7497 -23.8328 79.6944
    endloop
  endfacet
  facet normal -0.798423 -0.425767 0.425727
    outer loop
      vertex 20.5442 -23.4582 87
      vertex 22.2639 -20.0702 93.6135
      vertex 22.0843 -19.7757 93.5712
    endloop
  endfacet
  facet normal -0.798471 -0.425699 0.425705
    outer loop
      vertex 22.2639 -20.0702 93.6135
      vertex 20.5442 -23.4582 87
      vertex 20.8056 -23.9485 87
    endloop
  endfacet
  facet normal -0.745019 -0.492573 0.449799
    outer loop
      vertex 20.92 -24.1631 87
      vertex 24.9596 -23.7513 94.1419
      vertex 22.5156 -20.4831 93.6728
    endloop
  endfacet
  facet normal -0.745028 -0.492554 0.449803
    outer loop
      vertex 24.7789 -30 87
      vertex 24.9596 -23.7513 94.1419
      vertex 20.92 -24.1631 87
    endloop
  endfacet
  facet normal -0.744859 -0.492699 0.449925
    outer loop
      vertex 24.9596 -23.7513 94.1419
      vertex 24.7789 -30 87
      vertex 24.9596 -30.253 87.0221
    endloop
  endfacet
  facet normal -0.798519 -0.425635 0.425678
    outer loop
      vertex 20.8056 -23.9485 87
      vertex 22.5156 -20.4831 93.6728
      vertex 22.2639 -20.0702 93.6135
    endloop
  endfacet
  facet normal -0.798497 -0.425667 0.425689
    outer loop
      vertex 22.5156 -20.4831 93.6728
      vertex 20.8056 -23.9485 87
      vertex 20.92 -24.1631 87
    endloop
  endfacet
  facet normal -0.924885 0.2181 0.311481
    outer loop
      vertex 19.4504 21.3941 83.5329
      vertex 20.7116 20.771 87.7141
      vertex 19.4504 23.1076 82.3331
    endloop
  endfacet
  facet normal -0.924876 0.218135 0.311483
    outer loop
      vertex 20.7116 20.771 87.7141
      vertex 19.4504 21.3941 83.5329
      vertex 20.4505 19.8523 87.5822
    endloop
  endfacet
  facet normal -0.959941 0.0951454 0.263554
    outer loop
      vertex 19.4504 19.4984 84.4169
      vertex 19.7487 15.4791 86.9544
      vertex 20.1157 18.1284 87.3347
    endloop
  endfacet
  facet normal -0.959935 0.0951574 0.263572
    outer loop
      vertex 19.4504 14.1451 86.3496
      vertex 19.7487 15.4791 86.9544
      vertex 19.4504 19.4984 84.4169
    endloop
  endfacet
  facet normal -0.95987 0.0950129 0.263859
    outer loop
      vertex 19.7487 15.4791 86.9544
      vertex 19.4504 14.1451 86.3496
      vertex 19.6615 14.9739 86.8191
    endloop
  endfacet
  facet normal -0.960033 0.0954889 0.263092
    outer loop
      vertex 19.6615 14.9739 86.8191
      vertex 19.4504 14.1451 86.3496
      vertex 19.5538 14.5 86.5981
    endloop
  endfacet
  facet normal -0.663604 0.677998 0.316146
    outer loop
      vertex 22.3759 27.7826 81
      vertex 24.9596 28.6617 84.538
      vertex 24.9596 29.5457 82.6422
    endloop
  endfacet
  facet normal -0.663581 0.678032 0.316121
    outer loop
      vertex 24.9596 28.6617 84.538
      vertex 22.3759 27.7826 81
      vertex 21.3484 26.777 81
    endloop
  endfacet
  facet normal -0.663615 0.67796 0.316204
    outer loop
      vertex 23.2833 28.6708 81
      vertex 22.3759 27.7826 81
      vertex 24.9596 29.5457 82.6422
    endloop
  endfacet
  facet normal -0.904725 -0.244332 0.348963
    outer loop
      vertex 20.2502 -22.3695 87
      vertex 21.9108 -19.2425 93.4947
      vertex 21.7298 -18.6864 93.4148
    endloop
  endfacet
  facet normal -0.90485 -0.244029 0.348849
    outer loop
      vertex 21.9108 -19.2425 93.4947
      vertex 20.2502 -22.3695 87
      vertex 20.3067 -22.579 87
    endloop
  endfacet
  facet normal -0.864786 0.353776 0.356353
    outer loop
      vertex 19.4826 24.5184 81
      vertex 21.1204 21.6341 87.838
      vertex 19.4853 24.525 81
    endloop
  endfacet
  facet normal -0.862903 0.357309 0.357392
    outer loop
      vertex 21.1204 21.6341 87.838
      vertex 19.4826 24.5184 81
      vertex 20.9811 21.3399 87.7958
    endloop
  endfacet
  facet normal -0.904724 -0.244324 0.34897
    outer loop
      vertex 20.3067 -22.579 87
      vertex 22.0843 -19.7757 93.5712
      vertex 21.9108 -19.2425 93.4947
    endloop
  endfacet
  facet normal -0.904699 -0.244388 0.34899
    outer loop
      vertex 22.0843 -19.7757 93.5712
      vertex 20.3067 -22.579 87
      vertex 20.5442 -23.4582 87
    endloop
  endfacet
  facet normal -0.961157 -0.0769348 0.265061
    outer loop
      vertex 20.0868 -13.0456 89.4791
      vertex 20.3741 -13.0456 90.5209
      vertex 20.2268 -13 90
    endloop
  endfacet
  facet normal -0.96111 -0.0775733 0.265048
    outer loop
      vertex 19.9584 -13.1809 88.9739
      vertex 20.3741 -13.0456 90.5209
      vertex 20.0868 -13.0456 89.4791
    endloop
  endfacet
  facet normal -0.961131 -0.0773569 0.265035
    outer loop
      vertex 19.9584 -13.1809 88.9739
      vertex 20.5243 -13.1809 91.0261
      vertex 20.3741 -13.0456 90.5209
    endloop
  endfacet
  facet normal -0.961101 -0.0777547 0.265026
    outer loop
      vertex 19.8456 -13.4019 88.5
      vertex 20.5243 -13.1809 91.0261
      vertex 19.9584 -13.1809 88.9739
    endloop
  endfacet
  facet normal -0.961086 -0.0779053 0.265036
    outer loop
      vertex 19.8456 -13.4019 88.5
      vertex 20.6729 -13.4019 91.5
      vertex 20.5243 -13.1809 91.0261
    endloop
  endfacet
  facet normal -0.961129 -0.0773339 0.265047
    outer loop
      vertex 19.7516 -13.7019 88.0716
      vertex 20.6729 -13.4019 91.5
      vertex 19.8456 -13.4019 88.5
    endloop
  endfacet
  facet normal -0.961123 -0.0773992 0.265051
    outer loop
      vertex 19.7516 -13.7019 88.0716
      vertex 20.8152 -13.7019 91.9284
      vertex 20.6729 -13.4019 91.5
    endloop
  endfacet
  facet normal -0.961107 -0.0776091 0.265047
    outer loop
      vertex 19.6795 -14.0716 87.7019
      vertex 20.8152 -13.7019 91.9284
      vertex 19.7516 -13.7019 88.0716
    endloop
  endfacet
  facet normal -0.961109 -0.0775941 0.265046
    outer loop
      vertex 19.6795 -14.0716 87.7019
      vertex 20.947 -14.0716 92.2981
      vertex 20.8152 -13.7019 91.9284
    endloop
  endfacet
  facet normal -0.961118 -0.0774714 0.265049
    outer loop
      vertex 19.6313 -14.5 87.4019
      vertex 20.947 -14.0716 92.2981
      vertex 19.6795 -14.0716 87.7019
    endloop
  endfacet
  facet normal -0.961131 -0.0773397 0.265041
    outer loop
      vertex 19.6313 -14.5 87.4019
      vertex 21.0642 -14.5 92.5981
      vertex 20.947 -14.0716 92.2981
    endloop
  endfacet
  facet normal -0.961114 -0.07756 0.265036
    outer loop
      vertex 19.6086 -14.9739 87.1809
      vertex 21.0642 -14.5 92.5981
      vertex 19.6313 -14.5 87.4019
    endloop
  endfacet
  facet normal -0.961111 -0.0775879 0.265038
    outer loop
      vertex 19.6086 -14.9739 87.1809
      vertex 21.1634 -14.9739 92.8191
      vertex 21.0642 -14.5 92.5981
    endloop
  endfacet
  facet normal -0.961122 -0.0774501 0.265041
    outer loop
      vertex 19.612 -15.4791 87.0456
      vertex 21.1634 -14.9739 92.8191
      vertex 19.6086 -14.9739 87.1809
    endloop
  endfacet
  facet normal -0.961126 -0.0774112 0.265038
    outer loop
      vertex 19.612 -15.4791 87.0456
      vertex 21.2414 -15.4791 92.9544
      vertex 21.1634 -14.9739 92.8191
    endloop
  endfacet
  facet normal -0.961109 -0.0776315 0.265034
    outer loop
      vertex 19.6415 -16 87
      vertex 21.2414 -15.4791 92.9544
      vertex 19.612 -15.4791 87.0456
    endloop
  endfacet
  facet normal -0.961117 -0.0775492 0.265029
    outer loop
      vertex 19.6415 -16 87
      vertex 21.4552 -17.2567 93.2096
      vertex 21.2414 -15.4791 92.9544
    endloop
  endfacet
  facet normal -0.961118 -0.077501 0.265039
    outer loop
      vertex 21.4552 -17.2567 93.2096
      vertex 19.6415 -16 87
      vertex 20.0394 -20.9345 87
    endloop
  endfacet
  facet normal -0.46846 -0.880123 -0.0769985
    outer loop
      vertex 24.5641 -33.5199 78.1506
      vertex 24.9596 -33.582 76.4542
      vertex 24.9596 -33.7228 78.0636
    endloop
  endfacet
  facet normal -0.468411 -0.88015 -0.076986
    outer loop
      vertex 19.4504 -30.3602 73.1406
      vertex 24.9596 -33.582 76.4542
      vertex 24.5641 -33.5199 78.1506
    endloop
  endfacet
  facet normal -0.468348 -0.880181 -0.0770107
    outer loop
      vertex 20.1712 -30.6232 71.7629
      vertex 19.4504 -30.3602 73.1406
      vertex 19.4504 -30.2491 71.8708
    endloop
  endfacet
  facet normal -0.468386 -0.880159 -0.0770349
    outer loop
      vertex 19.4504 -30.3602 73.1406
      vertex 20.1712 -30.6232 71.7629
      vertex 24.9596 -33.582 76.4542
    endloop
  endfacet
  facet normal -0.574044 -0.815701 0.071455
    outer loop
      vertex 19.4504 -30.3602 73.1406
      vertex 24.1224 -33.1971 78.2889
      vertex 23.3513 -32.6414 78.4378
    endloop
  endfacet
  facet normal -0.5739 -0.815819 0.0712586
    outer loop
      vertex 24.1224 -33.1971 78.2889
      vertex 19.4504 -30.3602 73.1406
      vertex 24.5641 -33.5199 78.1506
    endloop
  endfacet
  facet normal -0.540347 0.762605 -0.355609
    outer loop
      vertex 21.4185 27.0228 66.8015
      vertex 19.4504 25.7936 67.156
      vertex 19.4504 26.6704 69.0363
    endloop
  endfacet
  facet normal -0.398563 0.913653 -0.0799065
    outer loop
      vertex 19.4504 27.2118 71.0568
      vertex 19.5213 27.4287 73.1832
      vertex 21.4973 28.2801 73.0621
    endloop
  endfacet
  facet normal -0.39796 0.913912 -0.0799531
    outer loop
      vertex 19.5213 27.4287 73.1832
      vertex 19.4504 27.2118 71.0568
      vertex 19.4504 27.3941 73.1406
    endloop
  endfacet
  facet normal -0.574942 -0.815812 0.0623885
    outer loop
      vertex 22.7926 -32.243 78.4987
      vertex 23.3513 -32.6414 78.4378
      vertex 23.3046 -32.6078 78.4468
    endloop
  endfacet
  facet normal -0.573948 -0.815781 0.0713096
    outer loop
      vertex 19.4504 -30.1778 75.2243
      vertex 23.3513 -32.6414 78.4378
      vertex 22.7926 -32.243 78.4987
    endloop
  endfacet
  facet normal -0.573999 -0.815736 0.0714068
    outer loop
      vertex 23.3513 -32.6414 78.4378
      vertex 19.4504 -30.1778 75.2243
      vertex 19.4504 -30.3602 73.1406
    endloop
  endfacet
  facet normal -0.862749 0.357536 0.357536
    outer loop
      vertex 19.4504 23.1076 82.3331
      vertex 19.4826 24.5184 81
      vertex 19.4504 24.4407 81
    endloop
  endfacet
  facet normal -0.862826 0.357447 0.35744
    outer loop
      vertex 19.4504 23.1076 82.3331
      vertex 20.9811 21.3399 87.7958
      vertex 19.4826 24.5184 81
    endloop
  endfacet
  facet normal -0.862842 0.357415 0.357434
    outer loop
      vertex 20.9811 21.3399 87.7958
      vertex 19.4504 23.1076 82.3331
      vertex 20.7116 20.771 87.7141
    endloop
  endfacet
  facet normal -0.951843 0.129571 0.277859
    outer loop
      vertex 19.4504 19.4984 84.4169
      vertex 20.3235 19.2958 87.5023
      vertex 19.4504 21.3941 83.5329
    endloop
  endfacet
  facet normal -0.951848 0.12954 0.277858
    outer loop
      vertex 20.3235 19.2958 87.5023
      vertex 19.4504 19.4984 84.4169
      vertex 20.1157 18.1284 87.3347
    endloop
  endfacet
  facet normal -0.411512 -0.899432 -0.147241
    outer loop
      vertex 20.5825 -30.8029 71.7111
      vertex 24.9596 -33.582 76.4542
      vertex 20.1712 -30.6232 71.7629
    endloop
  endfacet
  facet normal -0.411607 -0.899405 -0.147138
    outer loop
      vertex 24.9596 -33.582 76.4542
      vertex 20.5825 -30.8029 71.7111
      vertex 24.9596 -32.6748 70.9088
    endloop
  endfacet
  facet normal -0.697738 -0.649234 0.302749
    outer loop
      vertex 19.4504 -28.8252 78.9846
      vertex 19.4504 -29.6365 77.2448
      vertex 20.9721 -30.5767 78.7356
    endloop
  endfacet
  facet normal -0.705028 0.577071 0.41222
    outer loop
      vertex 19.4853 24.525 81
      vertex 24.9596 27.4619 86.2514
      vertex 19.5994 24.6644 81
    endloop
  endfacet
  facet normal -0.705111 0.576799 0.412459
    outer loop
      vertex 21.1204 21.6341 87.838
      vertex 24.9596 27.4619 86.2514
      vertex 19.4853 24.525 81
    endloop
  endfacet
  facet normal -0.705106 0.576798 0.412467
    outer loop
      vertex 24.9596 27.4619 86.2514
      vertex 21.1204 21.6341 87.838
      vertex 24.9596 25.8904 88.449
    endloop
  endfacet
  facet normal -0.647838 -0.735807 0.197215
    outer loop
      vertex 20.9721 -30.5767 78.7356
      vertex 19.4504 -29.6365 77.2448
      vertex 21.7231 -31.2641 78.6379
    endloop
  endfacet
  facet normal -0.423039 0.875236 -0.234522
    outer loop
      vertex 19.4504 27.2118 71.0568
      vertex 22.406 27.4659 66.6737
      vertex 19.4504 26.6704 69.0363
    endloop
  endfacet
  facet normal -0.422975 0.875279 -0.234477
    outer loop
      vertex 22.406 27.4659 66.6737
      vertex 19.4504 27.2118 71.0568
      vertex 23.3093 27.8711 66.5568
    endloop
  endfacet
  facet normal -0.394965 0.914702 -0.0855795
    outer loop
      vertex 19.5213 27.4287 73.1832
      vertex 19.4504 27.3941 73.1406
      vertex 19.4955 27.4177 73.1847
    endloop
  endfacet
  facet normal -0.423071 0.875207 -0.234573
    outer loop
      vertex 21.4185 27.0228 66.8015
      vertex 19.4504 26.6704 69.0363
      vertex 22.406 27.4659 66.6737
    endloop
  endfacet
  facet normal -0.647817 -0.735847 0.197136
    outer loop
      vertex 19.4504 -30.1778 75.2243
      vertex 21.7231 -31.2641 78.6379
      vertex 19.4504 -29.6365 77.2448
    endloop
  endfacet
  facet normal -0.647834 -0.735828 0.197153
    outer loop
      vertex 21.7231 -31.2641 78.6379
      vertex 19.4504 -30.1778 75.2243
      vertex 22.7926 -32.243 78.4987
    endloop
  endfacet
  facet normal -0.603911 0.769896 0.206281
    outer loop
      vertex 24.9596 29.9857 81
      vertex 23.2833 28.6708 81
      vertex 24.9596 29.5457 82.6422
    endloop
  endfacet
  facet normal -0.336116 0.929464 -0.15206
    outer loop
      vertex 23.3093 27.8711 66.5568
      vertex 21.4973 28.2801 73.0621
      vertex 24.9596 29.5037 72.8882
    endloop
  endfacet
  facet normal -0.336125 0.929461 -0.152062
    outer loop
      vertex 21.4973 28.2801 73.0621
      vertex 23.3093 27.8711 66.5568
      vertex 19.4504 27.2118 71.0568
    endloop
  endfacet
  facet normal -0.33612 0.929463 -0.152058
    outer loop
      vertex 23.3093 27.8711 66.5568
      vertex 24.9596 29.5037 72.8882
      vertex 24.9596 28.441 66.3924
    endloop
  endfacet
  facet normal -0.703358 0.582272 0.407733
    outer loop
      vertex 21.3484 26.777 81
      vertex 24.9596 27.4619 86.2514
      vertex 24.9596 28.6617 84.538
    endloop
  endfacet
  facet normal -0.703347 0.582294 0.407722
    outer loop
      vertex 24.9596 27.4619 86.2514
      vertex 21.3484 26.777 81
      vertex 19.5994 24.6644 81
    endloop
  endfacet
  facet normal -0.519475 0.851119 0.0757807
    outer loop
      vertex 19.4955 27.4177 73.1847
      vertex 19.4504 27.3941 73.1406
      vertex 19.4837 27.4104 73.1858
    endloop
  endfacet
  facet normal -0.51808 0.85209 0.0744029
    outer loop
      vertex 19.4504 27.3941 73.1406
      vertex 19.4504 27.3899 73.1887
      vertex 19.4837 27.4104 73.1858
    endloop
  endfacet
  facet normal -0.924883 0.218113 0.311477
    outer loop
      vertex 20.4505 19.8523 87.5822
      vertex 19.4504 21.3941 83.5329
      vertex 20.3757 19.5891 87.5444
    endloop
  endfacet
  facet normal -0.951856 0.129526 0.277838
    outer loop
      vertex 20.3757 19.5891 87.5444
      vertex 19.4504 21.3941 83.5329
      vertex 20.3235 19.2958 87.5023
    endloop
  endfacet
  facet normal -0.944579 -0.138729 0.297532
    outer loop
      vertex 20.0394 -20.9345 87
      vertex 21.6032 -18.0272 93.3202
      vertex 21.4552 -17.2567 93.2096
    endloop
  endfacet
  facet normal -0.944585 -0.138707 0.297523
    outer loop
      vertex 21.6032 -18.0272 93.3202
      vertex 20.0394 -20.9345 87
      vertex 20.213 -22.1167 87
    endloop
  endfacet
  facet normal -0.944583 -0.138711 0.297525
    outer loop
      vertex 20.213 -22.1167 87
      vertex 21.7298 -18.6864 93.4148
      vertex 21.6032 -18.0272 93.3202
    endloop
  endfacet
  facet normal -0.944503 -0.138985 0.297653
    outer loop
      vertex 21.7298 -18.6864 93.4148
      vertex 20.213 -22.1167 87
      vertex 20.2502 -22.3695 87
    endloop
  endfacet
  facet normal -0.53513 -0.735186 0.416098
    outer loop
      vertex 26 -29.72 90.1813
      vertex 25.4319 -31.0506 87.0997
      vertex 26 -31.44 87.1423
    endloop
  endfacet
  facet normal -0.889228 -0.337803 0.308485
    outer loop
      vertex 24.9596 -23.7513 94.1419
      vertex 26 -28.4485 91.9973
      vertex 26 -26.1726 94.4895
    endloop
  endfacet
  facet normal -0.889233 -0.337799 0.308473
    outer loop
      vertex 24.9596 -30.253 87.0221
      vertex 26 -28.4485 91.9973
      vertex 24.9596 -23.7513 94.1419
    endloop
  endfacet
  facet normal -0.889323 -0.337609 0.308423
    outer loop
      vertex 26 -28.4485 91.9973
      vertex 24.9596 -30.253 87.0221
      vertex 25.1047 -30.6069 87.0531
    endloop
  endfacet
  facet normal -0.455278 0.820002 0.346869
    outer loop
      vertex 26 29.8758 83.2274
      vertex 24.9596 29.5457 82.6422
      vertex 26 27.7841 88.1722
    endloop
  endfacet
  facet normal -0.412101 0.88008 0.235863
    outer loop
      vertex 25.6812 30.316 81.0276
      vertex 26 30.3208 81.5667
      vertex 26 30.4172 81.207
    endloop
  endfacet
  facet normal -0.411808 0.880265 0.235687
    outer loop
      vertex 26 30.3208 81.5667
      vertex 25.6812 30.316 81.0276
      vertex 25.3938 30.1846 81.0162
    endloop
  endfacet
  facet normal -0.33781 -0.937639 -0.0819652
    outer loop
      vertex 24.9596 -33.7228 78.0636
      vertex 26 -34.0081 77.0394
      vertex 26 -34.0841 77.9088
    endloop
  endfacet
  facet normal -0.337865 -0.937613 -0.0820281
    outer loop
      vertex 26 -34.0081 77.0394
      vertex 24.9596 -33.7228 78.0636
      vertex 24.9596 -33.582 76.4542
    endloop
  endfacet
  facet normal -0.766286 -0.526313 0.368512
    outer loop
      vertex 25.1161 -30.6224 87.0545
      vertex 26 -29.72 90.1813
      vertex 26 -28.7338 91.5898
    endloop
  endfacet
  facet normal -0.766382 -0.526179 0.368501
    outer loop
      vertex 25.1687 -30.6946 87.0608
      vertex 26 -29.72 90.1813
      vertex 25.1161 -30.6224 87.0545
    endloop
  endfacet
  facet normal -0.766306 -0.526283 0.368513
    outer loop
      vertex 26 -29.72 90.1813
      vertex 25.1687 -30.6946 87.0608
      vertex 25.4319 -31.0506 87.0997
    endloop
  endfacet
  facet normal -0.469783 -0.871201 -0.142524
    outer loop
      vertex 24.9596 -32.6748 70.9088
      vertex 26 -33.6533 73.4607
      vertex 24.9596 -33.582 76.4542
    endloop
  endfacet
  facet normal -0.469807 -0.87119 -0.14251
    outer loop
      vertex 26 -33.6533 73.4607
      vertex 24.9596 -32.6748 70.9088
      vertex 26 -33.1991 70.6841
    endloop
  endfacet
  facet normal -0.332083 -0.938648 -0.0930596
    outer loop
      vertex 26 -34.0081 77.0394
      vertex 24.9596 -33.582 76.4542
      vertex 26 -33.6533 73.4607
    endloop
  endfacet
  facet normal -0.766205 -0.526405 0.368548
    outer loop
      vertex 25.1047 -30.6069 87.0531
      vertex 26 -28.7338 91.5898
      vertex 26 -28.4485 91.9973
    endloop
  endfacet
  facet normal -0.764282 -0.528775 0.369147
    outer loop
      vertex 26 -28.7338 91.5898
      vertex 25.1047 -30.6069 87.0531
      vertex 25.1161 -30.6224 87.0545
    endloop
  endfacet
  facet normal -0.860059 0.41776 0.292873
    outer loop
      vertex 25.4123 26.7652 88.5746
      vertex 24.9596 27.4619 86.2514
      vertex 25.3786 26.7022 88.5655
    endloop
  endfacet
  facet normal -0.86673 0.405716 0.290127
    outer loop
      vertex 24.9596 27.4619 86.2514
      vertex 24.9596 25.8904 88.449
      vertex 25.3786 26.7022 88.5655
    endloop
  endfacet
  facet normal -0.859656 0.418475 0.293035
    outer loop
      vertex 24.9596 27.4619 86.2514
      vertex 25.7189 27.3374 88.6567
      vertex 24.9596 28.6617 84.538
    endloop
  endfacet
  facet normal -0.859617 0.418562 0.293027
    outer loop
      vertex 25.7189 27.3374 88.6567
      vertex 24.9596 27.4619 86.2514
      vertex 25.4123 26.7652 88.5746
    endloop
  endfacet
  facet normal -0.411921 0.880168 0.235849
    outer loop
      vertex 26 30.3208 81.5667
      vertex 24.9596 29.5457 82.6422
      vertex 26 29.8758 83.2274
    endloop
  endfacet
  facet normal -0.411927 0.880167 0.235843
    outer loop
      vertex 25.3938 30.1846 81.0162
      vertex 24.9596 29.5457 82.6422
      vertex 26 30.3208 81.5667
    endloop
  endfacet
  facet normal -0.411937 0.880164 0.235839
    outer loop
      vertex 24.9901 30 81
      vertex 24.9596 29.5457 82.6422
      vertex 25.3938 30.1846 81.0162
    endloop
  endfacet
  facet normal -0.412544 0.879902 0.235755
    outer loop
      vertex 24.9596 29.5457 82.6422
      vertex 24.9901 30 81
      vertex 24.9596 29.9857 81
    endloop
  endfacet
  facet normal -0.403628 0.90292 -0.147716
    outer loop
      vertex 26 29.9582 72.8235
      vertex 24.9596 28.441 66.3924
      vertex 24.9596 29.5037 72.8882
    endloop
  endfacet
  facet normal -0.40368 0.902899 -0.147703
    outer loop
      vertex 24.9596 28.441 66.3924
      vertex 26 29.9582 72.8235
      vertex 26 28.8852 66.2643
    endloop
  endfacet
  facet normal -0.579733 0.738096 0.345144
    outer loop
      vertex 26 27.5739 88.6231
      vertex 25.7189 27.3374 88.6567
      vertex 26 27.5443 88.6864
    endloop
  endfacet
  facet normal -0.579991 0.738284 0.344307
    outer loop
      vertex 26 27.5739 88.6231
      vertex 24.9596 28.6617 84.538
      vertex 25.7189 27.3374 88.6567
    endloop
  endfacet
  facet normal -0.579872 0.73838 0.344302
    outer loop
      vertex 24.9596 28.6617 84.538
      vertex 26 27.5739 88.6231
      vertex 24.9596 29.5457 82.6422
    endloop
  endfacet
  facet normal -0.343097 0.935727 0.0818485
    outer loop
      vertex 26 30.432 81.0378
      vertex 25.6812 30.316 81.0276
      vertex 26 30.4172 81.207
    endloop
  endfacet
  facet normal -0.579564 0.738611 0.344325
    outer loop
      vertex 26 27.7841 88.1722
      vertex 24.9596 29.5457 82.6422
      vertex 26 27.5739 88.6231
    endloop
  endfacet
  facet normal 0.579885 -0.738312 -0.344424
    outer loop
      vertex 26 25.9147 88.2918
      vertex 25.8282 25.718 88.4242
      vertex 25.8058 25.7569 88.3031
    endloop
  endfacet
  facet normal 0.580078 -0.738292 -0.344144
    outer loop
      vertex 25.8282 25.718 88.4242
      vertex 26 25.9147 88.2918
      vertex 26 25.8445 88.4424
    endloop
  endfacet
  facet normal 0.859541 -0.418452 -0.293406
    outer loop
      vertex 25.8282 25.718 88.4242
      vertex 25.5685 25.2438 88.3397
      vertex 25.8058 25.7569 88.3031
    endloop
  endfacet
  facet normal 0.860087 -0.419238 -0.290671
    outer loop
      vertex 25.5685 25.2438 88.3397
      vertex 25.8282 25.718 88.4242
      vertex 25.5715 25.239 88.3555
    endloop
  endfacet
  facet normal 0.860238 -0.418965 -0.290617
    outer loop
      vertex 25.5685 25.2438 88.3397
      vertex 25.5715 25.239 88.3555
      vertex 25.5331 25.1673 88.3452
    endloop
  endfacet
  facet normal 0 -0.0878938 -0.99613
    outer loop
      vertex 25.1687 -30.6946 87.0608
      vertex 25.4606 -30.6368 87.0557
      vertex 25.544 -30.6946 87.0608
    endloop
  endfacet
  facet normal -0.000168544 -0.0870492 -0.996204
    outer loop
      vertex 25.1161 -30.6224 87.0545
      vertex 25.4606 -30.6368 87.0557
      vertex 25.1687 -30.6946 87.0608
    endloop
  endfacet
  facet normal -0.000300187 -0.0901754 -0.995926
    outer loop
      vertex 25.1047 -30.6069 87.0531
      vertex 25.4606 -30.6368 87.0557
      vertex 25.1161 -30.6224 87.0545
    endloop
  endfacet
  facet normal -4.49511e-05 -0.0871606 -0.996194
    outer loop
      vertex 25.4606 -30.6368 87.0557
      vertex 25.1047 -30.6069 87.0531
      vertex 25.159 -30.2229 87.0195
    endloop
  endfacet
  facet normal 0.000172291 -0.0871911 -0.996192
    outer loop
      vertex 24.9596 -30.253 87.0221
      vertex 25.159 -30.2229 87.0195
      vertex 25.1047 -30.6069 87.0531
    endloop
  endfacet
  facet normal 0.000230806 -0.0875759 -0.996158
    outer loop
      vertex 25.159 -30.2229 87.0195
      vertex 24.9596 -30.253 87.0221
      vertex 25.1449 -30.2036 87.0178
    endloop
  endfacet
  facet normal 9.14036e-05 -0.0870569 -0.996203
    outer loop
      vertex 25.1449 -30.2036 87.0178
      vertex 24.9596 -30.253 87.0221
      vertex 25.0614 -30 87
    endloop
  endfacet
  facet normal -0 -0.0870204 -0.996207
    outer loop
      vertex 25.0614 -30 87
      vertex 24.9596 -30.253 87.0221
      vertex 24.7789 -30 87
    endloop
  endfacet
  facet normal -8.19911e-05 -0.108868 -0.994056
    outer loop
      vertex 25.4319 -31.0506 87.0997
      vertex 26 -31.0072 87.0949
      vertex 26 -31.44 87.1423
    endloop
  endfacet
  facet normal -0.000103449 -0.108591 -0.994087
    outer loop
      vertex 26 -31.0072 87.0949
      vertex 25.4319 -31.0506 87.0997
      vertex 25.544 -30.6946 87.0608
    endloop
  endfacet
  facet normal -0 -0.108623 -0.994083
    outer loop
      vertex 25.544 -30.6946 87.0608
      vertex 25.4319 -31.0506 87.0997
      vertex 25.1687 -30.6946 87.0608
    endloop
  endfacet
  facet normal 0 0.0872073 -0.99619
    outer loop
      vertex 19.6415 -16 87
      vertex 19.7267 -15.4791 87.0456
      vertex 19.7561 -16 87
    endloop
  endfacet
  facet normal 0 0.0872073 -0.99619
    outer loop
      vertex 19.7267 -15.4791 87.0456
      vertex 19.6415 -16 87
      vertex 19.612 -15.4791 87.0456
    endloop
  endfacet
  facet normal 0 0 -1
    outer loop
      vertex 24.7789 -30 87
      vertex 24.9596 -29.732 87
      vertex 25.0614 -30 87
    endloop
  endfacet
  facet normal 0 0 -1
    outer loop
      vertex 20.92 -24.1631 87
      vertex 24.9596 -29.732 87
      vertex 24.7789 -30 87
    endloop
  endfacet
  facet normal 0 0 -1
    outer loop
      vertex 24.9596 -29.732 87
      vertex 20.92 -24.1631 87
      vertex 20.9815 -23.7149 87
    endloop
  endfacet
  facet normal 0 0 -1
    outer loop
      vertex 20.8056 -23.9485 87
      vertex 20.9815 -23.7149 87
      vertex 20.92 -24.1631 87
    endloop
  endfacet
  facet normal 0 0 -1
    outer loop
      vertex 20.5442 -23.4582 87
      vertex 20.9815 -23.7149 87
      vertex 20.8056 -23.9485 87
    endloop
  endfacet
  facet normal 0 0 -1
    outer loop
      vertex 20.9815 -23.7149 87
      vertex 20.5442 -23.4582 87
      vertex 20.616 -23.0294 87
    endloop
  endfacet
  facet normal 0 0 -1
    outer loop
      vertex 20.3067 -22.579 87
      vertex 20.616 -23.0294 87
      vertex 20.5442 -23.4582 87
    endloop
  endfacet
  facet normal 0 0 -1
    outer loop
      vertex 20.616 -23.0294 87
      vertex 20.3067 -22.579 87
      vertex 20.3906 -22.1948 87
    endloop
  endfacet
  facet normal 0 0 -1
    outer loop
      vertex 20.2502 -22.3695 87
      vertex 20.3906 -22.1948 87
      vertex 20.3067 -22.579 87
    endloop
  endfacet
  facet normal 0 0 -1
    outer loop
      vertex 20.213 -22.1167 87
      vertex 20.3906 -22.1948 87
      vertex 20.2502 -22.3695 87
    endloop
  endfacet
  facet normal 0 0 -1
    outer loop
      vertex 20.3906 -22.1948 87
      vertex 20.213 -22.1167 87
      vertex 20.3301 -21.9706 87
    endloop
  endfacet
  facet normal -0 0 -1
    outer loop
      vertex 20.3301 -21.9706 87
      vertex 20.213 -22.1167 87
      vertex 20.2902 -21.6993 87
    endloop
  endfacet
  facet normal 0 0 -1
    outer loop
      vertex 20.0394 -20.9345 87
      vertex 20.2902 -21.6993 87
      vertex 20.213 -22.1167 87
    endloop
  endfacet
  facet normal 0 0 -1
    outer loop
      vertex 20.2902 -21.6993 87
      vertex 20.0394 -20.9345 87
      vertex 20.1251 -20.5751 87
    endloop
  endfacet
  facet normal 0 0 -1
    outer loop
      vertex 19.6415 -16 87
      vertex 20.1251 -20.5751 87
      vertex 20.0394 -20.9345 87
    endloop
  endfacet
  facet normal 0 0 -1
    outer loop
      vertex 20.1251 -20.5751 87
      vertex 19.6415 -16 87
      vertex 19.7561 -16 87
    endloop
  endfacet
  facet normal 0 0.99619 -0.0872073
    outer loop
      vertex 20.2015 -13.0456 89.4791
      vertex 20.2268 -13 90
      vertex 20.3415 -13 90
    endloop
  endfacet
  facet normal 0 0.99619 -0.0872073
    outer loop
      vertex 20.2268 -13 90
      vertex 20.2015 -13.0456 89.4791
      vertex 20.0868 -13.0456 89.4791
    endloop
  endfacet
  facet normal 0 0.573616 0.819124
    outer loop
      vertex 21.0616 -14.0716 92.2981
      vertex 21.0642 -14.5 92.5981
      vertex 21.1789 -14.5 92.5981
    endloop
  endfacet
  facet normal 0 0.573616 0.819124
    outer loop
      vertex 21.0642 -14.5 92.5981
      vertex 21.0616 -14.0716 92.2981
      vertex 20.947 -14.0716 92.2981
    endloop
  endfacet
  facet normal 0 0.99619 0.0872073
    outer loop
      vertex 20.3415 -13 90
      vertex 20.3741 -13.0456 90.5209
      vertex 20.4888 -13.0456 90.5209
    endloop
  endfacet
  facet normal 0 0.99619 0.0872073
    outer loop
      vertex 20.3741 -13.0456 90.5209
      vertex 20.3415 -13 90
      vertex 20.2268 -13 90
    endloop
  endfacet
  facet normal 0 0.819124 -0.573616
    outer loop
      vertex 19.8663 -13.7019 88.0716
      vertex 19.8456 -13.4019 88.5
      vertex 19.9603 -13.4019 88.5
    endloop
  endfacet
  facet normal 0 0.819124 -0.573616
    outer loop
      vertex 19.8456 -13.4019 88.5
      vertex 19.8663 -13.7019 88.0716
      vertex 19.7516 -13.7019 88.0716
    endloop
  endfacet
  facet normal 0 0.258698 0.965958
    outer loop
      vertex 21.2781 -14.9739 92.8191
      vertex 21.2414 -15.4791 92.9544
      vertex 21.3561 -15.4791 92.9544
    endloop
  endfacet
  facet normal 0 0.258698 0.965958
    outer loop
      vertex 21.2414 -15.4791 92.9544
      vertex 21.2781 -14.9739 92.8191
      vertex 21.1634 -14.9739 92.8191
    endloop
  endfacet
  facet normal 0 0.965958 0.258698
    outer loop
      vertex 20.4888 -13.0456 90.5209
      vertex 20.5243 -13.1809 91.0261
      vertex 20.639 -13.1809 91.0261
    endloop
  endfacet
  facet normal 0 0.965958 0.258698
    outer loop
      vertex 20.5243 -13.1809 91.0261
      vertex 20.4888 -13.0456 90.5209
      vertex 20.3741 -13.0456 90.5209
    endloop
  endfacet
  facet normal 0 0.906295 0.422645
    outer loop
      vertex 20.639 -13.1809 91.0261
      vertex 20.6729 -13.4019 91.5
      vertex 20.7875 -13.4019 91.5
    endloop
  endfacet
  facet normal 0 0.906295 0.422645
    outer loop
      vertex 20.6729 -13.4019 91.5
      vertex 20.639 -13.1809 91.0261
      vertex 20.5243 -13.1809 91.0261
    endloop
  endfacet
  facet normal 0 0.707107 -0.707107
    outer loop
      vertex 19.7942 -14.0716 87.7019
      vertex 19.7516 -13.7019 88.0716
      vertex 19.8663 -13.7019 88.0716
    endloop
  endfacet
  facet normal 0 0.707107 -0.707107
    outer loop
      vertex 19.7516 -13.7019 88.0716
      vertex 19.7942 -14.0716 87.7019
      vertex 19.6795 -14.0716 87.7019
    endloop
  endfacet
  facet normal 0 0.422645 0.906295
    outer loop
      vertex 21.1789 -14.5 92.5981
      vertex 21.1634 -14.9739 92.8191
      vertex 21.2781 -14.9739 92.8191
    endloop
  endfacet
  facet normal 0 0.422645 0.906295
    outer loop
      vertex 21.1634 -14.9739 92.8191
      vertex 21.1789 -14.5 92.5981
      vertex 21.0642 -14.5 92.5981
    endloop
  endfacet
  facet normal 0 0.965958 -0.258698
    outer loop
      vertex 20.0731 -13.1809 88.9739
      vertex 20.0868 -13.0456 89.4791
      vertex 20.2015 -13.0456 89.4791
    endloop
  endfacet
  facet normal 0 0.965958 -0.258698
    outer loop
      vertex 20.0868 -13.0456 89.4791
      vertex 20.0731 -13.1809 88.9739
      vertex 19.9584 -13.1809 88.9739
    endloop
  endfacet
  facet normal -0 0.142083 0.989855
    outer loop
      vertex 25.7736 -25.1673 94.3452
      vertex 26 -26.1726 94.4895
      vertex 26 -25.1673 94.3452
    endloop
  endfacet
  facet normal 3.81201e-07 0.142116 0.98985
    outer loop
      vertex 24.9596 -23.7513 94.1419
      vertex 25.7736 -25.1673 94.3452
      vertex 24.9596 -23.2728 94.0732
    endloop
  endfacet
  facet normal -9.68316e-05 0.142062 0.989858
    outer loop
      vertex 25.7736 -25.1673 94.3452
      vertex 24.9596 -23.7513 94.1419
      vertex 26 -26.1726 94.4895
    endloop
  endfacet
  facet normal 0.000188946 0.142234 0.989833
    outer loop
      vertex 22.5156 -20.4831 93.6728
      vertex 24.9596 -23.2728 94.0732
      vertex 22.5628 -20.0677 93.6131
    endloop
  endfacet
  facet normal 5.16232e-05 0.142116 0.98985
    outer loop
      vertex 24.9596 -23.2728 94.0732
      vertex 22.5156 -20.4831 93.6728
      vertex 24.9596 -23.7513 94.1419
    endloop
  endfacet
  facet normal 0.000134935 0.14224 0.989832
    outer loop
      vertex 22.5628 -20.0677 93.6131
      vertex 22.2639 -20.0702 93.6135
      vertex 22.5156 -20.4831 93.6728
    endloop
  endfacet
  facet normal 6.64205e-05 0.142145 0.989846
    outer loop
      vertex 22.0843 -19.7757 93.5712
      vertex 22.5628 -20.0677 93.6131
      vertex 22.1428 -19.3788 93.5142
    endloop
  endfacet
  facet normal 0.000134811 0.142255 0.98983
    outer loop
      vertex 22.5628 -20.0677 93.6131
      vertex 22.0843 -19.7757 93.5712
      vertex 22.2639 -20.0702 93.6135
    endloop
  endfacet
  facet normal 0.000277254 0.142087 0.989854
    outer loop
      vertex 21.9108 -19.2425 93.4947
      vertex 22.1428 -19.3788 93.5142
      vertex 21.9788 -18.8748 93.4419
    endloop
  endfacet
  facet normal 0.000292342 0.142112 0.98985
    outer loop
      vertex 22.1428 -19.3788 93.5142
      vertex 21.9108 -19.2425 93.4947
      vertex 22.0843 -19.7757 93.5712
    endloop
  endfacet
  facet normal -0.00018933 0.142132 0.989848
    outer loop
      vertex 21.7298 -18.6864 93.4148
      vertex 21.9788 -18.8748 93.4419
      vertex 21.7975 -18.3179 93.3619
    endloop
  endfacet
  facet normal -0.000162653 0.142167 0.989843
    outer loop
      vertex 21.9788 -18.8748 93.4419
      vertex 21.7298 -18.6864 93.4148
      vertex 21.9108 -19.2425 93.4947
    endloop
  endfacet
  facet normal 0.000208508 0.14213 0.989848
    outer loop
      vertex 21.6032 -18.0272 93.3202
      vertex 21.7975 -18.3179 93.3619
      vertex 21.6702 -17.6554 93.2668
    endloop
  endfacet
  facet normal 0.000125576 0.142076 0.989856
    outer loop
      vertex 21.7975 -18.3179 93.3619
      vertex 21.6032 -18.0272 93.3202
      vertex 21.7298 -18.6864 93.4148
    endloop
  endfacet
  facet normal -6.26073e-05 0.141979 0.98987
    outer loop
      vertex 21.4552 -17.2567 93.2096
      vertex 21.6702 -17.6554 93.2668
      vertex 21.53 -16.9255 93.1621
    endloop
  endfacet
  facet normal 0.000219224 0.142128 0.989848
    outer loop
      vertex 21.6702 -17.6554 93.2668
      vertex 21.4552 -17.2567 93.2096
      vertex 21.6032 -18.0272 93.3202
    endloop
  endfacet
  facet normal -0 0.14214 0.989847
    outer loop
      vertex 21.2414 -15.4791 92.9544
      vertex 21.53 -16.9255 93.1621
      vertex 21.3561 -15.4791 92.9544
    endloop
  endfacet
  facet normal -0.00041892 0.142058 0.989858
    outer loop
      vertex 21.53 -16.9255 93.1621
      vertex 21.2414 -15.4791 92.9544
      vertex 21.4552 -17.2567 93.2096
    endloop
  endfacet
  facet normal 0 0.573616 -0.819124
    outer loop
      vertex 19.746 -14.5 87.4019
      vertex 19.6795 -14.0716 87.7019
      vertex 19.7942 -14.0716 87.7019
    endloop
  endfacet
  facet normal 0 0.573616 -0.819124
    outer loop
      vertex 19.6795 -14.0716 87.7019
      vertex 19.746 -14.5 87.4019
      vertex 19.6313 -14.5 87.4019
    endloop
  endfacet
  facet normal 0 0.906295 -0.422645
    outer loop
      vertex 19.9603 -13.4019 88.5
      vertex 19.9584 -13.1809 88.9739
      vertex 20.0731 -13.1809 88.9739
    endloop
  endfacet
  facet normal 0 0.906295 -0.422645
    outer loop
      vertex 19.9584 -13.1809 88.9739
      vertex 19.9603 -13.4019 88.5
      vertex 19.8456 -13.4019 88.5
    endloop
  endfacet
  facet normal 0 0.258698 -0.965958
    outer loop
      vertex 19.612 -15.4791 87.0456
      vertex 19.7233 -14.9739 87.1809
      vertex 19.7267 -15.4791 87.0456
    endloop
  endfacet
  facet normal 0 0.258698 -0.965958
    outer loop
      vertex 19.7233 -14.9739 87.1809
      vertex 19.612 -15.4791 87.0456
      vertex 19.6086 -14.9739 87.1809
    endloop
  endfacet
  facet normal 0 0.422645 -0.906295
    outer loop
      vertex 19.7233 -14.9739 87.1809
      vertex 19.6313 -14.5 87.4019
      vertex 19.746 -14.5 87.4019
    endloop
  endfacet
  facet normal 0 0.422645 -0.906295
    outer loop
      vertex 19.6313 -14.5 87.4019
      vertex 19.7233 -14.9739 87.1809
      vertex 19.6086 -14.9739 87.1809
    endloop
  endfacet
  facet normal 0 0.819124 0.573616
    outer loop
      vertex 20.7875 -13.4019 91.5
      vertex 20.8152 -13.7019 91.9284
      vertex 20.9299 -13.7019 91.9284
    endloop
  endfacet
  facet normal 0 0.819124 0.573616
    outer loop
      vertex 20.8152 -13.7019 91.9284
      vertex 20.7875 -13.4019 91.5
      vertex 20.6729 -13.4019 91.5
    endloop
  endfacet
  facet normal 0 0.707107 0.707107
    outer loop
      vertex 20.9299 -13.7019 91.9284
      vertex 20.947 -14.0716 92.2981
      vertex 21.0616 -14.0716 92.2981
    endloop
  endfacet
  facet normal 0 0.707107 0.707107
    outer loop
      vertex 20.947 -14.0716 92.2981
      vertex 20.9299 -13.7019 91.9284
      vertex 20.8152 -13.7019 91.9284
    endloop
  endfacet
  facet normal 0.0001223 0.394124 -0.919057
    outer loop
      vertex 24.9596 -32.6748 70.9088
      vertex 26 -32.8204 70.8465
      vertex 26 -33.1991 70.6841
    endloop
  endfacet
  facet normal 0.0001223 0.394124 -0.919057
    outer loop
      vertex 24.9596 -32.6748 70.9088
      vertex 24.9596 -32.2961 71.0712
      vertex 26 -32.8204 70.8465
    endloop
  endfacet
  facet normal 0.000115071 0.394124 -0.919057
    outer loop
      vertex 24.9596 -32.6748 70.9088
      vertex 21.4681 -30.8029 71.7111
      vertex 24.9596 -32.2961 71.0712
    endloop
  endfacet
  facet normal 0 0.393943 -0.919135
    outer loop
      vertex 21.4681 -30.8029 71.7111
      vertex 24.9596 -32.6748 70.9088
      vertex 20.5825 -30.8029 71.7111
    endloop
  endfacet
  facet normal -2.60342e-05 -0.393891 0.919157
    outer loop
      vertex 24.9596 -33.7228 78.0636
      vertex 26 -33.6986 78.074
      vertex 24.9596 -33.3373 78.2288
    endloop
  endfacet
  facet normal -2.60342e-05 -0.393891 0.919157
    outer loop
      vertex 26 -33.6986 78.074
      vertex 24.9596 -33.7228 78.0636
      vertex 26 -34.0841 77.9088
    endloop
  endfacet
  facet normal 0.000164354 -0.393977 0.91912
    outer loop
      vertex 24.5641 -33.5199 78.1506
      vertex 24.9596 -33.3373 78.2288
      vertex 24.7621 -33.2359 78.2723
    endloop
  endfacet
  facet normal 1.74359e-05 -0.393891 0.919157
    outer loop
      vertex 24.5641 -33.5199 78.1506
      vertex 24.7621 -33.2359 78.2723
      vertex 24.7019 -33.2051 78.2855
    endloop
  endfacet
  facet normal -0.00178845 -0.393222 0.919442
    outer loop
      vertex 24.5641 -33.5199 78.1506
      vertex 24.7019 -33.2051 78.2855
      vertex 24.6909 -33.1971 78.2889
    endloop
  endfacet
  facet normal 0.000117076 -0.393891 0.919157
    outer loop
      vertex 24.9596 -33.3373 78.2288
      vertex 24.5641 -33.5199 78.1506
      vertex 24.9596 -33.7228 78.0636
    endloop
  endfacet
  facet normal 0 -0.393816 0.919189
    outer loop
      vertex 24.5641 -33.5199 78.1506
      vertex 24.6909 -33.1971 78.2889
      vertex 24.1224 -33.1971 78.2889
    endloop
  endfacet
  facet normal 0 -0.258543 0.966
    outer loop
      vertex 24.5867 -33.122 78.309
      vertex 24.1224 -33.1971 78.2889
      vertex 24.6909 -33.1971 78.2889
    endloop
  endfacet
  facet normal 4.4143e-05 -0.258798 0.965932
    outer loop
      vertex 23.873 -32.6078 78.4468
      vertex 24.1224 -33.1971 78.2889
      vertex 24.5867 -33.122 78.309
    endloop
  endfacet
  facet normal 5.32179e-06 -0.258813 0.965927
    outer loop
      vertex 23.873 -32.6078 78.4468
      vertex 23.3513 -32.6414 78.4378
      vertex 24.1224 -33.1971 78.2889
    endloop
  endfacet
  facet normal 0 -0.258736 0.965948
    outer loop
      vertex 23.3513 -32.6414 78.4378
      vertex 23.873 -32.6078 78.4468
      vertex 23.3046 -32.6078 78.4468
    endloop
  endfacet
  facet normal 0 -0.087204 0.99619
    outer loop
      vertex 13.6787 -18 80.5
      vertex 13.5513 -18.4341 80.462
      vertex 13.7549 -18.4341 80.462
    endloop
  endfacet
  facet normal 0 -0.087204 0.99619
    outer loop
      vertex 13.5513 -18.4341 80.462
      vertex 13.6787 -18 80.5
      vertex 13.4752 -18 80.5
    endloop
  endfacet
  facet normal 0 0.818759 -0.574137
    outer loop
      vertex 11.4523 -15.8863 76.6767
      vertex 11.2767 -15.8349 76.75
      vertex 11.482 -15.8349 76.75
    endloop
  endfacet
  facet normal 0.000251613 0.819043 -0.573733
    outer loop
      vertex 11.2767 -15.8349 76.75
      vertex 11.4523 -15.8863 76.6767
      vertex 11.2547 -15.873 76.6956
    endloop
  endfacet
  facet normal 0.000279114 0.819177 -0.57354
    outer loop
      vertex 11.3639 -16.0849 76.393
      vertex 11.2547 -15.873 76.6956
      vertex 11.4523 -15.8863 76.6767
    endloop
  endfacet
  facet normal 0 0.81913 -0.573608
    outer loop
      vertex 11.2547 -15.873 76.6956
      vertex 11.3639 -16.0849 76.393
      vertex 11.1603 -16.0849 76.393
    endloop
  endfacet
  facet normal 0 -0.140835 0.990033
    outer loop
      vertex 22.9101 -31.9217 78.5444
      vertex 23.3046 -32.6078 78.4468
      vertex 23.873 -32.6078 78.4468
    endloop
  endfacet
  facet normal 1.96222e-05 -0.140824 0.990035
    outer loop
      vertex 22.9101 -31.9217 78.5444
      vertex 22.7926 -32.243 78.4987
      vertex 23.3046 -32.6078 78.4468
    endloop
  endfacet
  facet normal -1.14473e-05 -0.140788 0.99004
    outer loop
      vertex 21.7231 -31.2641 78.6379
      vertex 22.9101 -31.9217 78.5444
      vertex 21.9481 -31.0412 78.6696
    endloop
  endfacet
  facet normal -2.32479e-05 -0.140809 0.990037
    outer loop
      vertex 22.9101 -31.9217 78.5444
      vertex 21.7231 -31.2641 78.6379
      vertex 22.7926 -32.243 78.4987
    endloop
  endfacet
  facet normal -4.42662e-05 -0.140766 0.990043
    outer loop
      vertex 20.9721 -30.5767 78.7356
      vertex 21.9481 -31.0412 78.6696
      vertex 21.1503 -30.3109 78.7734
    endloop
  endfacet
  facet normal -4.07314e-05 -0.140759 0.990044
    outer loop
      vertex 21.9481 -31.0412 78.6696
      vertex 20.9721 -30.5767 78.7356
      vertex 21.7231 -31.2641 78.6379
    endloop
  endfacet
  facet normal -1.97573e-06 -0.140794 0.990039
    outer loop
      vertex 20.7672 -29.87 78.8361
      vertex 20.9721 -30.5767 78.7356
      vertex 21.1503 -30.3109 78.7734
    endloop
  endfacet
  facet normal -8.28642e-05 -0.140821 0.990035
    outer loop
      vertex 19.4504 -28.8252 78.9846
      vertex 20.7672 -29.87 78.8361
      vertex 19.5475 -28.466 79.0357
    endloop
  endfacet
  facet normal -0.000129208 -0.140917 0.990021
    outer loop
      vertex 19.1618 -28.4804 79.0336
      vertex 19.5475 -28.466 79.0357
      vertex 19.4504 -28.3254 79.0557
    endloop
  endfacet
  facet normal -7.93822e-05 -0.140816 0.990036
    outer loop
      vertex 20.7672 -29.87 78.8361
      vertex 19.4504 -28.8252 78.9846
      vertex 20.9721 -30.5767 78.7356
    endloop
  endfacet
  facet normal -0.000133405 -0.140807 0.990037
    outer loop
      vertex 19.5475 -28.466 79.0357
      vertex 19.1618 -28.4804 79.0336
      vertex 19.4504 -28.8252 78.9846
    endloop
  endfacet
  facet normal -0.00015023 -0.140879 0.990027
    outer loop
      vertex 19.4504 -28.3254 79.0557
      vertex 17.3478 -26.0596 79.3778
      vertex 19.1618 -28.4804 79.0336
    endloop
  endfacet
  facet normal -0.000114489 -0.140846 0.990031
    outer loop
      vertex 16.9602 -25.0021 79.5282
      vertex 17.3478 -26.0596 79.3778
      vertex 19.4504 -28.3254 79.0557
    endloop
  endfacet
  facet normal 5.9462e-05 -0.140784 0.99004
    outer loop
      vertex 16.9602 -25.0021 79.5282
      vertex 16.4207 -24.8223 79.5538
      vertex 17.3478 -26.0596 79.3778
    endloop
  endfacet
  facet normal 0.000103782 -0.140654 0.990059
    outer loop
      vertex 16.4087 -24.1888 79.6438
      vertex 16.4207 -24.8223 79.5538
      vertex 16.9602 -25.0021 79.5282
    endloop
  endfacet
  facet normal 3.61804e-05 -0.140655 0.990059
    outer loop
      vertex 16.4087 -24.1888 79.6438
      vertex 15.7497 -23.8328 79.6944
      vertex 16.4207 -24.8223 79.5538
    endloop
  endfacet
  facet normal -3.80248e-05 -0.140789 0.99004
    outer loop
      vertex 14.9518 -21.9494 79.9622
      vertex 15.7497 -23.8328 79.6944
      vertex 16.4087 -24.1888 79.6438
    endloop
  endfacet
  facet normal 0 -0.140774 0.990042
    outer loop
      vertex 15.7497 -23.8328 79.6944
      vertex 14.9518 -21.9494 79.9622
      vertex 14.5244 -21.9494 79.9622
    endloop
  endfacet
  facet normal 0 -0.140678 0.990055
    outer loop
      vertex 13.8667 -19.1795 80.356
      vertex 13.8856 -20.131 80.2208
      vertex 14.0919 -20.131 80.2208
    endloop
  endfacet
  facet normal 3.84977e-05 -0.140783 0.99004
    outer loop
      vertex 13.6679 -19.2112 80.3515
      vertex 13.8667 -19.1795 80.356
      vertex 13.7549 -18.4341 80.462
    endloop
  endfacet
  facet normal 2.13395e-05 -0.140678 0.990055
    outer loop
      vertex 13.8667 -19.1795 80.356
      vertex 13.6679 -19.2112 80.3515
      vertex 13.8856 -20.131 80.2208
    endloop
  endfacet
  facet normal 0 -0.140779 0.990041
    outer loop
      vertex 13.6679 -19.2112 80.3515
      vertex 13.7549 -18.4341 80.462
      vertex 13.5513 -18.4341 80.462
    endloop
  endfacet
  facet normal 0 0.906312 0.422608
    outer loop
      vertex 12.5758 -15.7097 78.9815
      vertex 12.5208 -15.8349 79.25
      vertex 12.7261 -15.8349 79.25
    endloop
  endfacet
  facet normal -0 0.906549 0.422101
    outer loop
      vertex 12.2997 -15.6508 78.855
      vertex 12.5758 -15.7097 78.9815
      vertex 12.505 -15.6508 78.855
    endloop
  endfacet
  facet normal -0.000258744 0.906333 0.422565
    outer loop
      vertex 12.5758 -15.7097 78.9815
      vertex 12.2997 -15.6508 78.855
      vertex 12.5208 -15.8349 79.25
    endloop
  endfacet
  facet normal -6.26205e-05 0.0876453 0.996152
    outer loop
      vertex 13.4012 -17.7115 80.4748
      vertex 13.5931 -17.6659 80.4708
      vertex 13.5674 -17.5659 80.462
    endloop
  endfacet
  facet normal 8.27661e-05 0.0870381 0.996205
    outer loop
      vertex 13.4752 -18 80.5
      vertex 13.5931 -17.6659 80.4708
      vertex 13.4012 -17.7115 80.4748
    endloop
  endfacet
  facet normal 0 0.0870671 0.996202
    outer loop
      vertex 13.5931 -17.6659 80.4708
      vertex 13.4752 -18 80.5
      vertex 13.6787 -18 80.5
    endloop
  endfacet
  facet normal 0 0.0875743 0.996158
    outer loop
      vertex 13.4012 -17.7115 80.4748
      vertex 13.5674 -17.5659 80.462
      vertex 13.3639 -17.5659 80.462
    endloop
  endfacet
  facet normal 0 0.707107 -0.707107
    outer loop
      vertex 11.2877 -16.393 76.0849
      vertex 11.1603 -16.0849 76.393
      vertex 11.3639 -16.0849 76.393
    endloop
  endfacet
  facet normal 0 0.707107 -0.707107
    outer loop
      vertex 11.1603 -16.0849 76.393
      vertex 11.2877 -16.393 76.0849
      vertex 11.0842 -16.393 76.0849
    endloop
  endfacet
  facet normal 0 0.277189 -0.960816
    outer loop
      vertex 20.5825 -30.8029 71.7111
      vertex 20.2093 -30.2528 71.8698
      vertex 21.4681 -30.8029 71.7111
    endloop
  endfacet
  facet normal 0.000140082 0.277276 -0.96079
    outer loop
      vertex 20.1712 -30.6232 71.7629
      vertex 20.2093 -30.2528 71.8698
      vertex 20.5825 -30.8029 71.7111
    endloop
  endfacet
  facet normal 0.000456283 0.277246 -0.960799
    outer loop
      vertex 20.1712 -30.6232 71.7629
      vertex 20.0237 -30.1565 71.8975
      vertex 20.2093 -30.2528 71.8698
    endloop
  endfacet
  facet normal -1.04893e-05 0.27711 -0.960838
    outer loop
      vertex 19.4504 -30.2491 71.8708
      vertex 20.0237 -30.1565 71.8975
      vertex 20.1712 -30.6232 71.7629
    endloop
  endfacet
  facet normal -3.61638e-05 0.277257 -0.960796
    outer loop
      vertex 19.4504 -30.2491 71.8708
      vertex 19.4504 -29.8589 71.9834
      vertex 20.0237 -30.1565 71.8975
    endloop
  endfacet
  facet normal 0.000103103 0.277257 -0.960796
    outer loop
      vertex 16.5726 -27.4896 72.6668
      vertex 19.4504 -29.8589 71.9834
      vertex 19.4504 -30.2491 71.8708
    endloop
  endfacet
  facet normal 7.09765e-06 0.277149 -0.960827
    outer loop
      vertex 19.4504 -29.8589 71.9834
      vertex 16.5726 -27.4896 72.6668
      vertex 16.8277 -27.344 72.7088
    endloop
  endfacet
  facet normal -1.74984e-05 0.277189 -0.960815
    outer loop
      vertex 16.5726 -27.4896 72.6668
      vertex 15.6664 -26.1385 73.0566
      vertex 16.8277 -27.344 72.7088
    endloop
  endfacet
  facet normal 0.000102362 0.277263 -0.960794
    outer loop
      vertex 14.2842 -25.114 73.3521
      vertex 15.6664 -26.1385 73.0566
      vertex 16.5726 -27.4896 72.6668
    endloop
  endfacet
  facet normal -7.67512e-05 0.27704 -0.960858
    outer loop
      vertex 14.2842 -25.114 73.3521
      vertex 14.2842 -24.7037 73.4704
      vertex 15.6664 -26.1385 73.0566
    endloop
  endfacet
  facet normal -0.000103151 0.27704 -0.960858
    outer loop
      vertex 13.9432 -24.6466 73.4869
      vertex 14.2842 -24.7037 73.4704
      vertex 14.2842 -25.114 73.3521
    endloop
  endfacet
  facet normal -9.99117e-05 0.277058 -0.960853
    outer loop
      vertex 14.2842 -24.7037 73.4704
      vertex 13.9432 -24.6466 73.4869
      vertex 14.0032 -24.3185 73.5815
    endloop
  endfacet
  facet normal -0.00052782 0.27713 -0.960832
    outer loop
      vertex 13.8896 -24.5732 73.5081
      vertex 14.0032 -24.3185 73.5815
      vertex 13.9432 -24.6466 73.4869
    endloop
  endfacet
  facet normal -0.00017996 0.276987 -0.960874
    outer loop
      vertex 13.8231 -24.4605 73.5406
      vertex 14.0032 -24.3185 73.5815
      vertex 13.8896 -24.5732 73.5081
    endloop
  endfacet
  facet normal -0.000475292 0.277333 -0.960774
    outer loop
      vertex 14.0032 -24.3185 73.5815
      vertex 13.8231 -24.4605 73.5406
      vertex 13.9588 -24.2434 73.6032
    endloop
  endfacet
  facet normal -0.000109022 0.277121 -0.960835
    outer loop
      vertex 13.8231 -24.4605 73.5406
      vertex 13.7092 -23.8205 73.7252
      vertex 13.9588 -24.2434 73.6032
    endloop
  endfacet
  facet normal 0 0.277139 -0.96083
    outer loop
      vertex 13.7092 -23.8205 73.7252
      vertex 13.8231 -24.4605 73.5406
      vertex 13.4453 -23.8205 73.7252
    endloop
  endfacet
  facet normal 0 0.27714 -0.960829
    outer loop
      vertex 12.387 -21.7666 74.3176
      vertex 12.4684 -21.431 74.4144
      vertex 12.6271 -21.7666 74.3176
    endloop
  endfacet
  facet normal -0.00017005 0.277178 -0.960818
    outer loop
      vertex 12.2993 -21.5812 74.3711
      vertex 12.4684 -21.431 74.4144
      vertex 12.387 -21.7666 74.3176
    endloop
  endfacet
  facet normal -0.000126061 0.277133 -0.960832
    outer loop
      vertex 12.0881 -21.0075 74.5366
      vertex 12.4684 -21.431 74.4144
      vertex 12.2993 -21.5812 74.3711
    endloop
  endfacet
  facet normal -6.87609e-05 0.27718 -0.960818
    outer loop
      vertex 12.4684 -21.431 74.4144
      vertex 12.0881 -21.0075 74.5366
      vertex 12.1317 -20.5163 74.6783
    endloop
  endfacet
  facet normal 0.000104378 0.277166 -0.960822
    outer loop
      vertex 11.7547 -20.1019 74.7978
      vertex 12.1317 -20.5163 74.6783
      vertex 12.0881 -21.0075 74.5366
    endloop
  endfacet
  facet normal -1.49397e-05 0.277066 -0.960851
    outer loop
      vertex 12.1317 -20.5163 74.6783
      vertex 11.7547 -20.1019 74.7978
      vertex 11.9429 -20.0034 74.8262
    endloop
  endfacet
  facet normal -4.3308e-05 0.277116 -0.960837
    outer loop
      vertex 11.6455 -19.7382 74.9027
      vertex 11.9429 -20.0034 74.8262
      vertex 11.7547 -20.1019 74.7978
    endloop
  endfacet
  facet normal 0.00018294 0.27735 -0.960769
    outer loop
      vertex 11.9429 -20.0034 74.8262
      vertex 11.6455 -19.7382 74.9027
      vertex 11.8247 -19.6098 74.9398
    endloop
  endfacet
  facet normal 0.000258011 0.277253 -0.960797
    outer loop
      vertex 11.2722 -18.3555 75.3016
      vertex 11.8247 -19.6098 74.9398
      vertex 11.6455 -19.7382 74.9027
    endloop
  endfacet
  facet normal 5.33826e-05 0.27717 -0.960821
    outer loop
      vertex 11.8247 -19.6098 74.9398
      vertex 11.2722 -18.3555 75.3016
      vertex 11.4647 -18.2765 75.3244
    endloop
  endfacet
  facet normal 7.07127e-05 0.277131 -0.960832
    outer loop
      vertex 11.4647 -18.2765 75.3244
      vertex 11.2722 -18.3555 75.3016
      vertex 11.3409 -17.5678 75.5288
    endloop
  endfacet
  facet normal 6.82636e-05 0.277131 -0.960832
    outer loop
      vertex 11.1318 -17.5518 75.5334
      vertex 11.3409 -17.5678 75.5288
      vertex 11.2722 -18.3555 75.3016
    endloop
  endfacet
  facet normal 7.33433e-05 0.277193 -0.960814
    outer loop
      vertex 11.3409 -17.5678 75.5288
      vertex 11.1318 -17.5518 75.5334
      vertex 11.2671 -17.1449 75.6508
    endloop
  endfacet
  facet normal 0 0.277215 -0.960808
    outer loop
      vertex 11.2671 -17.1449 75.6508
      vertex 11.1318 -17.5518 75.5334
      vertex 11.0608 -17.1449 75.6508
    endloop
  endfacet
  facet normal 0 0.259173 0.965831
    outer loop
      vertex 13.5336 -17.4664 80.4353
      vertex 13.3639 -17.5659 80.462
      vertex 13.5674 -17.5659 80.462
    endloop
  endfacet
  facet normal 0.000128784 0.258723 0.965952
    outer loop
      vertex 13.3219 -17.4424 80.4289
      vertex 13.5336 -17.4664 80.4353
      vertex 13.4479 -17.1449 80.3492
    endloop
  endfacet
  facet normal 0.000153701 0.258928 0.965897
    outer loop
      vertex 13.5336 -17.4664 80.4353
      vertex 13.3219 -17.4424 80.4289
      vertex 13.3639 -17.5659 80.462
    endloop
  endfacet
  facet normal 0 0.258774 0.965938
    outer loop
      vertex 13.3219 -17.4424 80.4289
      vertex 13.4479 -17.1449 80.3492
      vertex 13.2426 -17.1449 80.3492
    endloop
  endfacet
  facet normal 0 0.996187 0.0872488
    outer loop
      vertex 12.1037 -15.5076 78.087
      vertex 12.0752 -15.538 78.4341
      vertex 12.2805 -15.538 78.4341
    endloop
  endfacet
  facet normal -0 0.996206 0.0870249
    outer loop
      vertex 11.8541 -15.5 78
      vertex 12.1037 -15.5076 78.087
      vertex 12.0594 -15.5 78
    endloop
  endfacet
  facet normal -7.64615e-05 0.996187 0.0872426
    outer loop
      vertex 12.1037 -15.5076 78.087
      vertex 11.8541 -15.5 78
      vertex 12.0752 -15.538 78.4341
    endloop
  endfacet
  facet normal 0 0.906388 -0.422446
    outer loop
      vertex 11.482 -15.8349 76.75
      vertex 11.4487 -15.6508 77.145
      vertex 11.654 -15.6508 77.145
    endloop
  endfacet
  facet normal 0 0.906388 -0.422446
    outer loop
      vertex 11.4487 -15.6508 77.145
      vertex 11.482 -15.8349 76.75
      vertex 11.2767 -15.8349 76.75
    endloop
  endfacet
  facet normal 0 0.707107 0.707107
    outer loop
      vertex 12.9371 -16.0849 79.607
      vertex 12.9263 -16.393 79.9151
      vertex 13.1316 -16.393 79.9151
    endloop
  endfacet
  facet normal 0 0.707107 0.707107
    outer loop
      vertex 12.9263 -16.393 79.9151
      vertex 12.9371 -16.0849 79.607
      vertex 12.7318 -16.0849 79.607
    endloop
  endfacet
  facet normal 0 0.965914 -0.258862
    outer loop
      vertex 11.654 -15.6508 77.145
      vertex 11.6431 -15.538 77.5659
      vertex 11.8484 -15.538 77.5659
    endloop
  endfacet
  facet normal 0 0.965914 -0.258862
    outer loop
      vertex 11.6431 -15.538 77.5659
      vertex 11.654 -15.6508 77.145
      vertex 11.4487 -15.6508 77.145
    endloop
  endfacet
  facet normal 0 0.99619 -0.087204
    outer loop
      vertex 11.8484 -15.538 77.5659
      vertex 11.8541 -15.5 78
      vertex 12.0594 -15.5 78
    endloop
  endfacet
  facet normal -5.99413e-06 0.99619 -0.0872039
    outer loop
      vertex 11.8541 -15.5 78
      vertex 11.8484 -15.538 77.5659
      vertex 11.6731 -15.5326 77.6276
    endloop
  endfacet
  facet normal 0 0.996192 -0.087187
    outer loop
      vertex 11.6731 -15.5326 77.6276
      vertex 11.8484 -15.538 77.5659
      vertex 11.6431 -15.538 77.5659
    endloop
  endfacet
  facet normal -0.000230545 0.422464 0.906379
    outer loop
      vertex 13.2279 -17.1049 80.3305
      vertex 13.4479 -17.1449 80.3492
      vertex 13.3036 -16.75 80.1651
    endloop
  endfacet
  facet normal 0 0.423505 0.905894
    outer loop
      vertex 13.4479 -17.1449 80.3492
      vertex 13.2279 -17.1049 80.3305
      vertex 13.2426 -17.1449 80.3492
    endloop
  endfacet
  facet normal 0 0.422424 0.906398
    outer loop
      vertex 13.2279 -17.1049 80.3305
      vertex 13.3036 -16.75 80.1651
      vertex 13.0983 -16.75 80.1651
    endloop
  endfacet
  facet normal 0 0.573153 -0.819448
    outer loop
      vertex 11.2839 -16.4286 76.06
      vertex 11.0842 -16.393 76.0849
      vertex 11.2877 -16.393 76.0849
    endloop
  endfacet
  facet normal -9.91581e-05 0.573675 -0.819083
    outer loop
      vertex 11.0732 -16.4946 76.0138
      vertex 11.2839 -16.4286 76.06
      vertex 11.2491 -16.75 75.8349
    endloop
  endfacet
  facet normal 5.22936e-05 0.57335 -0.81931
    outer loop
      vertex 11.2839 -16.4286 76.06
      vertex 11.0732 -16.4946 76.0138
      vertex 11.0842 -16.393 76.0849
    endloop
  endfacet
  facet normal 0 0.573721 -0.819051
    outer loop
      vertex 11.0732 -16.4946 76.0138
      vertex 11.2491 -16.75 75.8349
      vertex 11.0455 -16.75 75.8349
    endloop
  endfacet
  facet normal 0 0.819124 0.573616
    outer loop
      vertex 12.7261 -15.8349 79.25
      vertex 12.7318 -16.0849 79.607
      vertex 12.9371 -16.0849 79.607
    endloop
  endfacet
  facet normal 0 0.819124 0.573616
    outer loop
      vertex 12.7318 -16.0849 79.607
      vertex 12.7261 -15.8349 79.25
      vertex 12.5208 -15.8349 79.25
    endloop
  endfacet
  facet normal 0 0.965914 0.258862
    outer loop
      vertex 12.2805 -15.538 78.4341
      vertex 12.2997 -15.6508 78.855
      vertex 12.505 -15.6508 78.855
    endloop
  endfacet
  facet normal 0 0.965914 0.258862
    outer loop
      vertex 12.2997 -15.6508 78.855
      vertex 12.2805 -15.538 78.4341
      vertex 12.0752 -15.538 78.4341
    endloop
  endfacet
  facet normal 0 0.422639 -0.906298
    outer loop
      vertex 11.0608 -17.1449 75.6508
      vertex 11.2491 -16.9637 75.7353
      vertex 11.2671 -17.1449 75.6508
    endloop
  endfacet
  facet normal -9.06937e-05 0.422716 -0.906262
    outer loop
      vertex 11.0455 -16.9914 75.7224
      vertex 11.2491 -16.9637 75.7353
      vertex 11.0608 -17.1449 75.6508
    endloop
  endfacet
  facet normal -4.03878e-05 0.422413 -0.906404
    outer loop
      vertex 11.0455 -16.75 75.8349
      vertex 11.2491 -16.9637 75.7353
      vertex 11.0455 -16.9914 75.7224
    endloop
  endfacet
  facet normal 0 0.422444 -0.906389
    outer loop
      vertex 11.2491 -16.9637 75.7353
      vertex 11.0455 -16.75 75.8349
      vertex 11.2491 -16.75 75.8349
    endloop
  endfacet
  facet normal 0 0.573616 0.819124
    outer loop
      vertex 13.1316 -16.393 79.9151
      vertex 13.0983 -16.75 80.1651
      vertex 13.3036 -16.75 80.1651
    endloop
  endfacet
  facet normal 0 0.573616 0.819124
    outer loop
      vertex 13.0983 -16.75 80.1651
      vertex 13.1316 -16.393 79.9151
      vertex 12.9263 -16.393 79.9151
    endloop
  endfacet
  facet normal -0.799465 -0.598426 0.0523653
    outer loop
      vertex 13.4277 -24.5498 71.2943
      vertex 12.111 -22.839 70.743
      vertex 12.2425 -23.087 69.9165
    endloop
  endfacet
  facet normal -0.799464 -0.598429 0.0523526
    outer loop
      vertex 12.111 -22.839 70.743
      vertex 13.4277 -24.5498 71.2943
      vertex 13.2401 -24.196 72.4737
    endloop
  endfacet
  facet normal -0.749439 0.659557 0.0576667
    outer loop
      vertex 12.5812 20.6827 71.9309
      vertex 13.9323 22.0777 73.5347
      vertex 12.6491 20.7916 71.5678
    endloop
  endfacet
  facet normal -0.749709 0.659203 0.0582013
    outer loop
      vertex 13.9323 22.0777 73.5347
      vertex 12.5812 20.6827 71.9309
      vertex 13.9177 22.0542 73.6128
    endloop
  endfacet
  facet normal -0.796427 0.584132 0.156505
    outer loop
      vertex 12.5454 20.2258 73.4539
      vertex 13.9013 21.8457 74.3078
      vertex 13.9154 22.0256 73.7081
    endloop
  endfacet
  facet normal -0.796424 0.584143 0.15648
    outer loop
      vertex 13.5836 21.2654 74.8571
      vertex 13.9013 21.8457 74.3078
      vertex 12.5454 20.2258 73.4539
    endloop
  endfacet
  facet normal -0.796486 0.584085 0.156382
    outer loop
      vertex 13.9013 21.8457 74.3078
      vertex 13.5836 21.2654 74.8571
      vertex 13.8806 21.7794 74.45
    endloop
  endfacet
  facet normal -0.796007 0.584502 0.157258
    outer loop
      vertex 13.8806 21.7794 74.45
      vertex 13.5836 21.2654 74.8571
      vertex 13.8399 21.6894 74.5785
    endloop
  endfacet
  facet normal -0.796694 0.583957 0.155796
    outer loop
      vertex 13.8399 21.6894 74.5785
      vertex 13.5836 21.2654 74.8571
      vertex 13.7803 21.5785 74.6894
    endloop
  endfacet
  facet normal -0.795464 0.584814 0.15884
    outer loop
      vertex 13.7803 21.5785 74.6894
      vertex 13.5836 21.2654 74.8571
      vertex 13.7038 21.45 74.7794
    endloop
  endfacet
  facet normal -0.796426 0.58413 0.156519
    outer loop
      vertex 12.5454 20.2258 73.4539
      vertex 13.9154 22.0256 73.7081
      vertex 12.5708 20.5499 72.3736
    endloop
  endfacet
  facet normal -0.795285 0.584916 0.159359
    outer loop
      vertex 13.7038 21.45 74.7794
      vertex 13.5836 21.2654 74.8571
      vertex 13.6125 21.3078 74.8457
    endloop
  endfacet
  facet normal -0.687686 0.724079 -0.0528914
    outer loop
      vertex 14.1884 22.4868 72.1709
      vertex 12.8301 21.082 70.5997
      vertex 14.1863 22.4852 72.1763
    endloop
  endfacet
  facet normal -0.686246 0.725271 -0.0552016
    outer loop
      vertex 12.8301 21.082 70.5997
      vertex 14.1884 22.4868 72.1709
      vertex 12.8619 21.106 70.5197
    endloop
  endfacet
  facet normal -0.796414 0.584145 0.156521
    outer loop
      vertex 12.5708 20.5499 72.3736
      vertex 13.9177 22.0542 73.6128
      vertex 12.5812 20.6827 71.9309
    endloop
  endfacet
  facet normal -0.796324 0.584367 0.156153
    outer loop
      vertex 13.9177 22.0542 73.6128
      vertex 12.5708 20.5499 72.3736
      vertex 13.9154 22.0256 73.7081
    endloop
  endfacet
  facet normal -0.748079 -0.661088 -0.0578021
    outer loop
      vertex 13.8627 -24.9315 70.0219
      vertex 12.4054 -23.2312 69.4359
      vertex 12.6728 -23.4655 68.6549
    endloop
  endfacet
  facet normal -0.748064 -0.661099 -0.0578726
    outer loop
      vertex 12.4054 -23.2312 69.4359
      vertex 13.8627 -24.9315 70.0219
      vertex 13.496 -24.6103 71.0927
    endloop
  endfacet
  facet normal -0.543573 -0.760661 -0.354856
    outer loop
      vertex 14.2842 -24.9873 68.7763
      vertex 13.2616 -23.7529 67.6967
      vertex 13.3757 -23.7848 67.5903
    endloop
  endfacet
  facet normal -0.748108 -0.661055 -0.0578066
    outer loop
      vertex 13.496 -24.6103 71.0927
      vertex 12.2816 -23.1227 69.7973
      vertex 12.4054 -23.2312 69.4359
    endloop
  endfacet
  facet normal -0.748144 -0.66102 -0.0577327
    outer loop
      vertex 12.2816 -23.1227 69.7973
      vertex 13.496 -24.6103 71.0927
      vertex 13.4441 -24.5648 71.2443
    endloop
  endfacet
  facet normal -0.749468 0.659521 0.0577121
    outer loop
      vertex 12.6491 20.7916 71.5678
      vertex 14.1863 22.4852 72.1763
      vertex 12.8301 21.082 70.5997
    endloop
  endfacet
  facet normal -0.749467 0.659522 0.0577079
    outer loop
      vertex 14.1863 22.4852 72.1763
      vertex 12.6491 20.7916 71.5678
      vertex 13.9323 22.0777 73.5347
    endloop
  endfacet
  facet normal -0.871328 -0.40194 0.28148
    outer loop
      vertex 13.329 -23.1223 76.0527
      vertex 12.3729 -21.3933 75.562
      vertex 12.1504 -21.7549 74.3569
    endloop
  endfacet
  facet normal -0.871332 -0.401948 0.281459
    outer loop
      vertex 12.3729 -21.3933 75.562
      vertex 13.329 -23.1223 76.0527
      vertex 13.6492 -22.602 77.787
    endloop
  endfacet
  facet normal -0.422783 0.821263 -0.383121
    outer loop
      vertex 14.0613 21.7164 68.4853
      vertex 14.0291 21.7099 68.5069
      vertex 14.2842 21.9669 68.7763
    endloop
  endfacet
  facet normal -0.856523 -0.467781 0.218057
    outer loop
      vertex 13.1977 -23.5561 74.6067
      vertex 12.1504 -21.7549 74.3569
      vertex 12.0592 -22.0563 73.3521
    endloop
  endfacet
  facet normal -0.856517 -0.46777 0.218105
    outer loop
      vertex 12.1504 -21.7549 74.3569
      vertex 13.1977 -23.5561 74.6067
      vertex 13.329 -23.1223 76.0527
    endloop
  endfacet
  facet normal -0.573449 0.79132 -0.21206
    outer loop
      vertex 13.4203 21.4768 69.2838
      vertex 13.3255 21.4405 69.4047
      vertex 14.2842 22.4304 70.5061
    endloop
  endfacet
  facet normal -0.871334 -0.401938 0.281466
    outer loop
      vertex 13.6492 -22.602 77.787
      vertex 12.4835 -21.2136 76.161
      vertex 12.3729 -21.3933 75.562
    endloop
  endfacet
  facet normal -0.871364 -0.401738 0.281658
    outer loop
      vertex 12.4835 -21.2136 76.161
      vertex 13.6492 -22.602 77.787
      vertex 13.686 -22.5423 77.986
    endloop
  endfacet
  facet normal -0.752405 -0.656793 -0.0500968
    outer loop
      vertex 13.4441 -24.5648 71.2443
      vertex 12.2425 -23.087 69.9165
      vertex 12.2816 -23.1227 69.7973
    endloop
  endfacet
  facet normal -0.752536 -0.656663 -0.0498331
    outer loop
      vertex 12.2425 -23.087 69.9165
      vertex 13.4441 -24.5648 71.2443
      vertex 13.4277 -24.5498 71.2943
    endloop
  endfacet
  facet normal -0.543777 -0.760612 -0.354649
    outer loop
      vertex 13.3757 -23.7848 67.5903
      vertex 14.2842 -24.2305 67.1532
      vertex 14.2842 -24.9873 68.7763
    endloop
  endfacet
  facet normal -0.54376 -0.760667 -0.354558
    outer loop
      vertex 14.2842 -24.2305 67.1532
      vertex 13.3757 -23.7848 67.5903
      vertex 14.0683 -23.9787 66.9441
    endloop
  endfacet
  facet normal -0.665985 -0.720556 -0.193035
    outer loop
      vertex 12.6728 -23.4655 68.6549
      vertex 14.2842 -25.1373 69.3359
      vertex 13.8627 -24.9315 70.0219
    endloop
  endfacet
  facet normal -0.665946 -0.720563 -0.193146
    outer loop
      vertex 14.2842 -25.1373 69.3359
      vertex 12.6728 -23.4655 68.6549
      vertex 14.2842 -24.9873 68.7763
    endloop
  endfacet
  facet normal -0.665956 -0.720569 -0.193088
    outer loop
      vertex 14.2842 -24.9873 68.7763
      vertex 12.6728 -23.4655 68.6549
      vertex 13.1491 -23.698 67.8798
    endloop
  endfacet
  facet normal -0.799463 -0.598429 0.0523518
    outer loop
      vertex 13.2401 -24.196 72.4737
      vertex 12.032 -22.69 71.2398
      vertex 12.111 -22.839 70.743
    endloop
  endfacet
  facet normal -0.799436 -0.598473 0.052272
    outer loop
      vertex 12.032 -22.69 71.2398
      vertex 13.2401 -24.196 72.4737
      vertex 13.2021 -24.1244 72.7123
    endloop
  endfacet
  facet normal -0.827973 0.507697 0.238128
    outer loop
      vertex 13.5836 21.2654 74.8571
      vertex 13.4332 21 74.9
      vertex 13.5251 21.1563 74.8863
    endloop
  endfacet
  facet normal -0.828424 0.507698 0.23655
    outer loop
      vertex 13.5836 21.2654 74.8571
      vertex 13.3335 20.8437 74.8863
      vertex 13.4332 21 74.9
    endloop
  endfacet
  facet normal -0.828568 0.507742 0.235952
    outer loop
      vertex 13.5836 21.2654 74.8571
      vertex 13.2291 20.6922 74.8457
      vertex 13.3335 20.8437 74.8863
    endloop
  endfacet
  facet normal -0.828371 0.5076 0.236945
    outer loop
      vertex 13.5836 21.2654 74.8571
      vertex 13.123 20.55 74.7794
      vertex 13.2291 20.6922 74.8457
    endloop
  endfacet
  facet normal -0.828345 0.507566 0.23711
    outer loop
      vertex 13.5836 21.2654 74.8571
      vertex 13.0185 20.4215 74.6894
      vertex 13.123 20.55 74.7794
    endloop
  endfacet
  facet normal -0.828343 0.507561 0.237126
    outer loop
      vertex 13.5836 21.2654 74.8571
      vertex 12.9188 20.3106 74.5785
      vertex 13.0185 20.4215 74.6894
    endloop
  endfacet
  facet normal -0.828381 0.507657 0.23679
    outer loop
      vertex 12.5697 20.1543 73.6922
      vertex 13.5836 21.2654 74.8571
      vertex 12.5454 20.2258 73.4539
    endloop
  endfacet
  facet normal -0.828372 0.50769 0.236751
    outer loop
      vertex 13.5836 21.2654 74.8571
      vertex 12.5697 20.1543 73.6922
      vertex 12.9188 20.3106 74.5785
    endloop
  endfacet
  facet normal -0.828299 0.507834 0.236697
    outer loop
      vertex 12.9188 20.3106 74.5785
      vertex 12.5697 20.1543 73.6922
      vertex 12.8269 20.2206 74.45
    endloop
  endfacet
  facet normal -0.828202 0.508015 0.236648
    outer loop
      vertex 12.5697 20.1543 73.6922
      vertex 12.7456 20.1543 74.3078
      vertex 12.8269 20.2206 74.45
    endloop
  endfacet
  facet normal -0.828327 0.507794 0.236684
    outer loop
      vertex 12.5881 20.1137 73.8437
      vertex 12.7456 20.1543 74.3078
      vertex 12.5697 20.1543 73.6922
    endloop
  endfacet
  facet normal -0.828064 0.508285 0.236552
    outer loop
      vertex 12.5881 20.1137 73.8437
      vertex 12.6774 20.1137 74.1563
      vertex 12.7456 20.1543 74.3078
    endloop
  endfacet
  facet normal -0.829573 0.505616 0.236983
    outer loop
      vertex 12.6774 20.1137 74.1563
      vertex 12.5881 20.1137 73.8437
      vertex 12.6244 20.1 74
    endloop
  endfacet
  facet normal -0.856527 -0.467755 0.218097
    outer loop
      vertex 13.1696 -23.6488 74.2975
      vertex 12.0592 -22.0563 73.3521
      vertex 12.0017 -22.2462 72.719
    endloop
  endfacet
  facet normal -0.856527 -0.467764 0.218079
    outer loop
      vertex 12.0592 -22.0563 73.3521
      vertex 13.1696 -23.6488 74.2975
      vertex 13.1977 -23.5561 74.6067
    endloop
  endfacet
  facet normal -0.888388 -0.262626 0.376556
    outer loop
      vertex 13.5143 -20.1137 79.8437
      vertex 13.6468 -20.1137 80.1563
      vertex 13.5765 -20.1 80
    endloop
  endfacet
  facet normal -0.88883 -0.260857 0.376743
    outer loop
      vertex 13.462 -20.1543 79.6922
      vertex 13.6468 -20.1137 80.1563
      vertex 13.5143 -20.1137 79.8437
    endloop
  endfacet
  facet normal -0.888032 -0.263664 0.376671
    outer loop
      vertex 14.2842 -21.3999 80.7587
      vertex 13.6468 -20.1137 80.1563
      vertex 13.462 -20.1543 79.6922
    endloop
  endfacet
  facet normal -0.888055 -0.263719 0.376578
    outer loop
      vertex 13.6468 -20.1137 80.1563
      vertex 14.2842 -21.3999 80.7587
      vertex 13.7231 -20.1543 80.3078
    endloop
  endfacet
  facet normal -0.888059 -0.263845 0.376481
    outer loop
      vertex 14.2842 -21.3999 80.7587
      vertex 13.462 -20.1543 79.6922
      vertex 13.3158 -20.2852 79.2556
    endloop
  endfacet
  facet normal -0.888033 -0.263681 0.376657
    outer loop
      vertex 13.7231 -20.1543 80.3078
      vertex 14.2842 -21.3999 80.7587
      vertex 13.8031 -20.2206 80.45
    endloop
  endfacet
  facet normal -0.888094 -0.263757 0.37646
    outer loop
      vertex 13.8031 -20.2206 80.45
      vertex 14.2842 -21.3999 80.7587
      vertex 13.8843 -20.3106 80.5785
    endloop
  endfacet
  facet normal -0.887942 -0.263627 0.376908
    outer loop
      vertex 13.8843 -20.3106 80.5785
      vertex 14.2842 -21.3999 80.7587
      vertex 13.9643 -20.4215 80.6894
    endloop
  endfacet
  facet normal -0.88813 -0.263725 0.376396
    outer loop
      vertex 13.9643 -20.4215 80.6894
      vertex 14.2842 -21.3999 80.7587
      vertex 14.0406 -20.55 80.7794
    endloop
  endfacet
  facet normal -0.8878 -0.263651 0.377225
    outer loop
      vertex 14.0406 -20.55 80.7794
      vertex 14.2842 -21.3999 80.7587
      vertex 14.111 -20.6922 80.8457
    endloop
  endfacet
  facet normal -0.888029 -0.263641 0.376693
    outer loop
      vertex 14.111 -20.6922 80.8457
      vertex 14.2842 -21.3999 80.7587
      vertex 14.1732 -20.8437 80.8863
    endloop
  endfacet
  facet normal -0.888129 -0.263612 0.376479
    outer loop
      vertex 14.1732 -20.8437 80.8863
      vertex 14.2842 -21.3999 80.7587
      vertex 14.2254 -21 80.9
    endloop
  endfacet
  facet normal -0.887996 -0.263685 0.376741
    outer loop
      vertex 14.2254 -21 80.9
      vertex 14.2842 -21.3999 80.7587
      vertex 14.266 -21.1563 80.8863
    endloop
  endfacet
  facet normal -0.888015 -0.263668 0.376706
    outer loop
      vertex 14.266 -21.1563 80.8863
      vertex 14.2842 -21.3999 80.7587
      vertex 14.2842 -21.2556 80.8597
    endloop
  endfacet
  facet normal -0.833718 -0.533366 0.142949
    outer loop
      vertex 13.1963 -24.0397 72.9944
      vertex 12.0017 -22.2462 72.719
      vertex 12.02 -22.5139 71.8269
    endloop
  endfacet
  facet normal -0.83372 -0.533372 0.142917
    outer loop
      vertex 12.0017 -22.2462 72.719
      vertex 13.1963 -24.0397 72.9944
      vertex 13.1696 -23.6488 74.2975
    endloop
  endfacet
  facet normal -0.833721 -0.533364 0.142941
    outer loop
      vertex 13.2021 -24.1244 72.7123
      vertex 12.02 -22.5139 71.8269
      vertex 12.032 -22.69 71.2398
    endloop
  endfacet
  facet normal -0.833728 -0.53334 0.142993
    outer loop
      vertex 12.02 -22.5139 71.8269
      vertex 13.2021 -24.1244 72.7123
      vertex 13.1963 -24.0397 72.9944
    endloop
  endfacet
  facet normal -0.878183 -0.356035 0.319425
    outer loop
      vertex 13.686 -22.5423 77.986
      vertex 12.6342 -21.027 76.7833
      vertex 12.4835 -21.2136 76.161
    endloop
  endfacet
  facet normal -0.878183 -0.356013 0.319453
    outer loop
      vertex 12.6342 -21.027 76.7833
      vertex 13.686 -22.5423 77.986
      vertex 13.8967 -22.2812 78.8562
    endloop
  endfacet
  facet normal -0.422968 0.821242 -0.382961
    outer loop
      vertex 14.2842 21.7613 68.3354
      vertex 14.0613 21.7164 68.4853
      vertex 14.2842 21.9669 68.7763
    endloop
  endfacet
  facet normal -0.881143 -0.334341 0.334369
    outer loop
      vertex 13.8967 -22.2812 78.8562
      vertex 13.1958 -20.3927 78.8975
      vertex 12.6342 -21.027 76.7833
    endloop
  endfacet
  facet normal -0.881142 -0.334341 0.334372
    outer loop
      vertex 14.2823 -21.8457 80.3078
      vertex 13.1958 -20.3927 78.8975
      vertex 13.8967 -22.2812 78.8562
    endloop
  endfacet
  facet normal -0.880799 -0.334846 0.33477
    outer loop
      vertex 14.2842 -21.3999 80.7587
      vertex 14.2823 -21.8457 80.3078
      vertex 14.2842 -21.8413 80.3172
    endloop
  endfacet
  facet normal -0.881143 -0.33439 0.334321
    outer loop
      vertex 13.1958 -20.3927 78.8975
      vertex 14.2823 -21.8457 80.3078
      vertex 14.2842 -21.3999 80.7587
    endloop
  endfacet
  facet normal -0.371134 -0.760585 -0.5327
    outer loop
      vertex 14.2842 -24.2305 67.1532
      vertex 14.0683 -23.9787 66.9441
      vertex 14.2842 -24.0103 66.8388
    endloop
  endfacet
  facet normal -0.888054 -0.263542 0.376703
    outer loop
      vertex 13.3158 -20.2852 79.2556
      vertex 13.1958 -20.3927 78.8975
      vertex 14.2842 -21.3999 80.7587
    endloop
  endfacet
  facet normal -0.680295 0.730133 -0.064064
    outer loop
      vertex 13.3255 21.4405 69.4047
      vertex 13.2453 21.3827 69.5976
      vertex 14.2842 22.4304 70.5061
    endloop
  endfacet
  facet normal -0.665942 -0.720575 -0.193113
    outer loop
      vertex 14.2842 -24.9873 68.7763
      vertex 13.1491 -23.698 67.8798
      vertex 13.2616 -23.7529 67.6967
    endloop
  endfacet
  facet normal -0.573476 0.791308 -0.212031
    outer loop
      vertex 14.2842 21.9669 68.7763
      vertex 13.4203 21.4768 69.2838
      vertex 14.2842 22.4304 70.5061
    endloop
  endfacet
  facet normal -0.573444 0.791358 -0.211928
    outer loop
      vertex 13.4203 21.4768 69.2838
      vertex 14.2842 21.9669 68.7763
      vertex 14.0291 21.7099 68.5069
    endloop
  endfacet
  facet normal -0.68037 0.730074 -0.0639382
    outer loop
      vertex 14.2842 22.5559 71.9405
      vertex 12.8619 21.106 70.5197
      vertex 14.1884 22.4868 72.1709
    endloop
  endfacet
  facet normal -0.680406 0.730046 -0.063874
    outer loop
      vertex 14.2842 22.4304 70.5061
      vertex 12.8619 21.106 70.5197
      vertex 14.2842 22.5559 71.9405
    endloop
  endfacet
  facet normal -0.680408 0.730048 -0.0638369
    outer loop
      vertex 12.8619 21.106 70.5197
      vertex 14.2842 22.4304 70.5061
      vertex 13.2453 21.3827 69.5976
    endloop
  endfacet
  facet normal -0.686268 0.702523 -0.188408
    outer loop
      vertex 14.9788 23.051 70.2901
      vertex 14.2842 22.4304 70.5061
      vertex 14.824 22.9712 70.5564
    endloop
  endfacet
  facet normal -0.62251 -0.641026 -0.448963
    outer loop
      vertex 14.2842 -24.0103 66.8388
      vertex 15.9634 -25.8128 67.0841
      vertex 14.2842 -24.2305 67.1532
    endloop
  endfacet
  facet normal -0.622572 -0.641064 -0.448822
    outer loop
      vertex 15.2337 -24.2869 65.9168
      vertex 15.9634 -25.8128 67.0841
      vertex 14.2842 -24.0103 66.8388
    endloop
  endfacet
  facet normal -0.622571 -0.641065 -0.448822
    outer loop
      vertex 15.9634 -25.8128 67.0841
      vertex 15.2337 -24.2869 65.9168
      vertex 16.7792 -26.0505 66.292
    endloop
  endfacet
  facet normal -0.703515 0.707976 -0.0619429
    outer loop
      vertex 14.824 22.9712 70.5564
      vertex 14.2842 22.4304 70.5061
      vertex 14.2842 22.5559 71.9405
    endloop
  endfacet
  facet normal -0.661054 0.680034 -0.317113
    outer loop
      vertex 15.8375 23.4941 68.8133
      vertex 14.2842 21.7613 68.3354
      vertex 14.2842 21.9669 68.7763
    endloop
  endfacet
  facet normal -0.661043 0.680025 -0.317157
    outer loop
      vertex 15.0201 22.0413 67.402
      vertex 15.8375 23.4941 68.8133
      vertex 16.544 23.7629 67.9171
    endloop
  endfacet
  facet normal -0.661032 0.68003 -0.317169
    outer loop
      vertex 15.8375 23.4941 68.8133
      vertex 15.0201 22.0413 67.402
      vertex 14.2842 21.7613 68.3354
    endloop
  endfacet
  facet normal -0.577805 -0.577123 -0.577122
    outer loop
      vertex 17.7608 -26.3364 65.3389
      vertex 17.76 -24.893 63.8963
      vertex 19.4504 -26.3307 63.6416
    endloop
  endfacet
  facet normal -0.577761 -0.577145 -0.577145
    outer loop
      vertex 17.76 -24.893 63.8963
      vertex 17.7608 -26.3364 65.3389
      vertex 15.6073 -24.3957 65.554
    endloop
  endfacet
  facet normal -0.577806 -0.577122 -0.577122
    outer loop
      vertex 17.7608 -26.3364 65.3389
      vertex 19.4504 -26.3307 63.6416
      vertex 19.4504 -26.7268 64.0377
    endloop
  endfacet
  facet normal -0.531028 -0.486213 -0.693978
    outer loop
      vertex 19.4504 -25.2625 62.7953
      vertex 19.3791 -25.2166 62.8177
      vertex 19.4504 -25.2301 62.7726
    endloop
  endfacet
  facet normal -0.542635 -0.521614 -0.658382
    outer loop
      vertex 19.4504 -26.3307 63.6416
      vertex 19.3791 -25.2166 62.8177
      vertex 19.4504 -25.2625 62.7953
    endloop
  endfacet
  facet normal -0.542783 -0.521563 -0.6583
    outer loop
      vertex 19.3791 -25.2166 62.8177
      vertex 19.4504 -26.3307 63.6416
      vertex 17.76 -24.893 63.8963
    endloop
  endfacet
  facet normal -0.682405 -0.70605 -0.189256
    outer loop
      vertex 14.6086 -25.3029 68.784
      vertex 14.2842 -25.1373 69.3359
      vertex 14.2842 -24.9873 68.7763
    endloop
  endfacet
  facet normal -0.657097 -0.683191 -0.31855
    outer loop
      vertex 14.2842 -24.2305 67.1532
      vertex 14.6086 -25.3029 68.784
      vertex 14.2842 -24.9873 68.7763
    endloop
  endfacet
  facet normal -0.656994 -0.683259 -0.318616
    outer loop
      vertex 14.6086 -25.3029 68.784
      vertex 14.2842 -24.2305 67.1532
      vertex 15.5636 -25.6624 67.5857
    endloop
  endfacet
  facet normal -0.646024 -0.439844 0.623851
    outer loop
      vertex 14.2842 -21.3999 80.7587
      vertex 14.3383 -21.45 80.7794
      vertex 14.3338 -21.4302 80.7887
    endloop
  endfacet
  facet normal -0.639602 -0.426401 0.639602
    outer loop
      vertex 14.3383 -21.45 80.7794
      vertex 14.2842 -21.3999 80.7587
      vertex 14.3383 -21.4515 80.7784
    endloop
  endfacet
  facet normal -0.62256 -0.64106 -0.448845
    outer loop
      vertex 15.6073 -24.3957 65.554
      vertex 16.7792 -26.0505 66.292
      vertex 15.2337 -24.2869 65.9168
    endloop
  endfacet
  facet normal -0.622546 -0.641059 -0.448865
    outer loop
      vertex 16.7792 -26.0505 66.292
      vertex 15.6073 -24.3957 65.554
      vertex 17.7608 -26.3364 65.3389
    endloop
  endfacet
  facet normal -0.661156 0.680043 -0.316883
    outer loop
      vertex 16.544 23.7629 67.9171
      vertex 15.2474 22.1279 67.1136
      vertex 15.0201 22.0413 67.402
    endloop
  endfacet
  facet normal -0.661029 0.680057 -0.317117
    outer loop
      vertex 15.2474 22.1279 67.1136
      vertex 16.544 23.7629 67.9171
      vertex 17.2422 24.0286 67.0315
    endloop
  endfacet
  facet normal -0.656939 -0.68325 -0.318747
    outer loop
      vertex 15.5636 -25.6624 67.5857
      vertex 14.2842 -24.2305 67.1532
      vertex 15.9634 -25.8128 67.0841
    endloop
  endfacet
  facet normal -0.581871 0.575076 -0.575076
    outer loop
      vertex 19.4504 23.3647 63.6416
      vertex 19.1034 24.5767 65.2047
      vertex 19.4504 24.6577 64.9346
    endloop
  endfacet
  facet normal -0.581881 0.574848 -0.575295
    outer loop
      vertex 16.9756 22.6367 65.4173
      vertex 19.4504 23.3647 63.6416
      vertex 19.2111 23.1586 63.6777
    endloop
  endfacet
  facet normal -0.581816 0.575115 -0.575094
    outer loop
      vertex 19.4504 23.3647 63.6416
      vertex 16.9756 22.6367 65.4173
      vertex 19.1034 24.5767 65.2047
    endloop
  endfacet
  facet normal -0.626659 0.638342 -0.44701
    outer loop
      vertex 18.9385 24.5281 65.3665
      vertex 16.9756 22.6367 65.4173
      vertex 15.7997 22.2905 66.5714
    endloop
  endfacet
  facet normal -0.626682 0.638368 -0.446941
    outer loop
      vertex 16.9756 22.6367 65.4173
      vertex 18.9385 24.5281 65.3665
      vertex 19.1034 24.5767 65.2047
    endloop
  endfacet
  facet normal -0.686273 0.702562 -0.188243
    outer loop
      vertex 14.2842 21.9669 68.7763
      vertex 14.9788 23.051 70.2901
      vertex 15.8375 23.4941 68.8133
    endloop
  endfacet
  facet normal -0.686262 0.70257 -0.188254
    outer loop
      vertex 14.9788 23.051 70.2901
      vertex 14.2842 21.9669 68.7763
      vertex 14.2842 22.4304 70.5061
    endloop
  endfacet
  facet normal -0.626678 0.638399 -0.446902
    outer loop
      vertex 17.2422 24.0286 67.0315
      vertex 15.7997 22.2905 66.5714
      vertex 15.2474 22.1279 67.1136
    endloop
  endfacet
  facet normal -0.626665 0.638395 -0.446927
    outer loop
      vertex 15.7997 22.2905 66.5714
      vertex 17.2422 24.0286 67.0315
      vertex 18.9385 24.5281 65.3665
    endloop
  endfacet
  facet normal -0.644565 -0.438411 0.626364
    outer loop
      vertex 14.2842 -21.3999 80.7587
      vertex 14.3061 -21.3078 80.8457
      vertex 14.2842 -21.2556 80.8597
    endloop
  endfacet
  facet normal -0.64576 -0.43754 0.625742
    outer loop
      vertex 14.3061 -21.3078 80.8457
      vertex 14.2842 -21.3999 80.7587
      vertex 14.3338 -21.4302 80.7887
    endloop
  endfacet
  facet normal -0.546774 0.519894 -0.656314
    outer loop
      vertex 19.4504 23.2069 63.5166
      vertex 19.2111 23.1586 63.6777
      vertex 19.4504 23.3647 63.6416
    endloop
  endfacet
  facet normal -0.681837 -0.517481 0.517023
    outer loop
      vertex 14.2842 -21.3999 80.7587
      vertex 14.3672 -21.5785 80.6894
      vertex 14.3383 -21.4515 80.7784
    endloop
  endfacet
  facet normal -0.68147 -0.517493 0.517493
    outer loop
      vertex 14.2842 -21.3999 80.7587
      vertex 14.3672 -21.6894 80.5785
      vertex 14.3672 -21.5785 80.6894
    endloop
  endfacet
  facet normal -0.681664 -0.51743 0.517302
    outer loop
      vertex 14.2842 -21.3999 80.7587
      vertex 14.338 -21.7794 80.45
      vertex 14.3672 -21.6894 80.5785
    endloop
  endfacet
  facet normal -0.681627 -0.517448 0.517331
    outer loop
      vertex 14.338 -21.7794 80.45
      vertex 14.2842 -21.3999 80.7587
      vertex 14.2842 -21.8413 80.3172
    endloop
  endfacet
  facet normal -0.621207 0.641804 -0.449655
    outer loop
      vertex 24.9596 26.0531 59.2147
      vertex 22.1412 25.4597 62.2614
      vertex 24.223 26.0638 60.2476
    endloop
  endfacet
  facet normal -0.7212 -0.397488 -0.567339
    outer loop
      vertex 22.383 -26.1543 59.6922
      vertex 19.4504 -25.2625 62.7953
      vertex 19.4504 -25.2301 62.7726
    endloop
  endfacet
  facet normal -0.721415 -0.397622 -0.566972
    outer loop
      vertex 23.45 -27.3537 59.1757
      vertex 22.383 -26.1543 59.6922
      vertex 22.5313 -26.2206 59.55
    endloop
  endfacet
  facet normal -0.721175 -0.397239 -0.567545
    outer loop
      vertex 23.45 -27.3537 59.1757
      vertex 22.5313 -26.2206 59.55
      vertex 22.682 -26.3106 59.4215
    endloop
  endfacet
  facet normal -0.721063 -0.3971 -0.567785
    outer loop
      vertex 23.45 -27.3537 59.1757
      vertex 22.682 -26.3106 59.4215
      vertex 22.8304 -26.4215 59.3106
    endloop
  endfacet
  facet normal -0.721194 -0.397224 -0.567532
    outer loop
      vertex 23.45 -27.3537 59.1757
      vertex 22.8304 -26.4215 59.3106
      vertex 22.972 -26.55 59.2206
    endloop
  endfacet
  facet normal -0.721172 -0.397208 -0.567571
    outer loop
      vertex 23.45 -27.3537 59.1757
      vertex 22.972 -26.55 59.2206
      vertex 23.1025 -26.6922 59.1543
    endloop
  endfacet
  facet normal -0.721146 -0.397196 -0.567612
    outer loop
      vertex 23.45 -27.3537 59.1757
      vertex 23.1025 -26.6922 59.1543
      vertex 23.2179 -26.8437 59.1137
    endloop
  endfacet
  facet normal -0.72184 -0.397388 -0.566595
    outer loop
      vertex 23.45 -27.3537 59.1757
      vertex 23.2179 -26.8437 59.1137
      vertex 23.3147 -27 59.1
    endloop
  endfacet
  facet normal -0.72 -0.397211 -0.569055
    outer loop
      vertex 23.45 -27.3537 59.1757
      vertex 23.3147 -27 59.1
      vertex 23.3901 -27.1563 59.1137
    endloop
  endfacet
  facet normal -0.719557 -0.397245 -0.569592
    outer loop
      vertex 23.45 -27.3537 59.1757
      vertex 23.3901 -27.1563 59.1137
      vertex 23.4416 -27.3078 59.1543
    endloop
  endfacet
  facet normal -0.721241 -0.397266 -0.567442
    outer loop
      vertex 22.383 -26.1543 59.6922
      vertex 23.45 -27.3537 59.1757
      vertex 19.4504 -25.2625 62.7953
    endloop
  endfacet
  facet normal -0.67435 0.522153 -0.522119
    outer loop
      vertex 19.4504 23.3647 63.6416
      vertex 22.1412 25.4597 62.2614
      vertex 24.9596 26.0531 59.2147
    endloop
  endfacet
  facet normal -0.674347 0.522138 -0.522138
    outer loop
      vertex 22.1412 25.4597 62.2614
      vertex 19.4504 23.3647 63.6416
      vertex 19.4504 24.6577 64.9346
    endloop
  endfacet
  facet normal -0.700329 -0.504813 -0.504682
    outer loop
      vertex 22.9449 -27.8457 60.3078
      vertex 19.4504 -26.3307 63.6416
      vertex 23.471 -27.6533 59.3853
    endloop
  endfacet
  facet normal -0.698132 -0.506966 -0.505566
    outer loop
      vertex 23.4433 -27.7794 59.55
      vertex 23.471 -27.6533 59.3853
      vertex 23.471 -27.6894 59.4215
    endloop
  endfacet
  facet normal -0.699479 -0.505784 -0.504887
    outer loop
      vertex 23.3886 -27.8457 59.6922
      vertex 23.471 -27.6533 59.3853
      vertex 23.4433 -27.7794 59.55
    endloop
  endfacet
  facet normal -0.70015 -0.505102 -0.50464
    outer loop
      vertex 23.471 -27.6533 59.3853
      vertex 23.3886 -27.8457 59.6922
      vertex 22.9449 -27.8457 60.3078
    endloop
  endfacet
  facet normal -0.700346 -0.504735 -0.504735
    outer loop
      vertex 19.4504 -26.3307 63.6416
      vertex 22.9449 -27.8457 60.3078
      vertex 19.4504 -26.7268 64.0377
    endloop
  endfacet
  facet normal -0.700726 -0.503887 -0.505055
    outer loop
      vertex 23.3086 -27.8863 59.8437
      vertex 22.9449 -27.8457 60.3078
      vertex 23.3886 -27.8457 59.6922
    endloop
  endfacet
  facet normal -0.69982 -0.506042 -0.504157
    outer loop
      vertex 23.3086 -27.8863 59.8437
      vertex 23.0834 -27.8863 60.1563
      vertex 22.9449 -27.8457 60.3078
    endloop
  endfacet
  facet normal -0.699938 -0.505794 -0.504242
    outer loop
      vertex 23.0834 -27.8863 60.1563
      vertex 23.3086 -27.8863 59.8437
      vertex 23.2059 -27.9 60
    endloop
  endfacet
  facet normal -0.621119 0.641933 -0.449593
    outer loop
      vertex 24.9596 26.0531 59.2147
      vertex 24.223 26.0638 60.2476
      vertex 24.9596 26.2775 59.5351
    endloop
  endfacet
  facet normal -0.674362 0.522129 -0.522129
    outer loop
      vertex 21.7572 23.902 61.1997
      vertex 24.9596 26.0531 59.2147
      vertex 24.9596 24.8565 58.0181
    endloop
  endfacet
  facet normal -0.67436 0.522084 -0.522175
    outer loop
      vertex 24.9596 26.0531 59.2147
      vertex 21.7572 23.902 61.1997
      vertex 19.4504 23.3647 63.6416
    endloop
  endfacet
  facet normal -0.69788 0.444721 -0.561415
    outer loop
      vertex 21.7572 23.902 61.1997
      vertex 19.4504 23.2069 63.5166
      vertex 19.4504 23.3647 63.6416
    endloop
  endfacet
  facet normal -0.718844 -0.431627 -0.544942
    outer loop
      vertex 23.471 -27.6533 59.3853
      vertex 19.4504 -25.2625 62.7953
      vertex 23.45 -27.3537 59.1757
    endloop
  endfacet
  facet normal -0.718555 -0.431786 -0.545197
    outer loop
      vertex 23.471 -27.6533 59.3853
      vertex 23.45 -27.3537 59.1757
      vertex 23.4738 -27.45 59.2206
    endloop
  endfacet
  facet normal -0.716265 -0.433289 -0.547014
    outer loop
      vertex 23.471 -27.6533 59.3853
      vertex 23.4738 -27.45 59.2206
      vertex 23.4828 -27.5785 59.3106
    endloop
  endfacet
  facet normal -0.718842 -0.431698 -0.544889
    outer loop
      vertex 19.4504 -25.2625 62.7953
      vertex 23.471 -27.6533 59.3853
      vertex 19.4504 -26.3307 63.6416
    endloop
  endfacet
  facet normal -0.595371 0.658155 -0.460831
    outer loop
      vertex 26 26.3728 58.3257
      vertex 25.9324 26.5418 58.6544
      vertex 26 26.5601 58.5932
    endloop
  endfacet
  facet normal -0.595829 0.657802 -0.460744
    outer loop
      vertex 25.9324 26.5418 58.6544
      vertex 26 26.3728 58.3257
      vertex 24.9596 26.0531 59.2147
    endloop
  endfacet
  facet normal -0.634737 0.546401 -0.546401
    outer loop
      vertex 24.9596 24.8565 58.0181
      vertex 26 26.1226 58.0756
      vertex 26 25.1354 57.0884
    endloop
  endfacet
  facet normal -0.634737 0.546401 -0.546401
    outer loop
      vertex 26 26.1226 58.0756
      vertex 24.9596 24.8565 58.0181
      vertex 24.9596 26.0531 59.2147
    endloop
  endfacet
  facet normal -0.595825 0.657821 -0.460721
    outer loop
      vertex 25.9324 26.5418 58.6544
      vertex 24.9596 26.0531 59.2147
      vertex 24.9596 26.2775 59.5351
    endloop
  endfacet
  facet normal -0.634804 0.546253 -0.546472
    outer loop
      vertex 26 26.1226 58.0756
      vertex 24.9596 26.0531 59.2147
      vertex 26 26.3728 58.3257
    endloop
  endfacet
  facet normal 0 -0.819082 -0.573676
    outer loop
      vertex 23.471 -27.6894 59.4215
      vertex 24.2555 -27.7794 59.55
      vertex 23.4433 -27.7794 59.55
    endloop
  endfacet
  facet normal 0 -0.819082 -0.573676
    outer loop
      vertex 24.2555 -27.7794 59.55
      vertex 23.471 -27.6894 59.4215
      vertex 24.2833 -27.6894 59.4215
    endloop
  endfacet
  facet normal 0 0.996181 0.0873172
    outer loop
      vertex 13.7828 -20.1 80
      vertex 13.6468 -20.1137 80.1563
      vertex 13.8531 -20.1137 80.1563
    endloop
  endfacet
  facet normal 0 0.996181 0.0873172
    outer loop
      vertex 13.6468 -20.1137 80.1563
      vertex 13.7828 -20.1 80
      vertex 13.5765 -20.1 80
    endloop
  endfacet
  facet normal 0 0.965917 -0.258853
    outer loop
      vertex 13.6683 -20.1543 79.6922
      vertex 13.5143 -20.1137 79.8437
      vertex 13.7206 -20.1137 79.8437
    endloop
  endfacet
  facet normal 0 0.965917 -0.258853
    outer loop
      vertex 13.5143 -20.1137 79.8437
      vertex 13.6683 -20.1543 79.6922
      vertex 13.462 -20.1543 79.6922
    endloop
  endfacet
  facet normal 0 -0.90633 -0.422571
    outer loop
      vertex 23.4433 -27.7794 59.55
      vertex 24.2008 -27.8457 59.6922
      vertex 23.3886 -27.8457 59.6922
    endloop
  endfacet
  facet normal 0 -0.90633 -0.422571
    outer loop
      vertex 24.2008 -27.8457 59.6922
      vertex 23.4433 -27.7794 59.55
      vertex 24.2555 -27.7794 59.55
    endloop
  endfacet
  facet normal 0 -0.996181 0.0873172
    outer loop
      vertex 23.2059 -27.9 60
      vertex 23.8956 -27.8863 60.1563
      vertex 23.0834 -27.8863 60.1563
    endloop
  endfacet
  facet normal 0 -0.996181 0.0873172
    outer loop
      vertex 23.8956 -27.8863 60.1563
      vertex 23.2059 -27.9 60
      vertex 24.0181 -27.9 60
    endloop
  endfacet
  facet normal 0 -0.996181 -0.0873172
    outer loop
      vertex 23.3086 -27.8863 59.8437
      vertex 24.0181 -27.9 60
      vertex 23.2059 -27.9 60
    endloop
  endfacet
  facet normal 0 -0.996181 -0.0873172
    outer loop
      vertex 24.0181 -27.9 60
      vertex 23.3086 -27.8863 59.8437
      vertex 24.1209 -27.8863 59.8437
    endloop
  endfacet
  facet normal 0 -0.957811 0.287399
    outer loop
      vertex 14.2823 -21.8457 80.3078
      vertex 14.5244 -21.9494 79.9622
      vertex 15.1352 -21.8457 80.3078
    endloop
  endfacet
  facet normal -2.78118e-05 -0.957816 0.287381
    outer loop
      vertex 14.2823 -21.8457 80.3078
      vertex 14.2842 -22.0851 79.5099
      vertex 14.5244 -21.9494 79.9622
    endloop
  endfacet
  facet normal -8.51281e-05 -0.957816 0.287381
    outer loop
      vertex 13.8967 -22.2812 78.8562
      vertex 14.2842 -22.0851 79.5099
      vertex 14.2823 -21.8457 80.3078
    endloop
  endfacet
  facet normal 0.00013546 -0.957852 0.287261
    outer loop
      vertex 14.2842 -22.0851 79.5099
      vertex 13.8967 -22.2812 78.8562
      vertex 14.1549 -22.2312 79.0228
    endloop
  endfacet
  facet normal 4.02069e-05 -0.957812 0.287396
    outer loop
      vertex 13.8967 -22.2812 78.8562
      vertex 13.9318 -22.5075 78.102
      vertex 14.1549 -22.2312 79.0228
    endloop
  endfacet
  facet normal -2.34582e-05 -0.957813 0.287393
    outer loop
      vertex 13.686 -22.5423 77.986
      vertex 13.9318 -22.5075 78.102
      vertex 13.8967 -22.2812 78.8562
    endloop
  endfacet
  facet normal 3.05179e-15 -0.957826 0.287348
    outer loop
      vertex 13.6492 -22.602 77.787
      vertex 13.9318 -22.5075 78.102
      vertex 13.686 -22.5423 77.986
    endloop
  endfacet
  facet normal 7.96064e-06 -0.957828 0.287341
    outer loop
      vertex 13.6492 -22.602 77.787
      vertex 13.62 -23.0141 76.4133
      vertex 13.9318 -22.5075 78.102
    endloop
  endfacet
  facet normal 7.64851e-05 -0.957829 0.28734
    outer loop
      vertex 13.329 -23.1223 76.0527
      vertex 13.62 -23.0141 76.4133
      vertex 13.6492 -22.602 77.787
    endloop
  endfacet
  facet normal 5.74111e-06 -0.957813 0.287392
    outer loop
      vertex 13.62 -23.0141 76.4133
      vertex 13.329 -23.1223 76.0527
      vertex 13.5843 -23.0721 76.22
    endloop
  endfacet
  facet normal 0.00024503 -0.957913 0.287057
    outer loop
      vertex 13.329 -23.1223 76.0527
      vertex 13.5666 -23.1306 76.0248
      vertex 13.5843 -23.0721 76.22
    endloop
  endfacet
  facet normal 0.000279213 -0.957833 0.287325
    outer loop
      vertex 13.1977 -23.5561 74.6067
      vertex 13.5666 -23.1306 76.0248
      vertex 13.329 -23.1223 76.0527
    endloop
  endfacet
  facet normal 0.000241824 -0.957831 0.287334
    outer loop
      vertex 13.1977 -23.5561 74.6067
      vertex 13.4292 -23.5846 74.5115
      vertex 13.5666 -23.1306 76.0248
    endloop
  endfacet
  facet normal 0.000165635 -0.957882 0.287164
    outer loop
      vertex 13.1696 -23.6488 74.2975
      vertex 13.4292 -23.5846 74.5115
      vertex 13.1977 -23.5561 74.6067
    endloop
  endfacet
  facet normal -9.87499e-06 -0.957823 0.287359
    outer loop
      vertex 13.1696 -23.6488 74.2975
      vertex 13.4453 -23.8205 73.7252
      vertex 13.4292 -23.5846 74.5115
    endloop
  endfacet
  facet normal 0 -0.957826 0.287348
    outer loop
      vertex 13.4453 -23.8205 73.7252
      vertex 13.7168 -23.9312 73.3562
      vertex 13.7092 -23.8205 73.7252
    endloop
  endfacet
  facet normal -4.87013e-05 -0.957836 0.287315
    outer loop
      vertex 13.1963 -24.0397 72.9944
      vertex 13.7168 -23.9312 73.3562
      vertex 13.4453 -23.8205 73.7252
    endloop
  endfacet
  facet normal -8.40927e-05 -0.957833 0.287326
    outer loop
      vertex 13.1963 -24.0397 72.9944
      vertex 13.4453 -23.8205 73.7252
      vertex 13.1696 -23.6488 74.2975
    endloop
  endfacet
  facet normal -2.27315e-05 -0.957846 0.287281
    outer loop
      vertex 13.7168 -23.9312 73.3562
      vertex 13.1963 -24.0397 72.9944
      vertex 13.7195 -23.9707 73.2245
    endloop
  endfacet
  facet normal -0.000158009 -0.957762 0.287563
    outer loop
      vertex 13.2021 -24.1244 72.7123
      vertex 13.7195 -23.9707 73.2245
      vertex 13.1963 -24.0397 72.9944
    endloop
  endfacet
  facet normal -4.69133e-06 -0.957804 0.287421
    outer loop
      vertex 13.2401 -24.196 72.4737
      vertex 13.7195 -23.9707 73.2245
      vertex 13.2021 -24.1244 72.7123
    endloop
  endfacet
  facet normal 0.000114921 -0.957825 0.287351
    outer loop
      vertex 13.2401 -24.196 72.4737
      vertex 13.9211 -24.3509 71.9571
      vertex 13.7195 -23.9707 73.2245
    endloop
  endfacet
  facet normal 0.000113948 -0.957826 0.28735
    outer loop
      vertex 13.4277 -24.5498 71.2943
      vertex 13.9211 -24.3509 71.9571
      vertex 13.2401 -24.196 72.4737
    endloop
  endfacet
  facet normal -0.000467617 -0.957706 0.287747
    outer loop
      vertex 13.9211 -24.3509 71.9571
      vertex 13.4277 -24.5498 71.2943
      vertex 13.9331 -24.3735 71.8819
    endloop
  endfacet
  facet normal -0.0019398 -0.957355 0.288908
    outer loop
      vertex 13.9331 -24.3735 71.8819
      vertex 13.4277 -24.5498 71.2943
      vertex 13.9398 -24.3797 71.8614
    endloop
  endfacet
  facet normal -4.06702e-05 -0.95783 0.287335
    outer loop
      vertex 13.9398 -24.3797 71.8614
      vertex 13.4277 -24.5498 71.2943
      vertex 13.959 -24.3965 71.8054
    endloop
  endfacet
  facet normal -4.11121e-05 -0.95783 0.287336
    outer loop
      vertex 13.4441 -24.5648 71.2443
      vertex 13.959 -24.3965 71.8054
      vertex 13.4277 -24.5498 71.2943
    endloop
  endfacet
  facet normal -0.000140927 -0.957805 0.28742
    outer loop
      vertex 13.496 -24.6103 71.0927
      vertex 13.959 -24.3965 71.8054
      vertex 13.4441 -24.5648 71.2443
    endloop
  endfacet
  facet normal 5.76067e-05 -0.95784 0.287301
    outer loop
      vertex 13.496 -24.6103 71.0927
      vertex 14.2842 -24.6814 70.8555
      vertex 13.959 -24.3965 71.8054
    endloop
  endfacet
  facet normal 6.92855e-05 -0.95783 0.287337
    outer loop
      vertex 13.8627 -24.9315 70.0219
      vertex 14.2842 -24.6814 70.8555
      vertex 13.496 -24.6103 71.0927
    endloop
  endfacet
  facet normal 2.55276e-05 -0.957824 0.287357
    outer loop
      vertex 14.2842 -24.6814 70.8555
      vertex 13.8627 -24.9315 70.0219
      vertex 14.3643 -24.7423 70.6525
    endloop
  endfacet
  facet normal 0.000403233 -0.957906 0.287081
    outer loop
      vertex 14.3643 -24.7423 70.6525
      vertex 13.8627 -24.9315 70.0219
      vertex 14.3856 -24.7532 70.6161
    endloop
  endfacet
  facet normal 4.31452e-05 -0.957819 0.287372
    outer loop
      vertex 14.2842 -25.1373 69.3359
      vertex 14.3856 -24.7532 70.6161
      vertex 13.8627 -24.9315 70.0219
    endloop
  endfacet
  facet normal 7.62251e-06 -0.957818 0.287375
    outer loop
      vertex 14.2842 -25.1373 69.3359
      vertex 15.2921 -25.2159 69.0739
      vertex 14.3856 -24.7532 70.6161
    endloop
  endfacet
  facet normal 1.59748e-05 -0.957809 0.287404
    outer loop
      vertex 14.6086 -25.3029 68.784
      vertex 15.2921 -25.2159 69.0739
      vertex 14.2842 -25.1373 69.3359
    endloop
  endfacet
  facet normal 2.88859e-05 -0.957818 0.287376
    outer loop
      vertex 15.5636 -25.6624 67.5857
      vertex 15.2921 -25.2159 69.0739
      vertex 14.6086 -25.3029 68.784
    endloop
  endfacet
  facet normal 0.000106581 -0.957814 0.287389
    outer loop
      vertex 15.2921 -25.2159 69.0739
      vertex 15.5636 -25.6624 67.5857
      vertex 16.0602 -25.505 68.1101
    endloop
  endfacet
  facet normal 7.53507e-05 -0.957806 0.287416
    outer loop
      vertex 15.5636 -25.6624 67.5857
      vertex 16.5793 -25.7004 67.4588
      vertex 16.0602 -25.505 68.1101
    endloop
  endfacet
  facet normal 5.21168e-05 -0.957857 0.287246
    outer loop
      vertex 15.9634 -25.8128 67.0841
      vertex 16.5793 -25.7004 67.4588
      vertex 15.5636 -25.6624 67.5857
    endloop
  endfacet
  facet normal -4.12198e-05 -0.957815 0.287387
    outer loop
      vertex 16.7792 -26.0505 66.292
      vertex 16.5793 -25.7004 67.4588
      vertex 15.9634 -25.8128 67.0841
    endloop
  endfacet
  facet normal 2.09457e-05 -0.957812 0.287396
    outer loop
      vertex 16.5793 -25.7004 67.4588
      vertex 16.7792 -26.0505 66.292
      vertex 17.2102 -25.8842 66.8462
    endloop
  endfacet
  facet normal 4.33114e-05 -0.957817 0.28738
    outer loop
      vertex 16.7792 -26.0505 66.292
      vertex 18.2872 -26.1979 65.8005
      vertex 17.2102 -25.8842 66.8462
    endloop
  endfacet
  facet normal 3.30136e-05 -0.957825 0.287351
    outer loop
      vertex 17.7608 -26.3364 65.3389
      vertex 18.2872 -26.1979 65.8005
      vertex 16.7792 -26.0505 66.292
    endloop
  endfacet
  facet normal -9.28861e-06 -0.957812 0.287396
    outer loop
      vertex 17.7608 -26.3364 65.3389
      vertex 19.4504 -26.4667 64.9047
      vertex 18.2872 -26.1979 65.8005
    endloop
  endfacet
  facet normal -2.26758e-05 -0.957826 0.287348
    outer loop
      vertex 19.4504 -26.7268 64.0377
      vertex 19.4504 -26.4667 64.9047
      vertex 17.7608 -26.3364 65.3389
    endloop
  endfacet
  facet normal -3.62237e-06 -0.957826 0.287348
    outer loop
      vertex 19.4504 -26.7268 64.0377
      vertex 22.0946 -27.3134 62.0824
      vertex 19.4504 -26.4667 64.9047
    endloop
  endfacet
  facet normal -5.50623e-05 -0.957845 0.287284
    outer loop
      vertex 22.9449 -27.8457 60.3078
      vertex 22.0946 -27.3134 62.0824
      vertex 19.4504 -26.7268 64.0377
    endloop
  endfacet
  facet normal 0 -0.957838 0.287308
    outer loop
      vertex 22.0946 -27.3134 62.0824
      vertex 22.9449 -27.8457 60.3078
      vertex 23.7572 -27.8457 60.3078
    endloop
  endfacet
  facet normal 0 -0.957811 0.287399
    outer loop
      vertex 15.1352 -21.8457 80.3078
      vertex 14.5244 -21.9494 79.9622
      vertex 14.9518 -21.9494 79.9622
    endloop
  endfacet
  facet normal 0 0.0873172 0.996181
    outer loop
      vertex 14.9731 -20.8437 80.8863
      vertex 14.2254 -21 80.9
      vertex 15.0923 -21 80.9
    endloop
  endfacet
  facet normal 0 0.0873172 0.996181
    outer loop
      vertex 14.2254 -21 80.9
      vertex 14.9731 -20.8437 80.8863
      vertex 14.1732 -20.8437 80.8863
    endloop
  endfacet
  facet normal 0 -0.422571 0.90633
    outer loop
      vertex 15.2485 -21.3078 80.8457
      vertex 14.3383 -21.45 80.7794
      vertex 15.2807 -21.45 80.7794
    endloop
  endfacet
  facet normal 0.000471457 -0.425049 0.90517
    outer loop
      vertex 15.2485 -21.3078 80.8457
      vertex 14.3338 -21.4302 80.7887
      vertex 14.3383 -21.45 80.7794
    endloop
  endfacet
  facet normal 0 -0.422156 0.906523
    outer loop
      vertex 14.3338 -21.4302 80.7887
      vertex 15.2485 -21.3078 80.8457
      vertex 14.3061 -21.3078 80.8457
    endloop
  endfacet
  facet normal 0 0.957328 -0.289005
    outer loop
      vertex 12.6271 -21.7666 74.3176
      vertex 12.6223 -21.7826 74.2646
      vertex 12.387 -21.7666 74.3176
    endloop
  endfacet
  facet normal 0 0.957807 -0.287411
    outer loop
      vertex 13.5273 -20.2806 79.2713
      vertex 13.462 -20.1543 79.6922
      vertex 13.6683 -20.1543 79.6922
    endloop
  endfacet
  facet normal 0.0004975 0.957829 -0.28734
    outer loop
      vertex 13.5273 -20.2806 79.2713
      vertex 13.3158 -20.2852 79.2556
      vertex 13.462 -20.1543 79.6922
    endloop
  endfacet
  facet normal 0.000494369 0.95784 -0.287301
    outer loop
      vertex 13.4385 -20.3601 79.0061
      vertex 13.3158 -20.2852 79.2556
      vertex 13.5273 -20.2806 79.2713
    endloop
  endfacet
  facet normal 5.70421e-06 0.957774 -0.287521
    outer loop
      vertex 13.4385 -20.3601 79.0061
      vertex 13.1958 -20.3927 78.8975
      vertex 13.3158 -20.2852 79.2556
    endloop
  endfacet
  facet normal -8.01162e-05 0.957827 -0.287345
    outer loop
      vertex 12.8923 -20.977 76.9499
      vertex 13.1958 -20.3927 78.8975
      vertex 13.4385 -20.3601 79.0061
    endloop
  endfacet
  facet normal -7.54631e-05 0.957827 -0.287346
    outer loop
      vertex 12.8923 -20.977 76.9499
      vertex 12.6342 -21.027 76.7833
      vertex 13.1958 -20.3927 78.8975
    endloop
  endfacet
  facet normal -0.000164202 0.957865 -0.28722
    outer loop
      vertex 12.7294 -21.1788 76.277
      vertex 12.6342 -21.027 76.7833
      vertex 12.8923 -20.977 76.9499
    endloop
  endfacet
  facet normal -7.37788e-05 0.957869 -0.287204
    outer loop
      vertex 12.7294 -21.1788 76.277
      vertex 12.4835 -21.2136 76.161
      vertex 12.6342 -21.027 76.7833
    endloop
  endfacet
  facet normal -3.60821e-15 0.957826 -0.287348
    outer loop
      vertex 12.7294 -21.1788 76.277
      vertex 12.3729 -21.3933 75.562
      vertex 12.4835 -21.2136 76.161
    endloop
  endfacet
  facet normal 7.41871e-05 0.957816 -0.287382
    outer loop
      vertex 12.5015 -21.549 75.0431
      vertex 12.3729 -21.3933 75.562
      vertex 12.7294 -21.1788 76.277
    endloop
  endfacet
  facet normal -1.39829e-06 0.957811 -0.287398
    outer loop
      vertex 12.1504 -21.7549 74.3569
      vertex 12.5015 -21.549 75.0431
      vertex 12.4057 -21.7047 74.5242
    endloop
  endfacet
  facet normal -6.02105e-07 0.957811 -0.287399
    outer loop
      vertex 12.5015 -21.549 75.0431
      vertex 12.1504 -21.7549 74.3569
      vertex 12.3729 -21.3933 75.562
    endloop
  endfacet
  facet normal -0.00029829 0.957936 -0.286983
    outer loop
      vertex 12.387 -21.7666 74.3176
      vertex 12.1504 -21.7549 74.3569
      vertex 12.4057 -21.7047 74.5242
    endloop
  endfacet
  facet normal 0.00036775 0.957778 -0.287508
    outer loop
      vertex 12.0592 -22.0563 73.3521
      vertex 12.387 -21.7666 74.3176
      vertex 12.6223 -21.7826 74.2646
    endloop
  endfacet
  facet normal -0.000352703 0.957846 -0.287284
    outer loop
      vertex 12.387 -21.7666 74.3176
      vertex 12.0592 -22.0563 73.3521
      vertex 12.1504 -21.7549 74.3569
    endloop
  endfacet
  facet normal -3.05539e-05 0.957846 -0.287282
    outer loop
      vertex 12.5208 -22.1178 73.147
      vertex 12.0592 -22.0563 73.3521
      vertex 12.6223 -21.7826 74.2646
    endloop
  endfacet
  facet normal -4.04518e-05 0.95784 -0.287303
    outer loop
      vertex 12.5208 -22.1178 73.147
      vertex 12.0017 -22.2462 72.719
      vertex 12.0592 -22.0563 73.3521
    endloop
  endfacet
  facet normal 1.56795e-05 0.957821 -0.287365
    outer loop
      vertex 12.5411 -22.415 72.1564
      vertex 12.0017 -22.2462 72.719
      vertex 12.5208 -22.1178 73.147
    endloop
  endfacet
  facet normal -4.38118e-05 0.957805 -0.287418
    outer loop
      vertex 12.5411 -22.415 72.1564
      vertex 12.02 -22.5139 71.8269
      vertex 12.0017 -22.2462 72.719
    endloop
  endfacet
  facet normal -1.68215e-05 0.957794 -0.287457
    outer loop
      vertex 12.5494 -22.5364 71.7519
      vertex 12.02 -22.5139 71.8269
      vertex 12.5411 -22.415 72.1564
    endloop
  endfacet
  facet normal 6.95407e-06 0.95784 -0.287303
    outer loop
      vertex 12.5494 -22.5364 71.7519
      vertex 12.032 -22.69 71.2398
      vertex 12.02 -22.5139 71.8269
    endloop
  endfacet
  facet normal 3.90686e-05 0.957831 -0.287333
    outer loop
      vertex 12.6955 -22.812 70.8332
      vertex 12.032 -22.69 71.2398
      vertex 12.5494 -22.5364 71.7519
    endloop
  endfacet
  facet normal 8.43538e-05 0.957851 -0.287265
    outer loop
      vertex 12.6955 -22.812 70.8332
      vertex 12.111 -22.839 70.743
      vertex 12.032 -22.69 71.2398
    endloop
  endfacet
  facet normal 6.96748e-05 0.957877 -0.287178
    outer loop
      vertex 12.7479 -22.9107 70.504
      vertex 12.111 -22.839 70.743
      vertex 12.6955 -22.812 70.8332
    endloop
  endfacet
  facet normal -0.000158501 0.957841 -0.287298
    outer loop
      vertex 12.2425 -23.087 69.9165
      vertex 12.7479 -22.9107 70.504
      vertex 12.7773 -22.9376 70.4143
    endloop
  endfacet
  facet normal 1.33075e-06 0.957794 -0.287455
    outer loop
      vertex 12.2425 -23.087 69.9165
      vertex 12.7773 -22.9376 70.4143
      vertex 12.8612 -23.0111 70.1694
    endloop
  endfacet
  facet normal -2.31243e-05 0.957809 -0.287404
    outer loop
      vertex 12.7479 -22.9107 70.504
      vertex 12.2425 -23.087 69.9165
      vertex 12.111 -22.839 70.743
    endloop
  endfacet
  facet normal -0.000214753 0.95794 -0.28697
    outer loop
      vertex 12.8612 -23.0111 70.1694
      vertex 12.2816 -23.1227 69.7973
      vertex 12.2425 -23.087 69.9165
    endloop
  endfacet
  facet normal 0.000152213 0.957782 -0.287495
    outer loop
      vertex 12.8612 -23.0111 70.1694
      vertex 12.4054 -23.2312 69.4359
      vertex 12.2816 -23.1227 69.7973
    endloop
  endfacet
  facet normal -3.19025e-05 0.957814 -0.28739
    outer loop
      vertex 13.1461 -23.2607 69.3375
      vertex 12.4054 -23.2312 69.4359
      vertex 12.8612 -23.0111 70.1694
    endloop
  endfacet
  facet normal 2.86153e-05 0.957813 -0.287392
    outer loop
      vertex 12.6728 -23.4655 68.6549
      vertex 13.1461 -23.2607 69.3375
      vertex 13.2359 -23.3046 69.1912
    endloop
  endfacet
  facet normal -2.70951e-05 0.957824 -0.287356
    outer loop
      vertex 13.1461 -23.2607 69.3375
      vertex 12.6728 -23.4655 68.6549
      vertex 12.4054 -23.2312 69.4359
    endloop
  endfacet
  facet normal -1.07298e-05 0.957824 -0.287354
    outer loop
      vertex 13.7011 -23.5317 68.4342
      vertex 12.6728 -23.4655 68.6549
      vertex 13.2359 -23.3046 69.1912
    endloop
  endfacet
  facet normal -0.000573801 0.957993 -0.286792
    outer loop
      vertex 13.1491 -23.698 67.8798
      vertex 13.7011 -23.5317 68.4342
      vertex 13.76 -23.5481 68.3793
    endloop
  endfacet
  facet normal -1.56898e-15 0.957826 -0.287348
    outer loop
      vertex 13.3757 -23.7848 67.5903
      vertex 13.76 -23.5481 68.3793
      vertex 14.2842 -23.6948 67.8903
    endloop
  endfacet
  facet normal -1.56429e-06 0.957836 -0.287315
    outer loop
      vertex 13.7011 -23.5317 68.4342
      vertex 13.1491 -23.698 67.8798
      vertex 12.6728 -23.4655 68.6549
    endloop
  endfacet
  facet normal -0.000137593 0.957846 -0.287281
    outer loop
      vertex 13.76 -23.5481 68.3793
      vertex 13.2616 -23.7529 67.6967
      vertex 13.1491 -23.698 67.8798
    endloop
  endfacet
  facet normal -7.41526e-05 0.95782 -0.28737
    outer loop
      vertex 14.0683 -23.9787 66.9441
      vertex 14.2842 -23.6948 67.8903
      vertex 14.4991 -23.7757 67.6206
    endloop
  endfacet
  facet normal -0.000115455 0.957842 -0.287296
    outer loop
      vertex 13.76 -23.5481 68.3793
      vertex 13.3757 -23.7848 67.5903
      vertex 13.2616 -23.7529 67.6967
    endloop
  endfacet
  facet normal 0.000458839 0.957726 -0.287681
    outer loop
      vertex 14.0683 -23.9787 66.9441
      vertex 14.4991 -23.7757 67.6206
      vertex 14.562 -23.7994 67.5418
    endloop
  endfacet
  facet normal 1.44603e-05 0.957814 -0.287388
    outer loop
      vertex 14.2842 -23.6948 67.8903
      vertex 14.0683 -23.9787 66.9441
      vertex 13.3757 -23.7848 67.5903
    endloop
  endfacet
  facet normal 3.71954e-05 0.957822 -0.287361
    outer loop
      vertex 14.562 -23.7994 67.5418
      vertex 14.2842 -24.0103 66.8388
      vertex 14.0683 -23.9787 66.9441
    endloop
  endfacet
  facet normal -2.22636e-15 0.957826 -0.287348
    outer loop
      vertex 15.6361 -24.1123 66.4988
      vertex 14.2842 -24.0103 66.8388
      vertex 14.562 -23.7994 67.5418
    endloop
  endfacet
  facet normal -3.4553e-05 0.957833 -0.287326
    outer loop
      vertex 15.2337 -24.2869 65.9168
      vertex 15.6361 -24.1123 66.4988
      vertex 16.1337 -24.2572 66.0157
    endloop
  endfacet
  facet normal 1.07938e-15 0.957826 -0.287348
    outer loop
      vertex 15.6361 -24.1123 66.4988
      vertex 15.2337 -24.2869 65.9168
      vertex 14.2842 -24.0103 66.8388
    endloop
  endfacet
  facet normal -3.91076e-05 0.957844 -0.287288
    outer loop
      vertex 16.1337 -24.2572 66.0157
      vertex 15.6073 -24.3957 65.554
      vertex 15.2337 -24.2869 65.9168
    endloop
  endfacet
  facet normal -5.97801e-06 0.957828 -0.287344
    outer loop
      vertex 17.76 -24.893 63.8963
      vertex 16.1337 -24.2572 66.0157
      vertex 18.1703 -24.7277 64.4473
    endloop
  endfacet
  facet normal 6.13745e-06 0.95783 -0.287335
    outer loop
      vertex 16.1337 -24.2572 66.0157
      vertex 17.76 -24.893 63.8963
      vertex 15.6073 -24.3957 65.554
    endloop
  endfacet
  facet normal 3.00079e-05 0.95782 -0.287368
    outer loop
      vertex 19.4504 -24.9836 63.5945
      vertex 17.76 -24.893 63.8963
      vertex 18.1703 -24.7277 64.4473
    endloop
  endfacet
  facet normal 4.21138e-05 0.957839 -0.287306
    outer loop
      vertex 19.4504 -24.9836 63.5945
      vertex 19.3791 -25.2166 62.8177
      vertex 17.76 -24.893 63.8963
    endloop
  endfacet
  facet normal -0.00035142 0.957849 -0.287273
    outer loop
      vertex 19.4504 -24.9836 63.5945
      vertex 19.4504 -25.2301 62.7726
      vertex 19.3791 -25.2166 62.8177
    endloop
  endfacet
  facet normal 5.38747e-05 0.957849 -0.287273
    outer loop
      vertex 20.609 -25.354 62.3597
      vertex 19.4504 -25.2301 62.7726
      vertex 19.4504 -24.9836 63.5945
    endloop
  endfacet
  facet normal 0 0.957821 -0.287364
    outer loop
      vertex 22.383 -26.1543 59.6922
      vertex 20.609 -25.354 62.3597
      vertex 23.1484 -26.1543 59.6922
    endloop
  endfacet
  facet normal 2.41195e-05 0.957826 -0.28735
    outer loop
      vertex 20.609 -25.354 62.3597
      vertex 22.383 -26.1543 59.6922
      vertex 19.4504 -25.2301 62.7726
    endloop
  endfacet
  facet normal 0 -0.259228 -0.965816
    outer loop
      vertex 23.4416 -27.3078 59.1543
      vertex 24.177 -27.2195 59.1306
      vertex 24.2121 -27.3078 59.1543
    endloop
  endfacet
  facet normal -0.000111231 -0.258364 -0.966048
    outer loop
      vertex 23.4416 -27.3078 59.1543
      vertex 24.1555 -27.1563 59.1137
      vertex 24.177 -27.2195 59.1306
    endloop
  endfacet
  facet normal -0 -0.258853 -0.965917
    outer loop
      vertex 24.1555 -27.1563 59.1137
      vertex 23.4416 -27.3078 59.1543
      vertex 23.3901 -27.1563 59.1137
    endloop
  endfacet
  facet normal -0 0.965958 0.258699
    outer loop
      vertex 13.8856 -20.131 80.2208
      vertex 14.1357 -20.1543 80.3078
      vertex 14.0919 -20.131 80.2208
    endloop
  endfacet
  facet normal 0 0.965958 0.258699
    outer loop
      vertex 14.1357 -20.1543 80.3078
      vertex 13.8856 -20.131 80.2208
      vertex 13.7231 -20.1543 80.3078
    endloop
  endfacet
  facet normal 0.000163294 0.965882 0.258984
    outer loop
      vertex 13.8531 -20.1137 80.1563
      vertex 13.7231 -20.1543 80.3078
      vertex 13.8856 -20.131 80.2208
    endloop
  endfacet
  facet normal 0 0.965917 0.258853
    outer loop
      vertex 13.7231 -20.1543 80.3078
      vertex 13.8531 -20.1137 80.1563
      vertex 13.6468 -20.1137 80.1563
    endloop
  endfacet
  facet normal 0 -0.819039 0.573739
    outer loop
      vertex 14.3672 -21.6894 80.5785
      vertex 15.1994 -21.7591 80.479
      vertex 15.2485 -21.6894 80.5785
    endloop
  endfacet
  facet normal 0 -0.819082 0.573676
    outer loop
      vertex 15.1928 -21.7794 80.45
      vertex 14.3672 -21.6894 80.5785
      vertex 14.338 -21.7794 80.45
    endloop
  endfacet
  facet normal -4.79167e-05 -0.819227 0.57347
    outer loop
      vertex 14.3672 -21.6894 80.5785
      vertex 15.1928 -21.7794 80.45
      vertex 15.1994 -21.7591 80.479
    endloop
  endfacet
  facet normal 0 -0.574269 0.818667
    outer loop
      vertex 15.2807 -21.5172 80.7324
      vertex 14.3672 -21.5785 80.6894
      vertex 15.2807 -21.5785 80.6894
    endloop
  endfacet
  facet normal -0.000113467 -0.573135 0.819461
    outer loop
      vertex 15.2807 -21.45 80.7794
      vertex 14.3672 -21.5785 80.6894
      vertex 15.2807 -21.5172 80.7324
    endloop
  endfacet
  facet normal 0 -0.573676 0.819082
    outer loop
      vertex 14.3383 -21.45 80.7794
      vertex 14.3672 -21.5785 80.6894
      vertex 15.2807 -21.45 80.7794
    endloop
  endfacet
  facet normal 0.1238 -0.550433 0.82565
    outer loop
      vertex 14.3672 -21.5785 80.6894
      vertex 14.3383 -21.45 80.7794
      vertex 14.3383 -21.4515 80.7784
    endloop
  endfacet
  facet normal 0 0.818657 0.574282
    outer loop
      vertex 14.2842 -20.2965 80.5584
      vertex 13.8843 -20.3106 80.5785
      vertex 14.3133 -20.3106 80.5785
    endloop
  endfacet
  facet normal -5.2197e-05 0.819145 0.573586
    outer loop
      vertex 14.2157 -20.2206 80.45
      vertex 13.8843 -20.3106 80.5785
      vertex 14.2842 -20.2965 80.5584
    endloop
  endfacet
  facet normal 0 0.819082 0.573676
    outer loop
      vertex 13.8843 -20.3106 80.5785
      vertex 14.2157 -20.2206 80.45
      vertex 13.8031 -20.2206 80.45
    endloop
  endfacet
  facet normal 0 -0.0873172 -0.996181
    outer loop
      vertex 23.3901 -27.1563 59.1137
      vertex 24.0801 -27 59.1
      vertex 24.1555 -27.1563 59.1137
    endloop
  endfacet
  facet normal -0 -0.0873172 -0.996181
    outer loop
      vertex 24.0801 -27 59.1
      vertex 23.3901 -27.1563 59.1137
      vertex 23.3147 -27 59.1
    endloop
  endfacet
  facet normal 0 -0.258853 0.965917
    outer loop
      vertex 15.1851 -21.1563 80.8863
      vertex 14.3061 -21.3078 80.8457
      vertex 15.2485 -21.3078 80.8457
    endloop
  endfacet
  facet normal 0 -0.258853 0.965917
    outer loop
      vertex 14.266 -21.1563 80.8863
      vertex 14.3061 -21.3078 80.8457
      vertex 15.1851 -21.1563 80.8863
    endloop
  endfacet
  facet normal 0.00132521 -0.258525 0.966004
    outer loop
      vertex 14.3061 -21.3078 80.8457
      vertex 14.266 -21.1563 80.8863
      vertex 14.2842 -21.2556 80.8597
    endloop
  endfacet
  facet normal 0 0.573676 0.819082
    outer loop
      vertex 14.496 -20.4215 80.6894
      vertex 14.0406 -20.55 80.7794
      vertex 14.6703 -20.55 80.7794
    endloop
  endfacet
  facet normal 0 0.573676 0.819082
    outer loop
      vertex 14.0406 -20.55 80.7794
      vertex 14.496 -20.4215 80.6894
      vertex 13.9643 -20.4215 80.6894
    endloop
  endfacet
  facet normal 0 -0.965917 0.258853
    outer loop
      vertex 23.0834 -27.8863 60.1563
      vertex 23.7572 -27.8457 60.3078
      vertex 22.9449 -27.8457 60.3078
    endloop
  endfacet
  facet normal 0 -0.965917 0.258853
    outer loop
      vertex 23.7572 -27.8457 60.3078
      vertex 23.0834 -27.8863 60.1563
      vertex 23.8956 -27.8863 60.1563
    endloop
  endfacet
  facet normal 0 0.258853 0.965917
    outer loop
      vertex 14.8309 -20.6922 80.8457
      vertex 14.1732 -20.8437 80.8863
      vertex 14.9731 -20.8437 80.8863
    endloop
  endfacet
  facet normal 0 0.258853 0.965917
    outer loop
      vertex 14.1732 -20.8437 80.8863
      vertex 14.8309 -20.6922 80.8457
      vertex 14.111 -20.6922 80.8457
    endloop
  endfacet
  facet normal 0 -0.573676 -0.819082
    outer loop
      vertex 23.4828 -27.5785 59.3106
      vertex 24.2555 -27.45 59.2206
      vertex 24.2833 -27.5785 59.3106
    endloop
  endfacet
  facet normal -0 -0.573676 -0.819082
    outer loop
      vertex 24.2555 -27.45 59.2206
      vertex 23.4828 -27.5785 59.3106
      vertex 23.4738 -27.45 59.2206
    endloop
  endfacet
  facet normal 0 0.996181 -0.0873172
    outer loop
      vertex 13.7206 -20.1137 79.8437
      vertex 13.5765 -20.1 80
      vertex 13.7828 -20.1 80
    endloop
  endfacet
  facet normal 0 0.996181 -0.0873172
    outer loop
      vertex 13.5765 -20.1 80
      vertex 13.7206 -20.1137 79.8437
      vertex 13.5143 -20.1137 79.8437
    endloop
  endfacet
  facet normal 0 0.707107 0.707107
    outer loop
      vertex 14.3133 -20.3106 80.5785
      vertex 13.9643 -20.4215 80.6894
      vertex 14.496 -20.4215 80.6894
    endloop
  endfacet
  facet normal 0 0.707107 0.707107
    outer loop
      vertex 13.9643 -20.4215 80.6894
      vertex 14.3133 -20.3106 80.5785
      vertex 13.8843 -20.3106 80.5785
    endloop
  endfacet
  facet normal 0 -0.965917 -0.258853
    outer loop
      vertex 23.3886 -27.8457 59.6922
      vertex 24.1209 -27.8863 59.8437
      vertex 23.3086 -27.8863 59.8437
    endloop
  endfacet
  facet normal 0 -0.965917 -0.258853
    outer loop
      vertex 24.1209 -27.8863 59.8437
      vertex 23.3886 -27.8457 59.6922
      vertex 24.2008 -27.8457 59.6922
    endloop
  endfacet
  facet normal 0 -0.0873172 0.996181
    outer loop
      vertex 15.0923 -21 80.9
      vertex 14.266 -21.1563 80.8863
      vertex 15.1851 -21.1563 80.8863
    endloop
  endfacet
  facet normal 0 -0.0873172 0.996181
    outer loop
      vertex 14.266 -21.1563 80.8863
      vertex 15.0923 -21 80.9
      vertex 14.2254 -21 80.9
    endloop
  endfacet
  facet normal 0 0.422571 -0.90633
    outer loop
      vertex 23.1025 -26.6922 59.1543
      vertex 23.7374 -26.55 59.2206
      vertex 23.8679 -26.6922 59.1543
    endloop
  endfacet
  facet normal 0 0.422571 -0.90633
    outer loop
      vertex 23.7374 -26.55 59.2206
      vertex 23.1025 -26.6922 59.1543
      vertex 22.972 -26.55 59.2206
    endloop
  endfacet
  facet normal 0 -0.707107 0.707107
    outer loop
      vertex 15.2485 -21.6894 80.5785
      vertex 14.3672 -21.5785 80.6894
      vertex 14.3672 -21.6894 80.5785
    endloop
  endfacet
  facet normal 0 -0.707107 0.707107
    outer loop
      vertex 14.3672 -21.5785 80.6894
      vertex 15.2485 -21.6894 80.5785
      vertex 15.2807 -21.5785 80.6894
    endloop
  endfacet
  facet normal 0 0.422571 0.90633
    outer loop
      vertex 14.6703 -20.55 80.7794
      vertex 14.111 -20.6922 80.8457
      vertex 14.8309 -20.6922 80.8457
    endloop
  endfacet
  facet normal 0 0.422571 0.90633
    outer loop
      vertex 14.111 -20.6922 80.8457
      vertex 14.6703 -20.55 80.7794
      vertex 14.0406 -20.55 80.7794
    endloop
  endfacet
  facet normal 0 0.258853 -0.965917
    outer loop
      vertex 23.2179 -26.8437 59.1137
      vertex 23.8679 -26.6922 59.1543
      vertex 23.9833 -26.8437 59.1137
    endloop
  endfacet
  facet normal 0 0.258853 -0.965917
    outer loop
      vertex 23.8679 -26.6922 59.1543
      vertex 23.2179 -26.8437 59.1137
      vertex 23.1025 -26.6922 59.1543
    endloop
  endfacet
  facet normal 0.0183803 -0.707965 -0.706009
    outer loop
      vertex 23.4828 -27.5785 59.3106
      vertex 23.471 -27.6894 59.4215
      vertex 23.471 -27.6533 59.3853
    endloop
  endfacet
  facet normal 0 -0.707107 -0.707107
    outer loop
      vertex 23.471 -27.6894 59.4215
      vertex 23.4828 -27.5785 59.3106
      vertex 24.2833 -27.6894 59.4215
    endloop
  endfacet
  facet normal 0 -0.707107 -0.707107
    outer loop
      vertex 24.2833 -27.6894 59.4215
      vertex 23.4828 -27.5785 59.3106
      vertex 24.2833 -27.5785 59.3106
    endloop
  endfacet
  facet normal 0 0.90633 0.422571
    outer loop
      vertex 14.1357 -20.1543 80.3078
      vertex 13.8031 -20.2206 80.45
      vertex 14.2157 -20.2206 80.45
    endloop
  endfacet
  facet normal 0 0.90633 0.422571
    outer loop
      vertex 13.8031 -20.2206 80.45
      vertex 14.1357 -20.1543 80.3078
      vertex 13.7231 -20.1543 80.3078
    endloop
  endfacet
  facet normal 0 0.90633 -0.422571
    outer loop
      vertex 22.5313 -26.2206 59.55
      vertex 23.1484 -26.1543 59.6922
      vertex 23.2967 -26.2206 59.55
    endloop
  endfacet
  facet normal 0 0.90633 -0.422571
    outer loop
      vertex 23.1484 -26.1543 59.6922
      vertex 22.5313 -26.2206 59.55
      vertex 22.383 -26.1543 59.6922
    endloop
  endfacet
  facet normal -1.96415e-05 -0.906372 0.422481
    outer loop
      vertex 15.1352 -21.8457 80.3078
      vertex 14.338 -21.7794 80.45
      vertex 14.2842 -21.8413 80.3172
    endloop
  endfacet
  facet normal 0 -0.90569 0.42394
    outer loop
      vertex 15.1352 -21.8457 80.3078
      vertex 14.2842 -21.8413 80.3172
      vertex 14.2823 -21.8457 80.3078
    endloop
  endfacet
  facet normal 0 -0.90633 0.422571
    outer loop
      vertex 14.338 -21.7794 80.45
      vertex 15.1352 -21.8457 80.3078
      vertex 15.1928 -21.7794 80.45
    endloop
  endfacet
  facet normal 0 0.0873172 -0.996181
    outer loop
      vertex 23.3147 -27 59.1
      vertex 23.9833 -26.8437 59.1137
      vertex 24.0801 -27 59.1
    endloop
  endfacet
  facet normal 0 0.0873172 -0.996181
    outer loop
      vertex 23.9833 -26.8437 59.1137
      vertex 23.3147 -27 59.1
      vertex 23.2179 -26.8437 59.1137
    endloop
  endfacet
  facet normal 0 0.707107 -0.707107
    outer loop
      vertex 22.8304 -26.4215 59.3106
      vertex 23.4474 -26.3106 59.4215
      vertex 23.5958 -26.4215 59.3106
    endloop
  endfacet
  facet normal 0 0.707107 -0.707107
    outer loop
      vertex 23.4474 -26.3106 59.4215
      vertex 22.8304 -26.4215 59.3106
      vertex 22.682 -26.3106 59.4215
    endloop
  endfacet
  facet normal 0 -0.423705 -0.9058
    outer loop
      vertex 23.4738 -27.45 59.2206
      vertex 24.2322 -27.3895 59.1923
      vertex 24.2555 -27.45 59.2206
    endloop
  endfacet
  facet normal -0.000188151 -0.421769 -0.906703
    outer loop
      vertex 23.4738 -27.45 59.2206
      vertex 24.2121 -27.3078 59.1543
      vertex 24.2322 -27.3895 59.1923
    endloop
  endfacet
  facet normal 1.09515e-06 -0.422576 -0.906327
    outer loop
      vertex 23.45 -27.3537 59.1757
      vertex 24.2121 -27.3078 59.1543
      vertex 23.4738 -27.45 59.2206
    endloop
  endfacet
  facet normal -0 -0.422561 -0.906334
    outer loop
      vertex 24.2121 -27.3078 59.1543
      vertex 23.45 -27.3537 59.1757
      vertex 23.4416 -27.3078 59.1543
    endloop
  endfacet
  facet normal 0 0.573676 -0.819082
    outer loop
      vertex 22.972 -26.55 59.2206
      vertex 23.5958 -26.4215 59.3106
      vertex 23.7374 -26.55 59.2206
    endloop
  endfacet
  facet normal 0 0.573676 -0.819082
    outer loop
      vertex 23.5958 -26.4215 59.3106
      vertex 22.972 -26.55 59.2206
      vertex 22.8304 -26.4215 59.3106
    endloop
  endfacet
  facet normal 0 0.819082 -0.573676
    outer loop
      vertex 22.682 -26.3106 59.4215
      vertex 23.2967 -26.2206 59.55
      vertex 23.4474 -26.3106 59.4215
    endloop
  endfacet
  facet normal 0 0.819082 -0.573676
    outer loop
      vertex 23.2967 -26.2206 59.55
      vertex 22.682 -26.3106 59.4215
      vertex 22.5313 -26.2206 59.55
    endloop
  endfacet
  facet normal 1 0 0
    outer loop
      vertex 26 27.5443 88.6864
      vertex 26 25.8445 88.4424
      vertex 26 25.9147 88.2918
    endloop
  endfacet
  facet normal 1 0 0
    outer loop
      vertex 26 30.035 81.0031
      vertex 26 30.4172 81.207
      vertex 26 30.3208 81.5667
    endloop
  endfacet
  facet normal 1 0 0
    outer loop
      vertex 26 30.4172 81.207
      vertex 26 30.035 81.0031
      vertex 26 30.432 81.0378
    endloop
  endfacet
  facet normal 1 -0 0
    outer loop
      vertex 26 27.9494 82.5263
      vertex 26 30.3208 81.5667
      vertex 26 29.8758 83.2274
    endloop
  endfacet
  facet normal 1 0 -0
    outer loop
      vertex 26 28.3983 80.851
      vertex 26 30.3208 81.5667
      vertex 26 27.9494 82.5263
    endloop
  endfacet
  facet normal 1 0 -0
    outer loop
      vertex 26 28.5495 79.1232
      vertex 26 30.035 81.0031
      vertex 26 28.4252 80.5434
    endloop
  endfacet
  facet normal 1 -0 0
    outer loop
      vertex 26 28.4252 77.703
      vertex 26 30.0232 77.1089
      vertex 26 28.5495 79.1232
    endloop
  endfacet
  facet normal 1 -0 0
    outer loop
      vertex 26 28.3983 77.3954
      vertex 26 30.0232 77.1089
      vertex 26 28.4252 77.703
    endloop
  endfacet
  facet normal 1 0 0
    outer loop
      vertex 26 28.0436 73.8167
      vertex 26 30.0232 77.1089
      vertex 26 28.3983 77.3954
    endloop
  endfacet
  facet normal 1 0 0
    outer loop
      vertex 26 30.035 81.0031
      vertex 26 28.5495 79.1232
      vertex 26 30.0232 77.1089
    endloop
  endfacet
  facet normal 1 0 0
    outer loop
      vertex 26 30.035 81.0031
      vertex 26 28.3983 80.851
      vertex 26 28.4252 80.5434
    endloop
  endfacet
  facet normal 1 0 0
    outer loop
      vertex 26 30.3208 81.5667
      vertex 26 28.3983 80.851
      vertex 26 30.035 81.0031
    endloop
  endfacet
  facet normal 1 0 0
    outer loop
      vertex 26 27.7841 88.1722
      vertex 26 27.9494 82.5263
      vertex 26 29.8758 83.2274
    endloop
  endfacet
  facet normal 1 -0 0
    outer loop
      vertex 26 25.9147 88.2918
      vertex 26 27.7841 88.1722
      vertex 26 27.5739 88.6231
    endloop
  endfacet
  facet normal 1 0 0
    outer loop
      vertex 26 25.9147 88.2918
      vertex 26 27.5739 88.6231
      vertex 26 27.5443 88.6864
    endloop
  endfacet
  facet normal 1 0 0
    outer loop
      vertex 26 27.7841 88.1722
      vertex 26 25.9147 88.2918
      vertex 26 25.8578 87.471
    endloop
  endfacet
  facet normal 1 0 0
    outer loop
      vertex 26 27.7841 88.1722
      vertex 26 25.8578 87.471
      vertex 26 27.9494 82.5263
    endloop
  endfacet
  facet normal 1 0 -0
    outer loop
      vertex 26 25.8578 87.471
      vertex 26 25.9147 88.2918
      vertex 26 25.4599 88.3243
    endloop
  endfacet
  facet normal 1 0 0
    outer loop
      vertex 26 30.1681 79.4818
      vertex 26 30.1681 78.7646
      vertex 26 30.1995 79.1232
    endloop
  endfacet
  facet normal 1 0 0
    outer loop
      vertex 26 30.035 81.0031
      vertex 26 30.1681 78.7646
      vertex 26 30.1681 79.4818
    endloop
  endfacet
  facet normal 1 0 0
    outer loop
      vertex 26 30.1681 78.7646
      vertex 26 30.035 81.0031
      vertex 26 30.0232 77.1089
    endloop
  endfacet
  facet normal 1 0 0
    outer loop
      vertex 26 29.9582 72.8235
      vertex 26 29.5621 72.8799
      vertex 26 28.8852 66.2643
    endloop
  endfacet
  facet normal 1 0 0
    outer loop
      vertex 26 30.0232 77.1089
      vertex 26 28.0436 73.8167
      vertex 26 29.6685 73.5302
    endloop
  endfacet
  facet normal 1 0 0
    outer loop
      vertex 26 29.6685 73.5302
      vertex 26 28.0436 73.8167
      vertex 26 29.5621 72.8799
    endloop
  endfacet
  facet normal 1 0 -0
    outer loop
      vertex 26 28.4981 66.3759
      vertex 26 29.5621 72.8799
      vertex 26 28.0436 73.8167
    endloop
  endfacet
  facet normal 1 0 0
    outer loop
      vertex 26 29.5621 72.8799
      vertex 26 28.4981 66.3759
      vertex 26 28.8852 66.2643
    endloop
  endfacet
  facet normal 1 0 0
    outer loop
      vertex 26 26.4539 64.0993
      vertex 26 28.4981 66.3759
      vertex 26 28.0436 73.8167
    endloop
  endfacet
  facet normal 1 0 0
    outer loop
      vertex 26 28.4981 66.3759
      vertex 26 26.4539 64.0993
      vertex 26 28.0788 63.8128
    endloop
  endfacet
  facet normal 1 0 0
    outer loop
      vertex 26 28.0788 63.8128
      vertex 26 26.4539 64.0993
      vertex 26 27.6006 62.0281
    endloop
  endfacet
  facet normal 1 -0 0
    outer loop
      vertex 26 26.0501 62.5924
      vertex 26 27.6006 62.0281
      vertex 26 26.4539 64.0993
    endloop
  endfacet
  facet normal 1 0 0
    outer loop
      vertex 26 27.6006 62.0281
      vertex 26 26.0501 62.5924
      vertex 26 26.8197 60.3535
    endloop
  endfacet
  facet normal 1 -0 0
    outer loop
      vertex 26 25.3908 61.1785
      vertex 26 26.8197 60.3535
      vertex 26 26.0501 62.5924
    endloop
  endfacet
  facet normal 1 0 0
    outer loop
      vertex 26 26.8197 60.3535
      vertex 26 25.3908 61.1785
      vertex 26 26.2683 59.5659
    endloop
  endfacet
  facet normal 1 -0 0
    outer loop
      vertex 26 24.6553 60.128
      vertex 26 26.2683 59.5659
      vertex 26 25.3908 61.1785
    endloop
  endfacet
  facet normal 1 -0 0
    outer loop
      vertex 26 24.496 59.9005
      vertex 26 26.2683 59.5659
      vertex 26 24.6553 60.128
    endloop
  endfacet
  facet normal 1 0 0
    outer loop
      vertex 26 26.1226 58.0756
      vertex 26 24.8753 57.9553
      vertex 26 25.1354 57.0884
    endloop
  endfacet
  facet normal 1 0 -0
    outer loop
      vertex 26 24.8753 57.9553
      vertex 26 26.2683 59.5659
      vertex 26 24.496 59.9005
    endloop
  endfacet
  facet normal 1 0 0
    outer loop
      vertex 26 26.2683 59.5659
      vertex 26 24.8753 57.9553
      vertex 26 26.1226 58.0756
    endloop
  endfacet
  facet normal 1 -0 0
    outer loop
      vertex 26 24.2996 59.7042
      vertex 26 24.8753 57.9553
      vertex 26 24.496 59.9005
    endloop
  endfacet
  facet normal 1 -0 0
    outer loop
      vertex 26 23.3928 58.7974
      vertex 26 24.8753 57.9553
      vertex 26 24.2996 59.7042
    endloop
  endfacet
  facet normal 1 0 0
    outer loop
      vertex 26 24.8753 57.9553
      vertex 26 23.3928 58.7974
      vertex 26 24.4534 57.5334
    endloop
  endfacet
  facet normal 1 0 0
    outer loop
      vertex 26 23.3928 58.7974
      vertex 26 22.9399 56.4736
      vertex 26 24.4534 57.5334
    endloop
  endfacet
  facet normal 1 -0 0
    outer loop
      vertex 26 22.1149 57.9026
      vertex 26 22.9399 56.4736
      vertex 26 23.3928 58.7974
    endloop
  endfacet
  facet normal 1 0 0
    outer loop
      vertex 26 22.1149 57.9026
      vertex 26 21.2653 55.6928
      vertex 26 22.9399 56.4736
    endloop
  endfacet
  facet normal 1 -0 0
    outer loop
      vertex 26 20.701 57.2432
      vertex 26 21.2653 55.6928
      vertex 26 22.1149 57.9026
    endloop
  endfacet
  facet normal 1 0 0
    outer loop
      vertex 26 20.701 57.2432
      vertex 26 19.4805 55.2145
      vertex 26 21.2653 55.6928
    endloop
  endfacet
  facet normal 1 -0 0
    outer loop
      vertex 26 19.194 56.8395
      vertex 26 19.4805 55.2145
      vertex 26 20.701 57.2432
    endloop
  endfacet
  facet normal 1 -0 0
    outer loop
      vertex 26 17.6399 56.7035
      vertex 26 19.4805 55.2145
      vertex 26 19.194 56.8395
    endloop
  endfacet
  facet normal 1 0 0
    outer loop
      vertex 26 17.6399 56.7035
      vertex 26 17.6399 55.0535
      vertex 26 19.4805 55.2145
    endloop
  endfacet
  facet normal 1 0 0
    outer loop
      vertex 26 8 56.3035
      vertex 26 17.6399 56.7035
      vertex 26 8 56.7035
    endloop
  endfacet
  facet normal 1 0 0
    outer loop
      vertex 26 17.6399 56.7035
      vertex 26 8 56.3035
      vertex 26 17.6399 55.0535
    endloop
  endfacet
  facet normal 1 0 0
    outer loop
      vertex 26 17.6399 55.0535
      vertex 26 8 56.3035
      vertex 26 8 55.0535
    endloop
  endfacet
  facet normal 1 0 0
    outer loop
      vertex 26 26.2683 59.5659
      vertex 26 26.3728 58.3257
      vertex 26 26.5601 58.5932
    endloop
  endfacet
  facet normal 1 0 0
    outer loop
      vertex 26 26.3728 58.3257
      vertex 26 26.2683 59.5659
      vertex 26 26.1226 58.0756
    endloop
  endfacet
  facet normal 0.000121291 0.0712782 0.997456
    outer loop
      vertex 25.8058 25.7569 88.3031
      vertex 26 25.4599 88.3243
      vertex 26 25.9147 88.2918
    endloop
  endfacet
  facet normal 7.95589e-05 0.0712511 0.997458
    outer loop
      vertex 26 25.4599 88.3243
      vertex 25.8058 25.7569 88.3031
      vertex 25.914 25.39 88.3293
    endloop
  endfacet
  facet normal -0.000162022 0.0711802 0.997463
    outer loop
      vertex 25.914 25.39 88.3293
      vertex 25.8058 25.7569 88.3031
      vertex 25.8482 25.3366 88.3331
    endloop
  endfacet
  facet normal -8.22649e-05 0.0711882 0.997463
    outer loop
      vertex 25.5685 25.2438 88.3397
      vertex 25.8482 25.3366 88.3331
      vertex 25.8058 25.7569 88.3031
    endloop
  endfacet
  facet normal -4.48249e-05 0.0710759 0.997471
    outer loop
      vertex 25.8482 25.3366 88.3331
      vertex 25.5685 25.2438 88.3397
      vertex 25.7969 25.2257 88.341
    endloop
  endfacet
  facet normal 5.50658e-06 0.0717078 0.997426
    outer loop
      vertex 25.5331 25.1673 88.3452
      vertex 25.7969 25.2257 88.341
      vertex 25.5685 25.2438 88.3397
    endloop
  endfacet
  facet normal 0.000127935 0.0711576 0.997465
    outer loop
      vertex 25.7969 25.2257 88.341
      vertex 25.5331 25.1673 88.3452
      vertex 25.5825 24.7621 88.3741
    endloop
  endfacet
  facet normal -0 0.0711421 0.997466
    outer loop
      vertex 24.7083 25.1673 88.3452
      vertex 25.5825 24.7621 88.3741
      vertex 25.5331 25.1673 88.3452
    endloop
  endfacet
  facet normal 4.83624e-05 0.0712459 0.997459
    outer loop
      vertex 25.5825 24.7621 88.3741
      vertex 24.7083 25.1673 88.3452
      vertex 24.9596 23.3597 88.4743
    endloop
  endfacet
  facet normal 8.61317e-06 0.0712404 0.997459
    outer loop
      vertex 21.3765 20.8749 88.6518
      vertex 24.9596 23.3597 88.4743
      vertex 24.7083 25.1673 88.3452
    endloop
  endfacet
  facet normal 1.11308e-05 0.0712368 0.997459
    outer loop
      vertex 24.9596 23.3597 88.4743
      vertex 21.3765 20.8749 88.6518
      vertex 21.6603 19.1092 88.7779
    endloop
  endfacet
  facet normal -4.80284e-05 0.0712273 0.99746
    outer loop
      vertex 21.0187 19.9448 88.7182
      vertex 21.6603 19.1092 88.7779
      vertex 21.3765 20.8749 88.6518
    endloop
  endfacet
  facet normal -9.25197e-06 0.0712569 0.997458
    outer loop
      vertex 20.8299 19.0531 88.7819
      vertex 21.6603 19.1092 88.7779
      vertex 21.0187 19.9448 88.7182
    endloop
  endfacet
  facet normal -8.80879e-06 0.0712504 0.997458
    outer loop
      vertex 21.6603 19.1092 88.7779
      vertex 20.8299 19.0531 88.7819
      vertex 21.4831 18.6486 88.8108
    endloop
  endfacet
  facet normal -1.96633e-05 0.071233 0.99746
    outer loop
      vertex 20.7475 18.6638 88.8097
      vertex 21.4831 18.6486 88.8108
      vertex 20.8299 19.0531 88.7819
    endloop
  endfacet
  facet normal -1.64148e-05 0.0713894 0.997449
    outer loop
      vertex 21.4831 18.6486 88.8108
      vertex 20.7475 18.6638 88.8097
      vertex 21.3428 18.2839 88.8369
    endloop
  endfacet
  facet normal -1.53463e-05 0.0713911 0.997448
    outer loop
      vertex 20.6958 18.2153 88.8418
      vertex 21.3428 18.2839 88.8369
      vertex 20.7475 18.6638 88.8097
    endloop
  endfacet
  facet normal 2.02034e-05 0.0710575 0.997472
    outer loop
      vertex 21.3428 18.2839 88.8369
      vertex 20.6958 18.2153 88.8418
      vertex 21.2456 17.8249 88.8696
    endloop
  endfacet
  facet normal 0.000102943 0.0711734 0.997464
    outer loop
      vertex 20.5637 17.0691 88.9236
      vertex 21.2456 17.8249 88.8696
      vertex 20.6958 18.2153 88.8418
    endloop
  endfacet
  facet normal -0.000155369 0.0714053 0.997447
    outer loop
      vertex 21.2456 17.8249 88.8696
      vertex 20.5637 17.0691 88.9236
      vertex 21.1021 17.1471 88.9181
    endloop
  endfacet
  facet normal -0.000112031 0.0711076 0.997469
    outer loop
      vertex 21.1021 17.1471 88.9181
      vertex 20.5637 17.0691 88.9236
      vertex 21.0431 16.635 88.9546
    endloop
  endfacet
  facet normal 4.20096e-05 0.0712769 0.997457
    outer loop
      vertex 20.4787 16 89
      vertex 21.0431 16.635 88.9546
      vertex 20.5637 17.0691 88.9236
    endloop
  endfacet
  facet normal 0 0.071314 0.997454
    outer loop
      vertex 21.0431 16.635 88.9546
      vertex 20.4787 16 89
      vertex 20.9699 16 89
    endloop
  endfacet
  facet normal -0 0.351123 0.936329
    outer loop
      vertex 20.4787 16 89
      vertex 20.9615 15.6856 89.1179
      vertex 20.9699 16 89
    endloop
  endfacet
  facet normal 1.27916e-06 0.351125 0.936329
    outer loop
      vertex 20.9615 15.6856 89.1179
      vertex 20.4787 16 89
      vertex 20.5016 10.0267 91.24
    endloop
  endfacet
  facet normal 0 0.351125 0.936328
    outer loop
      vertex 20.9832 10.0267 91.24
      vertex 20.9615 15.6856 89.1179
      vertex 20.5016 10.0267 91.24
    endloop
  endfacet
  facet normal -0 0.268098 0.963392
    outer loop
      vertex 20.5016 10.0267 91.24
      vertex 20.9775 9.7748 91.3101
      vertex 20.9832 10.0267 91.24
    endloop
  endfacet
  facet normal 0 0.268098 0.963392
    outer loop
      vertex 20.9775 9.7748 91.3101
      vertex 20.5016 10.0267 91.24
      vertex 20.4959 9.7748 91.3101
    endloop
  endfacet
  facet normal -0 0.0967618 0.995308
    outer loop
      vertex 20.4959 9.7748 91.3101
      vertex 20.9586 9.51456 91.3354
      vertex 20.9775 9.7748 91.3101
    endloop
  endfacet
  facet normal 0 0.0967618 0.995308
    outer loop
      vertex 20.9586 9.51456 91.3354
      vertex 20.4959 9.7748 91.3101
      vertex 20.477 9.51456 91.3354
    endloop
  endfacet
  facet normal 0 -0.077258 0.997011
    outer loop
      vertex 20.477 9.51456 91.3354
      vertex 20.9272 9.25388 91.3152
      vertex 20.9586 9.51456 91.3354
    endloop
  endfacet
  facet normal 0 -0.077258 0.997011
    outer loop
      vertex 20.9272 9.25388 91.3152
      vertex 20.477 9.51456 91.3354
      vertex 20.4456 9.25388 91.3152
    endloop
  endfacet
  facet normal 0 -0.249718 0.968318
    outer loop
      vertex 20.4456 9.25388 91.3152
      vertex 20.8842 9.00067 91.2499
      vertex 20.9272 9.25388 91.3152
    endloop
  endfacet
  facet normal 0 -0.249718 0.968318
    outer loop
      vertex 20.8842 9.00067 91.2499
      vertex 20.4456 9.25388 91.3152
      vertex 20.4026 9.00067 91.2499
    endloop
  endfacet
  facet normal 0 -0.413515 0.910497
    outer loop
      vertex 20.4026 9.00067 91.2499
      vertex 20.8309 8.76265 91.1418
      vertex 20.8842 9.00067 91.2499
    endloop
  endfacet
  facet normal 0 -0.413515 0.910497
    outer loop
      vertex 20.8309 8.76265 91.1418
      vertex 20.4026 9.00067 91.2499
      vertex 20.3493 8.76265 91.1418
    endloop
  endfacet
  facet normal 0 -0.565613 0.824671
    outer loop
      vertex 20.3493 8.76265 91.1418
      vertex 20.769 8.54701 90.9939
      vertex 20.8309 8.76265 91.1418
    endloop
  endfacet
  facet normal 0 -0.565613 0.824671
    outer loop
      vertex 20.769 8.54701 90.9939
      vertex 20.3493 8.76265 91.1418
      vertex 20.2874 8.54701 90.9939
    endloop
  endfacet
  facet normal 0 -0.700266 0.713882
    outer loop
      vertex 20.2874 8.54701 90.9939
      vertex 20.7002 8.36035 90.8108
      vertex 20.769 8.54701 90.9939
    endloop
  endfacet
  facet normal 0 -0.700266 0.713882
    outer loop
      vertex 20.7002 8.36035 90.8108
      vertex 20.2874 8.54701 90.9939
      vertex 20.2186 8.36035 90.8108
    endloop
  endfacet
  facet normal 0 -0.813514 0.581546
    outer loop
      vertex 20.6267 8.2083 90.5981
      vertex 20.2186 8.36035 90.8108
      vertex 20.1451 8.2083 90.5981
    endloop
  endfacet
  facet normal 0 -0.813514 0.581546
    outer loop
      vertex 20.2186 8.36035 90.8108
      vertex 20.6267 8.2083 90.5981
      vertex 20.7002 8.36035 90.8108
    endloop
  endfacet
  facet normal 0 -0.902167 0.431388
    outer loop
      vertex 20.5508 8.0955 90.3622
      vertex 20.1451 8.2083 90.5981
      vertex 20.0692 8.0955 90.3622
    endloop
  endfacet
  facet normal 0 -0.902167 0.431388
    outer loop
      vertex 20.1451 8.2083 90.5981
      vertex 20.5508 8.0955 90.3622
      vertex 20.6267 8.2083 90.5981
    endloop
  endfacet
  facet normal 0 -0.963382 0.268133
    outer loop
      vertex 20.4747 8.02539 90.1103
      vertex 20.0692 8.0955 90.3622
      vertex 19.9931 8.02539 90.1103
    endloop
  endfacet
  facet normal 0 -0.963382 0.268133
    outer loop
      vertex 20.0692 8.0955 90.3622
      vertex 20.4747 8.02539 90.1103
      vertex 20.5508 8.0955 90.3622
    endloop
  endfacet
  facet normal 0 -0.995759 0.0920026
    outer loop
      vertex 20.28 8 89.8355
      vertex 19.9931 8.02539 90.1103
      vertex 19.9151 8 89.8355
    endloop
  endfacet
  facet normal 0 -0.995759 0.0920026
    outer loop
      vertex 19.9931 8.02539 90.1103
      vertex 20.28 8 89.8355
      vertex 20.4747 8.02539 90.1103
    endloop
  endfacet
  facet normal 0 -0.995759 0.0920026
    outer loop
      vertex 20.4747 8.02539 90.1103
      vertex 20.28 8 89.8355
      vertex 20.3967 8 89.8355
    endloop
  endfacet
  facet normal 0.000354754 0.0872585 -0.996186
    outer loop
      vertex 25.6812 30.316 81.0276
      vertex 26 30.035 81.0031
      vertex 25.9038 30 81
    endloop
  endfacet
  facet normal 0.000190482 0.0870736 -0.996202
    outer loop
      vertex 26 30.035 81.0031
      vertex 25.6812 30.316 81.0276
      vertex 26 30.432 81.0378
    endloop
  endfacet
  facet normal -0.000201122 0.0868699 -0.99622
    outer loop
      vertex 25.9038 30 81
      vertex 25.3938 30.1846 81.0162
      vertex 25.6812 30.316 81.0276
    endloop
  endfacet
  facet normal 0 0.0874213 -0.996171
    outer loop
      vertex 25.3938 30.1846 81.0162
      vertex 25.9038 30 81
      vertex 24.9901 30 81
    endloop
  endfacet
  facet normal 0 -0.99619 0.0872073
    outer loop
      vertex 16.2881 13 84
      vertex 16.4397 13.0456 84.5209
      vertex 15.7128 13 84
    endloop
  endfacet
  facet normal 0 -0.99619 0.0872073
    outer loop
      vertex 16.4397 13.0456 84.5209
      vertex 16.2881 13 84
      vertex 17.015 13.0456 84.5209
    endloop
  endfacet
  facet normal 0 -0.573616 -0.819124
    outer loop
      vertex 13.8984 14.0716 81.7019
      vertex 14.0147 14.5 81.4019
      vertex 14.1093 14.0716 81.7019
    endloop
  endfacet
  facet normal -0 -0.573616 -0.819124
    outer loop
      vertex 14.0147 14.5 81.4019
      vertex 13.8984 14.0716 81.7019
      vertex 13.8037 14.5 81.4019
    endloop
  endfacet
  facet normal 0 -0.96611 -0.258129
    outer loop
      vertex 15.1254 13.0456 83.4791
      vertex 15.4955 13.0697 83.3889
      vertex 15.6056 13.0456 83.4791
    endloop
  endfacet
  facet normal -0 -0.965958 -0.258698
    outer loop
      vertex 15.0621 13.1809 82.9739
      vertex 15.1254 13.0456 83.4791
      vertex 14.5979 13.1809 82.9739
    endloop
  endfacet
  facet normal -0.000144079 -0.965963 -0.258681
    outer loop
      vertex 15.1254 13.0456 83.4791
      vertex 15.0621 13.1809 82.9739
      vertex 15.4955 13.0697 83.3889
    endloop
  endfacet
  facet normal 0 -0.707107 0.707107
    outer loop
      vertex 19.345 14.0716 86.2981
      vertex 19.4504 13.8165 86.043
      vertex 19.5458 14.0716 86.2981
    endloop
  endfacet
  facet normal 0 -0.707107 0.707107
    outer loop
      vertex 19.2395 13.7019 85.9284
      vertex 19.345 14.0716 86.2981
      vertex 18.6642 13.7019 85.9284
    endloop
  endfacet
  facet normal -3.14295e-14 -0.707107 0.707107
    outer loop
      vertex 19.345 14.0716 86.2981
      vertex 19.2395 13.7019 85.9284
      vertex 19.4504 13.8165 86.043
    endloop
  endfacet
  facet normal 0 -0.819124 0.573616
    outer loop
      vertex 18.5135 13.4019 85.5
      vertex 18.6642 13.7019 85.9284
      vertex 17.9382 13.4019 85.5
    endloop
  endfacet
  facet normal 0 -0.819124 0.573616
    outer loop
      vertex 18.6642 13.7019 85.9284
      vertex 18.5135 13.4019 85.5
      vertex 19.2395 13.7019 85.9284
    endloop
  endfacet
  facet normal 0 -0.819109 -0.573639
    outer loop
      vertex 14.1888 13.4456 82.4376
      vertex 14.5955 13.4019 82.5
      vertex 14.2171 13.4019 82.5
    endloop
  endfacet
  facet normal -2.53897e-05 -0.819186 -0.573527
    outer loop
      vertex 14.1888 13.4456 82.4376
      vertex 14.2842 13.6403 82.1595
      vertex 14.5955 13.4019 82.5
    endloop
  endfacet
  facet normal -0.00017861 -0.819162 -0.573563
    outer loop
      vertex 14.0368 13.7019 82.0716
      vertex 14.2842 13.6403 82.1595
      vertex 14.1888 13.4456 82.4376
    endloop
  endfacet
  facet normal 0 -0.818925 -0.5739
    outer loop
      vertex 14.2842 13.6403 82.1595
      vertex 14.0368 13.7019 82.0716
      vertex 14.2477 13.7019 82.0716
    endloop
  endfacet
  facet normal -9.5295e-07 -0.14209 0.989854
    outer loop
      vertex 25.7189 27.3374 88.6567
      vertex 26 25.8445 88.4424
      vertex 26 27.5443 88.6864
    endloop
  endfacet
  facet normal 8.86051e-05 -0.142073 0.989856
    outer loop
      vertex 25.4123 26.7652 88.5746
      vertex 26 25.8445 88.4424
      vertex 25.7189 27.3374 88.6567
    endloop
  endfacet
  facet normal -0.000723873 -0.142581 0.989783
    outer loop
      vertex 25.3786 26.7022 88.5655
      vertex 26 25.8445 88.4424
      vertex 25.4123 26.7652 88.5746
    endloop
  endfacet
  facet normal -0.000166419 -0.142186 0.98984
    outer loop
      vertex 26 25.8445 88.4424
      vertex 25.3786 26.7022 88.5655
      vertex 25.8282 25.718 88.4242
    endloop
  endfacet
  facet normal 6.11715e-05 -0.142084 0.989855
    outer loop
      vertex 24.9596 25.8904 88.449
      vertex 25.8282 25.718 88.4242
      vertex 25.3786 26.7022 88.5655
    endloop
  endfacet
  facet normal 7.59525e-05 -0.142011 0.989865
    outer loop
      vertex 25.8282 25.718 88.4242
      vertex 24.9596 25.8904 88.449
      vertex 25.5715 25.239 88.3555
    endloop
  endfacet
  facet normal -7.8599e-05 -0.142153 0.989845
    outer loop
      vertex 25.5715 25.239 88.3555
      vertex 24.9596 25.8904 88.449
      vertex 25.5331 25.1673 88.3452
    endloop
  endfacet
  facet normal 0 -0.142092 0.989853
    outer loop
      vertex 24.9596 25.8904 88.449
      vertex 24.7083 25.1673 88.3452
      vertex 25.5331 25.1673 88.3452
    endloop
  endfacet
  facet normal -5.89324e-06 -0.14209 0.989854
    outer loop
      vertex 21.1204 21.6341 87.838
      vertex 24.7083 25.1673 88.3452
      vertex 24.9596 25.8904 88.449
    endloop
  endfacet
  facet normal 3.00303e-05 -0.142126 0.989849
    outer loop
      vertex 24.7083 25.1673 88.3452
      vertex 21.1204 21.6341 87.838
      vertex 21.1685 21.2427 87.7818
    endloop
  endfacet
  facet normal 0.000244461 -0.1421 0.989852
    outer loop
      vertex 20.9811 21.3399 87.7958
      vertex 21.1685 21.2427 87.7818
      vertex 21.1204 21.6341 87.838
    endloop
  endfacet
  facet normal 0.000174106 -0.142233 0.989833
    outer loop
      vertex 20.7116 20.771 87.7141
      vertex 21.1685 21.2427 87.7818
      vertex 20.9811 21.3399 87.7958
    endloop
  endfacet
  facet normal -3.85059e-05 -0.142031 0.989862
    outer loop
      vertex 21.1685 21.2427 87.7818
      vertex 20.7116 20.771 87.7141
      vertex 20.7711 20.4037 87.6614
    endloop
  endfacet
  facet normal -0.000206302 -0.142058 0.989858
    outer loop
      vertex 20.4505 19.8523 87.5822
      vertex 20.7711 20.4037 87.6614
      vertex 20.7116 20.771 87.7141
    endloop
  endfacet
  facet normal -2.94521e-05 -0.142158 0.989844
    outer loop
      vertex 20.7711 20.4037 87.6614
      vertex 20.4505 19.8523 87.5822
      vertex 20.5227 19.5299 87.5359
    endloop
  endfacet
  facet normal -1.28556e-05 -0.142155 0.989844
    outer loop
      vertex 20.3757 19.5891 87.5444
      vertex 20.5227 19.5299 87.5359
      vertex 20.4505 19.8523 87.5822
    endloop
  endfacet
  facet normal 1.56387e-05 -0.142086 0.989854
    outer loop
      vertex 20.3235 19.2958 87.5023
      vertex 20.5227 19.5299 87.5359
      vertex 20.3757 19.5891 87.5444
    endloop
  endfacet
  facet normal 9.73128e-05 -0.142154 0.989845
    outer loop
      vertex 20.5227 19.5299 87.5359
      vertex 20.3235 19.2958 87.5023
      vertex 20.4446 19.2548 87.4964
    endloop
  endfacet
  facet normal 0.000168917 -0.141946 0.989874
    outer loop
      vertex 20.4446 19.2548 87.4964
      vertex 20.3235 19.2958 87.5023
      vertex 20.3898 18.9472 87.4523
    endloop
  endfacet
  facet normal -0.00036572 -0.142046 0.98986
    outer loop
      vertex 20.1157 18.1284 87.3347
      vertex 20.3898 18.9472 87.4523
      vertex 20.3235 19.2958 87.5023
    endloop
  endfacet
  facet normal -0.000305918 -0.142066 0.989857
    outer loop
      vertex 20.3898 18.9472 87.4523
      vertex 20.1157 18.1284 87.3347
      vertex 20.1918 17.8349 87.2926
    endloop
  endfacet
  facet normal -0.000264068 -0.142055 0.989859
    outer loop
      vertex 19.7487 15.4791 86.9544
      vertex 20.1918 17.8349 87.2926
      vertex 20.1157 18.1284 87.3347
    endloop
  endfacet
  facet normal 0 -0.142104 0.989852
    outer loop
      vertex 20.1918 17.8349 87.2926
      vertex 19.7487 15.4791 86.9544
      vertex 19.8655 15.4791 86.9544
    endloop
  endfacet
  facet normal 0 -0.258698 -0.965958
    outer loop
      vertex 13.9796 14.9739 81.1809
      vertex 13.8154 15.4791 81.0456
      vertex 14.0281 15.4791 81.0456
    endloop
  endfacet
  facet normal 6.05017e-05 -0.25868 -0.965963
    outer loop
      vertex 13.9796 14.9739 81.1809
      vertex 13.7681 14.9858 81.1777
      vertex 13.8154 15.4791 81.0456
    endloop
  endfacet
  facet normal 0 -0.259682 -0.965694
    outer loop
      vertex 13.7681 14.9858 81.1777
      vertex 13.9796 14.9739 81.1809
      vertex 13.7669 14.9739 81.1809
    endloop
  endfacet
  facet normal 0 -0.906295 0.422645
    outer loop
      vertex 17.7644 13.1809 85.0261
      vertex 17.9382 13.4019 85.5
      vertex 17.1891 13.1809 85.0261
    endloop
  endfacet
  facet normal 0 -0.906295 0.422645
    outer loop
      vertex 17.9382 13.4019 85.5
      vertex 17.7644 13.1809 85.0261
      vertex 18.5135 13.4019 85.5
    endloop
  endfacet
  facet normal 0 -0.258698 0.965958
    outer loop
      vertex 19.7487 15.4791 86.9544
      vertex 19.7782 14.9739 86.8191
      vertex 19.8655 15.4791 86.9544
    endloop
  endfacet
  facet normal 0 -0.258698 0.965958
    outer loop
      vertex 19.7782 14.9739 86.8191
      vertex 19.7487 15.4791 86.9544
      vertex 19.6615 14.9739 86.8191
    endloop
  endfacet
  facet normal 0 -0.422645 0.906295
    outer loop
      vertex 19.6615 14.9739 86.8191
      vertex 19.6706 14.5 86.5981
      vertex 19.7782 14.9739 86.8191
    endloop
  endfacet
  facet normal 0 -0.422645 0.906295
    outer loop
      vertex 19.6706 14.5 86.5981
      vertex 19.6615 14.9739 86.8191
      vertex 19.5538 14.5 86.5981
    endloop
  endfacet
  facet normal 0 -0.965958 0.258698
    outer loop
      vertex 17.015 13.0456 84.5209
      vertex 17.1891 13.1809 85.0261
      vertex 16.4397 13.0456 84.5209
    endloop
  endfacet
  facet normal 0 -0.965958 0.258698
    outer loop
      vertex 17.1891 13.1809 85.0261
      vertex 17.015 13.0456 84.5209
      vertex 17.7644 13.1809 85.0261
    endloop
  endfacet
  facet normal 0 -0.0872073 -0.99619
    outer loop
      vertex 14.0281 15.4791 81.0456
      vertex 13.9109 16 81
      vertex 14.1236 16 81
    endloop
  endfacet
  facet normal 0 -0.0872073 -0.99619
    outer loop
      vertex 13.9109 16 81
      vertex 14.0281 15.4791 81.0456
      vertex 13.8154 15.4791 81.0456
    endloop
  endfacet
  facet normal 0 0 -1
    outer loop
      vertex 25.7555 29.9457 81
      vertex 24.9901 30 81
      vertex 25.9038 30 81
    endloop
  endfacet
  facet normal 0 0 -1
    outer loop
      vertex 24.9596 29.5732 81
      vertex 24.9901 30 81
      vertex 25.7555 29.9457 81
    endloop
  endfacet
  facet normal 0 0 -1
    outer loop
      vertex 24.9596 29.5732 81
      vertex 24.9596 29.9857 81
      vertex 24.9901 30 81
    endloop
  endfacet
  facet normal 0 0 -1
    outer loop
      vertex 23.2833 28.6708 81
      vertex 24.9596 29.5732 81
      vertex 23.423 28.3678 81
    endloop
  endfacet
  facet normal -0 0 -1
    outer loop
      vertex 24.9596 29.5732 81
      vertex 23.2833 28.6708 81
      vertex 24.9596 29.9857 81
    endloop
  endfacet
  facet normal 0 0 -1
    outer loop
      vertex 22.3759 27.7826 81
      vertex 23.423 28.3678 81
      vertex 22.4161 27.3823 81
    endloop
  endfacet
  facet normal -0 0 -1
    outer loop
      vertex 23.423 28.3678 81
      vertex 22.3759 27.7826 81
      vertex 23.2833 28.6708 81
    endloop
  endfacet
  facet normal 0 0 -1
    outer loop
      vertex 21.3484 26.777 81
      vertex 22.4161 27.3823 81
      vertex 21.5525 26.5371 81
    endloop
  endfacet
  facet normal -0 0 -1
    outer loop
      vertex 22.4161 27.3823 81
      vertex 21.3484 26.777 81
      vertex 22.3759 27.7826 81
    endloop
  endfacet
  facet normal 0 0 -1
    outer loop
      vertex 21.0589 25.9409 81
      vertex 21.3484 26.777 81
      vertex 21.5525 26.5371 81
    endloop
  endfacet
  facet normal 0 0 -1
    outer loop
      vertex 19.5994 24.6644 81
      vertex 21.0589 25.9409 81
      vertex 19.8619 24.495 81
    endloop
  endfacet
  facet normal -0 0 -1
    outer loop
      vertex 21.0589 25.9409 81
      vertex 19.5994 24.6644 81
      vertex 21.3484 26.777 81
    endloop
  endfacet
  facet normal 0 0 -1
    outer loop
      vertex 19.4504 24.4407 81
      vertex 19.8619 24.495 81
      vertex 19.5468 24.1098 81
    endloop
  endfacet
  facet normal 0 -0 -1
    outer loop
      vertex 19.4853 24.525 81
      vertex 19.8619 24.495 81
      vertex 19.4826 24.5184 81
    endloop
  endfacet
  facet normal 0 0 -1
    outer loop
      vertex 19.8619 24.495 81
      vertex 19.4853 24.525 81
      vertex 19.5994 24.6644 81
    endloop
  endfacet
  facet normal 0 0 -1
    outer loop
      vertex 19.4504 24.4407 81
      vertex 19.5468 24.1098 81
      vertex 19.4504 23.8772 81
    endloop
  endfacet
  facet normal -0 0 -1
    outer loop
      vertex 19.8619 24.495 81
      vertex 19.4504 24.4407 81
      vertex 19.4826 24.5184 81
    endloop
  endfacet
  facet normal 0 0 -1
    outer loop
      vertex 16.6304 20.1292 81
      vertex 19.4504 24.4407 81
      vertex 19.4504 23.8772 81
    endloop
  endfacet
  facet normal -0 0 -1
    outer loop
      vertex 16.6304 20.1292 81
      vertex 15.7887 19.5741 81
      vertex 19.4504 24.4407 81
    endloop
  endfacet
  facet normal 0 0 -1
    outer loop
      vertex 15.7355 18.8003 81
      vertex 15.7887 19.5741 81
      vertex 16.6304 20.1292 81
    endloop
  endfacet
  facet normal 0 0 -1
    outer loop
      vertex 14.2842 17.3401 81
      vertex 15.7355 18.8003 81
      vertex 14.2842 16.6453 81
    endloop
  endfacet
  facet normal -0 0 -1
    outer loop
      vertex 15.7355 18.8003 81
      vertex 14.2842 17.3401 81
      vertex 15.7887 19.5741 81
    endloop
  endfacet
  facet normal 0 0 -1
    outer loop
      vertex 14.0353 16.5514 81
      vertex 14.2842 16.6453 81
      vertex 14.2315 16.4784 81
    endloop
  endfacet
  facet normal 0 0 -1
    outer loop
      vertex 14.0353 16.5514 81
      vertex 14.2315 16.4784 81
      vertex 14.1236 16 81
    endloop
  endfacet
  facet normal -0 0 -1
    outer loop
      vertex 14.2842 16.6453 81
      vertex 14.0353 16.5514 81
      vertex 14.2842 17.3401 81
    endloop
  endfacet
  facet normal 0 -0 -1
    outer loop
      vertex 14.0353 16.5514 81
      vertex 14.1236 16 81
      vertex 13.9109 16 81
    endloop
  endfacet
  facet normal 0 -0.573571 0.819156
    outer loop
      vertex 19.4504 14.1451 86.3496
      vertex 19.6706 14.5 86.5981
      vertex 19.5538 14.5 86.5981
    endloop
  endfacet
  facet normal 0.000206238 -0.573657 0.819096
    outer loop
      vertex 19.6706 14.5 86.5981
      vertex 19.4504 14.1451 86.3496
      vertex 19.5458 14.0716 86.2981
    endloop
  endfacet
  facet normal 0 -0.573836 0.81897
    outer loop
      vertex 19.5458 14.0716 86.2981
      vertex 19.4504 14.1451 86.3496
      vertex 19.345 14.0716 86.2981
    endloop
  endfacet
  facet normal -0.000138686 -0.996193 -0.087179
    outer loop
      vertex 15.6056 13.0456 83.4791
      vertex 15.7128 13 84
      vertex 15.6202 13.0062 83.9293
    endloop
  endfacet
  facet normal -7.46784e-05 -0.996192 -0.087181
    outer loop
      vertex 15.6056 13.0456 83.4791
      vertex 15.6202 13.0062 83.9293
      vertex 15.3216 13.03 83.6576
    endloop
  endfacet
  facet normal -0 -0.996203 -0.0870631
    outer loop
      vertex 15.6056 13.0456 83.4791
      vertex 15.3216 13.03 83.6576
      vertex 15.1254 13.0456 83.4791
    endloop
  endfacet
  facet normal 0 -0.99619 -0.0872073
    outer loop
      vertex 15.7128 13 84
      vertex 15.6056 13.0456 83.4791
      vertex 16.2881 13 84
    endloop
  endfacet
  facet normal -0.000397748 -0.906296 -0.422643
    outer loop
      vertex 14.5955 13.4019 82.5
      vertex 14.5979 13.1809 82.9739
      vertex 14.4127 13.2687 82.7858
    endloop
  endfacet
  facet normal -8.71522e-05 -0.906372 -0.42248
    outer loop
      vertex 14.5955 13.4019 82.5
      vertex 14.4127 13.2687 82.7858
      vertex 14.2842 13.3363 82.6408
    endloop
  endfacet
  facet normal -0 -0.906446 -0.422321
    outer loop
      vertex 14.5955 13.4019 82.5
      vertex 14.2842 13.3363 82.6408
      vertex 14.2171 13.4019 82.5
    endloop
  endfacet
  facet normal 0 -0.906295 -0.422645
    outer loop
      vertex 14.5979 13.1809 82.9739
      vertex 14.5955 13.4019 82.5
      vertex 15.0621 13.1809 82.9739
    endloop
  endfacet
  facet normal -0 -0.707107 -0.707107
    outer loop
      vertex 14.1093 14.0716 81.7019
      vertex 14.0368 13.7019 82.0716
      vertex 13.8984 14.0716 81.7019
    endloop
  endfacet
  facet normal 0 -0.707107 -0.707107
    outer loop
      vertex 14.0368 13.7019 82.0716
      vertex 14.1093 14.0716 81.7019
      vertex 14.2477 13.7019 82.0716
    endloop
  endfacet
  facet normal 6.07112e-05 -0.422011 -0.906591
    outer loop
      vertex 13.7669 14.8631 81.2326
      vertex 13.9796 14.9134 81.2092
      vertex 13.9796 14.8453 81.2409
    endloop
  endfacet
  facet normal 0 -0.422395 -0.906412
    outer loop
      vertex 13.7791 14.7427 81.2888
      vertex 14.0147 14.5 81.4019
      vertex 13.8037 14.5 81.4019
    endloop
  endfacet
  facet normal -0.000264675 -0.422606 -0.906314
    outer loop
      vertex 14.0147 14.5 81.4019
      vertex 13.7791 14.7427 81.2888
      vertex 13.9796 14.8453 81.2409
    endloop
  endfacet
  facet normal -3.71137e-05 -0.422971 -0.906143
    outer loop
      vertex 13.7669 14.8631 81.2326
      vertex 13.9796 14.8453 81.2409
      vertex 13.7791 14.7427 81.2888
    endloop
  endfacet
  facet normal 0.000299541 -0.422841 -0.906204
    outer loop
      vertex 13.7669 14.9739 81.1809
      vertex 13.9796 14.9134 81.2092
      vertex 13.7669 14.8631 81.2326
    endloop
  endfacet
  facet normal 0 -0.423705 -0.9058
    outer loop
      vertex 13.9796 14.9134 81.2092
      vertex 13.7669 14.9739 81.1809
      vertex 13.9796 14.9739 81.1809
    endloop
  endfacet
  facet normal 0 -0.819124 0.573616
    outer loop
      vertex 10.6197 15.8349 73.25
      vertex 10.6375 16.0849 73.607
      vertex 10.3883 15.8349 73.25
    endloop
  endfacet
  facet normal 0 -0.819124 0.573616
    outer loop
      vertex 10.6375 16.0849 73.607
      vertex 10.6197 15.8349 73.25
      vertex 10.8688 16.0849 73.607
    endloop
  endfacet
  facet normal 0 -0.819124 -0.573616
    outer loop
      vertex 9.4405 16.0849 70.393
      vertex 9.67187 15.8349 70.75
      vertex 9.4405 15.8349 70.75
    endloop
  endfacet
  facet normal 0 -0.819124 -0.573616
    outer loop
      vertex 9.67187 15.8349 70.75
      vertex 9.4405 16.0849 70.393
      vertex 9.67187 16.0849 70.393
    endloop
  endfacet
  facet normal 0 -0.99619 0.087204
    outer loop
      vertex 9.96898 15.5 72
      vertex 9.93145 15.538 72.4341
      vertex 9.73763 15.5 72
    endloop
  endfacet
  facet normal 0 -0.99619 0.087204
    outer loop
      vertex 9.93145 15.538 72.4341
      vertex 9.96898 15.5 72
      vertex 10.1628 15.538 72.4341
    endloop
  endfacet
  facet normal 0 -0.573462 0.819232
    outer loop
      vertex 11.1397 16.75 74.1651
      vertex 11.3243 16.683 74.1182
      vertex 11.3724 16.75 74.1651
    endloop
  endfacet
  facet normal -8.17887e-05 -0.573614 0.819126
    outer loop
      vertex 11.1397 16.75 74.1651
      vertex 11.1218 16.393 73.9151
      vertex 11.3243 16.683 74.1182
    endloop
  endfacet
  facet normal 0 -0.573616 0.819124
    outer loop
      vertex 11.1218 16.393 73.9151
      vertex 11.1397 16.75 74.1651
      vertex 10.8905 16.393 73.9151
    endloop
  endfacet
  facet normal -1.47264e-05 0.140966 0.990014
    outer loop
      vertex 24.9596 29.5037 72.8882
      vertex 26 29.5621 72.8799
      vertex 26 29.9582 72.8235
    endloop
  endfacet
  facet normal -6.96706e-07 0.140721 0.990049
    outer loop
      vertex 24.9596 29.5037 72.8882
      vertex 24.9596 29.1076 72.9445
      vertex 26 29.5621 72.8799
    endloop
  endfacet
  facet normal -4.97401e-06 0.140721 0.990049
    outer loop
      vertex 21.4973 28.2801 73.0621
      vertex 24.9596 29.1076 72.9445
      vertex 24.9596 29.5037 72.8882
    endloop
  endfacet
  facet normal -4.09561e-05 0.140869 0.990028
    outer loop
      vertex 21.4973 28.2801 73.0621
      vertex 21.4845 27.8795 73.1191
      vertex 24.9596 29.1076 72.9445
    endloop
  endfacet
  facet normal -2.44567e-05 0.140869 0.990028
    outer loop
      vertex 21.4973 28.2801 73.0621
      vertex 20.9558 27.6517 73.1515
      vertex 21.4845 27.8795 73.1191
    endloop
  endfacet
  facet normal -2.0189e-05 0.140865 0.990029
    outer loop
      vertex 19.5213 27.4287 73.1832
      vertex 20.9558 27.6517 73.1515
      vertex 21.4973 28.2801 73.0621
    endloop
  endfacet
  facet normal 1.19935e-05 0.140662 0.990058
    outer loop
      vertex 20.9558 27.6517 73.1515
      vertex 19.5213 27.4287 73.1832
      vertex 19.5495 27.0458 73.2376
    endloop
  endfacet
  facet normal -0.0193221 0.179443 0.983579
    outer loop
      vertex 19.4837 27.4104 73.1858
      vertex 19.5213 27.4287 73.1832
      vertex 19.4955 27.4177 73.1847
    endloop
  endfacet
  facet normal 1.32777e-06 0.140661 0.990058
    outer loop
      vertex 19.5213 27.4287 73.1832
      vertex 19.4837 27.4104 73.1858
      vertex 19.5495 27.0458 73.2376
    endloop
  endfacet
  facet normal -0.000334668 0.140602 0.990066
    outer loop
      vertex 19.4504 27.3899 73.1887
      vertex 19.5495 27.0458 73.2376
      vertex 19.4837 27.4104 73.1858
    endloop
  endfacet
  facet normal 0.000386291 0.140805 0.990037
    outer loop
      vertex 19.4504 27.3899 73.1887
      vertex 19.4504 26.9849 73.2463
      vertex 19.5495 27.0458 73.2376
    endloop
  endfacet
  facet normal -3.92659e-05 0.140805 0.990037
    outer loop
      vertex 17.0523 24.9072 73.5417
      vertex 19.4504 26.9849 73.2463
      vertex 19.4504 27.3899 73.1887
    endloop
  endfacet
  facet normal 3.07902e-05 0.140726 0.990049
    outer loop
      vertex 17.0523 24.9072 73.5417
      vertex 14.5866 21.9494 73.9622
      vertex 19.4504 26.9849 73.2463
    endloop
  endfacet
  facet normal 0.000207147 0.140582 0.990069
    outer loop
      vertex 14.2842 22.0414 73.9492
      vertex 14.5866 21.9494 73.9622
      vertex 17.0523 24.9072 73.5417
    endloop
  endfacet
  facet normal 0.000190829 0.140529 0.990076
    outer loop
      vertex 14.2512 22.0034 73.9546
      vertex 14.5866 21.9494 73.9622
      vertex 14.2842 22.0414 73.9492
    endloop
  endfacet
  facet normal -0.128758 0.234257 0.96361
    outer loop
      vertex 14.237 21.9849 73.9572
      vertex 14.2512 22.0034 73.9546
      vertex 14.2452 21.9964 73.9555
    endloop
  endfacet
  facet normal -2.84081e-05 0.139194 0.990265
    outer loop
      vertex 14.2512 22.0034 73.9546
      vertex 14.237 21.9849 73.9572
      vertex 14.5866 21.9494 73.9622
    endloop
  endfacet
  facet normal 0 0.139469 0.990227
    outer loop
      vertex 14.5866 21.9494 73.9622
      vertex 14.237 21.9849 73.9572
      vertex 14.212 21.9494 73.9622
    endloop
  endfacet
  facet normal -0 0.140677 0.990055
    outer loop
      vertex 12.9759 20.131 74.2208
      vertex 12.6804 19.1436 74.3611
      vertex 13.2454 20.131 74.2208
    endloop
  endfacet
  facet normal 0.000332921 0.14058 0.990069
    outer loop
      vertex 12.3098 18.967 74.3863
      vertex 12.6804 19.1436 74.3611
      vertex 12.9759 20.131 74.2208
    endloop
  endfacet
  facet normal 0.000244738 0.140761 0.990044
    outer loop
      vertex 12.6804 19.1436 74.3611
      vertex 12.3098 18.967 74.3863
      vertex 12.4681 18.7726 74.4139
    endloop
  endfacet
  facet normal 6.04171e-05 0.140614 0.990065
    outer loop
      vertex 12.066 18.4341 74.462
      vertex 12.4681 18.7726 74.4139
      vertex 12.3098 18.967 74.3863
    endloop
  endfacet
  facet normal 0 0.140684 0.990055
    outer loop
      vertex 12.4681 18.7726 74.4139
      vertex 12.066 18.4341 74.462
      vertex 12.3132 18.4341 74.462
    endloop
  endfacet
  facet normal -0 0.0871801 0.996193
    outer loop
      vertex 12.066 18.4341 74.462
      vertex 12.2238 18.2467 74.4784
      vertex 12.3132 18.4341 74.462
    endloop
  endfacet
  facet normal -4.36192e-05 0.0871437 0.996196
    outer loop
      vertex 11.8915 18.0682 74.494
      vertex 12.2238 18.2467 74.4784
      vertex 12.066 18.4341 74.462
    endloop
  endfacet
  facet normal -0.000115682 0.0872768 0.996184
    outer loop
      vertex 12.2238 18.2467 74.4784
      vertex 11.8915 18.0682 74.494
      vertex 12.1061 18 74.5
    endloop
  endfacet
  facet normal 0 0.087638 0.996152
    outer loop
      vertex 12.1061 18 74.5
      vertex 11.8915 18.0682 74.494
      vertex 11.859 18 74.5
    endloop
  endfacet
  facet normal 0 -0.258846 0.965919
    outer loop
      vertex 11.6249 17.5659 74.462
      vertex 11.6329 17.1696 74.3558
      vertex 11.872 17.5659 74.462
    endloop
  endfacet
  facet normal -0.000186193 -0.258849 0.965918
    outer loop
      vertex 11.4957 17.3518 74.4046
      vertex 11.6329 17.1696 74.3558
      vertex 11.6249 17.5659 74.462
    endloop
  endfacet
  facet normal 0.000469101 -0.258389 0.966041
    outer loop
      vertex 11.6329 17.1696 74.3558
      vertex 11.4957 17.3518 74.4046
      vertex 11.6194 17.1449 74.3492
    endloop
  endfacet
  facet normal 0 -0.258651 0.965971
    outer loop
      vertex 11.6194 17.1449 74.3492
      vertex 11.4957 17.3518 74.4046
      vertex 11.3825 17.1449 74.3492
    endloop
  endfacet
  facet normal 0 -0.087204 0.99619
    outer loop
      vertex 11.859 18 74.5
      vertex 11.872 17.5659 74.462
      vertex 12.1061 18 74.5
    endloop
  endfacet
  facet normal 0 -0.087204 0.99619
    outer loop
      vertex 11.872 17.5659 74.462
      vertex 11.859 18 74.5
      vertex 11.6249 17.5659 74.462
    endloop
  endfacet
  facet normal 0 -0.707107 0.707107
    outer loop
      vertex 10.8905 16.393 73.9151
      vertex 10.8688 16.0849 73.607
      vertex 11.1218 16.393 73.9151
    endloop
  endfacet
  facet normal 0 -0.707107 0.707107
    outer loop
      vertex 10.8688 16.0849 73.607
      vertex 10.8905 16.393 73.9151
      vertex 10.6375 16.0849 73.607
    endloop
  endfacet
  facet normal 0 -0.707107 -0.707107
    outer loop
      vertex 9.4405 16.0849 70.393
      vertex 9.67216 16.0868 70.3911
      vertex 9.67187 16.0849 70.393
    endloop
  endfacet
  facet normal -4.61915e-06 -0.706825 -0.707388
    outer loop
      vertex 9.45238 16.2106 70.2674
      vertex 9.67216 16.0868 70.3911
      vertex 9.4405 16.0849 70.393
    endloop
  endfacet
  facet normal -0.000289604 -0.707078 -0.707135
    outer loop
      vertex 9.46633 16.2814 70.1966
      vertex 9.67216 16.0868 70.3911
      vertex 9.45238 16.2106 70.2674
    endloop
  endfacet
  facet normal -0 -0.707423 -0.70679
    outer loop
      vertex 9.77233 16.393 70.0849
      vertex 9.46633 16.2814 70.1966
      vertex 9.50286 16.393 70.0849
    endloop
  endfacet
  facet normal -0.000262402 -0.707064 -0.70715
    outer loop
      vertex 9.46633 16.2814 70.1966
      vertex 9.77233 16.393 70.0849
      vertex 9.67216 16.0868 70.3911
    endloop
  endfacet
  facet normal 0 -0.573616 -0.819124
    outer loop
      vertex 9.77233 16.393 70.0849
      vertex 9.65021 16.75 69.8349
      vertex 9.91968 16.75 69.8349
    endloop
  endfacet
  facet normal 0 -0.573616 -0.819124
    outer loop
      vertex 9.65021 16.75 69.8349
      vertex 9.77233 16.393 70.0849
      vertex 9.50286 16.393 70.0849
    endloop
  endfacet
  facet normal 0 -0.966023 -0.258458
    outer loop
      vertex 9.575 15.538 71.5659
      vertex 9.78966 15.5643 71.4676
      vertex 9.81126 15.538 71.5659
    endloop
  endfacet
  facet normal -0.000159313 -0.965936 -0.258782
    outer loop
      vertex 9.53778 15.5712 71.442
      vertex 9.78966 15.5643 71.4676
      vertex 9.575 15.538 71.5659
    endloop
  endfacet
  facet normal -0.000157347 -0.965931 -0.2588
    outer loop
      vertex 9.53352 15.5753 71.4267
      vertex 9.78966 15.5643 71.4676
      vertex 9.53778 15.5712 71.442
    endloop
  endfacet
  facet normal -0 -0.96591 -0.258879
    outer loop
      vertex 9.71881 15.6508 71.145
      vertex 9.53352 15.5753 71.4267
      vertex 9.47164 15.6508 71.145
    endloop
  endfacet
  facet normal -0.000130226 -0.965888 -0.258959
    outer loop
      vertex 9.53352 15.5753 71.4267
      vertex 9.71881 15.6508 71.145
      vertex 9.78966 15.5643 71.4676
    endloop
  endfacet
  facet normal 0 -0.277252 -0.960797
    outer loop
      vertex 14.2842 20.9796 68.5447
      vertex 14.7505 21.7666 68.3176
      vertex 15.2028 21.7666 68.3176
    endloop
  endfacet
  facet normal -7.79001e-05 -0.277209 -0.96081
    outer loop
      vertex 14.2842 20.9796 68.5447
      vertex 14.2842 21.3671 68.4329
      vertex 14.7505 21.7666 68.3176
    endloop
  endfacet
  facet normal 0.000132237 -0.277094 -0.960843
    outer loop
      vertex 13.8796 21.1833 68.4859
      vertex 14.2842 20.9796 68.5447
      vertex 13.9259 20.8168 68.5916
    endloop
  endfacet
  facet normal 6.94949e-05 -0.277209 -0.96081
    outer loop
      vertex 14.2842 20.9796 68.5447
      vertex 13.8796 21.1833 68.4859
      vertex 14.2842 21.3671 68.4329
    endloop
  endfacet
  facet normal 0.000339181 -0.27707 -0.96085
    outer loop
      vertex 13.8585 20.7862 68.6004
      vertex 13.8796 21.1833 68.4859
      vertex 13.9259 20.8168 68.5916
    endloop
  endfacet
  facet normal -9.75734e-05 -0.277068 -0.96085
    outer loop
      vertex 12.9248 20.541 68.6712
      vertex 13.8585 20.7862 68.6004
      vertex 12.9387 20.1675 68.7789
    endloop
  endfacet
  facet normal -0.000103235 -0.277048 -0.960856
    outer loop
      vertex 13.8585 20.7862 68.6004
      vertex 12.9248 20.541 68.6712
      vertex 13.8796 21.1833 68.4859
    endloop
  endfacet
  facet normal -7.22499e-05 -0.277072 -0.960849
    outer loop
      vertex 12.6696 20.3694 68.7207
      vertex 12.9387 20.1675 68.7789
      vertex 12.7001 20.007 68.8252
    endloop
  endfacet
  facet normal -6.81528e-05 -0.277067 -0.960851
    outer loop
      vertex 12.9387 20.1675 68.7789
      vertex 12.6696 20.3694 68.7207
      vertex 12.9248 20.541 68.6712
    endloop
  endfacet
  facet normal -9.69144e-05 -0.27709 -0.960844
    outer loop
      vertex 12.305 20.038 68.8163
      vertex 12.7001 20.007 68.8252
      vertex 12.3665 19.7037 68.9127
    endloop
  endfacet
  facet normal -9.55183e-05 -0.277074 -0.960849
    outer loop
      vertex 12.7001 20.007 68.8252
      vertex 12.305 20.038 68.8163
      vertex 12.6696 20.3694 68.7207
    endloop
  endfacet
  facet normal 9.70994e-05 -0.277219 -0.960807
    outer loop
      vertex 11.6347 19.4286 68.992
      vertex 12.3665 19.7037 68.9127
      vertex 11.7093 19.1063 69.085
    endloop
  endfacet
  facet normal 3.54497e-05 -0.277068 -0.96085
    outer loop
      vertex 12.3665 19.7037 68.9127
      vertex 11.6347 19.4286 68.992
      vertex 12.305 20.038 68.8163
    endloop
  endfacet
  facet normal -8.60608e-05 -0.277411 -0.960751
    outer loop
      vertex 11.4823 19.2875 69.0327
      vertex 11.7093 19.1063 69.085
      vertex 11.5613 18.9692 69.1246
    endloop
  endfacet
  facet normal 7.55505e-05 -0.277224 -0.960805
    outer loop
      vertex 11.7093 19.1063 69.085
      vertex 11.4823 19.2875 69.0327
      vertex 11.6347 19.4286 68.992
    endloop
  endfacet
  facet normal 0.00019063 -0.277251 -0.960797
    outer loop
      vertex 11.0955 18.8365 69.1628
      vertex 11.5613 18.9692 69.1246
      vertex 11.1726 18.516 69.2553
    endloop
  endfacet
  facet normal 0.000218303 -0.277341 -0.960772
    outer loop
      vertex 11.5613 18.9692 69.1246
      vertex 11.0955 18.8365 69.1628
      vertex 11.4823 19.2875 69.0327
    endloop
  endfacet
  facet normal 0.000105672 -0.277281 -0.960789
    outer loop
      vertex 10.5757 18.2306 69.3376
      vertex 11.1726 18.516 69.2553
      vertex 10.6935 17.9576 69.4164
    endloop
  endfacet
  facet normal 0.000100669 -0.277271 -0.960792
    outer loop
      vertex 11.1726 18.516 69.2553
      vertex 10.5757 18.2306 69.3376
      vertex 11.0955 18.8365 69.1628
    endloop
  endfacet
  facet normal -9.43464e-05 -0.277066 -0.960851
    outer loop
      vertex 9.92338 17.2667 69.6157
      vertex 10.6935 17.9576 69.4164
      vertex 10.1436 17.1449 69.6508
    endloop
  endfacet
  facet normal 0.00011208 -0.277278 -0.96079
    outer loop
      vertex 10.6935 17.9576 69.4164
      vertex 9.92338 17.2667 69.6157
      vertex 10.5757 18.2306 69.3376
    endloop
  endfacet
  facet normal 0 -0.276909 -0.960896
    outer loop
      vertex 9.92338 17.2667 69.6157
      vertex 10.1436 17.1449 69.6508
      vertex 9.84102 17.1449 69.6508
    endloop
  endfacet
  facet normal -3.13573e-05 -0.277081 -0.960846
    outer loop
      vertex 24.9596 28.441 66.3924
      vertex 26 28.4981 66.3759
      vertex 24.9596 28.054 66.504
    endloop
  endfacet
  facet normal -3.52864e-05 -0.277015 -0.960866
    outer loop
      vertex 26 28.4981 66.3759
      vertex 24.9596 28.441 66.3924
      vertex 26 28.8852 66.2643
    endloop
  endfacet
  facet normal -3.30379e-05 -0.277081 -0.960846
    outer loop
      vertex 24.9596 28.054 66.504
      vertex 23.3093 27.8711 66.5568
      vertex 24.9596 28.441 66.3924
    endloop
  endfacet
  facet normal -3.92788e-05 -0.277029 -0.960861
    outer loop
      vertex 23.2698 27.4705 66.6723
      vertex 23.3093 27.8711 66.5568
      vertex 24.9596 28.054 66.504
    endloop
  endfacet
  facet normal -8.20684e-05 -0.277025 -0.960863
    outer loop
      vertex 23.2698 27.4705 66.6723
      vertex 22.406 27.4659 66.6737
      vertex 23.3093 27.8711 66.5568
    endloop
  endfacet
  facet normal -8.16565e-05 -0.277097 -0.960842
    outer loop
      vertex 22.3916 27.0765 66.786
      vertex 22.406 27.4659 66.6737
      vertex 23.2698 27.4705 66.6723
    endloop
  endfacet
  facet normal -2.04035e-05 -0.276978 -0.960876
    outer loop
      vertex 21.4185 27.0228 66.8015
      vertex 22.3916 27.0765 66.786
      vertex 21.4447 26.6516 66.9085
    endloop
  endfacet
  facet normal -1.31872e-05 -0.277099 -0.960841
    outer loop
      vertex 22.3916 27.0765 66.786
      vertex 21.4185 27.0228 66.8015
      vertex 22.406 27.4659 66.6737
    endloop
  endfacet
  facet normal -9.70292e-05 -0.276983 -0.960875
    outer loop
      vertex 20.9633 26.351 66.9952
      vertex 21.4185 27.0228 66.8015
      vertex 21.4447 26.6516 66.9085
    endloop
  endfacet
  facet normal 4.69739e-05 -0.277297 -0.960784
    outer loop
      vertex 19.4504 25.7936 67.156
      vertex 20.9633 26.351 66.9952
      vertex 19.529 25.4551 67.2537
    endloop
  endfacet
  facet normal 0.00152366 -0.275634 -0.961262
    outer loop
      vertex 19.2895 25.6557 67.1958
      vertex 19.529 25.4551 67.2537
      vertex 19.5102 25.44 67.258
    endloop
  endfacet
  facet normal -0.000261905 -0.277321 -0.960777
    outer loop
      vertex 19.2895 25.6557 67.1958
      vertex 19.5102 25.44 67.258
      vertex 19.4504 25.3919 67.2719
    endloop
  endfacet
  facet normal -7.18916e-05 -0.276999 -0.96087
    outer loop
      vertex 20.9633 26.351 66.9952
      vertex 19.4504 25.7936 67.156
      vertex 21.4185 27.0228 66.8015
    endloop
  endfacet
  facet normal 7.79765e-06 -0.277305 -0.960782
    outer loop
      vertex 19.529 25.4551 67.2537
      vertex 19.2895 25.6557 67.1958
      vertex 19.4504 25.7936 67.156
    endloop
  endfacet
  facet normal 4.60474e-05 -0.277148 -0.960827
    outer loop
      vertex 19.0972 25.1034 67.3551
      vertex 19.2895 25.6557 67.1958
      vertex 19.4504 25.3919 67.2719
    endloop
  endfacet
  facet normal 0 -0.277183 -0.960817
    outer loop
      vertex 17.1476 23.8205 67.7252
      vertex 19.0972 25.1034 67.3551
      vertex 17.5999 23.8205 67.7252
    endloop
  endfacet
  facet normal -4.66028e-05 -0.277118 -0.960836
    outer loop
      vertex 19.0972 25.1034 67.3551
      vertex 17.1476 23.8205 67.7252
      vertex 19.2895 25.6557 67.1958
    endloop
  endfacet
  facet normal 0 -0.906649 -0.421886
    outer loop
      vertex 9.46633 15.6716 71.1003
      vertex 9.71881 15.6508 71.145
      vertex 9.47164 15.6508 71.145
    endloop
  endfacet
  facet normal -0 -0.906355 -0.422517
    outer loop
      vertex 9.67187 15.8349 70.75
      vertex 9.46633 15.6716 71.1003
      vertex 9.4405 15.8349 70.75
    endloop
  endfacet
  facet normal 0.000123195 -0.906383 -0.422458
    outer loop
      vertex 9.46633 15.6716 71.1003
      vertex 9.67187 15.8349 70.75
      vertex 9.71881 15.6508 71.145
    endloop
  endfacet
  facet normal 0 -0.996207 -0.0870159
    outer loop
      vertex 9.73763 15.5 72
      vertex 9.86477 15.5243 71.7218
      vertex 9.96898 15.5 72
    endloop
  endfacet
  facet normal -0.000227835 -0.996198 -0.0871192
    outer loop
      vertex 9.575 15.538 71.5659
      vertex 9.86477 15.5243 71.7218
      vertex 9.73763 15.5 72
    endloop
  endfacet
  facet normal 3.14951e-06 -0.996161 -0.0875453
    outer loop
      vertex 9.86477 15.5243 71.7218
      vertex 9.575 15.538 71.5659
      vertex 9.82615 15.5338 71.6137
    endloop
  endfacet
  facet normal 0 -0.996162 -0.0875289
    outer loop
      vertex 9.82615 15.5338 71.6137
      vertex 9.575 15.538 71.5659
      vertex 9.81126 15.538 71.5659
    endloop
  endfacet
  facet normal 4.63339e-05 -0.422786 -0.90623
    outer loop
      vertex 9.84102 17.1449 69.6508
      vertex 10.1097 17.0922 69.6754
      vertex 10.0072 16.9325 69.7499
    endloop
  endfacet
  facet normal 0 -0.42138 -0.906884
    outer loop
      vertex 9.65021 16.75 69.8349
      vertex 9.94342 16.7995 69.8119
      vertex 9.91968 16.75 69.8349
    endloop
  endfacet
  facet normal 0 -0.42298 -0.906139
    outer loop
      vertex 10.1097 17.0922 69.6754
      vertex 9.84102 17.1449 69.6508
      vertex 10.1436 17.1449 69.6508
    endloop
  endfacet
  facet normal 0.000343952 -0.422648 -0.906294
    outer loop
      vertex 9.94342 16.7995 69.8119
      vertex 9.83559 17.1365 69.6547
      vertex 10.0072 16.9325 69.7499
    endloop
  endfacet
  facet normal 0.00145107 -0.421882 -0.906649
    outer loop
      vertex 10.0072 16.9325 69.7499
      vertex 9.83559 17.1365 69.6547
      vertex 9.84102 17.1449 69.6508
    endloop
  endfacet
  facet normal 0.000264534 -0.422669 -0.906284
    outer loop
      vertex 9.94342 16.7995 69.8119
      vertex 9.65021 16.75 69.8349
      vertex 9.83559 17.1365 69.6547
    endloop
  endfacet
  facet normal 0 -0.906388 0.422446
    outer loop
      vertex 10.3819 15.6508 72.855
      vertex 10.3883 15.8349 73.25
      vertex 10.1506 15.6508 72.855
    endloop
  endfacet
  facet normal 0 -0.906388 0.422446
    outer loop
      vertex 10.3883 15.8349 73.25
      vertex 10.3819 15.6508 72.855
      vertex 10.6197 15.8349 73.25
    endloop
  endfacet
  facet normal 0 -0.965914 0.258862
    outer loop
      vertex 10.1628 15.538 72.4341
      vertex 10.1506 15.6508 72.855
      vertex 9.93145 15.538 72.4341
    endloop
  endfacet
  facet normal 0 -0.965914 0.258862
    outer loop
      vertex 10.1506 15.6508 72.855
      vertex 10.1628 15.538 72.4341
      vertex 10.3819 15.6508 72.855
    endloop
  endfacet
  facet normal 0 -0.422534 0.906347
    outer loop
      vertex 11.3825 17.1449 74.3492
      vertex 11.3724 16.75 74.1651
      vertex 11.6194 17.1449 74.3492
    endloop
  endfacet
  facet normal -0.000250058 -0.422528 0.90635
    outer loop
      vertex 11.2468 16.9279 74.248
      vertex 11.3724 16.75 74.1651
      vertex 11.3825 17.1449 74.3492
    endloop
  endfacet
  facet normal 0 -0.422383 0.906417
    outer loop
      vertex 11.3724 16.75 74.1651
      vertex 11.2468 16.9279 74.248
      vertex 11.1397 16.75 74.1651
    endloop
  endfacet
  facet normal 0 -0.966068 -0.258286
    outer loop
      vertex 12.5881 20.1137 73.8437
      vertex 12.8424 20.1472 73.7184
      vertex 12.8576 20.1137 73.8437
    endloop
  endfacet
  facet normal -0.000282217 -0.965925 -0.258821
    outer loop
      vertex 12.5697 20.1543 73.6922
      vertex 12.8424 20.1472 73.7184
      vertex 12.5881 20.1137 73.8437
    endloop
  endfacet
  facet normal 0 -0.965188 -0.261558
    outer loop
      vertex 12.8424 20.1472 73.7184
      vertex 12.5697 20.1543 73.6922
      vertex 12.8424 20.1543 73.6922
    endloop
  endfacet
  facet normal -0 -0.996181 -0.0873172
    outer loop
      vertex 12.8576 20.1137 73.8437
      vertex 12.6244 20.1 74
      vertex 12.5881 20.1137 73.8437
    endloop
  endfacet
  facet normal 0 -0.996181 -0.0873172
    outer loop
      vertex 12.6244 20.1 74
      vertex 12.8576 20.1137 73.8437
      vertex 12.8939 20.1 74
    endloop
  endfacet
  facet normal 8.15802e-05 0.957842 0.287297
    outer loop
      vertex 17.2422 24.0286 67.0315
      vertex 17.5999 23.8205 67.7252
      vertex 17.8512 23.9161 67.4064
    endloop
  endfacet
  facet normal 5.77272e-06 0.957813 0.287393
    outer loop
      vertex 14.212 21.9494 73.9622
      vertex 14.5687 21.8457 74.3078
      vertex 14.5746 21.904 74.1135
    endloop
  endfacet
  facet normal 2.60958e-05 0.957826 0.287349
    outer loop
      vertex 14.212 21.9494 73.9622
      vertex 14.5746 21.904 74.1135
      vertex 14.5778 21.9367 74.0045
    endloop
  endfacet
  facet normal -0 0.957764 0.287556
    outer loop
      vertex 14.212 21.9494 73.9622
      vertex 14.5778 21.9367 74.0045
      vertex 14.5866 21.9494 73.9622
    endloop
  endfacet
  facet normal 0 0.957811 0.287399
    outer loop
      vertex 14.5687 21.8457 74.3078
      vertex 14.212 21.9494 73.9622
      vertex 13.9013 21.8457 74.3078
    endloop
  endfacet
  facet normal -0.00145738 0.957387 0.288804
    outer loop
      vertex 13.9154 22.0256 73.7081
      vertex 14.212 21.9494 73.9622
      vertex 14.2127 21.9583 73.9327
    endloop
  endfacet
  facet normal 0.00178035 0.958564 0.284871
    outer loop
      vertex 13.9154 22.0256 73.7081
      vertex 14.2127 21.9583 73.9327
      vertex 14.2131 21.9635 73.9152
    endloop
  endfacet
  facet normal 0.000733536 0.958154 0.286253
    outer loop
      vertex 13.9154 22.0256 73.7081
      vertex 14.2131 21.9635 73.9152
      vertex 14.2158 21.9678 73.9008
    endloop
  endfacet
  facet normal -8.15551e-05 0.957831 0.287331
    outer loop
      vertex 14.212 21.9494 73.9622
      vertex 13.9154 22.0256 73.7081
      vertex 13.9013 21.8457 74.3078
    endloop
  endfacet
  facet normal -7.34519e-05 0.957808 0.287407
    outer loop
      vertex 14.2842 22.0776 73.5349
      vertex 13.9154 22.0256 73.7081
      vertex 14.2158 21.9678 73.9008
    endloop
  endfacet
  facet normal -5.7333e-05 0.957799 0.287439
    outer loop
      vertex 13.9154 22.0256 73.7081
      vertex 14.2842 22.0776 73.5349
      vertex 13.9177 22.0542 73.6128
    endloop
  endfacet
  facet normal 0.000108348 0.957584 0.288154
    outer loop
      vertex 14.2842 22.0776 73.5349
      vertex 13.9323 22.0777 73.5347
      vertex 13.9177 22.0542 73.6128
    endloop
  endfacet
  facet normal 0.000108852 0.957816 0.287383
    outer loop
      vertex 14.5344 22.4387 72.3313
      vertex 13.9323 22.0777 73.5347
      vertex 14.2842 22.0776 73.5349
    endloop
  endfacet
  facet normal 5.79677e-06 0.95783 0.287336
    outer loop
      vertex 14.5344 22.4387 72.3313
      vertex 14.1863 22.4852 72.1763
      vertex 13.9323 22.0777 73.5347
    endloop
  endfacet
  facet normal 0.00134762 0.958654 0.28457
    outer loop
      vertex 14.5344 22.4387 72.3313
      vertex 14.1884 22.4868 72.1709
      vertex 14.1863 22.4852 72.1763
    endloop
  endfacet
  facet normal -1.41031e-05 0.957851 0.287266
    outer loop
      vertex 14.5344 22.4387 72.3313
      vertex 14.2842 22.5559 71.9405
      vertex 14.1884 22.4868 72.1709
    endloop
  endfacet
  facet normal -4.75533e-05 0.957845 0.287286
    outer loop
      vertex 15.0674 22.8487 70.9644
      vertex 14.2842 22.5559 71.9405
      vertex 14.5344 22.4387 72.3313
    endloop
  endfacet
  facet normal 4.68349e-05 0.957769 0.287538
    outer loop
      vertex 14.824 22.9712 70.5564
      vertex 15.0674 22.8487 70.9644
      vertex 15.1863 22.9402 70.6596
    endloop
  endfacet
  facet normal 0.00018885 0.957793 0.28746
    outer loop
      vertex 15.0674 22.8487 70.9644
      vertex 14.824 22.9712 70.5564
      vertex 14.2842 22.5559 71.9405
    endloop
  endfacet
  facet normal 0.000169847 0.957888 0.287141
    outer loop
      vertex 15.1863 22.9402 70.6596
      vertex 14.9788 23.051 70.2901
      vertex 14.824 22.9712 70.5564
    endloop
  endfacet
  facet normal -9.3758e-05 0.957847 0.287277
    outer loop
      vertex 15.4344 23.0682 70.2329
      vertex 14.9788 23.051 70.2901
      vertex 15.1863 22.9402 70.6596
    endloop
  endfacet
  facet normal 7.06119e-05 0.957817 0.287379
    outer loop
      vertex 15.8375 23.4941 68.8133
      vertex 15.4344 23.0682 70.2329
      vertex 16.1756 23.4506 68.9582
    endloop
  endfacet
  facet normal -8.54458e-05 0.957829 0.287338
    outer loop
      vertex 15.4344 23.0682 70.2329
      vertex 15.8375 23.4941 68.8133
      vertex 14.9788 23.051 70.2901
    endloop
  endfacet
  facet normal -8.67099e-05 0.957842 0.287294
    outer loop
      vertex 16.544 23.7629 67.9171
      vertex 16.1756 23.4506 68.9582
      vertex 16.9255 23.736 68.0069
    endloop
  endfacet
  facet normal 8.40685e-05 0.957826 0.28735
    outer loop
      vertex 16.1756 23.4506 68.9582
      vertex 16.544 23.7629 67.9171
      vertex 15.8375 23.4941 68.8133
    endloop
  endfacet
  facet normal -7.79585e-05 0.957853 0.28726
    outer loop
      vertex 17.1476 23.8205 67.7252
      vertex 16.544 23.7629 67.9171
      vertex 16.9255 23.736 68.0069
    endloop
  endfacet
  facet normal 0 0.95783 0.287335
    outer loop
      vertex 17.5999 23.8205 67.7252
      vertex 17.2422 24.0286 67.0315
      vertex 17.1476 23.8205 67.7252
    endloop
  endfacet
  facet normal -5.43522e-05 0.957832 0.287328
    outer loop
      vertex 17.1476 23.8205 67.7252
      vertex 17.2422 24.0286 67.0315
      vertex 16.544 23.7629 67.9171
    endloop
  endfacet
  facet normal 3.87296e-06 0.957822 0.287363
    outer loop
      vertex 18.9385 24.5281 65.3665
      vertex 17.8512 23.9161 67.4064
      vertex 19.4504 24.387 65.8368
    endloop
  endfacet
  facet normal 2.8997e-05 0.957818 0.287375
    outer loop
      vertex 17.8512 23.9161 67.4064
      vertex 18.9385 24.5281 65.3665
      vertex 17.2422 24.0286 67.0315
    endloop
  endfacet
  facet normal -0.000158855 0.957773 0.287525
    outer loop
      vertex 19.4504 24.387 65.8368
      vertex 19.1034 24.5767 65.2047
      vertex 18.9385 24.5281 65.3665
    endloop
  endfacet
  facet normal 0.000115863 0.957815 0.287387
    outer loop
      vertex 19.4504 24.387 65.8368
      vertex 19.4504 24.6577 64.9346
      vertex 19.1034 24.5767 65.2047
    endloop
  endfacet
  facet normal 3.57986e-05 0.957815 0.287387
    outer loop
      vertex 23.0797 25.4402 62.3262
      vertex 19.4504 24.6577 64.9346
      vertex 19.4504 24.387 65.8368
    endloop
  endfacet
  facet normal 5.63298e-05 0.957807 0.287413
    outer loop
      vertex 23.0797 25.4402 62.3262
      vertex 22.1412 25.4597 62.2614
      vertex 19.4504 24.6577 64.9346
    endloop
  endfacet
  facet normal 4.08252e-05 0.957818 0.287377
    outer loop
      vertex 24.223 26.0638 60.2476
      vertex 23.0797 25.4402 62.3262
      vertex 24.9596 25.9857 60.5078
    endloop
  endfacet
  facet normal 5.83813e-05 0.957815 0.287386
    outer loop
      vertex 23.0797 25.4402 62.3262
      vertex 24.223 26.0638 60.2476
      vertex 22.1412 25.4597 62.2614
    endloop
  endfacet
  facet normal -3.65339e-05 0.957829 0.287339
    outer loop
      vertex 24.9596 26.2775 59.5351
      vertex 24.9596 25.9857 60.5078
      vertex 26 26.2683 59.5659
    endloop
  endfacet
  facet normal 5.5492e-05 0.957829 0.287339
    outer loop
      vertex 24.9596 25.9857 60.5078
      vertex 24.9596 26.2775 59.5351
      vertex 24.223 26.0638 60.2476
    endloop
  endfacet
  facet normal -3.84646e-05 0.957811 0.287399
    outer loop
      vertex 26 26.2683 59.5659
      vertex 25.9324 26.5418 58.6544
      vertex 24.9596 26.2775 59.5351
    endloop
  endfacet
  facet normal 0.000841229 0.957829 0.287339
    outer loop
      vertex 25.9324 26.5418 58.6544
      vertex 26 26.2683 59.5659
      vertex 26 26.5601 58.5932
    endloop
  endfacet
  facet normal 0 -0.965958 0.258699
    outer loop
      vertex 12.7456 20.1543 74.3078
      vertex 12.9759 20.131 74.2208
      vertex 13.2846 20.1543 74.3078
    endloop
  endfacet
  facet normal 5.73936e-05 -0.96592 0.258841
    outer loop
      vertex 12.7456 20.1543 74.3078
      vertex 12.9647 20.1243 74.1958
      vertex 12.9759 20.131 74.2208
    endloop
  endfacet
  facet normal 0 -0.965917 0.258853
    outer loop
      vertex 12.9469 20.1137 74.1563
      vertex 12.7456 20.1543 74.3078
      vertex 12.6774 20.1137 74.1563
    endloop
  endfacet
  facet normal 0.000199555 -0.96585 0.2591
    outer loop
      vertex 12.7456 20.1543 74.3078
      vertex 12.9469 20.1137 74.1563
      vertex 12.9647 20.1243 74.1958
    endloop
  endfacet
  facet normal 0 -0.965958 0.258699
    outer loop
      vertex 13.2846 20.1543 74.3078
      vertex 12.9759 20.131 74.2208
      vertex 13.2454 20.131 74.2208
    endloop
  endfacet
  facet normal 0 -0.996181 0.0873172
    outer loop
      vertex 12.8939 20.1 74
      vertex 12.6774 20.1137 74.1563
      vertex 12.6244 20.1 74
    endloop
  endfacet
  facet normal 0 -0.996181 0.0873172
    outer loop
      vertex 12.6774 20.1137 74.1563
      vertex 12.8939 20.1 74
      vertex 12.9469 20.1137 74.1563
    endloop
  endfacet
  facet normal 0 -0.957815 -0.287385
    outer loop
      vertex 12.5454 20.2258 73.4539
      vertex 12.8424 20.1543 73.6922
      vertex 12.5697 20.1543 73.6922
    endloop
  endfacet
  facet normal -4.52163e-05 -0.957831 -0.287333
    outer loop
      vertex 12.5454 20.2258 73.4539
      vertex 12.8685 20.488 72.5798
      vertex 12.8424 20.1543 73.6922
    endloop
  endfacet
  facet normal -0.000120591 -0.957823 -0.287359
    outer loop
      vertex 12.5708 20.5499 72.3736
      vertex 12.8685 20.488 72.5798
      vertex 12.5454 20.2258 73.4539
    endloop
  endfacet
  facet normal -3.2437e-05 -0.957788 -0.287475
    outer loop
      vertex 12.5708 20.5499 72.3736
      vertex 12.8766 20.592 72.2333
      vertex 12.8685 20.488 72.5798
    endloop
  endfacet
  facet normal 4.16982e-05 -0.957833 -0.287327
    outer loop
      vertex 12.5812 20.6827 71.9309
      vertex 12.8766 20.592 72.2333
      vertex 12.5708 20.5499 72.3736
    endloop
  endfacet
  facet normal -0.000234351 -0.957907 -0.28708
    outer loop
      vertex 12.8766 20.592 72.2333
      vertex 12.5812 20.6827 71.9309
      vertex 12.9299 20.6774 71.9483
    endloop
  endfacet
  facet normal -0.000221631 -0.957837 -0.287313
    outer loop
      vertex 12.6491 20.7916 71.5678
      vertex 12.9299 20.6774 71.9483
      vertex 12.5812 20.6827 71.9309
    endloop
  endfacet
  facet normal -8.49291e-05 -0.957809 -0.287406
    outer loop
      vertex 12.6491 20.7916 71.5678
      vertex 13.1193 20.9812 70.9358
      vertex 12.9299 20.6774 71.9483
    endloop
  endfacet
  facet normal 5.32868e-05 -0.957837 -0.287312
    outer loop
      vertex 12.8301 21.082 70.5997
      vertex 13.1193 20.9812 70.9358
      vertex 12.6491 20.7916 71.5678
    endloop
  endfacet
  facet normal -0.000288706 -0.957918 -0.287042
    outer loop
      vertex 13.1193 20.9812 70.9358
      vertex 12.8301 21.082 70.5997
      vertex 13.1447 21.0004 70.8717
    endloop
  endfacet
  facet normal 1.09567e-14 -0.957826 -0.287348
    outer loop
      vertex 12.8619 21.106 70.5197
      vertex 13.1447 21.0004 70.8717
      vertex 12.8301 21.082 70.5997
    endloop
  endfacet
  facet normal 4.93169e-05 -0.957815 -0.287384
    outer loop
      vertex 12.8619 21.106 70.5197
      vertex 13.5421 21.2872 69.9159
      vertex 13.1447 21.0004 70.8717
    endloop
  endfacet
  facet normal 3.16111e-05 -0.95781 -0.287403
    outer loop
      vertex 13.2453 21.3827 69.5976
      vertex 13.5421 21.2872 69.9159
      vertex 12.8619 21.106 70.5197
    endloop
  endfacet
  facet normal -0.000294468 -0.957894 -0.287124
    outer loop
      vertex 13.5421 21.2872 69.9159
      vertex 13.2453 21.3827 69.5976
      vertex 13.5964 21.3263 69.7854
    endloop
  endfacet
  facet normal -0.000158996 -0.957824 -0.287356
    outer loop
      vertex 13.5964 21.3263 69.7854
      vertex 13.2453 21.3827 69.5976
      vertex 13.6612 21.3511 69.7027
    endloop
  endfacet
  facet normal -0.000225384 -0.957896 -0.287115
    outer loop
      vertex 13.3255 21.4405 69.4047
      vertex 13.6612 21.3511 69.7027
      vertex 13.2453 21.3827 69.5976
    endloop
  endfacet
  facet normal 0.000124391 -0.957788 -0.287476
    outer loop
      vertex 13.4203 21.4768 69.2838
      vertex 13.6612 21.3511 69.7027
      vertex 13.3255 21.4405 69.4047
    endloop
  endfacet
  facet normal -5.04825e-05 -0.957815 -0.287384
    outer loop
      vertex 13.4203 21.4768 69.2838
      vertex 14.2819 21.5887 68.9107
      vertex 13.6612 21.3511 69.7027
    endloop
  endfacet
  facet normal -7.47209e-05 -0.9578 -0.287436
    outer loop
      vertex 14.0291 21.7099 68.5069
      vertex 14.2819 21.5887 68.9107
      vertex 13.4203 21.4768 69.2838
    endloop
  endfacet
  facet normal 0.00572681 -0.956779 -0.290761
    outer loop
      vertex 14.2819 21.5887 68.9107
      vertex 14.0291 21.7099 68.5069
      vertex 14.2842 21.5892 68.9091
    endloop
  endfacet
  facet normal 0.00037249 -0.957735 -0.287652
    outer loop
      vertex 14.0613 21.7164 68.4853
      vertex 14.2842 21.5892 68.9091
      vertex 14.0291 21.7099 68.5069
    endloop
  endfacet
  facet normal -0.000289571 -0.957831 -0.287333
    outer loop
      vertex 14.2842 21.7613 68.3354
      vertex 14.2842 21.5892 68.9091
      vertex 14.0613 21.7164 68.4853
    endloop
  endfacet
  facet normal -8.1527e-05 -0.957831 -0.287333
    outer loop
      vertex 14.2842 21.7613 68.3354
      vertex 14.7505 21.7666 68.3176
      vertex 14.2842 21.5892 68.9091
    endloop
  endfacet
  facet normal 0 -0.957821 -0.287367
    outer loop
      vertex 15.0201 22.0413 67.402
      vertex 15.2028 21.7666 68.3176
      vertex 14.7505 21.7666 68.3176
    endloop
  endfacet
  facet normal -8.39046e-05 -0.957814 -0.28739
    outer loop
      vertex 15.0201 22.0413 67.402
      vertex 14.7505 21.7666 68.3176
      vertex 14.2842 21.7613 68.3354
    endloop
  endfacet
  facet normal 5.49803e-05 -0.957818 -0.287377
    outer loop
      vertex 15.2028 21.7666 68.3176
      vertex 15.0201 22.0413 67.402
      vertex 15.5039 21.8812 67.9357
    endloop
  endfacet
  facet normal 6.11415e-05 -0.957816 -0.287382
    outer loop
      vertex 15.5039 21.8812 67.9357
      vertex 15.0201 22.0413 67.402
      vertex 15.8564 22.0154 67.4885
    endloop
  endfacet
  facet normal 7.83546e-05 -0.95777 -0.287535
    outer loop
      vertex 15.2474 22.1279 67.1136
      vertex 15.8564 22.0154 67.4885
      vertex 15.0201 22.0413 67.402
    endloop
  endfacet
  facet normal -6.91024e-05 -0.957836 -0.287315
    outer loop
      vertex 15.7997 22.2905 66.5714
      vertex 15.8564 22.0154 67.4885
      vertex 15.2474 22.1279 67.1136
    endloop
  endfacet
  facet normal 4.00937e-05 -0.957834 -0.287321
    outer loop
      vertex 15.8564 22.0154 67.4885
      vertex 15.7997 22.2905 66.5714
      vertex 16.6698 22.2549 66.6902
    endloop
  endfacet
  facet normal 3.56717e-05 -0.957843 -0.287292
    outer loop
      vertex 16.9756 22.6367 65.4173
      vertex 16.6698 22.2549 66.6902
      vertex 15.7997 22.2905 66.5714
    endloop
  endfacet
  facet normal 9.80015e-05 -0.957847 -0.287278
    outer loop
      vertex 16.6698 22.2549 66.6902
      vertex 16.9756 22.6367 65.4173
      vertex 17.4957 22.4981 65.8796
    endloop
  endfacet
  facet normal 1.46523e-05 -0.957873 -0.287192
    outer loop
      vertex 17.4957 22.4981 65.8796
      vertex 16.9756 22.6367 65.4173
      vertex 17.9843 22.6121 65.4994
    endloop
  endfacet
  facet normal 2.66011e-05 -0.957833 -0.287327
    outer loop
      vertex 19.2111 23.1586 63.6777
      vertex 17.9843 22.6121 65.4994
      vertex 16.9756 22.6367 65.4173
    endloop
  endfacet
  facet normal 8.5985e-06 -0.957829 -0.287338
    outer loop
      vertex 17.9843 22.6121 65.4994
      vertex 19.2111 23.1586 63.6777
      vertex 19.4504 22.9544 64.3584
    endloop
  endfacet
  facet normal -8.94395e-05 -0.957839 -0.287306
    outer loop
      vertex 19.4504 23.2069 63.5166
      vertex 19.4504 22.9544 64.3584
      vertex 19.2111 23.1586 63.6777
    endloop
  endfacet
  facet normal 5.81698e-05 -0.957839 -0.287306
    outer loop
      vertex 21.7572 23.902 61.1997
      vertex 19.4504 22.9544 64.3584
      vertex 19.4504 23.2069 63.5166
    endloop
  endfacet
  facet normal -1.69269e-06 -0.957827 -0.287346
    outer loop
      vertex 21.7572 23.902 61.1997
      vertex 24.9596 24.5964 58.885
      vertex 19.4504 22.9544 64.3584
    endloop
  endfacet
  facet normal -2.69491e-05 -0.957817 -0.287378
    outer loop
      vertex 24.9596 24.8565 58.0181
      vertex 24.9596 24.5964 58.885
      vertex 21.7572 23.902 61.1997
    endloop
  endfacet
  facet normal -3.88257e-05 -0.957817 -0.287378
    outer loop
      vertex 24.9596 24.8565 58.0181
      vertex 26 24.8753 57.9553
      vertex 24.9596 24.5964 58.885
    endloop
  endfacet
  facet normal -3.88257e-05 -0.957817 -0.287378
    outer loop
      vertex 26 24.8753 57.9553
      vertex 24.9596 24.8565 58.0181
      vertex 26 25.1354 57.0884
    endloop
  endfacet
  facet normal 0 -0.90633 0.422571
    outer loop
      vertex 13.2846 20.1543 74.3078
      vertex 12.8269 20.2206 74.45
      vertex 12.7456 20.1543 74.3078
    endloop
  endfacet
  facet normal 0 -0.90633 0.422571
    outer loop
      vertex 12.8269 20.2206 74.45
      vertex 13.2846 20.1543 74.3078
      vertex 13.3659 20.2206 74.45
    endloop
  endfacet
  facet normal -0 0.819082 0.573676
    outer loop
      vertex 13.8806 21.7794 74.45
      vertex 14.4901 21.6894 74.5785
      vertex 14.5422 21.7794 74.45
    endloop
  endfacet
  facet normal 0 0.819082 0.573676
    outer loop
      vertex 14.4901 21.6894 74.5785
      vertex 13.8806 21.7794 74.45
      vertex 13.8399 21.6894 74.5785
    endloop
  endfacet
  facet normal -0 0.90633 0.422571
    outer loop
      vertex 13.9013 21.8457 74.3078
      vertex 14.5422 21.7794 74.45
      vertex 14.5687 21.8457 74.3078
    endloop
  endfacet
  facet normal 0 0.90633 0.422571
    outer loop
      vertex 14.5422 21.7794 74.45
      vertex 13.9013 21.8457 74.3078
      vertex 13.8806 21.7794 74.45
    endloop
  endfacet
  facet normal -0 0.573676 0.819082
    outer loop
      vertex 13.7803 21.5785 74.6894
      vertex 14.3158 21.45 74.7794
      vertex 14.4138 21.5785 74.6894
    endloop
  endfacet
  facet normal 0 0.573676 0.819082
    outer loop
      vertex 14.3158 21.45 74.7794
      vertex 13.7803 21.5785 74.6894
      vertex 13.7038 21.45 74.7794
    endloop
  endfacet
  facet normal 0 -0.819082 0.573676
    outer loop
      vertex 13.3659 20.2206 74.45
      vertex 12.9188 20.3106 74.5785
      vertex 12.8269 20.2206 74.45
    endloop
  endfacet
  facet normal 0 -0.819082 0.573676
    outer loop
      vertex 12.9188 20.3106 74.5785
      vertex 13.3659 20.2206 74.45
      vertex 13.4577 20.3106 74.5785
    endloop
  endfacet
  facet normal -0 0.707107 0.707107
    outer loop
      vertex 13.8399 21.6894 74.5785
      vertex 14.4138 21.5785 74.6894
      vertex 14.4901 21.6894 74.5785
    endloop
  endfacet
  facet normal 0 0.707107 0.707107
    outer loop
      vertex 14.4138 21.5785 74.6894
      vertex 13.8399 21.6894 74.5785
      vertex 13.7803 21.5785 74.6894
    endloop
  endfacet
  facet normal 0 -0.258529 0.966004
    outer loop
      vertex 13.3335 20.8437 74.8863
      vertex 13.7816 20.7118 74.851
      vertex 13.8852 20.8437 74.8863
    endloop
  endfacet
  facet normal -0.000656312 -0.260609 0.965444
    outer loop
      vertex 13.3335 20.8437 74.8863
      vertex 13.768 20.6922 74.8457
      vertex 13.7816 20.7118 74.851
    endloop
  endfacet
  facet normal 0 -0.258853 0.965917
    outer loop
      vertex 13.768 20.6922 74.8457
      vertex 13.3335 20.8437 74.8863
      vertex 13.2291 20.6922 74.8457
    endloop
  endfacet
  facet normal 0 -0.422571 0.90633
    outer loop
      vertex 13.2291 20.6922 74.8457
      vertex 13.6619 20.55 74.7794
      vertex 13.768 20.6922 74.8457
    endloop
  endfacet
  facet normal 0 -0.422571 0.90633
    outer loop
      vertex 13.6619 20.55 74.7794
      vertex 13.2291 20.6922 74.8457
      vertex 13.123 20.55 74.7794
    endloop
  endfacet
  facet normal -0 0.422498 0.906364
    outer loop
      vertex 13.7038 21.45 74.7794
      vertex 14.2842 21.4116 74.7973
      vertex 14.3158 21.45 74.7794
    endloop
  endfacet
  facet normal 7.79282e-06 0.422595 0.906319
    outer loop
      vertex 13.7038 21.45 74.7794
      vertex 14.2176 21.3078 74.8457
      vertex 14.2842 21.4116 74.7973
    endloop
  endfacet
  facet normal 0 0.422571 0.90633
    outer loop
      vertex 14.2176 21.3078 74.8457
      vertex 13.7038 21.45 74.7794
      vertex 13.6125 21.3078 74.8457
    endloop
  endfacet
  facet normal -0 0.258853 0.965917
    outer loop
      vertex 13.6125 21.3078 74.8457
      vertex 14.1145 21.1563 74.8863
      vertex 14.2176 21.3078 74.8457
    endloop
  endfacet
  facet normal 0.000212994 0.259511 0.96574
    outer loop
      vertex 13.5836 21.2654 74.8571
      vertex 14.1145 21.1563 74.8863
      vertex 13.6125 21.3078 74.8457
    endloop
  endfacet
  facet normal 0 0.258544 0.965999
    outer loop
      vertex 14.1145 21.1563 74.8863
      vertex 13.5836 21.2654 74.8571
      vertex 13.5251 21.1563 74.8863
    endloop
  endfacet
  facet normal 0 -0.707107 0.707107
    outer loop
      vertex 13.4577 20.3106 74.5785
      vertex 13.0185 20.4215 74.6894
      vertex 12.9188 20.3106 74.5785
    endloop
  endfacet
  facet normal 0 -0.707107 0.707107
    outer loop
      vertex 13.0185 20.4215 74.6894
      vertex 13.4577 20.3106 74.5785
      vertex 13.5574 20.4215 74.6894
    endloop
  endfacet
  facet normal 0 -0.573676 0.819082
    outer loop
      vertex 13.123 20.55 74.7794
      vertex 13.5574 20.4215 74.6894
      vertex 13.6619 20.55 74.7794
    endloop
  endfacet
  facet normal 0 -0.573676 0.819082
    outer loop
      vertex 13.5574 20.4215 74.6894
      vertex 13.123 20.55 74.7794
      vertex 13.0185 20.4215 74.6894
    endloop
  endfacet
  facet normal -0 0.0873172 0.996181
    outer loop
      vertex 13.5251 21.1563 74.8863
      vertex 14.0025 21 74.9
      vertex 14.1145 21.1563 74.8863
    endloop
  endfacet
  facet normal 0 0.0873172 0.996181
    outer loop
      vertex 14.0025 21 74.9
      vertex 13.5251 21.1563 74.8863
      vertex 13.4332 21 74.9
    endloop
  endfacet
  facet normal 0 -0.0873172 0.996181
    outer loop
      vertex 13.4332 21 74.9
      vertex 13.8852 20.8437 74.8863
      vertex 14.0025 21 74.9
    endloop
  endfacet
  facet normal 0 -0.0873172 0.996181
    outer loop
      vertex 13.8852 20.8437 74.8863
      vertex 13.4332 21 74.9
      vertex 13.3335 20.8437 74.8863
    endloop
  endfacet
endsolid OpenSCAD_Model
