solid OpenSCAD_Model
  facet normal -0.161643 -0.88987 0.426617
    outer loop
      vertex 36.9744 -32.0085 94.5456
      vertex 35 -31.1923 95.5
      vertex 34.4151 -31.1106 95.4488
    endloop
  endfacet
  facet normal -0.161749 -0.889931 0.42645
    outer loop
      vertex 35 -31.1923 95.5
      vertex 36.9744 -32.0085 94.5456
      vertex 35.7814 -31.3671 95.4316
    endloop
  endfacet
  facet normal -0.161569 -0.889869 0.426648
    outer loop
      vertex 35.7814 -31.3671 95.4316
      vertex 36.9744 -32.0085 94.5456
      vertex 36.5391 -31.602 95.2286
    endloop
  endfacet
  facet normal -0.161827 -0.889894 0.426498
    outer loop
      vertex 36.5391 -31.602 95.2286
      vertex 36.9744 -32.0085 94.5456
      vertex 36.9744 -31.7542 95.0762
    endloop
  endfacet
  facet normal 0.0460111 -0.912884 0.405619
    outer loop
      vertex 43.1199 -32.9251 92.3766
      vertex 38.7486 -32.2218 94.4553
      vertex 38.6403 -32.4484 93.9576
    endloop
  endfacet
  facet normal 0.0459794 -0.912911 0.405561
    outer loop
      vertex 38.7486 -32.2218 94.4553
      vertex 43.1199 -32.9251 92.3766
      vertex 43.469 -32.718 92.8032
    endloop
  endfacet
  facet normal 0.0460981 -0.912941 0.405479
    outer loop
      vertex 43.469 -32.718 92.8032
      vertex 43.1199 -32.9251 92.3766
      vertex 43.469 -32.9327 92.3198
    endloop
  endfacet
  facet normal -0.0458025 -0.905309 0.422277
    outer loop
      vertex 38.2355 -32.3619 94.1005
      vertex 38.6131 -32.1934 94.5027
      vertex 38.3415 -32.1353 94.5978
    endloop
  endfacet
  facet normal -0.045712 -0.905346 0.422207
    outer loop
      vertex 38.6131 -32.1934 94.5027
      vertex 38.2355 -32.3619 94.1005
      vertex 38.5126 -32.4215 94.0027
    endloop
  endfacet
  facet normal -0.0457809 -0.905338 0.422217
    outer loop
      vertex 38.5126 -32.4215 94.0027
      vertex 38.7394 -32.2204 94.4585
      vertex 38.6131 -32.1934 94.5027
    endloop
  endfacet
  facet normal -0.0452586 -0.90546 0.422011
    outer loop
      vertex 38.7394 -32.2204 94.4585
      vertex 38.5126 -32.4215 94.0027
      vertex 38.631 -32.4469 93.9609
    endloop
  endfacet
  facet normal -0.0996452 -0.897292 0.430044
    outer loop
      vertex 36.9744 -32.0085 94.5456
      vertex 38.3415 -32.1353 94.5978
      vertex 36.9744 -31.7542 95.0762
    endloop
  endfacet
  facet normal -0.0996449 -0.89727 0.43009
    outer loop
      vertex 38.3415 -32.1353 94.5978
      vertex 36.9744 -32.0085 94.5456
      vertex 38.2355 -32.3619 94.1005
    endloop
  endfacet
  facet normal 0.00520659 -0.910562 0.41334
    outer loop
      vertex 38.631 -32.4469 93.9609
      vertex 38.7486 -32.2218 94.4553
      vertex 38.7394 -32.2204 94.4585
    endloop
  endfacet
  facet normal 0.00022452 -0.910128 0.414327
    outer loop
      vertex 38.7486 -32.2218 94.4553
      vertex 38.631 -32.4469 93.9609
      vertex 38.6403 -32.4484 93.9576
    endloop
  endfacet
  facet normal 0.137569 -0.956735 0.256385
    outer loop
      vertex 47.3328 -36.2061 82.7283
      vertex 43.5131 -36.6147 83.2531
      vertex 50.1794 -36.2814 80.9199
    endloop
  endfacet
  facet normal 0.137568 -0.956735 0.256384
    outer loop
      vertex 50.1794 -36.2814 80.9199
      vertex 50.2542 -35.8936 82.3269
      vertex 47.3328 -36.2061 82.7283
    endloop
  endfacet
  facet normal 0.138378 -0.956637 0.256314
    outer loop
      vertex 50.2542 -35.8936 82.3269
      vertex 50.1794 -36.2814 80.9199
      vertex 50.2542 -36.2776 80.8937
    endloop
  endfacet
  facet normal 0.118006 -0.907527 0.403074
    outer loop
      vertex 43.469 -32.9327 92.3198
      vertex 45.2971 -32.7645 92.1633
      vertex 43.469 -32.718 92.8032
    endloop
  endfacet
  facet normal 0.118005 -0.907545 0.403035
    outer loop
      vertex 45.2971 -32.7645 92.1633
      vertex 43.469 -32.9327 92.3198
      vertex 45.2617 -32.8291 92.0282
    endloop
  endfacet
  facet normal 0.179825 -0.90497 0.385605
    outer loop
      vertex 45.2971 -32.7645 92.1633
      vertex 45.2617 -32.8291 92.0282
      vertex 46.0492 -32.7272 91.9001
    endloop
  endfacet
  facet normal 0.293884 -0.879274 0.374845
    outer loop
      vertex 56.614 -34.2193 81.4532
      vertex 51.2035 -35.7108 82.1965
      vertex 57.3248 -35.3938 78.1409
    endloop
  endfacet
  facet normal 0.216308 -0.943062 0.252676
    outer loop
      vertex 50.2542 -36.2776 80.8937
      vertex 51.2035 -35.7108 82.1965
      vertex 50.2542 -35.8936 82.3269
    endloop
  endfacet
  facet normal 0.216258 -0.943063 0.252713
    outer loop
      vertex 53.4609 -35.843 79.7714
      vertex 51.2035 -35.7108 82.1965
      vertex 50.2542 -36.2776 80.8937
    endloop
  endfacet
  facet normal 0.216286 -0.94305 0.252738
    outer loop
      vertex 53.4609 -35.843 79.7714
      vertex 57.3248 -35.3938 78.1409
      vertex 51.2035 -35.7108 82.1965
    endloop
  endfacet
  facet normal 0.217133 -0.942256 0.254963
    outer loop
      vertex 57.3248 -35.3938 78.1409
      vertex 53.4609 -35.843 79.7714
      vertex 57.3248 -35.4007 78.1154
    endloop
  endfacet
  facet normal 0.36297 -0.85096 0.379631
    outer loop
      vertex 57.3248 -33.9597 81.3555
      vertex 56.614 -34.2193 81.4532
      vertex 57.3248 -35.3938 78.1409
    endloop
  endfacet
  facet normal 0.122063 -0.906414 0.40437
    outer loop
      vertex 57.3248 -35.3938 78.1409
      vertex 61.262 -33.6708 80.8146
      vertex 57.3248 -33.9597 81.3555
    endloop
  endfacet
  facet normal 0.122044 -0.906406 0.404393
    outer loop
      vertex 64.6585 -35.4581 75.7835
      vertex 61.262 -33.6708 80.8146
      vertex 57.3248 -35.3938 78.1409
    endloop
  endfacet
  facet normal 0.121985 -0.906428 0.404361
    outer loop
      vertex 61.262 -33.6708 80.8146
      vertex 64.6585 -35.4581 75.7835
      vertex 62 -33.6003 80.75
    endloop
  endfacet
  facet normal 0.122076 -0.906399 0.404399
    outer loop
      vertex 62 -33.6003 80.75
      vertex 64.6585 -35.4581 75.7835
      vertex 63.223 -33.4574 80.7011
    endloop
  endfacet
  facet normal 0.123363 -0.904409 0.408443
    outer loop
      vertex 57.3248 -35.3938 78.1409
      vertex 64.6585 -35.4595 75.7804
      vertex 64.6585 -35.4581 75.7835
    endloop
  endfacet
  facet normal 0.121702 -0.906916 0.40335
    outer loop
      vertex 64.6585 -35.4595 75.7804
      vertex 57.3248 -35.3938 78.1409
      vertex 64.6635 -35.4651 75.7663
    endloop
  endfacet
  facet normal 0.533962 0.73607 -0.416035
    outer loop
      vertex 30.8041 -29.4872 92.6092
      vertex 30.5684 -29.7841 91.7814
      vertex 30.7714 -29.5031 92.5391
    endloop
  endfacet
  facet normal 0.535399 0.735009 -0.416064
    outer loop
      vertex 30.8041 -29.4872 92.6092
      vertex 30.5 -30.1766 91
      vertex 30.5684 -29.7841 91.7814
    endloop
  endfacet
  facet normal 0.53506 0.735237 -0.416098
    outer loop
      vertex 30.8041 -29.4872 92.6092
      vertex 30.5684 -30.6686 90.2186
      vertex 30.5 -30.1766 91
    endloop
  endfacet
  facet normal 0.535204 0.735149 -0.416068
    outer loop
      vertex 30.8041 -31.3087 89.3908
      vertex 30.5684 -30.6686 90.2186
      vertex 30.8041 -29.4872 92.6092
    endloop
  endfacet
  facet normal 0.536082 0.734802 -0.41555
    outer loop
      vertex 30.5684 -30.6686 90.2186
      vertex 30.8041 -31.3087 89.3908
      vertex 30.7714 -31.2452 89.4609
    endloop
  endfacet
  facet normal 0 0.965946 -0.258743
    outer loop
      vertex 36.9844 -34.3615 85.7865
      vertex 36.9744 -34.4271 85.5416
      vertex 36.9744 -34.3615 85.7865
    endloop
  endfacet
  facet normal -0.00102314 0.965956 -0.258704
    outer loop
      vertex 36.9744 -34.4271 85.5416
      vertex 36.9844 -34.3615 85.7865
      vertex 36.9844 -34.428 85.5382
    endloop
  endfacet
  facet normal 0.161703 0.889821 -0.426698
    outer loop
      vertex 35.7814 -29.5428 95.4316
      vertex 34.2186 -29.2588 95.4316
      vertex 35 -29.368 95.5
    endloop
  endfacet
  facet normal 0.16163 0.889932 -0.426494
    outer loop
      vertex 36.9744 -33.6285 87.3584
      vertex 35.7814 -29.5428 95.4316
      vertex 36.5391 -29.7777 95.2286
    endloop
  endfacet
  facet normal 0.161721 0.889924 -0.426476
    outer loop
      vertex 35.7814 -29.5428 95.4316
      vertex 36.9744 -33.6285 87.3584
      vertex 34.2186 -29.2588 95.4316
    endloop
  endfacet
  facet normal 0.161842 0.889905 -0.426469
    outer loop
      vertex 36.9744 -33.6285 87.3584
      vertex 36.5391 -29.7777 95.2286
      vertex 36.9744 -29.9299 95.0762
    endloop
  endfacet
  facet normal 0.161711 0.889924 -0.42648
    outer loop
      vertex 34.2186 -29.2588 95.4316
      vertex 36.9744 -33.6285 87.3584
      vertex 33.4609 -29.2184 95.2286
    endloop
  endfacet
  facet normal 0.161869 0.889723 -0.426839
    outer loop
      vertex 33.4609 -29.2184 95.2286
      vertex 32.2791 -29.3206 94.5674
      vertex 32.75 -29.2481 94.8971
    endloop
  endfacet
  facet normal 0.161662 0.889923 -0.426501
    outer loop
      vertex 33.4609 -29.2184 95.2286
      vertex 36.9744 -33.6285 87.3584
      vertex 32.2791 -29.3206 94.5674
    endloop
  endfacet
  facet normal 0.161708 0.889927 -0.426474
    outer loop
      vertex 32.2791 -29.3206 94.5674
      vertex 36.9744 -33.6285 87.3584
      vertex 31.1591 -31.9434 88.6697
    endloop
  endfacet
  facet normal 0.161686 0.8899 -0.426539
    outer loop
      vertex 31.1591 -31.9434 88.6697
      vertex 36.9744 -33.6285 87.3584
      vertex 31.5528 -32.2844 88.1075
    endloop
  endfacet
  facet normal 0.161707 0.889938 -0.426451
    outer loop
      vertex 31.5528 -32.2844 88.1075
      vertex 36.9744 -33.6285 87.3584
      vertex 32.1075 -32.651 87.5528
    endloop
  endfacet
  facet normal 0.161713 0.889958 -0.426408
    outer loop
      vertex 32.9773 -33.0754 86.9969
      vertex 32.1075 -32.651 87.5528
      vertex 36.9744 -33.6285 87.3584
    endloop
  endfacet
  facet normal 0.161863 0.89002 -0.426221
    outer loop
      vertex 32.1075 -32.651 87.5528
      vertex 32.9773 -33.0754 86.9969
      vertex 32.75 -32.9833 87.1029
    endloop
  endfacet
  facet normal 0.486288 0.759988 -0.43121
    outer loop
      vertex 32.2791 -29.3206 94.5674
      vertex 31.5528 -29.2388 93.8925
      vertex 32.1075 -29.279 94.4472
    endloop
  endfacet
  facet normal 0.485992 0.760385 -0.430844
    outer loop
      vertex 32.2791 -29.3206 94.5674
      vertex 31.1029 -29.3153 93.25
      vertex 31.5528 -29.2388 93.8925
    endloop
  endfacet
  facet normal 0.485654 0.760773 -0.43054
    outer loop
      vertex 32.2791 -29.3206 94.5674
      vertex 30.8041 -29.4872 92.6092
      vertex 31.1029 -29.3153 93.25
    endloop
  endfacet
  facet normal 0.485678 0.760748 -0.430556
    outer loop
      vertex 32.2791 -29.3206 94.5674
      vertex 30.8041 -31.3087 89.3908
      vertex 30.8041 -29.4872 92.6092
    endloop
  endfacet
  facet normal 0.485624 0.760784 -0.430555
    outer loop
      vertex 31.1591 -31.9434 88.6697
      vertex 30.8041 -31.3087 89.3908
      vertex 32.2791 -29.3206 94.5674
    endloop
  endfacet
  facet normal 0.484901 0.760957 -0.431063
    outer loop
      vertex 30.8041 -31.3087 89.3908
      vertex 31.1591 -31.9434 88.6697
      vertex 31.1029 -31.8621 88.75
    endloop
  endfacet
  facet normal 0.155302 0.954227 -0.255603
    outer loop
      vertex 36.9744 -34.3615 85.7865
      vertex 36.9744 -34.4271 85.5416
      vertex 36.4185 -34.2845 85.7362
    endloop
  endfacet
  facet normal 0.161487 0.894369 -0.417165
    outer loop
      vertex 36.9744 -33.6285 87.3584
      vertex 33.4609 -33.2679 86.7714
      vertex 32.9773 -33.0754 86.9969
    endloop
  endfacet
  facet normal 0.161623 0.89439 -0.417067
    outer loop
      vertex 36.4185 -34.2845 85.7362
      vertex 36.9744 -33.6285 87.3584
      vertex 36.9744 -34.3615 85.7865
    endloop
  endfacet
  facet normal 0.161472 0.894433 -0.417033
    outer loop
      vertex 36.9744 -33.6285 87.3584
      vertex 36.4185 -34.2845 85.7362
      vertex 33.4609 -33.2679 86.7714
    endloop
  endfacet
  facet normal -0.0460252 0.912876 -0.405635
    outer loop
      vertex 43.469 -30.9167 92.8032
      vertex 36.9844 -34.3615 85.7865
      vertex 38.8628 -30.4326 94.4153
    endloop
  endfacet
  facet normal -0.0460271 0.912876 -0.405634
    outer loop
      vertex 36.9844 -34.3615 85.7865
      vertex 43.469 -30.9167 92.8032
      vertex 43.469 -34.5535 84.6186
    endloop
  endfacet
  facet normal 0.0996994 0.897301 -0.430013
    outer loop
      vertex 36.9744 -29.9299 95.0762
      vertex 38.5051 -30.3567 94.5405
      vertex 36.9744 -33.6285 87.3584
    endloop
  endfacet
  facet normal -0.0180122 0.965768 -0.25878
    outer loop
      vertex 40.3165 -34.6784 84.3719
      vertex 36.9844 -34.3615 85.7865
      vertex 43.469 -34.5535 84.6186
    endloop
  endfacet
  facet normal -0.0179589 0.965801 -0.258662
    outer loop
      vertex 36.9844 -34.3615 85.7865
      vertex 40.3165 -34.6784 84.3719
      vertex 36.9844 -34.428 85.5382
    endloop
  endfacet
  facet normal -0.0180143 0.965775 -0.258756
    outer loop
      vertex 43.469 -34.5535 84.6186
      vertex 43.469 -34.9152 83.2686
      vertex 40.3165 -34.6784 84.3719
    endloop
  endfacet
  facet normal 0.0457707 0.905352 -0.422188
    outer loop
      vertex 38.5051 -30.3567 94.5405
      vertex 38.616 -30.3804 94.5017
      vertex 36.9744 -33.6285 87.3584
    endloop
  endfacet
  facet normal 0.0455656 0.905379 -0.422152
    outer loop
      vertex 38.8535 -30.4311 94.4186
      vertex 36.9744 -33.6285 87.3584
      vertex 38.616 -30.3804 94.5017
    endloop
  endfacet
  facet normal 0.045711 0.905358 -0.422182
    outer loop
      vertex 36.9744 -33.6285 87.3584
      vertex 38.8535 -30.4311 94.4186
      vertex 36.9744 -34.3615 85.7865
    endloop
  endfacet
  facet normal -0.000233408 0.910118 -0.414348
    outer loop
      vertex 36.9844 -34.3615 85.7865
      vertex 38.8535 -30.4311 94.4186
      vertex 38.8628 -30.4326 94.4153
    endloop
  endfacet
  facet normal 0 0.910099 -0.41439
    outer loop
      vertex 38.8535 -30.4311 94.4186
      vertex 36.9844 -34.3615 85.7865
      vertex 36.9744 -34.3615 85.7865
    endloop
  endfacet
  facet normal -0.137574 0.956743 -0.25635
    outer loop
      vertex 50.2542 -34.2095 82.2611
      vertex 48.9942 -34.6389 81.3347
      vertex 43.469 -34.5535 84.6186
    endloop
  endfacet
  facet normal -0.137564 0.956742 -0.256363
    outer loop
      vertex 48.9942 -34.6389 81.3347
      vertex 50.2542 -34.2095 82.2611
      vertex 50.2542 -34.5759 80.8937
    endloop
  endfacet
  facet normal -0.118036 0.907456 -0.403225
    outer loop
      vertex 43.469 -30.9167 92.8032
      vertex 45.4325 -30.9667 92.1159
      vertex 43.469 -34.5535 84.6186
    endloop
  endfacet
  facet normal -0.179915 0.904876 -0.385785
    outer loop
      vertex 50.2542 -30.7275 90.4283
      vertex 43.469 -34.5535 84.6186
      vertex 45.4325 -30.9667 92.1159
    endloop
  endfacet
  facet normal -0.179916 0.904876 -0.385784
    outer loop
      vertex 43.469 -34.5535 84.6186
      vertex 50.2542 -30.7275 90.4283
      vertex 50.2542 -34.2095 82.2611
    endloop
  endfacet
  facet normal -0.137566 0.956748 -0.256338
    outer loop
      vertex 43.469 -34.5535 84.6186
      vertex 48.9942 -34.6389 81.3347
      vertex 43.469 -34.9152 83.2686
    endloop
  endfacet
  facet normal -0.293884 0.879266 -0.374866
    outer loop
      vertex 54.9173 -29.8647 88.7963
      vertex 50.2542 -34.2095 82.2611
      vertex 50.2542 -30.7275 90.4283
    endloop
  endfacet
  facet normal -0.293891 0.879265 -0.374861
    outer loop
      vertex 54.9173 -29.8647 88.7963
      vertex 55.0217 -33.9626 79.1025
      vertex 50.2542 -34.2095 82.2611
    endloop
  endfacet
  facet normal -0.293905 0.879261 -0.374859
    outer loop
      vertex 55.0217 -33.9626 79.1025
      vertex 54.9173 -29.8647 88.7963
      vertex 57.1974 -33.6329 78.17
    endloop
  endfacet
  facet normal -0.362951 0.85096 -0.37965
    outer loop
      vertex 57.1974 -33.6329 78.17
      vertex 56.5391 -29.4261 88.2286
      vertex 57.3248 -29.2412 87.8919
    endloop
  endfacet
  facet normal -0.363018 0.850934 -0.379644
    outer loop
      vertex 56.5391 -29.4261 88.2286
      vertex 57.1974 -33.6329 78.17
      vertex 54.9173 -29.8647 88.7963
    endloop
  endfacet
  facet normal -0.363071 0.850918 -0.379629
    outer loop
      vertex 57.1974 -33.6329 78.17
      vertex 57.3248 -29.2412 87.8919
      vertex 57.3248 -33.6029 78.1154
    endloop
  endfacet
  facet normal -0.216254 0.943068 -0.252699
    outer loop
      vertex 50.2542 -34.2095 82.2611
      vertex 53.4609 -34.1413 79.7714
      vertex 50.2542 -34.5759 80.8937
    endloop
  endfacet
  facet normal -0.216288 0.943048 -0.252744
    outer loop
      vertex 53.4609 -34.1413 79.7714
      vertex 50.2542 -34.2095 82.2611
      vertex 55.0217 -33.9626 79.1025
    endloop
  endfacet
  facet normal -0.122058 0.906407 -0.404386
    outer loop
      vertex 61.479 -29.4761 86.1115
      vertex 57.3248 -33.6029 78.1154
      vertex 57.3248 -29.2412 87.8919
    endloop
  endfacet
  facet normal -0.122036 0.906405 -0.404396
    outer loop
      vertex 61.479 -29.4761 86.1115
      vertex 62.4569 -33.8932 75.916
      vertex 57.3248 -33.6029 78.1154
    endloop
  endfacet
  facet normal -0.122062 0.906402 -0.404397
    outer loop
      vertex 64.6585 -33.9076 75.2192
      vertex 62.4569 -33.8932 75.916
      vertex 61.479 -29.4761 86.1115
    endloop
  endfacet
  facet normal -0.123356 0.90441 -0.408443
    outer loop
      vertex 64.6585 -33.909 75.2161
      vertex 62.4569 -33.8932 75.916
      vertex 64.6585 -33.9076 75.2192
    endloop
  endfacet
  facet normal -0.12172 0.906912 -0.403355
    outer loop
      vertex 62.4569 -33.8932 75.916
      vertex 64.6585 -33.909 75.2161
      vertex 64.6635 -33.9146 75.202
    endloop
  endfacet
  facet normal -0.996191 0 0.0872017
    outer loop
      vertex 30.5 -30.1766 91
      vertex 30.5684 -30.2437 91.7814
      vertex 30.5684 -29.7841 91.7814
    endloop
  endfacet
  facet normal -0.996191 0 0.0872017
    outer loop
      vertex 30.5684 -30.2437 91.7814
      vertex 30.5 -30.1766 91
      vertex 30.5 -30.6362 91
    endloop
  endfacet
  facet normal -0.573285 0 -0.819356
    outer loop
      vertex 32.6571 -33.3775 87.1679
      vertex 32.75 -32.9833 87.1029
      vertex 32.75 -33.4246 87.1029
    endloop
  endfacet
  facet normal -0.573604 0.000111919 -0.819133
    outer loop
      vertex 32.1075 -33.0932 87.5528
      vertex 32.75 -32.9833 87.1029
      vertex 32.6571 -33.3775 87.1679
    endloop
  endfacet
  facet normal -0.573591 0 -0.819142
    outer loop
      vertex 32.75 -32.9833 87.1029
      vertex 32.1075 -33.0932 87.5528
      vertex 32.1075 -32.651 87.5528
    endloop
  endfacet
  facet normal -0.81928 0 -0.573394
    outer loop
      vertex 31.1591 -31.9434 88.6697
      vertex 31.1029 -32.3217 88.75
      vertex 31.1029 -31.8621 88.75
    endloop
  endfacet
  facet normal -0.819124 -3.98681e-06 -0.573617
    outer loop
      vertex 31.1292 -32.3597 88.7124
      vertex 31.1591 -31.9434 88.6697
      vertex 31.5528 -32.2844 88.1075
    endloop
  endfacet
  facet normal -0.819409 5.83412e-05 -0.573209
    outer loop
      vertex 31.1591 -31.9434 88.6697
      vertex 31.1292 -32.3597 88.7124
      vertex 31.1029 -32.3217 88.75
    endloop
  endfacet
  facet normal -0.819124 0 -0.573617
    outer loop
      vertex 31.1292 -32.3597 88.7124
      vertex 31.5528 -32.2844 88.1075
      vertex 31.5528 -32.7266 88.1075
    endloop
  endfacet
  facet normal -0.0872029 0 0.996191
    outer loop
      vertex 35 -29.368 95.5
      vertex 34.4151 -29.7285 95.4488
      vertex 35 -31.1923 95.5
    endloop
  endfacet
  facet normal -0.087202 -1.49905e-06 0.996191
    outer loop
      vertex 34.2186 -29.2588 95.4316
      vertex 34.4151 -29.7285 95.4488
      vertex 35 -29.368 95.5
    endloop
  endfacet
  facet normal -0.0871984 0 0.996191
    outer loop
      vertex 34.4151 -29.7285 95.4488
      vertex 34.2186 -29.2588 95.4316
      vertex 34.2186 -29.701 95.4316
    endloop
  endfacet
  facet normal -0.0872029 0 0.996191
    outer loop
      vertex 35 -31.1923 95.5
      vertex 34.4151 -29.7285 95.4488
      vertex 34.4151 -31.1106 95.4488
    endloop
  endfacet
  facet normal -0.330339 -0 -0.943862
    outer loop
      vertex 50.2542 -34.5759 80.8937
      vertex 53.4609 -35.843 79.7714
      vertex 50.2542 -36.2776 80.8937
    endloop
  endfacet
  facet normal -0.330339 0 -0.943862
    outer loop
      vertex 53.4609 -35.843 79.7714
      vertex 50.2542 -34.5759 80.8937
      vertex 53.4609 -34.1413 79.7714
    endloop
  endfacet
  facet normal -0.330575 0 -0.94378
    outer loop
      vertex 50.1794 -36.2814 80.9199
      vertex 50.2542 -34.5759 80.8937
      vertex 50.2542 -36.2776 80.8937
    endloop
  endfacet
  facet normal -0.33035 -1.10927e-05 -0.943859
    outer loop
      vertex 50.1794 -36.2814 80.9199
      vertex 48.9942 -34.6389 81.3347
      vertex 50.2542 -34.5759 80.8937
    endloop
  endfacet
  facet normal -0.330349 -1.05997e-05 -0.943859
    outer loop
      vertex 43.5131 -36.6147 83.2531
      vertex 48.9942 -34.6389 81.3347
      vertex 50.1794 -36.2814 80.9199
    endloop
  endfacet
  facet normal -0.330353 -0 -0.943858
    outer loop
      vertex 43.5131 -35.3255 83.2531
      vertex 48.9942 -34.6389 81.3347
      vertex 43.5131 -36.6147 83.2531
    endloop
  endfacet
  facet normal -0.331589 -0 -0.943424
    outer loop
      vertex 43.469 -34.9152 83.2686
      vertex 43.5131 -35.3255 83.2531
      vertex 43.469 -35.3277 83.2686
    endloop
  endfacet
  facet normal -0.330369 0.000147265 -0.943852
    outer loop
      vertex 43.5131 -35.3255 83.2531
      vertex 43.469 -34.9152 83.2686
      vertex 48.9942 -34.6389 81.3347
    endloop
  endfacet
  facet normal -0.33033 0 -0.943865
    outer loop
      vertex 43.469 -35.3277 83.2686
      vertex 40.3165 -34.6784 84.3719
      vertex 43.469 -34.9152 83.2686
    endloop
  endfacet
  facet normal -0.33035 -0.000107766 -0.943858
    outer loop
      vertex 40.0792 -35.0731 84.455
      vertex 40.3165 -34.6784 84.3719
      vertex 43.469 -35.3277 83.2686
    endloop
  endfacet
  facet normal -0.330356 -0 -0.943856
    outer loop
      vertex 36.9844 -34.428 85.5382
      vertex 40.0792 -35.0731 84.455
      vertex 36.9844 -34.8405 85.5382
    endloop
  endfacet
  facet normal -0.330373 -9.23663e-05 -0.94385
    outer loop
      vertex 40.0792 -35.0731 84.455
      vertex 36.9844 -34.428 85.5382
      vertex 40.3165 -34.6784 84.3719
    endloop
  endfacet
  facet normal -0.321903 0 -0.946773
    outer loop
      vertex 36.9744 -34.8396 85.5416
      vertex 36.9844 -34.428 85.5382
      vertex 36.9844 -34.8405 85.5382
    endloop
  endfacet
  facet normal -0.321903 0 -0.946773
    outer loop
      vertex 36.9744 -34.8396 85.5416
      vertex 36.9744 -34.4271 85.5416
      vertex 36.9844 -34.428 85.5382
    endloop
  endfacet
  facet normal -0.330403 0 -0.94384
    outer loop
      vertex 36.9744 -34.8396 85.5416
      vertex 36.4185 -34.2845 85.7362
      vertex 36.9744 -34.4271 85.5416
    endloop
  endfacet
  facet normal -0.330365 4.33809e-05 -0.943853
    outer loop
      vertex 36.1079 -34.6174 85.8449
      vertex 36.4185 -34.2845 85.7362
      vertex 36.9744 -34.8396 85.5416
    endloop
  endfacet
  facet normal -0.330374 5.32625e-05 -0.94385
    outer loop
      vertex 34.1156 -33.9326 86.5423
      vertex 36.4185 -34.2845 85.7362
      vertex 36.1079 -34.6174 85.8449
    endloop
  endfacet
  facet normal -0.330293 -0 -0.943879
    outer loop
      vertex 33.4609 -33.2679 86.7714
      vertex 34.1156 -33.9326 86.5423
      vertex 33.4609 -33.7076 86.7714
    endloop
  endfacet
  facet normal -0.330397 -0.000115611 -0.943842
    outer loop
      vertex 34.1156 -33.9326 86.5423
      vertex 33.4609 -33.2679 86.7714
      vertex 36.4185 -34.2845 85.7362
    endloop
  endfacet
  facet normal -0.573544 0 0.819175
    outer loop
      vertex 32.2791 -29.3206 94.5674
      vertex 32.75 -29.6904 94.8971
      vertex 32.75 -29.2481 94.8971
    endloop
  endfacet
  facet normal -0.573574 -5.67499e-05 0.819154
    outer loop
      vertex 32.2791 -29.3206 94.5674
      vertex 32.2353 -29.7696 94.5367
      vertex 32.75 -29.6904 94.8971
    endloop
  endfacet
  facet normal -0.573719 0 0.819052
    outer loop
      vertex 32.1075 -29.7386 94.4472
      vertex 32.2791 -29.3206 94.5674
      vertex 32.1075 -29.279 94.4472
    endloop
  endfacet
  facet normal -0.573642 -4.68539e-05 0.819106
    outer loop
      vertex 32.2791 -29.3206 94.5674
      vertex 32.1075 -29.7386 94.4472
      vertex 32.2353 -29.7696 94.5367
    endloop
  endfacet
  facet normal -0.42262 0 0.906307
    outer loop
      vertex 32.75 -29.2481 94.8971
      vertex 33.4609 -29.6607 95.2286
      vertex 33.4609 -29.2184 95.2286
    endloop
  endfacet
  facet normal -0.42262 0 0.906307
    outer loop
      vertex 33.4609 -29.6607 95.2286
      vertex 32.75 -29.2481 94.8971
      vertex 32.75 -29.6904 94.8971
    endloop
  endfacet
  facet normal -0.258789 0 0.965934
    outer loop
      vertex 33.4609 -29.6607 95.2286
      vertex 34.2186 -29.2588 95.4316
      vertex 33.4609 -29.2184 95.2286
    endloop
  endfacet
  facet normal -0.258789 0 0.965934
    outer loop
      vertex 34.2186 -29.2588 95.4316
      vertex 33.4609 -29.6607 95.2286
      vertex 34.2186 -29.701 95.4316
    endloop
  endfacet
  facet normal 0.330387 0 0.943846
    outer loop
      vertex 54.9173 -29.8647 88.7963
      vertex 56.5391 -29.863 88.2286
      vertex 56.5391 -29.4261 88.2286
    endloop
  endfacet
  facet normal 0.330387 -0.000228356 0.943846
    outer loop
      vertex 56.5391 -29.863 88.2286
      vertex 54.9173 -29.8647 88.7963
      vertex 54.949 -30.293 88.7851
    endloop
  endfacet
  facet normal 0.330373 -0.00022952 0.94385
    outer loop
      vertex 50.2542 -30.7275 90.4283
      vertex 54.949 -30.293 88.7851
      vertex 54.9173 -29.8647 88.7963
    endloop
  endfacet
  facet normal 0.330354 0 0.943857
    outer loop
      vertex 50.2542 -30.7275 90.4283
      vertex 50.2542 -31.1617 90.4283
      vertex 54.949 -30.293 88.7851
    endloop
  endfacet
  facet normal 0.33036 0 0.943855
    outer loop
      vertex 50.2542 -30.7275 90.4283
      vertex 46.0492 -31.3703 91.9001
      vertex 50.2542 -31.1617 90.4283
    endloop
  endfacet
  facet normal 0.330347 9.92121e-05 0.94386
    outer loop
      vertex 45.4325 -30.9667 92.1159
      vertex 46.0492 -31.3703 91.9001
      vertex 50.2542 -30.7275 90.4283
    endloop
  endfacet
  facet normal 0.330295 9.94708e-06 0.943878
    outer loop
      vertex 45.2971 -32.7645 92.1633
      vertex 46.0492 -31.3703 91.9001
      vertex 45.4325 -30.9667 92.1159
    endloop
  endfacet
  facet normal 0.330311 0 0.943872
    outer loop
      vertex 46.0492 -31.3703 91.9001
      vertex 45.2971 -32.7645 92.1633
      vertex 46.0492 -32.7272 91.9001
    endloop
  endfacet
  facet normal 0.330383 2.52991e-06 0.943847
    outer loop
      vertex 43.469 -30.9167 92.8032
      vertex 45.2971 -32.7645 92.1633
      vertex 45.4325 -30.9667 92.1159
    endloop
  endfacet
  facet normal 0.33038 0 0.943848
    outer loop
      vertex 43.469 -30.9167 92.8032
      vertex 43.469 -32.718 92.8032
      vertex 45.2971 -32.7645 92.1633
    endloop
  endfacet
  facet normal 0.330339 1.663e-05 0.943862
    outer loop
      vertex 38.7486 -32.2218 94.4553
      vertex 43.469 -30.9167 92.8032
      vertex 38.8628 -30.4326 94.4153
    endloop
  endfacet
  facet normal 0.33432 -0.00062962 0.94246
    outer loop
      vertex 38.6131 -32.1934 94.5027
      vertex 38.8628 -30.4326 94.4153
      vertex 38.8535 -30.4311 94.4186
    endloop
  endfacet
  facet normal 0.330343 0 0.943861
    outer loop
      vertex 43.469 -30.9167 92.8032
      vertex 38.7486 -32.2218 94.4553
      vertex 43.469 -32.718 92.8032
    endloop
  endfacet
  facet normal 0.32854 0.000145476 0.94449
    outer loop
      vertex 38.8628 -30.4326 94.4153
      vertex 38.7394 -32.2204 94.4585
      vertex 38.7486 -32.2218 94.4553
    endloop
  endfacet
  facet normal 0.330267 2.80511e-05 0.943887
    outer loop
      vertex 38.3415 -32.1353 94.5978
      vertex 38.8535 -30.4311 94.4186
      vertex 38.616 -30.3804 94.5017
    endloop
  endfacet
  facet normal 0.330319 7.74437e-06 0.943869
    outer loop
      vertex 38.8628 -30.4326 94.4153
      vertex 38.6131 -32.1934 94.5027
      vertex 38.7394 -32.2204 94.4585
    endloop
  endfacet
  facet normal 0.330243 3.23355e-05 0.943896
    outer loop
      vertex 38.3415 -32.1353 94.5978
      vertex 38.616 -30.3804 94.5017
      vertex 38.5051 -30.3567 94.5405
    endloop
  endfacet
  facet normal 0.330467 -3.92389e-05 0.943818
    outer loop
      vertex 38.8535 -30.4311 94.4186
      vertex 38.3415 -32.1353 94.5978
      vertex 38.6131 -32.1934 94.5027
    endloop
  endfacet
  facet normal 0.330326 -0 0.943867
    outer loop
      vertex 36.9744 -31.7542 95.0762
      vertex 38.5051 -30.3567 94.5405
      vertex 36.9744 -29.9299 95.0762
    endloop
  endfacet
  facet normal 0.330305 2.59598e-05 0.943874
    outer loop
      vertex 38.5051 -30.3567 94.5405
      vertex 36.9744 -31.7542 95.0762
      vertex 38.3415 -32.1353 94.5978
    endloop
  endfacet
  facet normal 0.330437 -0 0.943828
    outer loop
      vertex 36.5391 -31.602 95.2286
      vertex 36.9744 -29.9299 95.0762
      vertex 36.5391 -29.7777 95.2286
    endloop
  endfacet
  facet normal 0.330437 0 0.943828
    outer loop
      vertex 36.9744 -29.9299 95.0762
      vertex 36.5391 -31.602 95.2286
      vertex 36.9744 -31.7542 95.0762
    endloop
  endfacet
  facet normal -0.707107 0 0.707107
    outer loop
      vertex 31.5528 -29.6984 93.8925
      vertex 32.1075 -29.279 94.4472
      vertex 31.5528 -29.2388 93.8925
    endloop
  endfacet
  facet normal -0.707107 0 0.707107
    outer loop
      vertex 32.1075 -29.279 94.4472
      vertex 31.5528 -29.6984 93.8925
      vertex 32.1075 -29.7386 94.4472
    endloop
  endfacet
  facet normal -0.965934 0 0.258789
    outer loop
      vertex 30.5684 -29.7841 91.7814
      vertex 30.7714 -29.9627 92.5391
      vertex 30.7714 -29.5031 92.5391
    endloop
  endfacet
  facet normal -0.965934 0 0.258789
    outer loop
      vertex 30.7714 -29.9627 92.5391
      vertex 30.5684 -29.7841 91.7814
      vertex 30.5684 -30.2437 91.7814
    endloop
  endfacet
  facet normal -0.42262 0 -0.906307
    outer loop
      vertex 32.75 -33.4246 87.1029
      vertex 33.4609 -33.2679 86.7714
      vertex 33.4609 -33.7076 86.7714
    endloop
  endfacet
  facet normal -0.422616 -2.32301e-05 -0.906309
    outer loop
      vertex 33.4609 -33.2679 86.7714
      vertex 32.75 -33.4246 87.1029
      vertex 32.9773 -33.0754 86.9969
    endloop
  endfacet
  facet normal -0.422645 0 -0.906295
    outer loop
      vertex 32.9773 -33.0754 86.9969
      vertex 32.75 -33.4246 87.1029
      vertex 32.75 -32.9833 87.1029
    endloop
  endfacet
  facet normal -0.906249 0 -0.422744
    outer loop
      vertex 30.8041 -31.3087 89.3908
      vertex 30.7714 -31.7048 89.4609
      vertex 30.7714 -31.2452 89.4609
    endloop
  endfacet
  facet normal -0.906249 -0 -0.422744
    outer loop
      vertex 30.8041 -31.3087 89.3908
      vertex 30.8041 -31.7683 89.3908
      vertex 30.7714 -31.7048 89.4609
    endloop
  endfacet
  facet normal -0.906313 0 -0.422607
    outer loop
      vertex 31.1029 -31.8621 88.75
      vertex 30.8041 -31.7683 89.3908
      vertex 30.8041 -31.3087 89.3908
    endloop
  endfacet
  facet normal -0.906313 0 -0.422607
    outer loop
      vertex 30.8041 -31.7683 89.3908
      vertex 31.1029 -31.8621 88.75
      vertex 31.1029 -32.3217 88.75
    endloop
  endfacet
  facet normal 0.258789 -0 0.965934
    outer loop
      vertex 35.7814 -31.3671 95.4316
      vertex 36.5391 -29.7777 95.2286
      vertex 35.7814 -29.5428 95.4316
    endloop
  endfacet
  facet normal 0.258789 0 0.965934
    outer loop
      vertex 36.5391 -29.7777 95.2286
      vertex 35.7814 -31.3671 95.4316
      vertex 36.5391 -31.602 95.2286
    endloop
  endfacet
  facet normal 0.0872017 -0 0.996191
    outer loop
      vertex 35 -31.1923 95.5
      vertex 35.7814 -29.5428 95.4316
      vertex 35 -29.368 95.5
    endloop
  endfacet
  facet normal 0.0872017 0 0.996191
    outer loop
      vertex 35.7814 -29.5428 95.4316
      vertex 35 -31.1923 95.5
      vertex 35.7814 -31.3671 95.4316
    endloop
  endfacet
  facet normal -0.906313 0 0.422607
    outer loop
      vertex 30.8041 -29.4872 92.6092
      vertex 31.1029 -29.7749 93.25
      vertex 31.1029 -29.3153 93.25
    endloop
  endfacet
  facet normal -0.906249 0 0.422744
    outer loop
      vertex 30.8041 -29.9468 92.6092
      vertex 30.8041 -29.4872 92.6092
      vertex 30.7714 -29.5031 92.5391
    endloop
  endfacet
  facet normal -0.906313 0 0.422607
    outer loop
      vertex 30.8041 -29.4872 92.6092
      vertex 30.8041 -29.9468 92.6092
      vertex 31.1029 -29.7749 93.25
    endloop
  endfacet
  facet normal -0.906249 0 0.422744
    outer loop
      vertex 30.8041 -29.9468 92.6092
      vertex 30.7714 -29.5031 92.5391
      vertex 30.7714 -29.9627 92.5391
    endloop
  endfacet
  facet normal -0.965934 0 -0.258789
    outer loop
      vertex 30.7714 -31.2452 89.4609
      vertex 30.5684 -31.1282 90.2186
      vertex 30.5684 -30.6686 90.2186
    endloop
  endfacet
  facet normal -0.965934 0 -0.258789
    outer loop
      vertex 30.5684 -31.1282 90.2186
      vertex 30.7714 -31.2452 89.4609
      vertex 30.7714 -31.7048 89.4609
    endloop
  endfacet
  facet normal -0.996191 0 -0.0872017
    outer loop
      vertex 30.5684 -30.6686 90.2186
      vertex 30.5 -30.6362 91
      vertex 30.5 -30.1766 91
    endloop
  endfacet
  facet normal -0.996191 0 -0.0872017
    outer loop
      vertex 30.5 -30.6362 91
      vertex 30.5684 -30.6686 90.2186
      vertex 30.5684 -31.1282 90.2186
    endloop
  endfacet
  facet normal -0.707107 0 -0.707107
    outer loop
      vertex 32.1075 -32.651 87.5528
      vertex 31.5528 -32.7266 88.1075
      vertex 31.5528 -32.2844 88.1075
    endloop
  endfacet
  facet normal -0.707107 0 -0.707107
    outer loop
      vertex 31.5528 -32.7266 88.1075
      vertex 32.1075 -32.651 87.5528
      vertex 32.1075 -33.0932 87.5528
    endloop
  endfacet
  facet normal -0.819142 0 0.573591
    outer loop
      vertex 31.1029 -29.3153 93.25
      vertex 31.5528 -29.6984 93.8925
      vertex 31.5528 -29.2388 93.8925
    endloop
  endfacet
  facet normal -0.819142 0 0.573591
    outer loop
      vertex 31.5528 -29.6984 93.8925
      vertex 31.1029 -29.3153 93.25
      vertex 31.1029 -29.7749 93.25
    endloop
  endfacet
  facet normal 0.0752048 -0.962552 0.260455
    outer loop
      vertex 62.5187 -35.5972 75.8895
      vertex 57.3248 -35.3938 78.1409
      vertex 57.3248 -35.4007 78.1154
    endloop
  endfacet
  facet normal 0.0741539 -0.963269 0.258096
    outer loop
      vertex 57.3248 -35.3938 78.1409
      vertex 62.5187 -35.5972 75.8895
      vertex 64.6635 -35.4651 75.7663
    endloop
  endfacet
  facet normal 0.0741549 -0.963263 0.25812
    outer loop
      vertex 64.6635 -35.4651 75.7663
      vertex 62.5187 -35.5972 75.8895
      vertex 64.6635 -35.6784 74.9703
    endloop
  endfacet
  facet normal 0.122927 -0.906208 0.40457
    outer loop
      vertex 64.6585 -33.2883 80.6437
      vertex 63.223 -33.4574 80.7011
      vertex 64.6585 -35.4581 75.7835
    endloop
  endfacet
  facet normal -0.00656907 -0.999714 0.0229918
    outer loop
      vertex 64.6635 -35.4651 75.7663
      vertex 72.2428 -35.5208 75.5099
      vertex 72.2435 -35.5208 75.5101
    endloop
  endfacet
  facet normal 0.00165719 -0.965923 0.258823
    outer loop
      vertex 66.4377 -35.8791 74.2099
      vertex 72.2428 -35.5208 75.5099
      vertex 64.6635 -35.4651 75.7663
    endloop
  endfacet
  facet normal -0.0122612 -0.948612 0.316204
    outer loop
      vertex 72.2428 -35.5208 75.5099
      vertex 66.4377 -35.8791 74.2099
      vertex 72.2428 -35.5209 75.5096
    endloop
  endfacet
  facet normal 0.00166619 -0.965921 0.258833
    outer loop
      vertex 66.4377 -35.8791 74.2099
      vertex 64.6635 -35.4651 75.7663
      vertex 64.6635 -35.6784 74.9703
    endloop
  endfacet
  facet normal -0.00397696 -0.959358 0.282164
    outer loop
      vertex 72.2428 -35.5209 75.5096
      vertex 66.4377 -35.8791 74.2099
      vertex 72.2428 -35.5214 75.5079
    endloop
  endfacet
  facet normal 0 -0.996193 0.087171
    outer loop
      vertex 72.2416 -36.2046 71.7225
      vertex 72.2516 -36.0441 73.5567
      vertex 72.2416 -36.0441 73.5567
    endloop
  endfacet
  facet normal -0.00235867 -0.996189 0.0871835
    outer loop
      vertex 72.2516 -36.0441 73.5567
      vertex 72.2416 -36.2046 71.7225
      vertex 72.2516 -36.205 71.7182
    endloop
  endfacet
  facet normal 0.00164073 -0.965917 0.258847
    outer loop
      vertex 67.5945 -36.01 73.7141
      vertex 72.2428 -35.5214 75.5079
      vertex 66.4377 -35.8791 74.2099
    endloop
  endfacet
  facet normal 0.00166064 -0.96593 0.258799
    outer loop
      vertex 72.2428 -35.5214 75.5079
      vertex 67.5945 -36.01 73.7141
      vertex 72.2428 -36.0441 73.557
    endloop
  endfacet
  facet normal -0.00376503 -0.928583 0.371107
    outer loop
      vertex 64.6585 -35.4595 75.7804
      vertex 66.3543 -33.5499 80.5758
      vertex 66.3444 -33.5497 80.5762
    endloop
  endfacet
  facet normal 0.00138001 -0.929214 0.369539
    outer loop
      vertex 66.3543 -33.5499 80.5758
      vertex 64.6585 -35.4595 75.7804
      vertex 64.6635 -35.4651 75.7663
    endloop
  endfacet
  facet normal -0.00436388 -0.996184 0.0871702
    outer loop
      vertex 72.2416 -36.0441 73.5567
      vertex 67.5954 -36.01 73.7138
      vertex 72.2416 -36.2046 71.7225
    endloop
  endfacet
  facet normal -0.00816514 -0.999667 -0.0244954
    outer loop
      vertex 72.2416 -36.0441 73.5567
      vertex 67.5945 -36.01 73.7141
      vertex 67.5954 -36.01 73.7138
    endloop
  endfacet
  facet normal -0.00646008 -0.999645 0.0258403
    outer loop
      vertex 67.5945 -36.01 73.7141
      vertex 72.2416 -36.0441 73.5567
      vertex 72.2428 -36.0441 73.557
    endloop
  endfacet
  facet normal 0.00561874 -0.929711 0.368247
    outer loop
      vertex 72.2419 -35.5205 75.5108
      vertex 66.3543 -33.5499 80.5758
      vertex 64.6635 -35.4651 75.7663
    endloop
  endfacet
  facet normal 0.00561819 -0.929711 0.368246
    outer loop
      vertex 66.3543 -33.5499 80.5758
      vertex 72.2419 -35.5205 75.5108
      vertex 72.2419 -33.6076 80.3403
    endloop
  endfacet
  facet normal 0.00706319 -0.913175 0.407505
    outer loop
      vertex 72.2419 -35.5205 75.5108
      vertex 64.6635 -35.4651 75.7663
      vertex 72.2435 -35.5208 75.5101
    endloop
  endfacet
  facet normal -0.124289 -0.906053 0.404501
    outer loop
      vertex 64.6585 -35.4581 75.7835
      vertex 66.3444 -33.5497 80.5762
      vertex 64.6585 -33.2883 80.6437
    endloop
  endfacet
  facet normal -0.137107 -0.902764 0.4077
    outer loop
      vertex 66.3444 -33.5497 80.5762
      vertex 64.6585 -35.4581 75.7835
      vertex 64.6585 -35.4595 75.7804
    endloop
  endfacet
  facet normal -0.189221 -0.91293 0.361599
    outer loop
      vertex 72.2419 -33.6076 80.3403
      vertex 72.2419 -35.5205 75.5108
      vertex 73.6677 -33.9257 80.2833
    endloop
  endfacet
  facet normal -0.00494017 -0.959354 0.282163
    outer loop
      vertex 77.9841 -36.0057 73.9618
      vertex 72.2428 -35.5209 75.5096
      vertex 72.2428 -35.5214 75.5079
    endloop
  endfacet
  facet normal -0.0117878 -0.965859 0.2588
    outer loop
      vertex 72.2428 -35.5209 75.5096
      vertex 77.9841 -36.0057 73.9618
      vertex 78.6895 -35.9093 74.3537
    endloop
  endfacet
  facet normal -0.0117858 -0.965864 0.258782
    outer loop
      vertex 72.2428 -36.0441 73.557
      vertex 77.9841 -36.0057 73.9618
      vertex 72.2428 -35.5214 75.5079
    endloop
  endfacet
  facet normal 0.00930878 -0.999263 -0.0372351
    outer loop
      vertex 77.9841 -36.0057 73.9618
      vertex 72.2428 -36.0441 73.557
      vertex 72.2416 -36.0441 73.5567
    endloop
  endfacet
  facet normal 0.000524827 -0.996193 0.0871777
    outer loop
      vertex 72.2516 -36.0441 73.5567
      vertex 75.6183 -36.1219 72.6474
      vertex 77.9827 -36.0057 73.961
    endloop
  endfacet
  facet normal 0.000462894 -0.996192 0.0871837
    outer loop
      vertex 72.4839 -36.2136 71.6187
      vertex 72.2516 -36.0441 73.5567
      vertex 72.2516 -36.205 71.7182
    endloop
  endfacet
  facet normal 0.000528586 -0.996191 0.0871916
    outer loop
      vertex 72.2516 -36.0441 73.5567
      vertex 72.4839 -36.2136 71.6187
      vertex 75.6183 -36.1219 72.6474
    endloop
  endfacet
  facet normal -0.00045619 -0.948683 0.316228
    outer loop
      vertex 78.6895 -35.9093 74.3537
      vertex 72.2428 -35.5208 75.5099
      vertex 72.2428 -35.5209 75.5096
    endloop
  endfacet
  facet normal -0.0117824 -0.965848 0.258843
    outer loop
      vertex 72.2428 -35.5208 75.5099
      vertex 78.6895 -35.9093 74.3537
      vertex 80.0587 -35.4684 76.0612
    endloop
  endfacet
  facet normal -0.0116996 -0.965865 0.258781
    outer loop
      vertex 80.0587 -35.4684 76.0612
      vertex 78.6895 -35.9093 74.3537
      vertex 80.0587 -35.7221 75.1143
    endloop
  endfacet
  facet normal 0.000485478 -0.99618 0.0873219
    outer loop
      vertex 72.4839 -36.2136 71.6187
      vertex 74.75 -36.1646 72.1651
      vertex 75.6183 -36.1219 72.6474
    endloop
  endfacet
  facet normal 0.000584915 -0.996216 0.0869127
    outer loop
      vertex 72.4839 -36.2136 71.6187
      vertex 74.0012 -36.2086 71.6658
      vertex 74.75 -36.1646 72.1651
    endloop
  endfacet
  facet normal 0.000592717 -0.996237 0.0866636
    outer loop
      vertex 74.0012 -36.2086 71.6658
      vertex 72.4839 -36.2136 71.6187
      vertex 72.6038 -36.218 71.5673
    endloop
  endfacet
  facet normal 0.0106798 -0.99836 -0.0562376
    outer loop
      vertex 74.0012 -36.2086 71.6658
      vertex 72.6038 -36.218 71.5673
      vertex 73.3644 -36.1915 71.2413
    endloop
  endfacet
  facet normal 0.0106696 -0.998362 -0.0562008
    outer loop
      vertex 80.0687 -36.0164 69.4009
      vertex 78.2762 -35.9795 68.4051
      vertex 80.0687 -35.9002 67.3367
    endloop
  endfacet
  facet normal 0 -0.995537 0.0943684
    outer loop
      vertex 72.2516 -36.0441 73.5567
      vertex 77.9841 -36.0057 73.9618
      vertex 72.2416 -36.0441 73.5567
    endloop
  endfacet
  facet normal 0.00764305 -0.999881 -0.0133753
    outer loop
      vertex 77.9841 -36.0057 73.9618
      vertex 72.2516 -36.0441 73.5567
      vertex 77.9827 -36.0057 73.961
    endloop
  endfacet
  facet normal 0 -0.965905 0.258895
    outer loop
      vertex 80.0587 -35.4684 76.0612
      vertex 80.0687 -35.7207 75.1199
      vertex 80.0687 -35.4684 76.0612
    endloop
  endfacet
  facet normal -0.0096966 -0.965886 0.258787
    outer loop
      vertex 80.0687 -35.7207 75.1199
      vertex 80.0587 -35.4684 76.0612
      vertex 80.0587 -35.7221 75.1143
    endloop
  endfacet
  facet normal -0.0163079 -0.946844 0.32128
    outer loop
      vertex 72.2435 -35.5208 75.5101
      vertex 75.2234 -33.9736 80.2211
      vertex 73.6677 -33.9257 80.2833
    endloop
  endfacet
  facet normal -0.0163217 -0.946841 0.321288
    outer loop
      vertex 75.2234 -33.9736 80.2211
      vertex 72.2435 -35.5208 75.5101
      vertex 77.5391 -34.3503 79.2286
    endloop
  endfacet
  facet normal -0.0163062 -0.946848 0.321268
    outer loop
      vertex 80.0587 -35.4684 76.0612
      vertex 77.5391 -34.3503 79.2286
      vertex 72.2435 -35.5208 75.5101
    endloop
  endfacet
  facet normal -0.0162599 -0.946837 0.321301
    outer loop
      vertex 77.5391 -34.3503 79.2286
      vertex 80.0587 -35.4684 76.0612
      vertex 78.25 -34.475 78.8971
    endloop
  endfacet
  facet normal -0.0345099 -0.944737 0.326008
    outer loop
      vertex 72.2435 -35.5208 75.5101
      vertex 73.6677 -33.9257 80.2833
      vertex 72.2419 -35.5205 75.5108
    endloop
  endfacet
  facet normal -0.0163341 -0.946851 0.321259
    outer loop
      vertex 78.25 -34.475 78.8971
      vertex 80.0587 -35.4684 76.0612
      vertex 80.0587 -34.8876 77.773
    endloop
  endfacet
  facet normal 0.00889728 -0.999475 -0.0311405
    outer loop
      vertex 80.0587 -35.4684 76.0612
      vertex 72.2435 -35.5208 75.5101
      vertex 72.2428 -35.5208 75.5099
    endloop
  endfacet
  facet normal 0.0598493 -0.994409 0.087002
    outer loop
      vertex 85.8103 -35.779 72.5907
      vertex 84.8029 -35.8886 72.031
      vertex 88.0931 -35.6944 71.9873
    endloop
  endfacet
  facet normal 0.0596604 -0.994445 0.0867181
    outer loop
      vertex 86.9151 -35.6423 73.393
      vertex 88.0931 -35.6251 72.7798
      vertex 86.9731 -35.6316 73.4758
    endloop
  endfacet
  facet normal 0.0598227 -0.994408 0.0870308
    outer loop
      vertex 86.607 -35.6878 73.0849
      vertex 88.0931 -35.6251 72.7798
      vertex 86.9151 -35.6423 73.393
    endloop
  endfacet
  facet normal 0.0599032 -0.994398 0.0870857
    outer loop
      vertex 88.0931 -35.6944 71.9873
      vertex 86.607 -35.6878 73.0849
      vertex 86.25 -35.7312 72.8349
    endloop
  endfacet
  facet normal 0.0598286 -0.994417 0.0869226
    outer loop
      vertex 88.0931 -35.6944 71.9873
      vertex 86.25 -35.7312 72.8349
      vertex 85.8103 -35.779 72.5907
    endloop
  endfacet
  facet normal 0.0598077 -0.994415 0.0869564
    outer loop
      vertex 86.607 -35.6878 73.0849
      vertex 88.0931 -35.6944 71.9873
      vertex 88.0931 -35.6251 72.7798
    endloop
  endfacet
  facet normal 0.0601528 -0.954162 0.293184
    outer loop
      vertex 81.7236 -35.3708 76.0393
      vertex 80.4766 -34.9965 77.5133
      vertex 80.0687 -35.4684 76.0612
    endloop
  endfacet
  facet normal 0.0602505 -0.954133 0.293259
    outer loop
      vertex 80.4766 -34.9965 77.5133
      vertex 81.7236 -35.3708 76.0393
      vertex 82.3175 -35.2319 76.3692
    endloop
  endfacet
  facet normal -0.0482505 -0.945874 0.320927
    outer loop
      vertex 80.0587 -34.8876 77.773
      vertex 80.0587 -35.4684 76.0612
      vertex 80.4681 -34.9948 77.5186
    endloop
  endfacet
  facet normal 0.00212359 -0.951218 0.308513
    outer loop
      vertex 80.0587 -35.4684 76.0612
      vertex 80.4766 -34.9965 77.5133
      vertex 80.4681 -34.9948 77.5186
    endloop
  endfacet
  facet normal 0 -0.95104 0.309067
    outer loop
      vertex 80.4766 -34.9965 77.5133
      vertex 80.0587 -35.4684 76.0612
      vertex 80.0687 -35.4684 76.0612
    endloop
  endfacet
  facet normal 0.0602818 -0.964149 0.258424
    outer loop
      vertex 80.0687 -35.4684 76.0612
      vertex 80.0687 -35.7207 75.1199
      vertex 81.7236 -35.3708 76.0393
    endloop
  endfacet
  facet normal -0.122935 0.906205 -0.404572
    outer loop
      vertex 64.6585 -29.6531 84.7489
      vertex 64.6585 -33.9076 75.2192
      vertex 61.479 -29.4761 86.1115
    endloop
  endfacet
  facet normal -0.074195 0.963247 -0.258168
    outer loop
      vertex 64.6635 -33.9146 75.202
      vertex 64.6635 -33.9767 74.9703
      vertex 62.4569 -33.8932 75.916
    endloop
  endfacet
  facet normal -0.00562793 0.929711 -0.368247
    outer loop
      vertex 72.2419 -31.3746 81.4989
      vertex 64.6635 -33.9146 75.202
      vertex 67.5796 -30.6114 83.497
    endloop
  endfacet
  facet normal -0.00561909 0.929707 -0.368256
    outer loop
      vertex 72.2419 -33.97 74.9465
      vertex 64.6635 -33.9146 75.202
      vertex 72.2419 -31.3746 81.4989
    endloop
  endfacet
  facet normal -0.00706319 0.913175 -0.407505
    outer loop
      vertex 64.6635 -33.9146 75.202
      vertex 72.2419 -33.97 74.9465
      vertex 72.2435 -33.9703 74.9458
    endloop
  endfacet
  facet normal 0 0.996195 -0.0871518
    outer loop
      vertex 72.2516 -34.4192 73.2702
      vertex 72.2416 -34.5546 71.7225
      vertex 72.2416 -34.4192 73.2702
    endloop
  endfacet
  facet normal 0.00236595 0.996191 -0.0871667
    outer loop
      vertex 72.2416 -34.5546 71.7225
      vertex 72.2516 -34.4192 73.2702
      vertex 72.2516 -34.555 71.7182
    endloop
  endfacet
  facet normal 0.00437257 0.996186 -0.0871509
    outer loop
      vertex 72.2416 -34.4192 73.2702
      vertex 72.2416 -34.5546 71.7225
      vertex 68.3211 -34.3904 73.4027
    endloop
  endfacet
  facet normal 0.124299 0.90605 -0.404503
    outer loop
      vertex 67.5709 -30.6099 83.5007
      vertex 64.6585 -33.9076 75.2192
      vertex 64.6585 -29.6531 84.7489
    endloop
  endfacet
  facet normal 0.137111 0.902763 -0.4077
    outer loop
      vertex 64.6585 -33.9076 75.2192
      vertex 67.5709 -30.6099 83.5007
      vertex 64.6585 -33.909 75.2161
    endloop
  endfacet
  facet normal -0.00164632 0.965915 -0.258853
    outer loop
      vertex 72.2428 -33.9708 74.9439
      vertex 68.3203 -34.3904 73.4031
      vertex 67.0087 -34.242 73.9652
    endloop
  endfacet
  facet normal -0.00168026 0.965937 -0.258772
    outer loop
      vertex 68.3203 -34.3904 73.4031
      vertex 72.2428 -33.9708 74.9439
      vertex 72.2428 -34.4191 73.2705
    endloop
  endfacet
  facet normal -0.00331582 0.952582 -0.304264
    outer loop
      vertex 72.2416 -34.4192 73.2702
      vertex 68.3203 -34.3904 73.4031
      vertex 72.2428 -34.4191 73.2705
    endloop
  endfacet
  facet normal 0.00787732 0.999845 0.0157546
    outer loop
      vertex 68.3203 -34.3904 73.4031
      vertex 72.2416 -34.4192 73.2702
      vertex 68.3211 -34.3904 73.4027
    endloop
  endfacet
  facet normal 0.00246871 0.928744 -0.370713
    outer loop
      vertex 67.5796 -30.6114 83.497
      vertex 64.6585 -33.909 75.2161
      vertex 67.5709 -30.6099 83.5007
    endloop
  endfacet
  facet normal -0.00138518 0.929214 -0.369541
    outer loop
      vertex 64.6585 -33.909 75.2161
      vertex 67.5796 -30.6114 83.497
      vertex 64.6635 -33.9146 75.202
    endloop
  endfacet
  facet normal 0.00656907 0.999714 -0.0229918
    outer loop
      vertex 72.2428 -33.9703 74.9456
      vertex 64.6635 -33.9146 75.202
      vertex 72.2435 -33.9703 74.9458
    endloop
  endfacet
  facet normal -0.00165769 0.96592 -0.258837
    outer loop
      vertex 67.0087 -34.242 73.9652
      vertex 64.6635 -33.9146 75.202
      vertex 72.2428 -33.9703 74.9456
    endloop
  endfacet
  facet normal 0.0373123 0.893804 -0.446902
    outer loop
      vertex 67.0087 -34.242 73.9652
      vertex 72.2428 -33.9703 74.9456
      vertex 72.2428 -33.9704 74.9454
    endloop
  endfacet
  facet normal -0.00188542 0.966233 -0.257662
    outer loop
      vertex 67.0087 -34.242 73.9652
      vertex 72.2428 -33.9704 74.9454
      vertex 72.2428 -33.9708 74.9439
    endloop
  endfacet
  facet normal -0.00168284 0.965908 -0.258882
    outer loop
      vertex 64.6635 -33.9146 75.202
      vertex 67.0087 -34.242 73.9652
      vertex 64.6635 -33.9767 74.9703
    endloop
  endfacet
  facet normal 0 0.995515 -0.0946046
    outer loop
      vertex 72.2516 -34.4192 73.2702
      vertex 80.0587 -34.3668 73.8216
      vertex 80.0687 -34.3668 73.8216
    endloop
  endfacet
  facet normal 0 0.995515 -0.0946046
    outer loop
      vertex 80.0587 -34.3668 73.8216
      vertex 72.2516 -34.4192 73.2702
      vertex 72.2416 -34.4192 73.2702
    endloop
  endfacet
  facet normal -0.0106449 0.998368 0.056116
    outer loop
      vertex 80.0687 -34.518 72.0938
      vertex 73.9102 -34.5226 71.0074
      vertex 72.6038 -34.568 71.5673
    endloop
  endfacet
  facet normal -0.0106602 0.998362 0.0562026
    outer loop
      vertex 73.9102 -34.5226 71.0074
      vertex 80.0687 -34.518 72.0938
      vertex 80.0687 -34.2502 67.3367
    endloop
  endfacet
  facet normal 0.0164533 0.946873 -0.321186
    outer loop
      vertex 80.0587 -33.9179 75.4969
      vertex 77.5391 -32.6083 79.2286
      vertex 78.25 -32.7331 78.8971
    endloop
  endfacet
  facet normal 0.016272 0.946847 -0.321273
    outer loop
      vertex 80.0587 -33.9179 75.4969
      vertex 78.25 -32.7331 78.8971
      vertex 80.0587 -33.1456 77.773
    endloop
  endfacet
  facet normal 0.0163067 0.946845 -0.321275
    outer loop
      vertex 77.5391 -32.6083 79.2286
      vertex 80.0587 -33.9179 75.4969
      vertex 72.2435 -33.9703 74.9458
    endloop
  endfacet
  facet normal 0.0163064 0.946846 -0.321275
    outer loop
      vertex 77.5391 -32.6083 79.2286
      vertex 72.2435 -33.9703 74.9458
      vertex 73.9772 -32.029 80.7551
    endloop
  endfacet
  facet normal 0.0345118 0.944738 -0.326004
    outer loop
      vertex 73.9772 -32.029 80.7551
      vertex 72.2435 -33.9703 74.9458
      vertex 72.2419 -33.97 74.9465
    endloop
  endfacet
  facet normal -0.00889728 0.999475 0.0311405
    outer loop
      vertex 72.2435 -33.9703 74.9458
      vertex 80.0587 -33.9179 75.4969
      vertex 72.2428 -33.9703 74.9456
    endloop
  endfacet
  facet normal 0.0255397 0.894135 -0.447068
    outer loop
      vertex 80.0587 -33.9179 75.4969
      vertex 72.2428 -33.9704 74.9454
      vertex 72.2428 -33.9703 74.9456
    endloop
  endfacet
  facet normal 0.0117738 0.965858 -0.258804
    outer loop
      vertex 72.2428 -33.9704 74.9454
      vertex 80.0587 -33.9179 75.4969
      vertex 80.0587 -34.3668 73.8216
    endloop
  endfacet
  facet normal 0 0.965925 -0.258822
    outer loop
      vertex 80.0687 -34.3668 73.8216
      vertex 80.0587 -33.9179 75.4969
      vertex 80.0687 -33.9179 75.4969
    endloop
  endfacet
  facet normal 0 0.965925 -0.258822
    outer loop
      vertex 80.0587 -33.9179 75.4969
      vertex 80.0687 -34.3668 73.8216
      vertex 80.0587 -34.3668 73.8216
    endloop
  endfacet
  facet normal 0.189276 0.912916 -0.361605
    outer loop
      vertex 72.2419 -31.3746 81.4989
      vertex 73.9772 -32.029 80.7551
      vertex 72.2419 -33.97 74.9465
    endloop
  endfacet
  facet normal -0.000523915 0.996193 -0.087177
    outer loop
      vertex 72.6038 -34.568 71.5673
      vertex 80.0687 -34.3668 73.8216
      vertex 80.0687 -34.518 72.0938
    endloop
  endfacet
  facet normal -0.000504353 0.996187 -0.0872412
    outer loop
      vertex 80.0687 -34.3668 73.8216
      vertex 72.6038 -34.568 71.5673
      vertex 72.4957 -34.564 71.6136
    endloop
  endfacet
  facet normal 0.0119561 0.966166 -0.257644
    outer loop
      vertex 80.0587 -34.3668 73.8216
      vertex 72.2428 -33.9708 74.9439
      vertex 72.2428 -33.9704 74.9454
    endloop
  endfacet
  facet normal 0.0117817 0.965871 -0.258755
    outer loop
      vertex 80.0587 -34.3668 73.8216
      vertex 72.2428 -34.4191 73.2705
      vertex 72.2428 -33.9708 74.9439
    endloop
  endfacet
  facet normal 0.0215301 0.919455 -0.392606
    outer loop
      vertex 72.2428 -34.4191 73.2705
      vertex 80.0587 -34.3668 73.8216
      vertex 72.2416 -34.4192 73.2702
    endloop
  endfacet
  facet normal -0.000530144 0.996195 -0.0871535
    outer loop
      vertex 72.4957 -34.564 71.6136
      vertex 72.2516 -34.4192 73.2702
      vertex 80.0687 -34.3668 73.8216
    endloop
  endfacet
  facet normal -0.000622366 0.996194 -0.0871669
    outer loop
      vertex 72.2516 -34.4192 73.2702
      vertex 72.4957 -34.564 71.6136
      vertex 72.2516 -34.555 71.7182
    endloop
  endfacet
  facet normal -0.0601857 0.954169 -0.293154
    outer loop
      vertex 80.6115 -33.2899 77.4295
      vertex 83.8008 -33.6977 75.4474
      vertex 80.0687 -33.9179 75.4969
    endloop
  endfacet
  facet normal 0.0483306 0.945866 -0.32094
    outer loop
      vertex 80.0587 -33.1456 77.773
      vertex 80.603 -33.2882 77.4347
      vertex 80.0587 -33.9179 75.4969
    endloop
  endfacet
  facet normal -0.0598194 0.994402 -0.0870999
    outer loop
      vertex 80.0687 -34.518 72.0938
      vertex 86.5552 -33.984 73.7355
      vertex 86.9573 -33.9817 73.4856
    endloop
  endfacet
  facet normal -0.0598399 0.994408 -0.0870207
    outer loop
      vertex 86.5552 -33.984 73.7355
      vertex 80.0687 -34.518 72.0938
      vertex 80.0687 -34.3668 73.8216
    endloop
  endfacet
  facet normal 0.000979142 0.950966 -0.309292
    outer loop
      vertex 80.0687 -33.9179 75.4969
      vertex 80.603 -33.2882 77.4347
      vertex 80.6115 -33.2899 77.4295
    endloop
  endfacet
  facet normal 0 0.951046 -0.309048
    outer loop
      vertex 80.603 -33.2882 77.4347
      vertex 80.0687 -33.9179 75.4969
      vertex 80.0587 -33.9179 75.4969
    endloop
  endfacet
  facet normal -0.060314 0.964167 -0.25835
    outer loop
      vertex 83.8008 -33.6977 75.4474
      vertex 80.0687 -34.3668 73.8216
      vertex 80.0687 -33.9179 75.4969
    endloop
  endfacet
  facet normal -0.0603295 0.964174 -0.258318
    outer loop
      vertex 80.0687 -34.3668 73.8216
      vertex 83.8008 -33.6977 75.4474
      vertex 86.5552 -33.984 73.7355
    endloop
  endfacet
  facet normal 0.42262 -0 0.906307
    outer loop
      vertex 77.5391 -34.3503 79.2286
      vertex 78.25 -32.7331 78.8971
      vertex 77.5391 -32.6083 79.2286
    endloop
  endfacet
  facet normal 0.42262 0 0.906307
    outer loop
      vertex 78.25 -32.7331 78.8971
      vertex 77.5391 -34.3503 79.2286
      vertex 78.25 -34.475 78.8971
    endloop
  endfacet
  facet normal 0.393938 -0 0.919137
    outer loop
      vertex 75.2234 -33.9736 80.2211
      vertex 77.5391 -32.6083 79.2286
      vertex 75.2234 -32.654 80.2211
    endloop
  endfacet
  facet normal 0.393936 0.000164793 0.919138
    outer loop
      vertex 73.9772 -32.029 80.7551
      vertex 75.2234 -32.654 80.2211
      vertex 77.5391 -32.6083 79.2286
    endloop
  endfacet
  facet normal 0.393855 -2.49506e-05 0.919172
    outer loop
      vertex 73.9772 -32.029 80.7551
      vertex 73.941 -32.4454 80.7706
      vertex 75.2234 -32.654 80.2211
    endloop
  endfacet
  facet normal 0.393964 -0 0.919126
    outer loop
      vertex 72.2419 -31.8047 81.4989
      vertex 73.9772 -32.029 80.7551
      vertex 72.2419 -31.3746 81.4989
    endloop
  endfacet
  facet normal 0.39396 -3.57362e-05 0.919128
    outer loop
      vertex 73.9772 -32.029 80.7551
      vertex 72.2419 -31.8047 81.4989
      vertex 73.941 -32.4454 80.7706
    endloop
  endfacet
  facet normal 0.39391 -2.9986e-05 0.919149
    outer loop
      vertex 67.5378 -31.0346 83.5149
      vertex 72.2419 -31.3746 81.4989
      vertex 67.5796 -30.6114 83.497
    endloop
  endfacet
  facet normal 0.391403 0.000262952 0.920219
    outer loop
      vertex 67.5291 -31.0331 83.5186
      vertex 67.5796 -30.6114 83.497
      vertex 67.5709 -30.6099 83.5007
    endloop
  endfacet
  facet normal 0.393912 0 0.919148
    outer loop
      vertex 72.2419 -31.3746 81.4989
      vertex 67.5378 -31.0346 83.5149
      vertex 72.2419 -31.8047 81.4989
    endloop
  endfacet
  facet normal 0.391403 0.000262952 0.920219
    outer loop
      vertex 67.5796 -30.6114 83.497
      vertex 67.5291 -31.0331 83.5186
      vertex 67.5378 -31.0346 83.5149
    endloop
  endfacet
  facet normal 0.393927 -0 0.919142
    outer loop
      vertex 64.6585 -30.09 84.7489
      vertex 67.5709 -30.6099 83.5007
      vertex 64.6585 -29.6531 84.7489
    endloop
  endfacet
  facet normal 0.393922 -3.13646e-05 0.919144
    outer loop
      vertex 67.5709 -30.6099 83.5007
      vertex 64.6585 -30.09 84.7489
      vertex 67.5291 -31.0331 83.5186
    endloop
  endfacet
  facet normal 0.393905 0 0.919151
    outer loop
      vertex 64.6585 -29.6531 84.7489
      vertex 61.5247 -29.9156 86.0919
      vertex 64.6585 -30.09 84.7489
    endloop
  endfacet
  facet normal 0.393907 -3.13462e-05 0.91915
    outer loop
      vertex 61.479 -29.4761 86.1115
      vertex 61.5247 -29.9156 86.0919
      vertex 64.6585 -29.6531 84.7489
    endloop
  endfacet
  facet normal 0.393925 -0 0.919143
    outer loop
      vertex 57.3248 -29.6781 87.8919
      vertex 61.479 -29.4761 86.1115
      vertex 57.3248 -29.2412 87.8919
    endloop
  endfacet
  facet normal 0.393926 -2.90719e-05 0.919142
    outer loop
      vertex 61.479 -29.4761 86.1115
      vertex 57.3248 -29.6781 87.8919
      vertex 61.5247 -29.9156 86.0919
    endloop
  endfacet
  facet normal 0.393891 0 0.919157
    outer loop
      vertex 56.5391 -29.4261 88.2286
      vertex 57.3248 -29.6781 87.8919
      vertex 57.3248 -29.2412 87.8919
    endloop
  endfacet
  facet normal 0.393891 0 0.919157
    outer loop
      vertex 57.3248 -29.6781 87.8919
      vertex 56.5391 -29.4261 88.2286
      vertex 56.5391 -29.863 88.2286
    endloop
  endfacet
  facet normal 0.393938 0 0.919137
    outer loop
      vertex 77.5391 -32.6083 79.2286
      vertex 75.2234 -33.9736 80.2211
      vertex 77.5391 -34.3503 79.2286
    endloop
  endfacet
  facet normal -0.393948 0 -0.919133
    outer loop
      vertex 73.3644 -36.1915 71.2413
      vertex 72.6038 -36.218 71.5673
      vertex 73.3644 -34.9415 71.2413
    endloop
  endfacet
  facet normal -0.393899 0 -0.919154
    outer loop
      vertex 73.3644 -34.9415 71.2413
      vertex 73.9102 -34.5226 71.0074
      vertex 73.9102 -34.9225 71.0074
    endloop
  endfacet
  facet normal -0.393929 4.65489e-05 -0.919141
    outer loop
      vertex 73.3644 -34.9415 71.2413
      vertex 72.6038 -34.568 71.5673
      vertex 73.9102 -34.5226 71.0074
    endloop
  endfacet
  facet normal -0.393948 0 -0.919133
    outer loop
      vertex 72.6038 -36.218 71.5673
      vertex 72.6038 -34.568 71.5673
      vertex 73.3644 -34.9415 71.2413
    endloop
  endfacet
  facet normal -0.394012 0 -0.919105
    outer loop
      vertex 72.4839 -36.2136 71.6187
      vertex 72.6038 -34.568 71.5673
      vertex 72.6038 -36.218 71.5673
    endloop
  endfacet
  facet normal -0.393715 -2.56131e-05 -0.919233
    outer loop
      vertex 72.6038 -34.568 71.5673
      vertex 72.4839 -36.2136 71.6187
      vertex 72.4957 -34.564 71.6136
    endloop
  endfacet
  facet normal -0.393729 -2.54925e-05 -0.919227
    outer loop
      vertex 72.2516 -36.205 71.7182
      vertex 72.4957 -34.564 71.6136
      vertex 72.4839 -36.2136 71.6187
    endloop
  endfacet
  facet normal -0.393874 0 -0.919165
    outer loop
      vertex 72.2516 -36.205 71.7182
      vertex 72.2516 -34.555 71.7182
      vertex 72.4957 -34.564 71.6136
    endloop
  endfacet
  facet normal -0.395028 0 -0.918669
    outer loop
      vertex 72.2416 -36.2046 71.7225
      vertex 72.2516 -34.555 71.7182
      vertex 72.2516 -36.205 71.7182
    endloop
  endfacet
  facet normal -0.395028 0 -0.918669
    outer loop
      vertex 72.2416 -36.2046 71.7225
      vertex 72.2416 -34.5546 71.7225
      vertex 72.2516 -34.555 71.7182
    endloop
  endfacet
  facet normal -0.393916 0 -0.919146
    outer loop
      vertex 72.2416 -36.2046 71.7225
      vertex 68.3211 -34.3904 73.4027
      vertex 72.2416 -34.5546 71.7225
    endloop
  endfacet
  facet normal -0.393933 -4.15328e-05 -0.919139
    outer loop
      vertex 67.5954 -36.01 73.7138
      vertex 68.3211 -34.3904 73.4027
      vertex 72.2416 -36.2046 71.7225
    endloop
  endfacet
  facet normal -0.447031 0.0285674 -0.894062
    outer loop
      vertex 68.3211 -34.3904 73.4027
      vertex 67.5954 -36.01 73.7138
      vertex 68.3203 -34.3904 73.4031
    endloop
  endfacet
  facet normal -0.315969 -0.0404228 -0.947908
    outer loop
      vertex 67.5945 -36.01 73.7141
      vertex 68.3203 -34.3904 73.4031
      vertex 67.5954 -36.01 73.7138
    endloop
  endfacet
  facet normal -0.393908 2.65947e-05 -0.91915
    outer loop
      vertex 67.5945 -36.01 73.7141
      vertex 67.0087 -34.242 73.9652
      vertex 68.3203 -34.3904 73.4031
    endloop
  endfacet
  facet normal -0.393937 1.53334e-05 -0.919137
    outer loop
      vertex 66.4377 -35.8791 74.2099
      vertex 67.0087 -34.242 73.9652
      vertex 67.5945 -36.01 73.7141
    endloop
  endfacet
  facet normal -0.393932 -0 -0.91914
    outer loop
      vertex 64.6635 -33.9767 74.9703
      vertex 66.4377 -35.8791 74.2099
      vertex 64.6635 -35.6784 74.9703
    endloop
  endfacet
  facet normal -0.393923 9.59492e-06 -0.919143
    outer loop
      vertex 66.4377 -35.8791 74.2099
      vertex 64.6635 -33.9767 74.9703
      vertex 67.0087 -34.242 73.9652
    endloop
  endfacet
  facet normal -0.393919 0 -0.919145
    outer loop
      vertex 62.5187 -35.5972 75.8895
      vertex 64.6635 -33.9767 74.9703
      vertex 64.6635 -35.6784 74.9703
    endloop
  endfacet
  facet normal -0.393924 7.50024e-06 -0.919143
    outer loop
      vertex 62.5187 -35.5972 75.8895
      vertex 62.4569 -33.8932 75.916
      vertex 64.6635 -33.9767 74.9703
    endloop
  endfacet
  facet normal -0.39391 8.08365e-06 -0.919149
    outer loop
      vertex 57.3248 -35.4007 78.1154
      vertex 62.4569 -33.8932 75.916
      vertex 62.5187 -35.5972 75.8895
    endloop
  endfacet
  facet normal -0.393908 0 -0.91915
    outer loop
      vertex 57.3248 -35.4007 78.1154
      vertex 57.3248 -33.6029 78.1154
      vertex 62.4569 -33.8932 75.916
    endloop
  endfacet
  facet normal -0.393919 0 -0.919145
    outer loop
      vertex 57.3248 -35.4007 78.1154
      vertex 57.1974 -33.6329 78.17
      vertex 57.3248 -33.6029 78.1154
    endloop
  endfacet
  facet normal -0.393939 -1.72093e-06 -0.919136
    outer loop
      vertex 57.3248 -35.4007 78.1154
      vertex 55.0217 -33.9626 79.1025
      vertex 57.1974 -33.6329 78.17
    endloop
  endfacet
  facet normal -0.39393 1.70665e-05 -0.919141
    outer loop
      vertex 53.4609 -35.843 79.7714
      vertex 55.0217 -33.9626 79.1025
      vertex 57.3248 -35.4007 78.1154
    endloop
  endfacet
  facet normal -0.393912 0 -0.919148
    outer loop
      vertex 55.0217 -33.9626 79.1025
      vertex 53.4609 -35.843 79.7714
      vertex 53.4609 -34.1413 79.7714
    endloop
  endfacet
  facet normal 0.00552367 -0.998404 -0.0562032
    outer loop
      vertex 80.0687 -35.9002 67.3367
      vertex 80.9623 -36.0394 69.8973
      vertex 80.0687 -36.0164 69.4009
    endloop
  endfacet
  facet normal 0.00550528 -0.998405 -0.0561968
    outer loop
      vertex 80.9623 -36.0394 69.8973
      vertex 80.0687 -35.9002 67.3367
      vertex 82.6234 -35.8004 65.8139
    endloop
  endfacet
  facet normal 0.0584143 -0.997692 -0.034632
    outer loop
      vertex 82.6234 -35.8004 65.8139
      vertex 84.8029 -35.8886 72.031
      vertex 80.9623 -36.0394 69.8973
    endloop
  endfacet
  facet normal 0.0584274 -0.997691 -0.0346365
    outer loop
      vertex 84.8029 -35.8886 72.031
      vertex 82.6234 -35.8004 65.8139
      vertex 88.0931 -35.6944 71.9873
    endloop
  endfacet
  facet normal 0.0584274 -0.997691 -0.0346365
    outer loop
      vertex 88.0931 -35.6944 71.9873
      vertex 82.6234 -35.8004 65.8139
      vertex 88.0931 -35.3669 62.5538
    endloop
  endfacet
  facet normal 0.0655242 -0.994055 0.0869539
    outer loop
      vertex 88.9313 -35.6154 72.2588
      vertex 88.0931 -35.6944 71.9873
      vertex 89.2252 -35.612 72.0762
    endloop
  endfacet
  facet normal 0.0738034 -0.997151 -0.0156092
    outer loop
      vertex 92.8832 -35.1475 59.6987
      vertex 89.2252 -35.612 72.0762
      vertex 88.0931 -35.6944 71.9873
    endloop
  endfacet
  facet normal 0.0738366 -0.997148 -0.0155994
    outer loop
      vertex 89.2252 -35.612 72.0762
      vertex 92.8832 -35.1475 59.6987
      vertex 96.2993 -35.0194 67.6797
    endloop
  endfacet
  facet normal 0.0738346 -0.997149 -0.0155985
    outer loop
      vertex 96.2993 -35.0194 67.6797
      vertex 92.8832 -35.1475 59.6987
      vertex 96.2993 -34.8627 57.6625
    endloop
  endfacet
  facet normal 0.0655337 -0.994057 0.0869251
    outer loop
      vertex 88.0931 -35.6251 72.7798
      vertex 88.0931 -35.6944 71.9873
      vertex 88.9313 -35.6154 72.2588
    endloop
  endfacet
  facet normal 0.0250872 -0.999083 -0.0346849
    outer loop
      vertex 92.8832 -35.1475 59.6987
      vertex 88.0931 -35.6944 71.9873
      vertex 88.0931 -35.3669 62.5538
    endloop
  endfacet
  facet normal 0.0156411 -0.999876 -0.00162154
    outer loop
      vertex 102.677 -34.968 54.8011
      vertex 101.125 -35.0083 64.6806
      vertex 98.5786 -35.0507 66.2632
    endloop
  endfacet
  facet normal 0.015703 -0.999875 -0.00161182
    outer loop
      vertex 102.677 -34.968 54.8011
      vertex 104.663 -34.95 62.9834
      vertex 101.125 -35.0083 64.6806
    endloop
  endfacet
  facet normal 0.0156727 -0.999876 -0.00160446
    outer loop
      vertex 104.663 -34.95 62.9834
      vertex 102.677 -34.968 54.8011
      vertex 104.663 -34.9355 53.9472
    endloop
  endfacet
  facet normal 0.0042692 -0.999975 -0.00568667
    outer loop
      vertex 102.665 -34.9681 54.8062
      vertex 98.5786 -35.0507 66.2632
      vertex 98.5657 -35.0508 66.2711
    endloop
  endfacet
  facet normal 0.00621053 -0.999968 -0.00499421
    outer loop
      vertex 98.5786 -35.0507 66.2632
      vertex 102.665 -34.9681 54.8062
      vertex 102.677 -34.968 54.8011
    endloop
  endfacet
  facet normal -0.0235675 -0.9996 -0.0156368
    outer loop
      vertex 96.2993 -34.8627 57.6625
      vertex 98.5657 -35.0508 66.2711
      vertex 96.2993 -35.0194 67.6797
    endloop
  endfacet
  facet normal -0.0235584 -0.9996 -0.0156393
    outer loop
      vertex 96.875 -34.8709 57.3194
      vertex 98.5657 -35.0508 66.2711
      vertex 96.2993 -34.8627 57.6625
    endloop
  endfacet
  facet normal -0.0235244 -0.999601 -0.0156457
    outer loop
      vertex 97.5464 -34.8818 57.0063
      vertex 98.5657 -35.0508 66.2711
      vertex 96.875 -34.8709 57.3194
    endloop
  endfacet
  facet normal -0.0235758 -0.9996 -0.01564
    outer loop
      vertex 98.5657 -35.0508 66.2711
      vertex 97.5464 -34.8818 57.0063
      vertex 102.665 -34.9681 54.8062
    endloop
  endfacet
  facet normal -0.058424 0.997691 0.0346336
    outer loop
      vertex 88.0931 -34.0444 71.9873
      vertex 82.6234 -34.1504 65.8139
      vertex 80.0687 -34.518 72.0938
    endloop
  endfacet
  facet normal -0.0584274 0.997691 0.0346365
    outer loop
      vertex 82.6234 -34.1504 65.8139
      vertex 88.0931 -34.0444 71.9873
      vertex 88.0931 -33.7169 62.5538
    endloop
  endfacet
  facet normal -0.00550038 0.998404 0.056205
    outer loop
      vertex 82.6234 -34.1504 65.8139
      vertex 80.0687 -34.2502 67.3367
      vertex 80.0687 -34.518 72.0938
    endloop
  endfacet
  facet normal -0.0598142 0.994415 -0.0869564
    outer loop
      vertex 88.0931 -34.0444 71.9873
      vertex 86.9573 -33.9817 73.4856
      vertex 88.0931 -33.9751 72.7798
    endloop
  endfacet
  facet normal -0.0598445 0.994411 -0.0869792
    outer loop
      vertex 86.9573 -33.9817 73.4856
      vertex 88.0931 -34.0444 71.9873
      vertex 80.0687 -34.518 72.0938
    endloop
  endfacet
  facet normal -0.0738366 0.997148 0.0155994
    outer loop
      vertex 92.8832 -33.4975 59.6987
      vertex 89.2252 -33.962 72.0762
      vertex 96.2993 -33.3694 67.6797
    endloop
  endfacet
  facet normal -0.0738034 0.997151 0.0156092
    outer loop
      vertex 89.2252 -33.962 72.0762
      vertex 92.8832 -33.4975 59.6987
      vertex 88.0931 -34.0444 71.9873
    endloop
  endfacet
  facet normal -0.0738346 0.997149 0.0155985
    outer loop
      vertex 92.8832 -33.4975 59.6987
      vertex 96.2993 -33.3694 67.6797
      vertex 96.2993 -33.2127 57.6625
    endloop
  endfacet
  facet normal -0.0655266 0.994057 -0.0869252
    outer loop
      vertex 88.0931 -33.9751 72.7798
      vertex 89.2252 -33.962 72.0762
      vertex 88.0931 -34.0444 71.9873
    endloop
  endfacet
  facet normal -0.0250872 0.999083 0.0346849
    outer loop
      vertex 92.8832 -33.4975 59.6987
      vertex 88.0931 -33.7169 62.5538
      vertex 88.0931 -34.0444 71.9873
    endloop
  endfacet
  facet normal 0.0235675 0.9996 0.0156368
    outer loop
      vertex 98.5657 -33.4008 66.2711
      vertex 96.2993 -33.2127 57.6625
      vertex 96.2993 -33.3694 67.6797
    endloop
  endfacet
  facet normal 0.0235584 0.9996 0.0156393
    outer loop
      vertex 98.5657 -33.4008 66.2711
      vertex 96.875 -33.2209 57.3194
      vertex 96.2993 -33.2127 57.6625
    endloop
  endfacet
  facet normal 0.0235244 0.999601 0.0156457
    outer loop
      vertex 98.5657 -33.4008 66.2711
      vertex 97.5464 -33.2318 57.0063
      vertex 96.875 -33.2209 57.3194
    endloop
  endfacet
  facet normal 0.0235758 0.9996 0.01564
    outer loop
      vertex 97.5464 -33.2318 57.0063
      vertex 98.5657 -33.4008 66.2711
      vertex 102.665 -33.3181 54.8062
    endloop
  endfacet
  facet normal -0.0156411 0.999876 0.00162154
    outer loop
      vertex 101.125 -33.3583 64.6806
      vertex 102.677 -33.318 54.8011
      vertex 98.5786 -33.4007 66.2632
    endloop
  endfacet
  facet normal -0.015703 0.999875 0.00161182
    outer loop
      vertex 104.663 -33.3 62.9834
      vertex 102.677 -33.318 54.8011
      vertex 101.125 -33.3583 64.6806
    endloop
  endfacet
  facet normal -0.0156727 0.999876 0.00160446
    outer loop
      vertex 102.677 -33.318 54.8011
      vertex 104.663 -33.3 62.9834
      vertex 104.663 -33.2855 53.9472
    endloop
  endfacet
  facet normal -0.0042692 0.999975 0.00568667
    outer loop
      vertex 98.5786 -33.4007 66.2632
      vertex 102.665 -33.3181 54.8062
      vertex 98.5657 -33.4008 66.2711
    endloop
  endfacet
  facet normal -0.00621053 0.999968 0.00499421
    outer loop
      vertex 102.665 -33.3181 54.8062
      vertex 98.5786 -33.4007 66.2632
      vertex 102.677 -33.318 54.8011
    endloop
  endfacet
  facet normal 0.527863 0 0.84933
    outer loop
      vertex 98.5786 -33.4007 66.2632
      vertex 101.125 -35.0083 64.6806
      vertex 101.125 -33.3583 64.6806
    endloop
  endfacet
  facet normal 0.527863 0 0.84933
    outer loop
      vertex 98.5786 -33.4007 66.2632
      vertex 98.5786 -35.0507 66.2632
      vertex 101.125 -35.0083 64.6806
    endloop
  endfacet
  facet normal 0.522252 0 0.852791
    outer loop
      vertex 98.5657 -33.4008 66.2711
      vertex 98.5786 -35.0507 66.2632
      vertex 98.5786 -33.4007 66.2632
    endloop
  endfacet
  facet normal 0.522252 0 0.852791
    outer loop
      vertex 98.5657 -33.4008 66.2711
      vertex 98.5657 -35.0508 66.2711
      vertex 98.5786 -35.0507 66.2632
    endloop
  endfacet
  facet normal 0.527868 -0 0.849326
    outer loop
      vertex 96.2993 -35.0194 67.6797
      vertex 98.5657 -33.4008 66.2711
      vertex 96.2993 -33.3694 67.6797
    endloop
  endfacet
  facet normal 0.527868 0 0.849326
    outer loop
      vertex 98.5657 -33.4008 66.2711
      vertex 96.2993 -35.0194 67.6797
      vertex 98.5657 -35.0508 66.2711
    endloop
  endfacet
  facet normal 0.527855 0 0.849334
    outer loop
      vertex 89.2252 -33.962 72.0762
      vertex 96.2993 -35.0194 67.6797
      vertex 96.2993 -33.3694 67.6797
    endloop
  endfacet
  facet normal 0.527855 0 0.849334
    outer loop
      vertex 89.2252 -33.962 72.0762
      vertex 89.2252 -35.612 72.0762
      vertex 96.2993 -35.0194 67.6797
    endloop
  endfacet
  facet normal 0.527737 0 0.849408
    outer loop
      vertex 89.2252 -33.962 72.0762
      vertex 88.9313 -35.6154 72.2588
      vertex 89.2252 -35.612 72.0762
    endloop
  endfacet
  facet normal 0.52786 -3.02728e-05 0.849332
    outer loop
      vertex 88.0931 -33.9751 72.7798
      vertex 88.9313 -35.6154 72.2588
      vertex 89.2252 -33.962 72.0762
    endloop
  endfacet
  facet normal 0.527903 0 0.849305
    outer loop
      vertex 88.0931 -33.9751 72.7798
      vertex 88.0931 -35.6251 72.7798
      vertex 88.9313 -35.6154 72.2588
    endloop
  endfacet
  facet normal 0.527816 0 0.849359
    outer loop
      vertex 88.0931 -33.9751 72.7798
      vertex 86.9731 -34.3816 73.4758
      vertex 88.0931 -35.6251 72.7798
    endloop
  endfacet
  facet normal 0.527806 3.8887e-05 0.849365
    outer loop
      vertex 86.9573 -33.9817 73.4856
      vertex 86.9731 -34.3816 73.4758
      vertex 88.0931 -33.9751 72.7798
    endloop
  endfacet
  facet normal 0.527852 4.14011e-05 0.849337
    outer loop
      vertex 86.5552 -33.984 73.7355
      vertex 86.9731 -34.3816 73.4758
      vertex 86.9573 -33.9817 73.4856
    endloop
  endfacet
  facet normal 0.527859 5.251e-05 0.849332
    outer loop
      vertex 86.5552 -33.984 73.7355
      vertex 86.441 -34.3847 73.8065
      vertex 86.9731 -34.3816 73.4758
    endloop
  endfacet
  facet normal 0.527846 5.75745e-05 0.84934
    outer loop
      vertex 86.5552 -33.984 73.7355
      vertex 85.5235 -34.2893 74.3767
      vertex 86.441 -34.3847 73.8065
    endloop
  endfacet
  facet normal 0.527866 -3.43455e-05 0.849328
    outer loop
      vertex 83.8008 -33.6977 75.4474
      vertex 85.5235 -34.2893 74.3767
      vertex 86.5552 -33.984 73.7355
    endloop
  endfacet
  facet normal 0.527855 -7.8272e-05 0.849334
    outer loop
      vertex 83.8008 -33.6977 75.4474
      vertex 83.5758 -34.0868 75.5872
      vertex 85.5235 -34.2893 74.3767
    endloop
  endfacet
  facet normal 0.527837 -6.40635e-05 0.849345
    outer loop
      vertex 83.8008 -33.6977 75.4474
      vertex 82.3175 -33.9259 76.3692
      vertex 83.5758 -34.0868 75.5872
    endloop
  endfacet
  facet normal 0.527841 -9.69931e-05 0.849343
    outer loop
      vertex 80.6115 -33.2899 77.4295
      vertex 82.3175 -33.9259 76.3692
      vertex 83.8008 -33.6977 75.4474
    endloop
  endfacet
  facet normal 0.527862 -2.03091e-05 0.84933
    outer loop
      vertex 80.4766 -34.9965 77.5133
      vertex 82.3175 -33.9259 76.3692
      vertex 80.6115 -33.2899 77.4295
    endloop
  endfacet
  facet normal 0.52224 0.00265408 0.852794
    outer loop
      vertex 80.0587 -34.8876 77.773
      vertex 80.6115 -33.2899 77.4295
      vertex 80.603 -33.2882 77.4347
    endloop
  endfacet
  facet normal 0.527853 0 0.849336
    outer loop
      vertex 82.3175 -33.9259 76.3692
      vertex 80.4766 -34.9965 77.5133
      vertex 82.3175 -35.2319 76.3692
    endloop
  endfacet
  facet normal 0.529079 -0.000153758 0.848572
    outer loop
      vertex 80.6115 -33.2899 77.4295
      vertex 80.4681 -34.9948 77.5186
      vertex 80.4766 -34.9965 77.5133
    endloop
  endfacet
  facet normal 0.527879 -0 0.849319
    outer loop
      vertex 80.0587 -34.8876 77.773
      vertex 80.603 -33.2882 77.4347
      vertex 80.0587 -33.1456 77.773
    endloop
  endfacet
  facet normal 0.527796 -4.07208e-06 0.849371
    outer loop
      vertex 80.6115 -33.2899 77.4295
      vertex 80.0587 -34.8876 77.773
      vertex 80.4681 -34.9948 77.5186
    endloop
  endfacet
  facet normal 0.527857 -0 0.849333
    outer loop
      vertex 78.25 -34.475 78.8971
      vertex 80.0587 -33.1456 77.773
      vertex 78.25 -32.7331 78.8971
    endloop
  endfacet
  facet normal 0.527857 0 0.849333
    outer loop
      vertex 80.0587 -33.1456 77.773
      vertex 78.25 -34.475 78.8971
      vertex 80.0587 -34.8876 77.773
    endloop
  endfacet
  facet normal 0.527816 0 0.849359
    outer loop
      vertex 88.0931 -35.6251 72.7798
      vertex 86.9731 -34.3816 73.4758
      vertex 86.9731 -35.6316 73.4758
    endloop
  endfacet
  facet normal -0.511948 0 -0.859016
    outer loop
      vertex 96.2993 -34.8627 57.6625
      vertex 96.875 -33.2209 57.3194
      vertex 96.875 -34.8709 57.3194
    endloop
  endfacet
  facet normal -0.511948 0 -0.859016
    outer loop
      vertex 96.2993 -34.8627 57.6625
      vertex 96.2993 -33.2127 57.6625
      vertex 96.875 -33.2209 57.3194
    endloop
  endfacet
  facet normal -0.512005 -0 -0.858982
    outer loop
      vertex 92.8832 -33.4975 59.6987
      vertex 96.2993 -34.8627 57.6625
      vertex 92.8832 -35.1475 59.6987
    endloop
  endfacet
  facet normal -0.512005 0 -0.858982
    outer loop
      vertex 96.2993 -34.8627 57.6625
      vertex 92.8832 -33.4975 59.6987
      vertex 96.2993 -33.2127 57.6625
    endloop
  endfacet
  facet normal -0.511994 -0 -0.858989
    outer loop
      vertex 88.0931 -33.7169 62.5538
      vertex 92.8832 -35.1475 59.6987
      vertex 88.0931 -35.3669 62.5538
    endloop
  endfacet
  facet normal -0.511994 0 -0.858989
    outer loop
      vertex 92.8832 -35.1475 59.6987
      vertex 88.0931 -33.7169 62.5538
      vertex 92.8832 -33.4975 59.6987
    endloop
  endfacet
  facet normal -0.511985 -0 -0.858994
    outer loop
      vertex 82.6234 -34.1504 65.8139
      vertex 88.0931 -35.3669 62.5538
      vertex 82.6234 -35.8004 65.8139
    endloop
  endfacet
  facet normal -0.511985 0 -0.858994
    outer loop
      vertex 88.0931 -35.3669 62.5538
      vertex 82.6234 -34.1504 65.8139
      vertex 88.0931 -33.7169 62.5538
    endloop
  endfacet
  facet normal -0.512016 -0 -0.858976
    outer loop
      vertex 80.0687 -34.2502 67.3367
      vertex 82.6234 -35.8004 65.8139
      vertex 80.0687 -35.9002 67.3367
    endloop
  endfacet
  facet normal -0.512016 0 -0.858976
    outer loop
      vertex 82.6234 -35.8004 65.8139
      vertex 80.0687 -34.2502 67.3367
      vertex 82.6234 -34.1504 65.8139
    endloop
  endfacet
  facet normal -0.511992 -0 -0.85899
    outer loop
      vertex 78.2762 -34.7295 68.4051
      vertex 80.0687 -35.9002 67.3367
      vertex 78.2762 -35.9795 68.4051
    endloop
  endfacet
  facet normal -0.511992 0 -0.85899
    outer loop
      vertex 80.0687 -35.9002 67.3367
      vertex 78.2762 -34.7295 68.4051
      vertex 80.0687 -34.2502 67.3367
    endloop
  endfacet
  facet normal -0.511991 -0 -0.858991
    outer loop
      vertex 73.9102 -34.5226 71.0074
      vertex 78.2762 -34.7295 68.4051
      vertex 73.9102 -34.9225 71.0074
    endloop
  endfacet
  facet normal -0.511991 -4.06222e-06 -0.858991
    outer loop
      vertex 78.2762 -34.7295 68.4051
      vertex 73.9102 -34.5226 71.0074
      vertex 80.0687 -34.2502 67.3367
    endloop
  endfacet
  facet normal -0.422642 0 -0.906297
    outer loop
      vertex 96.875 -34.8709 57.3194
      vertex 97.5464 -33.2318 57.0063
      vertex 97.5464 -34.8818 57.0063
    endloop
  endfacet
  facet normal -0.422642 0 -0.906297
    outer loop
      vertex 97.5464 -33.2318 57.0063
      vertex 96.875 -34.8709 57.3194
      vertex 96.875 -33.2209 57.3194
    endloop
  endfacet
  facet normal -0.0423538 -0.999101 -0.00160321
    outer loop
      vertex 104.663 -34.9355 53.9472
      vertex 108.966 -35.1291 60.9193
      vertex 104.663 -34.95 62.9834
    endloop
  endfacet
  facet normal -0.0423478 -0.999102 -0.00160691
    outer loop
      vertex 108.966 -35.1291 60.9193
      vertex 104.663 -34.9355 53.9472
      vertex 106.162 -34.998 53.3028
    endloop
  endfacet
  facet normal -0.0379697 -0.999272 -0.00362401
    outer loop
      vertex 108.966 -35.1291 60.9193
      vertex 108.969 -35.1286 60.75
      vertex 109.057 -35.1324 60.8758
    endloop
  endfacet
  facet normal -0.0371928 -0.999302 -0.00361033
    outer loop
      vertex 108.966 -35.1291 60.9193
      vertex 108.711 -35.117 60.1971
      vertex 108.969 -35.1286 60.75
    endloop
  endfacet
  facet normal -0.0304143 -0.999519 -0.0060074
    outer loop
      vertex 106.162 -34.998 53.3028
      vertex 108.711 -35.117 60.1971
      vertex 108.966 -35.1291 60.9193
    endloop
  endfacet
  facet normal -0.0379104 -0.999276 -0.00323171
    outer loop
      vertex 106.162 -34.998 53.3028
      vertex 108.553 -35.1091 59.6078
      vertex 108.711 -35.117 60.1971
    endloop
  endfacet
  facet normal -0.0383396 -0.99926 -0.00306863
    outer loop
      vertex 106.162 -34.998 53.3028
      vertex 108.5 -35.1052 59
      vertex 108.553 -35.1091 59.6078
    endloop
  endfacet
  facet normal -0.0381185 -0.999268 -0.00315952
    outer loop
      vertex 106.162 -34.998 53.3028
      vertex 108.553 -35.1053 58.3922
      vertex 108.5 -35.1052 59
    endloop
  endfacet
  facet normal -0.0382014 -0.999265 -0.00312051
    outer loop
      vertex 106.162 -34.998 53.3028
      vertex 108.711 -35.1095 57.8029
      vertex 108.553 -35.1053 58.3922
    endloop
  endfacet
  facet normal -0.0381375 -0.999268 -0.00315681
    outer loop
      vertex 106.162 -34.998 53.3028
      vertex 108.969 -35.1176 57.25
      vertex 108.711 -35.1095 57.8029
    endloop
  endfacet
  facet normal -0.0381672 -0.999266 -0.00313562
    outer loop
      vertex 106.162 -34.998 53.3028
      vertex 109.319 -35.1294 56.7502
      vertex 108.969 -35.1176 57.25
    endloop
  endfacet
  facet normal -0.0381433 -0.999267 -0.00315754
    outer loop
      vertex 107.8 -35.0583 52.5988
      vertex 109.319 -35.1294 56.7502
      vertex 106.162 -34.998 53.3028
    endloop
  endfacet
  facet normal -0.0381399 -0.999267 -0.00315879
    outer loop
      vertex 109.319 -35.1294 56.7502
      vertex 107.8 -35.0583 52.5988
      vertex 113.164 -35.264 52.9049
    endloop
  endfacet
  facet normal -0.0381406 -0.999267 -0.00314693
    outer loop
      vertex 109.774 -35.128 50.8064
      vertex 113.164 -35.264 52.9049
      vertex 107.8 -35.0583 52.5988
    endloop
  endfacet
  facet normal -0.0381533 -0.999267 -0.00312628
    outer loop
      vertex 110.376 -35.1503 50.5874
      vertex 113.164 -35.264 52.9049
      vertex 109.774 -35.128 50.8064
    endloop
  endfacet
  facet normal -0.038112 -0.999268 -0.00317608
    outer loop
      vertex 113.164 -35.264 52.9049
      vertex 110.376 -35.1503 50.5874
      vertex 113.164 -35.2579 50.9857
    endloop
  endfacet
  facet normal -0.0947126 -0.9955 -0.0031641
    outer loop
      vertex 113.164 -35.2579 50.9857
      vertex 113.5 -35.2949 52.5691
      vertex 113.164 -35.264 52.9049
    endloop
  endfacet
  facet normal -0.0946534 -0.995505 -0.0031768
    outer loop
      vertex 113.5 -35.2949 52.5691
      vertex 113.164 -35.2579 50.9857
      vertex 113.5 -35.29 51.0336
    endloop
  endfacet
  facet normal 0.038103 0.999269 0.00318036
    outer loop
      vertex 107.8 -33.4083 52.5988
      vertex 112 -33.5903 59.4641
      vertex 112.571 -33.6108 59.0642
    endloop
  endfacet
  facet normal 0.0381852 0.999266 0.00311966
    outer loop
      vertex 107.8 -33.4083 52.5988
      vertex 112.571 -33.6108 59.0642
      vertex 113.064 -33.6281 58.5712
    endloop
  endfacet
  facet normal 0.0377939 0.99928 0.003465
    outer loop
      vertex 107.8 -33.4083 52.5988
      vertex 113.064 -33.6281 58.5712
      vertex 113.164 -33.6315 58.461
    endloop
  endfacet
  facet normal 0.0381392 0.999267 0.0031582
    outer loop
      vertex 112 -33.5903 59.4641
      vertex 107.8 -33.4083 52.5988
      vertex 108.966 -33.4791 60.9193
    endloop
  endfacet
  facet normal 0.0381433 0.999267 0.00315762
    outer loop
      vertex 108.966 -33.4791 60.9193
      vertex 107.8 -33.4083 52.5988
      vertex 106.162 -33.348 53.3028
    endloop
  endfacet
  facet normal 0.0381411 0.999267 0.00314692
    outer loop
      vertex 107.8 -33.4083 52.5988
      vertex 113.164 -33.6315 58.461
      vertex 113.164 -33.5977 47.7282
    endloop
  endfacet
  facet normal 0.0423538 0.999101 0.00160321
    outer loop
      vertex 108.966 -33.4791 60.9193
      vertex 104.663 -33.2855 53.9472
      vertex 104.663 -33.3 62.9834
    endloop
  endfacet
  facet normal 0.0423478 0.999102 0.00160691
    outer loop
      vertex 104.663 -33.2855 53.9472
      vertex 108.966 -33.4791 60.9193
      vertex 106.162 -33.348 53.3028
    endloop
  endfacet
  facet normal 0.0946103 0.995509 0.00313508
    outer loop
      vertex 116.165 -33.9063 55.1566
      vertex 113.164 -33.5977 47.7282
      vertex 113.164 -33.6315 58.461
    endloop
  endfacet
  facet normal 0.0942462 0.995544 0.00328359
    outer loop
      vertex 113.164 -33.5977 47.7282
      vertex 116.165 -33.9063 55.1566
      vertex 113.224 -33.6032 47.6736
    endloop
  endfacet
  facet normal 0.432497 0 0.901635
    outer loop
      vertex 112 -33.5903 59.4641
      vertex 109.057 -33.8824 60.8758
      vertex 112 -33.9903 59.4641
    endloop
  endfacet
  facet normal 0.43247 0.000330049 0.901648
    outer loop
      vertex 108.966 -33.4791 60.9193
      vertex 109.057 -33.8824 60.8758
      vertex 112 -33.5903 59.4641
    endloop
  endfacet
  facet normal 0.432415 0.000314796 0.901674
    outer loop
      vertex 104.663 -34.95 62.9834
      vertex 109.057 -33.8824 60.8758
      vertex 108.966 -33.4791 60.9193
    endloop
  endfacet
  facet normal 0.43128 0 0.902218
    outer loop
      vertex 109.057 -33.8824 60.8758
      vertex 108.966 -35.1291 60.9193
      vertex 109.057 -35.1324 60.8758
    endloop
  endfacet
  facet normal 0.432503 -0 0.901633
    outer loop
      vertex 104.663 -34.95 62.9834
      vertex 108.966 -33.4791 60.9193
      vertex 104.663 -33.3 62.9834
    endloop
  endfacet
  facet normal 0.432499 -0.000109352 0.901634
    outer loop
      vertex 109.057 -33.8824 60.8758
      vertex 104.663 -34.95 62.9834
      vertex 108.966 -35.1291 60.9193
    endloop
  endfacet
  facet normal 0.432516 0 0.901626
    outer loop
      vertex 101.125 -33.3583 64.6806
      vertex 104.663 -34.95 62.9834
      vertex 104.663 -33.3 62.9834
    endloop
  endfacet
  facet normal 0.432516 0 0.901626
    outer loop
      vertex 104.663 -34.95 62.9834
      vertex 101.125 -33.3583 64.6806
      vertex 101.125 -35.0083 64.6806
    endloop
  endfacet
  facet normal 0.707107 -0 0.707107
    outer loop
      vertex 112.571 -34.0108 59.0642
      vertex 113.064 -33.6281 58.5712
      vertex 112.571 -33.6108 59.0642
    endloop
  endfacet
  facet normal 0.707107 0 0.707107
    outer loop
      vertex 113.064 -33.6281 58.5712
      vertex 112.571 -34.0108 59.0642
      vertex 113.064 -34.0281 58.5712
    endloop
  endfacet
  facet normal 0.573655 -0 0.819097
    outer loop
      vertex 112 -33.9903 59.4641
      vertex 112.571 -33.6108 59.0642
      vertex 112 -33.5903 59.4641
    endloop
  endfacet
  facet normal 0.573655 0 0.819097
    outer loop
      vertex 112.571 -33.6108 59.0642
      vertex 112 -33.9903 59.4641
      vertex 112.571 -34.0108 59.0642
    endloop
  endfacet
  facet normal -0.394867 0 -0.918738
    outer loop
      vertex 106.162 -34.998 53.3028
      vertex 107.8 -33.4083 52.5988
      vertex 107.8 -35.0583 52.5988
    endloop
  endfacet
  facet normal -0.394867 0 -0.918738
    outer loop
      vertex 106.162 -34.998 53.3028
      vertex 106.162 -33.348 53.3028
      vertex 107.8 -33.4083 52.5988
    endloop
  endfacet
  facet normal -0.39494 0 -0.918707
    outer loop
      vertex 104.663 -34.9355 53.9472
      vertex 106.162 -33.348 53.3028
      vertex 106.162 -34.998 53.3028
    endloop
  endfacet
  facet normal -0.39494 0 -0.918707
    outer loop
      vertex 104.663 -34.9355 53.9472
      vertex 104.663 -33.2855 53.9472
      vertex 106.162 -33.348 53.3028
    endloop
  endfacet
  facet normal -0.394997 -0 -0.918683
    outer loop
      vertex 102.677 -33.318 54.8011
      vertex 104.663 -34.9355 53.9472
      vertex 102.677 -34.968 54.8011
    endloop
  endfacet
  facet normal -0.394997 0 -0.918683
    outer loop
      vertex 104.663 -34.9355 53.9472
      vertex 102.677 -33.318 54.8011
      vertex 104.663 -33.2855 53.9472
    endloop
  endfacet
  facet normal -0.391141 0 -0.920331
    outer loop
      vertex 102.665 -34.9681 54.8062
      vertex 102.677 -33.318 54.8011
      vertex 102.677 -34.968 54.8011
    endloop
  endfacet
  facet normal -0.391141 0 -0.920331
    outer loop
      vertex 102.665 -34.9681 54.8062
      vertex 102.665 -33.3181 54.8062
      vertex 102.677 -33.318 54.8011
    endloop
  endfacet
  facet normal -0.394892 0 -0.918728
    outer loop
      vertex 97.5464 -34.8818 57.0063
      vertex 102.665 -33.3181 54.8062
      vertex 102.665 -34.9681 54.8062
    endloop
  endfacet
  facet normal -0.394892 0 -0.918728
    outer loop
      vertex 102.665 -33.3181 54.8062
      vertex 97.5464 -34.8818 57.0063
      vertex 97.5464 -33.2318 57.0063
    endloop
  endfacet
  facet normal -0.0611823 -0.997992 -0.0163839
    outer loop
      vertex 120.5 -35.7044 48
      vertex 121.777 -35.7987 48.9754
      vertex 120.5 -35.7435 50.3817
    endloop
  endfacet
  facet normal -0.061219 -0.997991 -0.0163358
    outer loop
      vertex 120.447 -35.6912 47.3922
      vertex 121.777 -35.7987 48.9754
      vertex 120.5 -35.7044 48
    endloop
  endfacet
  facet normal -0.061189 -0.997991 -0.0164486
    outer loop
      vertex 121.777 -35.7441 45.6542
      vertex 120.447 -35.6912 47.3922
      vertex 120.289 -35.6718 46.8029
    endloop
  endfacet
  facet normal -0.0611571 -0.997993 -0.0164071
    outer loop
      vertex 121.777 -35.7441 45.6542
      vertex 120.289 -35.6718 46.8029
      vertex 120.031 -35.6469 46.25
    endloop
  endfacet
  facet normal -0.0611346 -0.997995 -0.0164069
    outer loop
      vertex 120.447 -35.6912 47.3922
      vertex 121.777 -35.7441 45.6542
      vertex 121.777 -35.7987 48.9754
    endloop
  endfacet
  facet normal -0.0611651 -0.997992 -0.0164305
    outer loop
      vertex 121.777 -35.7441 45.6542
      vertex 120.031 -35.6469 46.25
      vertex 119.899 -35.6357 46.0611
    endloop
  endfacet
  facet normal -0.111123 -0.959935 -0.257249
    outer loop
      vertex 118.709 -34.9278 42.6935
      vertex 121.777 -35.5831 43.8135
      vertex 117.43 -35.0909 43.8546
    endloop
  endfacet
  facet normal -0.111139 -0.959943 -0.257211
    outer loop
      vertex 121.777 -35.5831 43.8135
      vertex 118.709 -34.9278 42.6935
      vertex 121.777 -35.1049 42.0288
    endloop
  endfacet
  facet normal -0.111128 -0.959976 -0.257094
    outer loop
      vertex 117.43 -35.0909 43.8546
      vertex 117.608 -35.2986 44.5532
      vertex 116.79 -35.1726 44.4363
    endloop
  endfacet
  facet normal -0.110933 -0.959984 -0.257147
    outer loop
      vertex 117.43 -35.0909 43.8546
      vertex 117.946 -35.3619 44.6437
      vertex 117.608 -35.2986 44.5532
    endloop
  endfacet
  facet normal -0.111128 -0.959995 -0.257023
    outer loop
      vertex 117.946 -35.3619 44.6437
      vertex 117.43 -35.0909 43.8546
      vertex 121.777 -35.5831 43.8135
    endloop
  endfacet
  facet normal -0.0761541 -0.993306 -0.0868592
    outer loop
      vertex 119.681 -35.5918 45.7502
      vertex 121.777 -35.7441 45.6542
      vertex 119.899 -35.6357 46.0611
    endloop
  endfacet
  facet normal -0.0761798 -0.993299 -0.0869079
    outer loop
      vertex 121.777 -35.5831 43.8135
      vertex 119.681 -35.5918 45.7502
      vertex 119.25 -35.521 45.3188
    endloop
  endfacet
  facet normal -0.0760551 -0.993327 -0.0866975
    outer loop
      vertex 121.777 -35.5831 43.8135
      vertex 119.25 -35.521 45.3188
      vertex 118.88 -35.4701 45.0602
    endloop
  endfacet
  facet normal -0.0761549 -0.993304 -0.086881
    outer loop
      vertex 119.681 -35.5918 45.7502
      vertex 121.777 -35.5831 43.8135
      vertex 121.777 -35.7441 45.6542
    endloop
  endfacet
  facet normal -0.0762761 -0.993265 -0.0872166
    outer loop
      vertex 118.75 -35.4521 44.9689
      vertex 121.777 -35.5831 43.8135
      vertex 118.88 -35.4701 45.0602
    endloop
  endfacet
  facet normal -0.0761943 -0.99329 -0.0869994
    outer loop
      vertex 118.197 -35.3871 44.7111
      vertex 121.777 -35.5831 43.8135
      vertex 118.75 -35.4521 44.9689
    endloop
  endfacet
  facet normal -0.0762732 -0.993256 -0.0873216
    outer loop
      vertex 121.777 -35.5831 43.8135
      vertex 118.197 -35.3871 44.7111
      vertex 117.946 -35.3619 44.6437
    endloop
  endfacet
  facet normal -0.142411 -0.897174 -0.418089
    outer loop
      vertex 121.777 -35.1049 42.0288
      vertex 118.911 -34.8744 42.5104
      vertex 119.375 -34.7966 42.1854
    endloop
  endfacet
  facet normal -0.142498 -0.896844 -0.418766
    outer loop
      vertex 118.911 -34.8744 42.5104
      vertex 121.777 -35.1049 42.0288
      vertex 118.709 -34.9278 42.6935
    endloop
  endfacet
  facet normal -0.142412 -0.89706 -0.418332
    outer loop
      vertex 119.888 -34.7664 41.946
      vertex 121.777 -35.1049 42.0288
      vertex 119.375 -34.7966 42.1854
    endloop
  endfacet
  facet normal -0.142341 -0.896803 -0.418908
    outer loop
      vertex 120.436 -34.7849 41.7994
      vertex 121.777 -35.1049 42.0288
      vertex 119.888 -34.7664 41.946
    endloop
  endfacet
  facet normal -0.142497 -0.897046 -0.418334
    outer loop
      vertex 121.777 -35.1049 42.0288
      vertex 120.436 -34.7849 41.7994
      vertex 121.777 -34.843 41.4672
    endloop
  endfacet
  facet normal -0.160944 -0.894469 -0.41716
    outer loop
      vertex 125.647 -35.0923 40.5087
      vertex 130.472 -35.8575 40.2879
      vertex 121.777 -35.1049 42.0288
    endloop
  endfacet
  facet normal -0.160946 -0.894501 -0.417091
    outer loop
      vertex 130.472 -35.8575 40.2879
      vertex 125.647 -35.0923 40.5087
      vertex 130.472 -35.4032 39.3136
    endloop
  endfacet
  facet normal -0.160936 -0.894481 -0.417138
    outer loop
      vertex 125.647 -35.0923 40.5087
      vertex 121.777 -35.1049 42.0288
      vertex 121.777 -34.843 41.4672
    endloop
  endfacet
  facet normal -0.0915845 -0.995448 -0.0263613
    outer loop
      vertex 121.777 -35.7441 45.6542
      vertex 122.927 -35.9043 47.7083
      vertex 122.715 -35.891 47.9426
    endloop
  endfacet
  facet normal -0.0914669 -0.995457 -0.0264278
    outer loop
      vertex 121.777 -35.7441 45.6542
      vertex 130.472 -36.5127 44.5116
      vertex 122.927 -35.9043 47.7083
    endloop
  endfacet
  facet normal -0.0914704 -0.995456 -0.0264545
    outer loop
      vertex 130.472 -36.5127 44.5116
      vertex 121.777 -35.7441 45.6542
      vertex 130.472 -36.4968 43.9133
    endloop
  endfacet
  facet normal -0.134212 -0.957188 -0.256473
    outer loop
      vertex 121.777 -35.1049 42.0288
      vertex 130.472 -36.3358 42.0726
      vertex 121.777 -35.5831 43.8135
    endloop
  endfacet
  facet normal -0.134209 -0.957175 -0.256523
    outer loop
      vertex 130.472 -36.3358 42.0726
      vertex 121.777 -35.1049 42.0288
      vertex 130.472 -35.8575 40.2879
    endloop
  endfacet
  facet normal -0.103131 -0.990885 -0.0866694
    outer loop
      vertex 130.472 -36.4968 43.9133
      vertex 121.777 -35.5831 43.8135
      vertex 130.472 -36.3358 42.0726
    endloop
  endfacet
  facet normal -0.103131 -0.990885 -0.0866694
    outer loop
      vertex 130.472 -36.4968 43.9133
      vertex 121.777 -35.7441 45.6542
      vertex 121.777 -35.5831 43.8135
    endloop
  endfacet
  facet normal -0.115704 -0.99315 -0.0163272
    outer loop
      vertex 122.715 -35.891 47.9426
      vertex 121.777 -35.7987 48.9754
      vertex 121.777 -35.7441 45.6542
    endloop
  endfacet
  facet normal 0.111135 0.959956 0.257163
    outer loop
      vertex 121.777 -33.5544 42.5931
      vertex 117.893 -33.3302 43.4347
      vertex 116.577 -33.498 44.6298
    endloop
  endfacet
  facet normal 0.142426 0.897061 0.418325
    outer loop
      vertex 121.777 -33.5544 42.5931
      vertex 118.911 -33.0608 42.5104
      vertex 117.893 -33.3302 43.4347
    endloop
  endfacet
  facet normal 0.142423 0.897049 0.418353
    outer loop
      vertex 121.777 -33.5544 42.5931
      vertex 119.375 -32.9829 42.1854
      vertex 118.911 -33.0608 42.5104
    endloop
  endfacet
  facet normal 0.142485 0.897145 0.418124
    outer loop
      vertex 121.777 -33.5544 42.5931
      vertex 119.888 -32.9528 41.946
      vertex 119.375 -32.9829 42.1854
    endloop
  endfacet
  facet normal 0.142263 0.896959 0.418599
    outer loop
      vertex 121.777 -33.5544 42.5931
      vertex 120.436 -32.9713 41.7994
      vertex 119.888 -32.9528 41.946
    endloop
  endfacet
  facet normal 0.142438 0.897041 0.418364
    outer loop
      vertex 120.436 -32.9713 41.7994
      vertex 121.777 -33.5544 42.5931
      vertex 121.777 -33.0293 41.4672
    endloop
  endfacet
  facet normal 0.0611549 0.997994 0.0163864
    outer loop
      vertex 113.465 -33.6144 47.4553
      vertex 116.165 -33.9063 55.1566
      vertex 121.777 -34.1487 48.9754
    endloop
  endfacet
  facet normal 0.0612062 0.997991 0.0163683
    outer loop
      vertex 116.165 -33.9063 55.1566
      vertex 113.465 -33.6144 47.4553
      vertex 113.224 -33.6032 47.6736
    endloop
  endfacet
  facet normal 0.0611511 0.997994 0.0164069
    outer loop
      vertex 113.465 -33.6144 47.4553
      vertex 121.777 -34.1487 48.9754
      vertex 121.777 -34.0941 45.6542
    endloop
  endfacet
  facet normal 0.0761508 0.993304 0.0868787
    outer loop
      vertex 121.777 -34.0941 45.6542
      vertex 115.713 -33.6082 45.414
      vertex 113.465 -33.6144 47.4553
    endloop
  endfacet
  facet normal 0.0761487 0.9933 0.0869242
    outer loop
      vertex 115.713 -33.6082 45.414
      vertex 121.777 -34.0941 45.6542
      vertex 121.777 -33.9581 44.1001
    endloop
  endfacet
  facet normal 0.111148 0.959905 0.25735
    outer loop
      vertex 121.777 -33.9581 44.1001
      vertex 116.577 -33.498 44.6298
      vertex 115.713 -33.6082 45.414
    endloop
  endfacet
  facet normal 0.111133 0.959958 0.257157
    outer loop
      vertex 116.577 -33.498 44.6298
      vertex 121.777 -33.9581 44.1001
      vertex 121.777 -33.5544 42.5931
    endloop
  endfacet
  facet normal 0.0915845 0.995448 0.0263613
    outer loop
      vertex 122.927 -34.2543 47.7083
      vertex 121.777 -34.0941 45.6542
      vertex 122.715 -34.241 47.9426
    endloop
  endfacet
  facet normal 0.0914669 0.995457 0.0264278
    outer loop
      vertex 130.472 -34.8627 44.5116
      vertex 121.777 -34.0941 45.6542
      vertex 122.927 -34.2543 47.7083
    endloop
  endfacet
  facet normal 0.0914704 0.995456 0.0264545
    outer loop
      vertex 121.777 -34.0941 45.6542
      vertex 130.472 -34.8627 44.5116
      vertex 130.472 -34.8468 43.9133
    endloop
  endfacet
  facet normal 0.161005 0.894458 0.41716
    outer loop
      vertex 121.777 -33.5544 42.5931
      vertex 123.148 -33.1177 41.1276
      vertex 121.777 -33.0293 41.4672
    endloop
  endfacet
  facet normal 0.160947 0.894489 0.417115
    outer loop
      vertex 123.148 -33.1177 41.1276
      vertex 121.777 -33.5544 42.5931
      vertex 130.472 -34.3071 40.8522
    endloop
  endfacet
  facet normal 0.115704 0.99315 0.0163272
    outer loop
      vertex 122.715 -34.241 47.9426
      vertex 121.777 -34.0941 45.6542
      vertex 121.777 -34.1487 48.9754
    endloop
  endfacet
  facet normal 0.103139 0.99088 0.0867124
    outer loop
      vertex 130.472 -34.8468 43.9133
      vertex 121.777 -33.9581 44.1001
      vertex 121.777 -34.0941 45.6542
    endloop
  endfacet
  facet normal 0.103139 0.990881 0.0867068
    outer loop
      vertex 121.777 -33.9581 44.1001
      vertex 130.472 -34.8468 43.9133
      vertex 130.472 -34.7108 42.3591
    endloop
  endfacet
  facet normal 0.134205 0.957203 0.256419
    outer loop
      vertex 130.472 -34.7108 42.3591
      vertex 121.777 -33.5544 42.5931
      vertex 121.777 -33.9581 44.1001
    endloop
  endfacet
  facet normal 0.134205 0.957199 0.256435
    outer loop
      vertex 121.777 -33.5544 42.5931
      vertex 130.472 -34.7108 42.3591
      vertex 130.472 -34.3071 40.8522
    endloop
  endfacet
  facet normal -0.422885 -0 -0.906183
    outer loop
      vertex 119.375 -32.9829 42.1854
      vertex 119.888 -34.7664 41.946
      vertex 119.375 -34.7966 42.1854
    endloop
  endfacet
  facet normal -0.422885 0 -0.906183
    outer loop
      vertex 119.888 -34.7664 41.946
      vertex 119.375 -32.9829 42.1854
      vertex 119.888 -32.9528 41.946
    endloop
  endfacet
  facet normal 0.740548 -0 0.672004
    outer loop
      vertex 113.064 -34.0281 58.5712
      vertex 113.164 -33.6315 58.461
      vertex 113.064 -33.6281 58.5712
    endloop
  endfacet
  facet normal 0.740548 0 0.672004
    outer loop
      vertex 113.164 -33.6315 58.461
      vertex 113.064 -34.0281 58.5712
      vertex 113.164 -34.0315 58.461
    endloop
  endfacet
  facet normal 0.740275 0 0.672305
    outer loop
      vertex 113.164 -33.6315 58.461
      vertex 113.164 -34.0315 58.461
      vertex 116.165 -33.9063 55.1566
    endloop
  endfacet
  facet normal 0.740275 -0 0.672305
    outer loop
      vertex 116.165 -34.3063 55.1566
      vertex 116.165 -33.9063 55.1566
      vertex 113.164 -34.0315 58.461
    endloop
  endfacet
  facet normal 0.740389 0 0.672179
    outer loop
      vertex 120.5 -34.4935 50.3817
      vertex 116.165 -33.9063 55.1566
      vertex 116.165 -34.3063 55.1566
    endloop
  endfacet
  facet normal 0.740366 -0.000370398 0.672204
    outer loop
      vertex 116.165 -33.9063 55.1566
      vertex 120.5 -34.4935 50.3817
      vertex 121.777 -34.1487 48.9754
    endloop
  endfacet
  facet normal 0.740321 -0 0.672253
    outer loop
      vertex 121.777 -35.7987 48.9754
      vertex 121.777 -34.1487 48.9754
      vertex 120.5 -34.4935 50.3817
    endloop
  endfacet
  facet normal 0.740264 0 0.672316
    outer loop
      vertex 121.777 -34.1487 48.9754
      vertex 121.777 -35.7987 48.9754
      vertex 122.715 -34.241 47.9426
    endloop
  endfacet
  facet normal 0.740321 0 0.672253
    outer loop
      vertex 121.777 -35.7987 48.9754
      vertex 120.5 -34.4935 50.3817
      vertex 120.5 -35.7435 50.3817
    endloop
  endfacet
  facet normal 0.740264 -0 0.672316
    outer loop
      vertex 122.715 -35.891 47.9426
      vertex 122.715 -34.241 47.9426
      vertex 121.777 -35.7987 48.9754
    endloop
  endfacet
  facet normal 0.741513 0 0.670938
    outer loop
      vertex 122.715 -34.241 47.9426
      vertex 122.715 -35.891 47.9426
      vertex 122.927 -34.2543 47.7083
    endloop
  endfacet
  facet normal 0.741513 0 0.670938
    outer loop
      vertex 122.927 -34.2543 47.7083
      vertex 122.715 -35.891 47.9426
      vertex 122.927 -35.9043 47.7083
    endloop
  endfacet
  facet normal -0.258431 0 -0.96603
    outer loop
      vertex 119.888 -34.7664 41.946
      vertex 120.436 -32.9713 41.7994
      vertex 120.436 -34.7849 41.7994
    endloop
  endfacet
  facet normal -0.258431 0 -0.96603
    outer loop
      vertex 120.436 -32.9713 41.7994
      vertex 119.888 -34.7664 41.946
      vertex 119.888 -32.9528 41.946
    endloop
  endfacet
  facet normal -0.573699 -0 -0.819066
    outer loop
      vertex 118.911 -33.0608 42.5104
      vertex 119.375 -34.7966 42.1854
      vertex 118.911 -34.8744 42.5104
    endloop
  endfacet
  facet normal -0.573699 0 -0.819066
    outer loop
      vertex 119.375 -34.7966 42.1854
      vertex 118.911 -33.0608 42.5104
      vertex 119.375 -32.9829 42.1854
    endloop
  endfacet
  facet normal -0.672232 0 -0.74034
    outer loop
      vertex 109.774 -35.128 50.8064
      vertex 107.8 -35.0583 52.5988
      vertex 109.774 -33.878 50.8064
    endloop
  endfacet
  facet normal -0.671687 0.00063265 -0.740835
    outer loop
      vertex 117.893 -33.3302 43.4347
      vertex 118.911 -34.8744 42.5104
      vertex 118.709 -34.9278 42.6935
    endloop
  endfacet
  facet normal -0.672213 0 -0.740358
    outer loop
      vertex 118.911 -34.8744 42.5104
      vertex 117.893 -33.3302 43.4347
      vertex 118.911 -33.0608 42.5104
    endloop
  endfacet
  facet normal -0.67217 0.00018275 -0.740397
    outer loop
      vertex 117.43 -35.0909 43.8546
      vertex 117.893 -33.3302 43.4347
      vertex 118.709 -34.9278 42.6935
    endloop
  endfacet
  facet normal -0.672598 -0 -0.740008
    outer loop
      vertex 116.79 -33.8834 44.4363
      vertex 117.43 -35.0909 43.8546
      vertex 116.79 -35.1726 44.4363
    endloop
  endfacet
  facet normal -0.67233 0.000259539 -0.740252
    outer loop
      vertex 117.43 -35.0909 43.8546
      vertex 116.79 -33.8834 44.4363
      vertex 117.893 -33.3302 43.4347
    endloop
  endfacet
  facet normal -0.672369 4.49133e-05 -0.740216
    outer loop
      vertex 116.577 -33.498 44.6298
      vertex 116.79 -33.8834 44.4363
      vertex 116.766 -33.8864 44.4581
    endloop
  endfacet
  facet normal -0.672292 0.000122307 -0.740286
    outer loop
      vertex 116.79 -33.8834 44.4363
      vertex 116.577 -33.498 44.6298
      vertex 117.893 -33.3302 43.4347
    endloop
  endfacet
  facet normal -0.671991 0.000380162 -0.740559
    outer loop
      vertex 115.813 -34.0079 45.3228
      vertex 116.577 -33.498 44.6298
      vertex 116.766 -33.8864 44.4581
    endloop
  endfacet
  facet normal -0.672138 0.000782892 -0.740425
    outer loop
      vertex 115.813 -34.0079 45.3228
      vertex 115.713 -33.6082 45.414
      vertex 116.577 -33.498 44.6298
    endloop
  endfacet
  facet normal -0.672635 0.000556009 -0.739975
    outer loop
      vertex 115.246 -34.0094 45.8382
      vertex 115.713 -33.6082 45.414
      vertex 115.813 -34.0079 45.3228
    endloop
  endfacet
  facet normal -0.67222 -0 -0.740352
    outer loop
      vertex 113.465 -33.6144 47.4553
      vertex 115.246 -34.0094 45.8382
      vertex 113.465 -34.0144 47.4553
    endloop
  endfacet
  facet normal -0.672251 -0.000258989 -0.740323
    outer loop
      vertex 115.246 -34.0094 45.8382
      vertex 113.465 -33.6144 47.4553
      vertex 115.713 -33.6082 45.414
    endloop
  endfacet
  facet normal -0.67134 0 -0.74115
    outer loop
      vertex 113.224 -34.0032 47.6736
      vertex 113.465 -33.6144 47.4553
      vertex 113.465 -34.0144 47.4553
    endloop
  endfacet
  facet normal -0.67134 0 -0.74115
    outer loop
      vertex 113.224 -34.0032 47.6736
      vertex 113.224 -33.6032 47.6736
      vertex 113.465 -33.6144 47.4553
    endloop
  endfacet
  facet normal -0.673041 0 -0.739605
    outer loop
      vertex 113.164 -33.9977 47.7282
      vertex 113.224 -33.6032 47.6736
      vertex 113.224 -34.0032 47.6736
    endloop
  endfacet
  facet normal -0.673041 0 -0.739605
    outer loop
      vertex 113.164 -33.9977 47.7282
      vertex 113.164 -33.5977 47.7282
      vertex 113.224 -33.6032 47.6736
    endloop
  endfacet
  facet normal -0.67224 0 -0.740333
    outer loop
      vertex 109.774 -33.878 50.8064
      vertex 113.164 -33.5977 47.7282
      vertex 113.164 -33.9977 47.7282
    endloop
  endfacet
  facet normal -0.672238 -4.51324e-05 -0.740335
    outer loop
      vertex 109.774 -33.878 50.8064
      vertex 107.8 -33.4083 52.5988
      vertex 113.164 -33.5977 47.7282
    endloop
  endfacet
  facet normal -0.672232 -0 -0.74034
    outer loop
      vertex 107.8 -33.4083 52.5988
      vertex 109.774 -33.878 50.8064
      vertex 107.8 -35.0583 52.5988
    endloop
  endfacet
  facet normal -0.166473 -0.952425 -0.255291
    outer loop
      vertex 135.121 -36.6609 40.2539
      vertex 135.234 -36.9291 41.1808
      vertex 130.472 -36.3358 42.0726
    endloop
  endfacet
  facet normal -0.167061 -0.952347 -0.255196
    outer loop
      vertex 135.216 -36.7728 40.6093
      vertex 135.234 -36.9291 41.1808
      vertex 135.121 -36.6609 40.2539
    endloop
  endfacet
  facet normal -0.164559 -0.952733 -0.255381
    outer loop
      vertex 135.234 -36.9291 41.1808
      vertex 135.216 -36.7728 40.6093
      vertex 135.25 -36.8834 41
    endloop
  endfacet
  facet normal -0.166459 -0.952437 -0.255253
    outer loop
      vertex 130.472 -35.8575 40.2879
      vertex 135.121 -36.6609 40.2539
      vertex 130.472 -36.3358 42.0726
    endloop
  endfacet
  facet normal -0.166467 -0.952496 -0.255029
    outer loop
      vertex 134.671 -36.3808 39.5015
      vertex 135.121 -36.6609 40.2539
      vertex 130.472 -35.8575 40.2879
    endloop
  endfacet
  facet normal -0.164903 -0.952515 -0.255972
    outer loop
      vertex 134.949 -36.5293 39.875
      vertex 135.121 -36.6609 40.2539
      vertex 134.671 -36.3808 39.5015
    endloop
  endfacet
  facet normal -0.190928 -0.950898 -0.243596
    outer loop
      vertex 135.121 -36.6609 40.2539
      vertex 134.949 -36.5293 39.875
      vertex 135.114 -36.6535 40.2305
    endloop
  endfacet
  facet normal -0.157907 -0.95231 -0.261097
    outer loop
      vertex 134.949 -36.5293 39.875
      vertex 134.671 -36.3808 39.5015
      vertex 134.724 -36.4039 39.5537
    endloop
  endfacet
  facet normal -0.18865 -0.890043 -0.415012
    outer loop
      vertex 132.609 -35.6093 38.7842
      vertex 130.472 -35.8575 40.2879
      vertex 130.472 -35.4032 39.3136
    endloop
  endfacet
  facet normal -0.188645 -0.890046 -0.415006
    outer loop
      vertex 130.472 -35.8575 40.2879
      vertex 132.609 -35.6093 38.7842
      vertex 134.671 -36.3808 39.5015
    endloop
  endfacet
  facet normal -0.188497 -0.889935 -0.415313
    outer loop
      vertex 134.125 -36.0551 39.0514
      vertex 134.671 -36.3808 39.5015
      vertex 132.609 -35.6093 38.7842
    endloop
  endfacet
  facet normal -0.188624 -0.889968 -0.415184
    outer loop
      vertex 134.671 -36.3808 39.5015
      vertex 134.125 -36.0551 39.0514
      vertex 134.446 -36.2281 39.2764
    endloop
  endfacet
  facet normal -0.188328 -0.889703 -0.415886
    outer loop
      vertex 134.125 -36.0551 39.0514
      vertex 132.609 -35.6093 38.7842
      vertex 133.77 -35.9025 38.8857
    endloop
  endfacet
  facet normal -0.188476 -0.890028 -0.415123
    outer loop
      vertex 132.609 -35.6093 38.7842
      vertex 133.391 -35.7749 38.7842
      vertex 133.77 -35.9025 38.8857
    endloop
  endfacet
  facet normal -0.188581 -0.890522 -0.414015
    outer loop
      vertex 133.391 -35.7749 38.7842
      vertex 132.609 -35.6093 38.7842
      vertex 133 -35.6762 38.75
    endloop
  endfacet
  facet normal -0.150232 -0.988302 -0.0262644
    outer loop
      vertex 130.688 -36.5431 44.42
      vertex 130.472 -36.5127 44.5116
      vertex 130.472 -36.4968 43.9133
    endloop
  endfacet
  facet normal -0.139103 -0.986512 -0.0862869
    outer loop
      vertex 130.472 -36.3358 42.0726
      vertex 133.002 -36.8121 43.4395
      vertex 130.472 -36.4968 43.9133
    endloop
  endfacet
  facet normal -0.138996 -0.986509 -0.0864832
    outer loop
      vertex 133.002 -36.8121 43.4395
      vertex 130.472 -36.3358 42.0726
      vertex 133.77 -36.8918 43.1143
    endloop
  endfacet
  facet normal -0.139066 -0.986518 -0.0862663
    outer loop
      vertex 135.234 -36.9291 41.1808
      vertex 133.77 -36.8918 43.1143
      vertex 130.472 -36.3358 42.0726
    endloop
  endfacet
  facet normal -0.13926 -0.986478 -0.086414
    outer loop
      vertex 133.77 -36.8918 43.1143
      vertex 135.234 -36.9291 41.1808
      vertex 134.125 -36.9274 42.9486
    endloop
  endfacet
  facet normal -0.13923 -0.986484 -0.0863951
    outer loop
      vertex 134.125 -36.9274 42.9486
      vertex 135.234 -36.9291 41.1808
      vertex 134.446 -36.953 42.7236
    endloop
  endfacet
  facet normal -0.138168 -0.986681 -0.0858554
    outer loop
      vertex 134.446 -36.953 42.7236
      vertex 135.234 -36.9291 41.1808
      vertex 134.724 -36.9678 42.4463
    endloop
  endfacet
  facet normal -0.139683 -0.986415 -0.086458
    outer loop
      vertex 134.724 -36.9678 42.4463
      vertex 135.234 -36.9291 41.1808
      vertex 134.949 -36.9715 42.125
    endloop
  endfacet
  facet normal -0.139583 -0.986431 -0.0864285
    outer loop
      vertex 134.949 -36.9715 42.125
      vertex 135.234 -36.9291 41.1808
      vertex 135.114 -36.9637 41.7695
    endloop
  endfacet
  facet normal -0.137876 -0.9867 -0.0860964
    outer loop
      vertex 135.114 -36.9637 41.7695
      vertex 135.234 -36.9291 41.1808
      vertex 135.216 -36.9449 41.3907
    endloop
  endfacet
  facet normal -0.130062 -0.990884 -0.035099
    outer loop
      vertex 130.688 -36.5431 44.42
      vertex 130.472 -36.4968 43.9133
      vertex 133.002 -36.8121 43.4395
    endloop
  endfacet
  facet normal 0.160945 0.894459 0.417182
    outer loop
      vertex 130.472 -34.3071 40.8522
      vertex 127.844 -33.4202 39.9645
      vertex 123.148 -33.1177 41.1276
    endloop
  endfacet
  facet normal 0.160958 0.894469 0.417153
    outer loop
      vertex 127.844 -33.4202 39.9645
      vertex 130.472 -34.3071 40.8522
      vertex 130.472 -33.6477 39.4383
    endloop
  endfacet
  facet normal 0.182625 0.805424 0.563862
    outer loop
      vertex 130.472 -33.6477 39.4383
      vertex 130.472 -33.5604 39.3136
      vertex 127.844 -33.4202 39.9645
    endloop
  endfacet
  facet normal 0.205027 0.801703 0.561459
    outer loop
      vertex 133.627 -34.0408 38.8475
      vertex 131.929 -33.6803 38.9528
      vertex 130.472 -33.6477 39.4383
    endloop
  endfacet
  facet normal 0.204359 0.800914 0.562826
    outer loop
      vertex 133 -33.8123 38.75
      vertex 133.627 -34.0408 38.8475
      vertex 133.391 -33.9361 38.7842
    endloop
  endfacet
  facet normal 0.205088 0.80221 0.560713
    outer loop
      vertex 133.627 -34.0408 38.8475
      vertex 132.609 -33.7363 38.7842
      vertex 131.929 -33.6803 38.9528
    endloop
  endfacet
  facet normal 0.204953 0.80187 0.561247
    outer loop
      vertex 133.627 -34.0408 38.8475
      vertex 133 -33.8123 38.75
      vertex 132.609 -33.7363 38.7842
    endloop
  endfacet
  facet normal 0.204985 0.801805 0.561328
    outer loop
      vertex 131.929 -33.6803 38.9528
      vertex 130.472 -33.5604 39.3136
      vertex 130.472 -33.6477 39.4383
    endloop
  endfacet
  facet normal 0.19845 0.89315 0.40361
    outer loop
      vertex 134.125 -34.2415 39.0514
      vertex 134.505 -34.454 39.3348
      vertex 134.446 -34.4145 39.2764
    endloop
  endfacet
  facet normal 0.189569 0.890527 0.413552
    outer loop
      vertex 134.505 -34.454 39.3348
      vertex 134.125 -34.2415 39.0514
      vertex 133.627 -34.0408 38.8475
    endloop
  endfacet
  facet normal 0.187902 0.889468 0.416582
    outer loop
      vertex 133.627 -34.0408 38.8475
      vertex 134.125 -34.2415 39.0514
      vertex 133.77 -34.0889 38.8857
    endloop
  endfacet
  facet normal 0.188601 0.890092 0.414929
    outer loop
      vertex 134.505 -34.454 39.3348
      vertex 133.627 -34.0408 38.8475
      vertex 130.472 -33.6477 39.4383
    endloop
  endfacet
  facet normal 0.158116 0.95399 0.25476
    outer loop
      vertex 135.25 -35.1817 41
      vertex 135.193 -35.2991 41.475
      vertex 135.216 -35.2804 41.3907
    endloop
  endfacet
  facet normal 0.165941 0.952507 0.255332
    outer loop
      vertex 135.193 -35.2991 41.475
      vertex 135.25 -35.1817 41
      vertex 135.008 -34.8722 40.0027
    endloop
  endfacet
  facet normal 0.166474 0.952459 0.255165
    outer loop
      vertex 135.193 -35.2991 41.475
      vertex 130.472 -34.3071 40.8522
      vertex 130.472 -34.7108 42.3591
    endloop
  endfacet
  facet normal 0.1668 0.95242 0.255097
    outer loop
      vertex 135.008 -34.8722 40.0027
      vertex 135.25 -35.1817 41
      vertex 135.216 -35.0711 40.6093
    endloop
  endfacet
  facet normal 0.167532 0.952363 0.254828
    outer loop
      vertex 135.008 -34.8722 40.0027
      vertex 135.216 -35.0711 40.6093
      vertex 135.114 -34.9518 40.2305
    endloop
  endfacet
  facet normal 0.166459 0.952439 0.255248
    outer loop
      vertex 135.193 -35.2991 41.475
      vertex 135.008 -34.8722 40.0027
      vertex 130.472 -34.3071 40.8522
    endloop
  endfacet
  facet normal 0.182926 0.889621 0.418465
    outer loop
      vertex 134.724 -34.6026 39.5537
      vertex 135.008 -34.8722 40.0027
      vertex 134.949 -34.8 39.875
    endloop
  endfacet
  facet normal 0.189664 0.890077 0.414477
    outer loop
      vertex 135.008 -34.8722 40.0027
      vertex 134.724 -34.6026 39.5537
      vertex 134.505 -34.454 39.3348
    endloop
  endfacet
  facet normal 0.188629 0.889966 0.415187
    outer loop
      vertex 135.008 -34.8722 40.0027
      vertex 134.505 -34.454 39.3348
      vertex 130.472 -34.3071 40.8522
    endloop
  endfacet
  facet normal 0.188591 0.890024 0.41508
    outer loop
      vertex 130.472 -34.3071 40.8522
      vertex 134.505 -34.454 39.3348
      vertex 130.472 -33.6477 39.4383
    endloop
  endfacet
  facet normal 0.130026 0.990889 0.0351146
    outer loop
      vertex 130.688 -34.8931 44.42
      vertex 133.002 -35.162 43.4395
      vertex 130.472 -34.8468 43.9133
    endloop
  endfacet
  facet normal 0.150232 0.988302 0.0262644
    outer loop
      vertex 130.688 -34.8931 44.42
      vertex 130.472 -34.8468 43.9133
      vertex 130.472 -34.8627 44.5116
    endloop
  endfacet
  facet normal 0.139064 0.986512 0.0863399
    outer loop
      vertex 130.472 -34.7108 42.3591
      vertex 133.002 -35.162 43.4395
      vertex 133.77 -35.2418 43.1143
    endloop
  endfacet
  facet normal 0.139253 0.986481 0.0863976
    outer loop
      vertex 135.193 -35.2991 41.475
      vertex 133.77 -35.2418 43.1143
      vertex 134.125 -35.2774 42.9486
    endloop
  endfacet
  facet normal 0.139211 0.986489 0.086367
    outer loop
      vertex 135.193 -35.2991 41.475
      vertex 134.125 -35.2774 42.9486
      vertex 134.446 -35.303 42.7236
    endloop
  endfacet
  facet normal 0.137899 0.986742 0.0855829
    outer loop
      vertex 135.193 -35.2991 41.475
      vertex 134.446 -35.303 42.7236
      vertex 134.724 -35.3178 42.4463
    endloop
  endfacet
  facet normal 0.139071 0.986513 0.0863246
    outer loop
      vertex 133.002 -35.162 43.4395
      vertex 130.472 -34.7108 42.3591
      vertex 130.472 -34.8468 43.9133
    endloop
  endfacet
  facet normal 0.138217 0.986684 0.0857355
    outer loop
      vertex 135.193 -35.2991 41.475
      vertex 134.724 -35.3178 42.4463
      vertex 134.949 -35.3214 42.125
    endloop
  endfacet
  facet normal 0.140557 0.986278 0.0865999
    outer loop
      vertex 135.193 -35.2991 41.475
      vertex 134.949 -35.3214 42.125
      vertex 135.114 -35.3137 41.7695
    endloop
  endfacet
  facet normal 0.139085 0.986517 0.086251
    outer loop
      vertex 133.77 -35.2418 43.1143
      vertex 135.193 -35.2991 41.475
      vertex 130.472 -34.7108 42.3591
    endloop
  endfacet
  facet normal 0.907061 0 0.420999
    outer loop
      vertex 134.949 -35.3214 42.125
      vertex 135.114 -36.9637 41.7695
      vertex 135.114 -35.3137 41.7695
    endloop
  endfacet
  facet normal 0.907061 0 0.420999
    outer loop
      vertex 135.114 -36.9637 41.7695
      vertex 134.949 -35.3214 42.125
      vertex 134.949 -36.9715 42.125
    endloop
  endfacet
  facet normal 0.258694 0 -0.965959
    outer loop
      vertex 133.391 -35.7749 38.7842
      vertex 133.77 -34.0889 38.8857
      vertex 133.77 -35.9025 38.8857
    endloop
  endfacet
  facet normal 0.258126 0.000136724 -0.966111
    outer loop
      vertex 133.77 -34.0889 38.8857
      vertex 133.391 -35.7749 38.7842
      vertex 133.627 -34.0408 38.8475
    endloop
  endfacet
  facet normal 0.259063 0 -0.96586
    outer loop
      vertex 133.627 -34.0408 38.8475
      vertex 133.391 -35.7749 38.7842
      vertex 133.391 -33.9361 38.7842
    endloop
  endfacet
  facet normal 0.573976 0 -0.818872
    outer loop
      vertex 134.125 -36.0551 39.0514
      vertex 134.446 -34.4145 39.2764
      vertex 134.446 -36.2281 39.2764
    endloop
  endfacet
  facet normal 0.573976 0 -0.818872
    outer loop
      vertex 134.446 -34.4145 39.2764
      vertex 134.125 -36.0551 39.0514
      vertex 134.125 -34.2415 39.0514
    endloop
  endfacet
  facet normal 0.706215 -0 0.707998
    outer loop
      vertex 134.446 -36.953 42.7236
      vertex 134.724 -35.3178 42.4463
      vertex 134.446 -35.303 42.7236
    endloop
  endfacet
  facet normal 0.706215 0 0.707998
    outer loop
      vertex 134.724 -35.3178 42.4463
      vertex 134.446 -36.953 42.7236
      vertex 134.724 -36.9678 42.4463
    endloop
  endfacet
  facet normal 0.0871353 0 -0.996196
    outer loop
      vertex 133 -35.6762 38.75
      vertex 133.391 -33.9361 38.7842
      vertex 133.391 -35.7749 38.7842
    endloop
  endfacet
  facet normal 0.0871353 0 -0.996196
    outer loop
      vertex 133.391 -33.9361 38.7842
      vertex 133 -35.6762 38.75
      vertex 133 -33.8123 38.75
    endloop
  endfacet
  facet normal 0.819124 -0 0.573616
    outer loop
      vertex 134.724 -36.9678 42.4463
      vertex 134.949 -35.3214 42.125
      vertex 134.724 -35.3178 42.4463
    endloop
  endfacet
  facet normal 0.819124 0 0.573616
    outer loop
      vertex 134.949 -35.3214 42.125
      vertex 134.724 -36.9678 42.4463
      vertex 134.949 -36.9715 42.125
    endloop
  endfacet
  facet normal 0.964737 0 0.263214
    outer loop
      vertex 135.193 -35.2991 41.475
      vertex 135.216 -36.9449 41.3907
      vertex 135.216 -35.2804 41.3907
    endloop
  endfacet
  facet normal 0.96585 0.000226198 0.259102
    outer loop
      vertex 135.114 -35.3137 41.7695
      vertex 135.216 -36.9449 41.3907
      vertex 135.193 -35.2991 41.475
    endloop
  endfacet
  facet normal 0.965606 0 0.26001
    outer loop
      vertex 135.216 -36.9449 41.3907
      vertex 135.114 -35.3137 41.7695
      vertex 135.114 -36.9637 41.7695
    endloop
  endfacet
  facet normal 0.706869 -0.00022344 -0.707344
    outer loop
      vertex 134.446 -36.2281 39.2764
      vertex 134.505 -34.454 39.3348
      vertex 134.724 -34.6026 39.5537
    endloop
  endfacet
  facet normal 0.703484 0 -0.710711
    outer loop
      vertex 134.505 -34.454 39.3348
      vertex 134.446 -36.2281 39.2764
      vertex 134.446 -34.4145 39.2764
    endloop
  endfacet
  facet normal 0.706215 0 -0.707998
    outer loop
      vertex 134.724 -36.4039 39.5537
      vertex 134.446 -36.2281 39.2764
      vertex 134.724 -34.6026 39.5537
    endloop
  endfacet
  facet normal 0.690671 -0.0461838 -0.721693
    outer loop
      vertex 134.446 -36.2281 39.2764
      vertex 134.724 -36.4039 39.5537
      vertex 134.671 -36.3808 39.5015
    endloop
  endfacet
  facet normal 0.422955 -0 0.906151
    outer loop
      vertex 133.77 -36.8918 43.1143
      vertex 134.125 -35.2774 42.9486
      vertex 133.77 -35.2418 43.1143
    endloop
  endfacet
  facet normal 0.422955 0 0.906151
    outer loop
      vertex 134.125 -35.2774 42.9486
      vertex 133.77 -36.8918 43.1143
      vertex 134.125 -36.9274 42.9486
    endloop
  endfacet
  facet normal 0.389922 -0 0.920848
    outer loop
      vertex 133.002 -36.8121 43.4395
      vertex 133.77 -35.2418 43.1143
      vertex 133.002 -35.162 43.4395
    endloop
  endfacet
  facet normal 0.389922 0 0.920848
    outer loop
      vertex 133.77 -35.2418 43.1143
      vertex 133.002 -36.8121 43.4395
      vertex 133.77 -36.8918 43.1143
    endloop
  endfacet
  facet normal 0.390146 -0 0.920753
    outer loop
      vertex 130.688 -36.5431 44.42
      vertex 133.002 -35.162 43.4395
      vertex 130.688 -34.8931 44.42
    endloop
  endfacet
  facet normal 0.390146 0 0.920753
    outer loop
      vertex 133.002 -35.162 43.4395
      vertex 130.688 -36.5431 44.42
      vertex 133.002 -36.8121 43.4395
    endloop
  endfacet
  facet normal 0.390418 -0 0.920637
    outer loop
      vertex 130.472 -36.5127 44.5116
      vertex 130.688 -34.8931 44.42
      vertex 130.472 -34.8627 44.5116
    endloop
  endfacet
  facet normal 0.390418 0 0.920637
    outer loop
      vertex 130.688 -34.8931 44.42
      vertex 130.472 -36.5127 44.5116
      vertex 130.688 -36.5431 44.42
    endloop
  endfacet
  facet normal 0.390114 -0 0.920766
    outer loop
      vertex 122.927 -35.9043 47.7083
      vertex 130.472 -34.8627 44.5116
      vertex 122.927 -34.2543 47.7083
    endloop
  endfacet
  facet normal 0.390114 0 0.920766
    outer loop
      vertex 130.472 -34.8627 44.5116
      vertex 122.927 -35.9043 47.7083
      vertex 130.472 -36.5127 44.5116
    endloop
  endfacet
  facet normal -0.240654 0 -0.970611
    outer loop
      vertex 132.609 -35.6093 38.7842
      vertex 131.929 -33.6803 38.9528
      vertex 132.609 -33.7363 38.7842
    endloop
  endfacet
  facet normal -0.240455 7.46376e-05 -0.97066
    outer loop
      vertex 130.472 -35.4032 39.3136
      vertex 131.929 -33.6803 38.9528
      vertex 132.609 -35.6093 38.7842
    endloop
  endfacet
  facet normal -0.240372 0 -0.970681
    outer loop
      vertex 130.472 -35.4032 39.3136
      vertex 130.472 -33.5604 39.3136
      vertex 131.929 -33.6803 38.9528
    endloop
  endfacet
  facet normal -0.240415 0 -0.97067
    outer loop
      vertex 130.472 -35.4032 39.3136
      vertex 127.844 -33.4202 39.9645
      vertex 130.472 -33.5604 39.3136
    endloop
  endfacet
  facet normal -0.240425 -1.44531e-05 -0.970668
    outer loop
      vertex 125.647 -35.0923 40.5087
      vertex 127.844 -33.4202 39.9645
      vertex 130.472 -35.4032 39.3136
    endloop
  endfacet
  facet normal -0.240416 -2.64984e-05 -0.97067
    outer loop
      vertex 125.647 -35.0923 40.5087
      vertex 123.148 -33.1177 41.1276
      vertex 127.844 -33.4202 39.9645
    endloop
  endfacet
  facet normal -0.240412 -2.05372e-05 -0.970671
    outer loop
      vertex 121.777 -34.843 41.4672
      vertex 123.148 -33.1177 41.1276
      vertex 125.647 -35.0923 40.5087
    endloop
  endfacet
  facet normal -0.240436 0 -0.970665
    outer loop
      vertex 121.777 -34.843 41.4672
      vertex 121.777 -33.0293 41.4672
      vertex 123.148 -33.1177 41.1276
    endloop
  endfacet
  facet normal -0.240457 0 -0.97066
    outer loop
      vertex 120.436 -34.7849 41.7994
      vertex 121.777 -33.0293 41.4672
      vertex 121.777 -34.843 41.4672
    endloop
  endfacet
  facet normal -0.240457 0 -0.97066
    outer loop
      vertex 121.777 -33.0293 41.4672
      vertex 120.436 -34.7849 41.7994
      vertex 120.436 -32.9713 41.7994
    endloop
  endfacet
  facet normal 0.996235 0 0.0866956
    outer loop
      vertex 135.216 -35.2804 41.3907
      vertex 135.25 -36.8834 41
      vertex 135.25 -35.1817 41
    endloop
  endfacet
  facet normal 0.996115 -0.000336703 0.0880666
    outer loop
      vertex 135.216 -35.2804 41.3907
      vertex 135.234 -36.9291 41.1808
      vertex 135.25 -36.8834 41
    endloop
  endfacet
  facet normal 0.996343 0 0.0854415
    outer loop
      vertex 135.234 -36.9291 41.1808
      vertex 135.216 -35.2804 41.3907
      vertex 135.216 -36.9449 41.3907
    endloop
  endfacet
  facet normal 0.996235 0 -0.0866956
    outer loop
      vertex 135.25 -35.1817 41
      vertex 135.216 -36.7728 40.6093
      vertex 135.216 -35.0711 40.6093
    endloop
  endfacet
  facet normal 0.996235 0 -0.0866956
    outer loop
      vertex 135.216 -36.7728 40.6093
      vertex 135.25 -35.1817 41
      vertex 135.25 -36.8834 41
    endloop
  endfacet
  facet normal 0.573976 -0 0.818872
    outer loop
      vertex 134.125 -36.9274 42.9486
      vertex 134.446 -35.303 42.7236
      vertex 134.125 -35.2774 42.9486
    endloop
  endfacet
  facet normal 0.573976 0 0.818872
    outer loop
      vertex 134.446 -35.303 42.7236
      vertex 134.125 -36.9274 42.9486
      vertex 134.446 -36.953 42.7236
    endloop
  endfacet
  facet normal 0.965606 0 -0.26001
    outer loop
      vertex 135.216 -35.0711 40.6093
      vertex 135.114 -36.6535 40.2305
      vertex 135.114 -34.9518 40.2305
    endloop
  endfacet
  facet normal 0.958583 0.0063727 -0.28474
    outer loop
      vertex 135.216 -35.0711 40.6093
      vertex 135.121 -36.6609 40.2539
      vertex 135.114 -36.6535 40.2305
    endloop
  endfacet
  facet normal 0.966081 0 -0.258238
    outer loop
      vertex 135.121 -36.6609 40.2539
      vertex 135.216 -35.0711 40.6093
      vertex 135.216 -36.7728 40.6093
    endloop
  endfacet
  facet normal 0.422955 0 -0.906151
    outer loop
      vertex 133.77 -35.9025 38.8857
      vertex 134.125 -34.2415 39.0514
      vertex 134.125 -36.0551 39.0514
    endloop
  endfacet
  facet normal 0.422955 0 -0.906151
    outer loop
      vertex 134.125 -34.2415 39.0514
      vertex 133.77 -35.9025 38.8857
      vertex 133.77 -34.0889 38.8857
    endloop
  endfacet
  facet normal -0.0871353 0 -0.996196
    outer loop
      vertex 132.609 -35.6093 38.7842
      vertex 133 -33.8123 38.75
      vertex 133 -35.6762 38.75
    endloop
  endfacet
  facet normal -0.0871353 0 -0.996196
    outer loop
      vertex 133 -33.8123 38.75
      vertex 132.609 -35.6093 38.7842
      vertex 132.609 -33.7363 38.7842
    endloop
  endfacet
  facet normal 0.819124 0 -0.573616
    outer loop
      vertex 134.949 -34.8 39.875
      vertex 134.724 -36.4039 39.5537
      vertex 134.724 -34.6026 39.5537
    endloop
  endfacet
  facet normal 0.819124 0 -0.573616
    outer loop
      vertex 134.724 -36.4039 39.5537
      vertex 134.949 -34.8 39.875
      vertex 134.949 -36.5293 39.875
    endloop
  endfacet
  facet normal 0.907793 0 -0.419419
    outer loop
      vertex 135.008 -34.8722 40.0027
      vertex 134.949 -36.5293 39.875
      vertex 134.949 -34.8 39.875
    endloop
  endfacet
  facet normal 0.90668 0.000224534 -0.421818
    outer loop
      vertex 135.114 -34.9518 40.2305
      vertex 134.949 -36.5293 39.875
      vertex 135.008 -34.8722 40.0027
    endloop
  endfacet
  facet normal 0.907061 0 -0.420999
    outer loop
      vertex 134.949 -36.5293 39.875
      vertex 135.114 -34.9518 40.2305
      vertex 135.114 -36.6535 40.2305
    endloop
  endfacet
  facet normal -0.468419 -0.880146 -0.0769903
    outer loop
      vertex 21 -30.791 73.211
      vertex 24.9596 -33.1881 76.5237
      vertex 24.9596 -33.3643 78.538
    endloop
  endfacet
  facet normal -0.468379 -0.880162 -0.0770491
    outer loop
      vertex 24.9596 -33.1881 76.5237
      vertex 21 -30.791 73.211
      vertex 21 -30.7414 72.6444
    endloop
  endfacet
  facet normal -0.573963 -0.815768 0.0713333
    outer loop
      vertex 21 -30.791 76.1065
      vertex 21 -30.9176 74.6587
      vertex 24.9596 -33.3643 78.538
    endloop
  endfacet
  facet normal -0.671006 0 -0.741451
    outer loop
      vertex 21 -18.7449 59.5258
      vertex 24.9596 0 55.9424
      vertex 24.9596 -20.8152 55.9424
    endloop
  endfacet
  facet normal -0.671006 0 -0.741451
    outer loop
      vertex 24.9596 0 55.9424
      vertex 21 -18.7449 59.5258
      vertex 21 0 59.5258
    endloop
  endfacet
  facet normal -0.700349 -0.504733 -0.504733
    outer loop
      vertex 24.9596 -28.9352 59.7289
      vertex 21 -26.3262 62.6141
      vertex 24.9596 -27.6287 58.4224
    endloop
  endfacet
  facet normal -0.700349 -0.504733 -0.504733
    outer loop
      vertex 21 -26.3262 62.6141
      vertex 24.9596 -28.9352 59.7289
      vertex 21 -26.6937 62.9816
    endloop
  endfacet
  facet normal -0.94458 -0.138732 0.297528
    outer loop
      vertex 21 -19.6194 90.2232
      vertex 21.3457 -19.4425 91.4032
      vertex 21.2804 -18.7978 91.4965
    endloop
  endfacet
  facet normal -0.944576 -0.138755 0.29753
    outer loop
      vertex 21.3457 -19.4425 91.4032
      vertex 21 -19.6194 90.2232
      vertex 21 -20.303 89.9044
    endloop
  endfacet
  facet normal -0.488321 -0.842933 -0.225846
    outer loop
      vertex 21 -29.6868 67.4135
      vertex 24.9596 -31.2541 64.7018
      vertex 21 -29.8213 67.9155
    endloop
  endfacet
  facet normal -0.488321 -0.842933 -0.225846
    outer loop
      vertex 24.9596 -31.2541 64.7018
      vertex 21 -29.6868 67.4135
      vertex 24.9596 -30.7759 62.917
    endloop
  endfacet
  facet normal -0.721222 -0.292756 -0.6278
    outer loop
      vertex 24.9596 -24.4406 56.5817
      vertex 21 -24.0449 60.946
      vertex 21 -22.3703 60.1651
    endloop
  endfacet
  facet normal -0.721222 -0.292756 -0.6278
    outer loop
      vertex 21 -24.0449 60.946
      vertex 24.9596 -24.4406 56.5817
      vertex 24.9596 -26.1152 57.3626
    endloop
  endfacet
  facet normal -0.687654 -0.0633051 -0.723274
    outer loop
      vertex 21 -20.5856 59.6869
      vertex 24.9596 -20.8152 55.9424
      vertex 24.9596 -22.6558 56.1035
    endloop
  endfacet
  facet normal -0.687654 -0.0633017 -0.723274
    outer loop
      vertex 24.9596 -20.8152 55.9424
      vertex 21 -20.5856 59.6869
      vertex 21 -18.7449 59.5258
    endloop
  endfacet
  facet normal -0.721241 -0.397288 -0.567428
    outer loop
      vertex 24.9596 -26.1152 57.3626
      vertex 21 -25.1328 61.7077
      vertex 21 -24.0449 60.946
    endloop
  endfacet
  facet normal -0.798482 -0.425692 0.425691
    outer loop
      vertex 21 -22.1113 88.6382
      vertex 21.8844 -21.6325 90.7759
      vertex 21.5738 -20.7393 91.0865
    endloop
  endfacet
  facet normal -0.798497 -0.425663 0.425691
    outer loop
      vertex 21.8844 -21.6325 90.7759
      vertex 21 -22.1113 88.6382
      vertex 21 -23.6723 87.0773
    endloop
  endfacet
  facet normal -0.96114 -0.0774623 0.26497
    outer loop
      vertex 21.1029 -16.4574 91.75
      vertex 21 -18.3023 90.8374
      vertex 21.1822 -17.8289 91.6367
    endloop
  endfacet
  facet normal -0.96111 -0.0775116 0.265066
    outer loop
      vertex 21 -18.3023 90.8374
      vertex 21.1029 -16.4574 91.75
      vertex 21 -14.4271 91.9706
    endloop
  endfacet
  facet normal -0.697762 -0.64921 0.302745
    outer loop
      vertex 21 -29.3635 80.4587
      vertex 21 -29.9777 79.1416
      vertex 24.9596 -31.8102 84.338
    endloop
  endfacet
  facet normal -0.647837 -0.735816 0.197187
    outer loop
      vertex 21 -30.2181 78.6262
      vertex 24.9596 -33.1881 80.5523
      vertex 24.9596 -32.6647 82.5054
    endloop
  endfacet
  facet normal -0.64783 -0.735831 0.19715
    outer loop
      vertex 24.9596 -33.1881 80.5523
      vertex 21 -30.2181 78.6262
      vertex 21 -30.3653 78.0768
    endloop
  endfacet
  facet normal -0.4116 -0.899408 -0.147142
    outer loop
      vertex 21 -30.1974 69.3192
      vertex 24.9596 -33.1881 76.5237
      vertex 21 -30.7414 72.6444
    endloop
  endfacet
  facet normal -0.411606 -0.899406 -0.147138
    outer loop
      vertex 24.9596 -33.1881 76.5237
      vertex 21 -30.1974 69.3192
      vertex 24.9596 -31.2541 64.7018
    endloop
  endfacet
  facet normal -0.468443 -0.880135 -0.0769669
    outer loop
      vertex 24.9596 -33.3643 78.538
      vertex 21 -30.9176 74.6587
      vertex 21 -30.791 73.211
    endloop
  endfacet
  facet normal -0.729994 -0.559828 0.392048
    outer loop
      vertex 24.9596 -31.8102 84.338
      vertex 21 -28.2038 82.115
      vertex 21 -28.53 81.6492
    endloop
  endfacet
  facet normal -0.729995 -0.559844 0.392023
    outer loop
      vertex 21 -28.2038 82.115
      vertex 24.9596 -31.8102 84.338
      vertex 24.9596 -30.6504 85.9943
    endloop
  endfacet
  facet normal -0.944576 -0.138785 0.297514
    outer loop
      vertex 21 -18.3023 90.8374
      vertex 21.2804 -18.7978 91.4965
      vertex 21.1822 -17.8289 91.6367
    endloop
  endfacet
  facet normal -0.944574 -0.13875 0.297538
    outer loop
      vertex 21.2804 -18.7978 91.4965
      vertex 21 -18.3023 90.8374
      vertex 21 -19.6194 90.2232
    endloop
  endfacet
  facet normal -0.69777 -0.649177 0.302798
    outer loop
      vertex 24.9596 -32.6647 82.5054
      vertex 21 -29.9777 79.1416
      vertex 21 -30.2181 78.6262
    endloop
  endfacet
  facet normal -0.697747 -0.649236 0.302724
    outer loop
      vertex 21 -29.9777 79.1416
      vertex 24.9596 -32.6647 82.5054
      vertex 24.9596 -31.8102 84.338
    endloop
  endfacet
  facet normal -0.647828 -0.735835 0.197142
    outer loop
      vertex 21 -30.3653 78.0768
      vertex 21 -30.7414 76.673
      vertex 24.9596 -33.1881 80.5523
    endloop
  endfacet
  facet normal -0.573979 -0.815755 0.0713578
    outer loop
      vertex 21 -30.7414 76.673
      vertex 24.9596 -33.3643 78.538
      vertex 24.9596 -33.1881 80.5523
    endloop
  endfacet
  facet normal -0.573997 -0.815737 0.071422
    outer loop
      vertex 24.9596 -33.3643 78.538
      vertex 21 -30.7414 76.673
      vertex 21 -30.791 76.1065
    endloop
  endfacet
  facet normal -0.656876 -0.617622 -0.432501
    outer loop
      vertex 24.9596 -28.9352 59.7289
      vertex 21 -28.5549 65.1996
      vertex 21 -27.7213 64.0092
    endloop
  endfacet
  facet normal -0.729991 -0.559876 0.391984
    outer loop
      vertex 21 -28.53 81.6492
      vertex 21 -29.3635 80.4587
      vertex 24.9596 -31.8102 84.338
    endloop
  endfacet
  facet normal -0.488324 -0.84293 -0.22585
    outer loop
      vertex 24.9596 -31.2541 64.7018
      vertex 21 -30.1974 69.3192
      vertex 21 -29.8213 67.9155
    endloop
  endfacet
  facet normal -0.589178 -0.732304 -0.341468
    outer loop
      vertex 24.9596 -29.995 61.2424
      vertex 21 -29.4672 66.9425
      vertex 21 -28.853 65.6253
    endloop
  endfacet
  facet normal -0.904701 -0.244392 0.348982
    outer loop
      vertex 21 -20.303 89.9044
      vertex 21.4422 -19.9965 91.2654
      vertex 21.3457 -19.4425 91.4032
    endloop
  endfacet
  facet normal -0.904723 -0.244321 0.348974
    outer loop
      vertex 21.4422 -19.9965 91.2654
      vertex 21 -20.303 89.9044
      vertex 21 -20.9209 89.4718
    endloop
  endfacet
  facet normal -0.589167 -0.732325 -0.341441
    outer loop
      vertex 21 -29.4672 66.9425
      vertex 24.9596 -30.7759 62.917
      vertex 21 -29.6868 67.4135
    endloop
  endfacet
  facet normal -0.589193 -0.732286 -0.34148
    outer loop
      vertex 24.9596 -30.7759 62.917
      vertex 21 -29.4672 66.9425
      vertex 24.9596 -29.995 61.2424
    endloop
  endfacet
  facet normal -0.71883 -0.431738 -0.544872
    outer loop
      vertex 24.9596 -27.6287 58.4224
      vertex 21 -26.3262 62.6141
      vertex 21 -25.5585 62.0058
    endloop
  endfacet
  facet normal -0.721234 -0.397321 -0.567414
    outer loop
      vertex 24.9596 -27.6287 58.4224
      vertex 21 -25.1328 61.7077
      vertex 24.9596 -26.1152 57.3626
    endloop
  endfacet
  facet normal -0.721234 -0.397331 -0.567406
    outer loop
      vertex 21 -25.1328 61.7077
      vertex 24.9596 -27.6287 58.4224
      vertex 21 -25.5585 62.0058
    endloop
  endfacet
  facet normal -0.656864 -0.617641 -0.432491
    outer loop
      vertex 24.9596 -29.995 61.2424
      vertex 21 -28.5549 65.1996
      vertex 24.9596 -28.9352 59.7289
    endloop
  endfacet
  facet normal -0.656869 -0.61763 -0.4325
    outer loop
      vertex 21 -28.5549 65.1996
      vertex 24.9596 -29.995 61.2424
      vertex 21 -28.853 65.6253
    endloop
  endfacet
  facet normal -0.700349 -0.504733 -0.504733
    outer loop
      vertex 24.9596 -28.9352 59.7289
      vertex 21 -27.7213 64.0092
      vertex 21 -26.6937 62.9816
    endloop
  endfacet
  facet normal -0.710432 -0.182145 -0.679787
    outer loop
      vertex 24.9596 -22.6558 56.1035
      vertex 21 -22.3703 60.1651
      vertex 21 -20.5856 59.6869
    endloop
  endfacet
  facet normal -0.710433 -0.182135 -0.679789
    outer loop
      vertex 21 -22.3703 60.1651
      vertex 24.9596 -22.6558 56.1035
      vertex 24.9596 -24.4406 56.5817
    endloop
  endfacet
  facet normal -0.744973 -0.492623 0.449821
    outer loop
      vertex 21 -23.6723 87.0773
      vertex 22.1075 -22.1736 90.5528
      vertex 21.8844 -21.6325 90.7759
    endloop
  endfacet
  facet normal -0.74505 -0.492523 0.449802
    outer loop
      vertex 21 -23.6723 87.0773
      vertex 22.75 -23.5564 90.1029
      vertex 22.1075 -22.1736 90.5528
    endloop
  endfacet
  facet normal -0.745031 -0.492561 0.449792
    outer loop
      vertex 21 -23.6723 87.0773
      vertex 23.4609 -24.9344 89.7714
      vertex 22.75 -23.5564 90.1029
    endloop
  endfacet
  facet normal -0.745029 -0.492568 0.449788
    outer loop
      vertex 21 -23.6723 87.0773
      vertex 24.6452 -27.1074 89.3534
      vertex 23.4609 -24.9344 89.7714
    endloop
  endfacet
  facet normal -0.745026 -0.492543 0.449819
    outer loop
      vertex 21 -23.6723 87.0773
      vertex 24.9596 -28.0448 88.8477
      vertex 24.6452 -27.1074 89.3534
    endloop
  endfacet
  facet normal -0.745031 -0.492557 0.449796
    outer loop
      vertex 21 -28.2038 82.115
      vertex 24.9596 -28.0448 88.8477
      vertex 21 -23.6723 87.0773
    endloop
  endfacet
  facet normal -0.745025 -0.492569 0.449793
    outer loop
      vertex 24.9596 -28.0448 88.8477
      vertex 21 -28.2038 82.115
      vertex 24.9596 -30.6504 85.9943
    endloop
  endfacet
  facet normal -0.904726 -0.244316 0.348972
    outer loop
      vertex 21 -20.9209 89.4718
      vertex 21.5528 -20.6316 91.1075
      vertex 21.4422 -19.9965 91.2654
    endloop
  endfacet
  facet normal -0.904686 -0.244448 0.348982
    outer loop
      vertex 21 -20.9209 89.4718
      vertex 21.5738 -20.7393 91.0865
      vertex 21.5528 -20.6316 91.1075
    endloop
  endfacet
  facet normal -0.904705 -0.24438 0.348981
    outer loop
      vertex 21.5738 -20.7393 91.0865
      vertex 21 -20.9209 89.4718
      vertex 21 -22.1113 88.6382
    endloop
  endfacet
  facet normal -0.337854 -0.937624 -0.0819528
    outer loop
      vertex 24.9596 -33.3643 78.538
      vertex 27.7111 -34.3789 78.8029
      vertex 27.6264 -34.376 79.1189
    endloop
  endfacet
  facet normal -0.337841 -0.937619 -0.0820608
    outer loop
      vertex 24.9596 -33.3643 78.538
      vertex 27.9689 -34.4234 78.25
      vertex 27.7111 -34.3789 78.8029
    endloop
  endfacet
  facet normal -0.337839 -0.937624 -0.0820182
    outer loop
      vertex 24.9596 -33.1881 76.5237
      vertex 27.9689 -34.4234 78.25
      vertex 24.9596 -33.3643 78.538
    endloop
  endfacet
  facet normal -0.338247 -0.937543 -0.0812483
    outer loop
      vertex 27.9689 -34.4234 78.25
      vertex 24.9596 -33.1881 76.5237
      vertex 27.9858 -34.4274 78.2258
    endloop
  endfacet
  facet normal -0.53513 -0.735196 0.41608
    outer loop
      vertex 25.6008 -30.3085 87.8161
      vertex 24.9596 -31.8102 84.338
      vertex 27.0366 -32.6608 85.5063
    endloop
  endfacet
  facet normal -0.585978 -0.734402 -0.342467
    outer loop
      vertex 30.8041 -33.1106 57.9234
      vertex 24.9596 -30.7759 62.917
      vertex 24.9596 -29.995 61.2424
    endloop
  endfacet
  facet normal -0.663418 -0.529092 -0.529092
    outer loop
      vertex 30.8041 -31.2699 54.7353
      vertex 24.9596 -28.9352 59.7289
      vertex 30.8041 -29.9634 53.4288
    endloop
  endfacet
  facet normal -0.52006 -0.774111 0.360956
    outer loop
      vertex 24.9596 -31.8102 84.338
      vertex 27.8807 -33.861 84.1485
      vertex 27.0366 -32.6608 85.5063
    endloop
  endfacet
  facet normal -0.520061 -0.774113 0.360951
    outer loop
      vertex 27.8807 -33.861 84.1485
      vertex 24.9596 -31.8102 84.338
      vertex 24.9596 -32.6647 82.5054
    endloop
  endfacet
  facet normal -0.518878 -0.825724 -0.221236
    outer loop
      vertex 30.8041 -33.1106 57.9234
      vertex 24.9596 -31.2541 64.7018
      vertex 24.9596 -30.7759 62.917
    endloop
  endfacet
  facet normal -0.66315 -0.0652624 -0.745636
    outer loop
      vertex 30.8041 -24.9905 51.1099
      vertex 24.9596 -22.6558 56.1035
      vertex 24.9596 -20.8152 55.9424
    endloop
  endfacet
  facet normal -0.411419 -0.908771 0.0697868
    outer loop
      vertex 24.9596 -33.1881 80.5523
      vertex 28.7502 -34.7407 82.6812
      vertex 28.774 -34.7502 82.6978
    endloop
  endfacet
  facet normal -0.415748 -0.905997 0.0795168
    outer loop
      vertex 24.9596 -33.1881 80.5523
      vertex 28.3188 -34.5806 82.2498
      vertex 28.7502 -34.7407 82.6812
    endloop
  endfacet
  facet normal -0.415637 -0.906072 0.0792363
    outer loop
      vertex 24.9596 -33.1881 80.5523
      vertex 27.9689 -34.4638 81.75
      vertex 28.3188 -34.5806 82.2498
    endloop
  endfacet
  facet normal -0.415642 -0.906069 0.0792518
    outer loop
      vertex 24.9596 -33.1881 80.5523
      vertex 27.7111 -34.3939 81.1971
      vertex 27.9689 -34.4638 81.75
    endloop
  endfacet
  facet normal -0.415611 -0.9061 0.07906
    outer loop
      vertex 24.9596 -33.1881 80.5523
      vertex 27.6533 -34.3862 80.9815
      vertex 27.7111 -34.3939 81.1971
    endloop
  endfacet
  facet normal -0.415631 -0.906074 0.0792584
    outer loop
      vertex 27.6533 -34.3862 80.9815
      vertex 24.9596 -33.1881 80.5523
      vertex 24.9596 -33.3643 78.538
    endloop
  endfacet
  facet normal -0.475946 -0.849506 0.227631
    outer loop
      vertex 27.8807 -33.861 84.1485
      vertex 24.9596 -32.6647 82.5054
      vertex 28.4121 -34.3878 83.2936
    endloop
  endfacet
  facet normal -0.46979 -0.871197 -0.142523
    outer loop
      vertex 30.8041 -33.5888 59.7082
      vertex 24.9596 -33.1881 76.5237
      vertex 24.9596 -31.2541 64.7018
    endloop
  endfacet
  facet normal -0.518878 -0.825724 -0.221236
    outer loop
      vertex 30.8041 -33.5888 59.7082
      vertex 24.9596 -31.2541 64.7018
      vertex 30.8041 -33.1106 57.9234
    endloop
  endfacet
  facet normal -0.680626 -0.42023 -0.60013
    outer loop
      vertex 30.8041 -29.9634 53.4288
      vertex 24.9596 -27.6287 58.4224
      vertex 24.9596 -26.1152 57.3626
    endloop
  endfacet
  facet normal -0.66314 -0.0652374 -0.745647
    outer loop
      vertex 24.9596 -20.8152 55.9424
      vertex 30.8041 -23.8841 51.0131
      vertex 30.8041 -24.9905 51.1099
    endloop
  endfacet
  facet normal -0.663162 -0.0653203 -0.74562
    outer loop
      vertex 30.8041 -23.8841 51.0131
      vertex 24.9596 -20.8152 55.9424
      vertex 30.7225 -23.1173 51.0185
    endloop
  endfacet
  facet normal -0.88923 -0.337809 0.308472
    outer loop
      vertex 24.9596 -28.0448 88.8477
      vertex 24.9596 -30.6504 85.9943
      vertex 25.3597 -29.6858 88.204
    endloop
  endfacet
  facet normal -0.680495 -0.189637 -0.707788
    outer loop
      vertex 30.8041 -24.9905 51.1099
      vertex 24.9596 -24.4406 56.5817
      vertex 24.9596 -22.6558 56.1035
    endloop
  endfacet
  facet normal -0.415061 -0.906447 0.0779626
    outer loop
      vertex 27.5 -34.4018 80
      vertex 24.9596 -33.3643 78.538
      vertex 27.5028 -34.4058 79.9684
    endloop
  endfacet
  facet normal -0.415676 -0.906048 0.0793158
    outer loop
      vertex 27.5532 -34.373 80.6078
      vertex 24.9596 -33.3643 78.538
      vertex 27.5 -34.4018 80
    endloop
  endfacet
  facet normal -0.415696 -0.906036 0.0793456
    outer loop
      vertex 24.9596 -33.3643 78.538
      vertex 27.5532 -34.373 80.6078
      vertex 27.6533 -34.3862 80.9815
    endloop
  endfacet
  facet normal -0.332097 -0.93865 -0.0929894
    outer loop
      vertex 24.9596 -33.1881 76.5237
      vertex 28.3188 -34.4981 77.7502
      vertex 27.9858 -34.4274 78.2258
    endloop
  endfacet
  facet normal -0.332044 -0.938654 -0.0931379
    outer loop
      vertex 24.9596 -33.1881 76.5237
      vertex 28.7502 -34.6079 77.3188
      vertex 28.3188 -34.4981 77.7502
    endloop
  endfacet
  facet normal -0.332052 -0.938655 -0.0931029
    outer loop
      vertex 24.9596 -33.1881 76.5237
      vertex 29.25 -34.75 76.9689
      vertex 28.7502 -34.6079 77.3188
    endloop
  endfacet
  facet normal -0.332082 -0.938668 -0.0928643
    outer loop
      vertex 24.9596 -33.1881 76.5237
      vertex 29.8029 -34.9201 76.7111
      vertex 29.25 -34.75 76.9689
    endloop
  endfacet
  facet normal -0.332072 -0.938657 -0.0930154
    outer loop
      vertex 24.9596 -33.1881 76.5237
      vertex 30.8041 -35.2292 76.256
      vertex 29.8029 -34.9201 76.7111
    endloop
  endfacet
  facet normal -0.332072 -0.938653 -0.0930496
    outer loop
      vertex 30.8041 -35.2292 76.256
      vertex 24.9596 -33.1881 76.5237
      vertex 30.8041 -33.5888 59.7082
    endloop
  endfacet
  facet normal -0.585978 -0.734402 -0.342467
    outer loop
      vertex 30.8041 -33.1106 57.9234
      vertex 24.9596 -29.995 61.2424
      vertex 30.8041 -32.3297 56.2488
    endloop
  endfacet
  facet normal -0.766338 -0.526257 0.368483
    outer loop
      vertex 24.9596 -30.6504 85.9943
      vertex 25.6008 -30.3085 87.8161
      vertex 25.3823 -29.7442 88.1676
    endloop
  endfacet
  facet normal -0.766356 -0.52623 0.368485
    outer loop
      vertex 25.6008 -30.3085 87.8161
      vertex 24.9596 -30.6504 85.9943
      vertex 24.9596 -31.8102 84.338
    endloop
  endfacet
  facet normal -0.766354 -0.526237 0.368478
    outer loop
      vertex 25.3597 -29.6858 88.204
      vertex 24.9596 -30.6504 85.9943
      vertex 25.3823 -29.7442 88.1676
    endloop
  endfacet
  facet normal -0.680495 -0.189647 -0.707786
    outer loop
      vertex 30.8041 -26.7752 51.5881
      vertex 24.9596 -24.4406 56.5817
      vertex 30.8041 -24.9905 51.1099
    endloop
  endfacet
  facet normal -0.649594 0 -0.760281
    outer loop
      vertex 24.9596 -20.8152 55.9424
      vertex 30.7225 0 51.0185
      vertex 30.7225 -23.1173 51.0185
    endloop
  endfacet
  facet normal -0.649594 0 -0.760281
    outer loop
      vertex 30.7225 0 51.0185
      vertex 24.9596 -20.8152 55.9424
      vertex 24.9596 0 55.9424
    endloop
  endfacet
  facet normal -0.475354 -0.84971 0.228104
    outer loop
      vertex 28.4121 -34.3878 83.2936
      vertex 28.774 -34.7502 82.6978
      vertex 28.7799 -34.7524 82.7019
    endloop
  endfacet
  facet normal -0.475945 -0.849508 0.227622
    outer loop
      vertex 24.9596 -32.6647 82.5054
      vertex 28.774 -34.7502 82.6978
      vertex 28.4121 -34.3878 83.2936
    endloop
  endfacet
  facet normal -0.475943 -0.849501 0.227653
    outer loop
      vertex 28.774 -34.7502 82.6978
      vertex 24.9596 -32.6647 82.5054
      vertex 24.9596 -33.1881 80.5523
    endloop
  endfacet
  facet normal -0.33779 -0.937622 -0.0822391
    outer loop
      vertex 27.5532 -34.3736 79.3922
      vertex 24.9596 -33.3643 78.538
      vertex 27.6264 -34.376 79.1189
    endloop
  endfacet
  facet normal -0.337882 -0.937614 -0.0819514
    outer loop
      vertex 24.9596 -33.3643 78.538
      vertex 27.5532 -34.3736 79.3922
      vertex 27.5028 -34.4058 79.9684
    endloop
  endfacet
  facet normal -0.686135 -0.307451 -0.659312
    outer loop
      vertex 30.8041 -26.7752 51.5881
      vertex 24.9596 -26.1152 57.3626
      vertex 24.9596 -24.4406 56.5817
    endloop
  endfacet
  facet normal -0.686135 -0.307451 -0.659312
    outer loop
      vertex 24.9596 -26.1152 57.3626
      vertex 30.8041 -26.7752 51.5881
      vertex 30.8041 -28.4498 52.369
    endloop
  endfacet
  facet normal -0.63283 -0.634255 -0.444125
    outer loop
      vertex 24.9596 -28.9352 59.7289
      vertex 30.8041 -32.3297 56.2488
      vertex 24.9596 -29.995 61.2424
    endloop
  endfacet
  facet normal -0.63283 -0.634255 -0.444125
    outer loop
      vertex 30.8041 -32.3297 56.2488
      vertex 24.9596 -28.9352 59.7289
      vertex 30.8041 -31.2699 54.7353
    endloop
  endfacet
  facet normal -0.663418 -0.529092 -0.529092
    outer loop
      vertex 30.8041 -29.9634 53.4288
      vertex 24.9596 -28.9352 59.7289
      vertex 24.9596 -27.6287 58.4224
    endloop
  endfacet
  facet normal -0.680624 -0.420212 -0.600144
    outer loop
      vertex 30.8041 -29.9634 53.4288
      vertex 24.9596 -26.1152 57.3626
      vertex 30.8041 -28.4498 52.369
    endloop
  endfacet
  facet normal -0.212938 -0.943764 -0.252915
    outer loop
      vertex 36.9744 -34.4505 57.7283
      vertex 30.8041 -33.1106 57.9234
      vertex 36.9744 -33.9722 55.9435
    endloop
  endfacet
  facet normal -0.168179 -0.980948 -0.0972424
    outer loop
      vertex 30.8041 -33.5888 59.7082
      vertex 31.9419 -35.373 75.7388
      vertex 30.8041 -35.2292 76.256
    endloop
  endfacet
  facet normal -0.168194 -0.980946 -0.097241
    outer loop
      vertex 31.9419 -35.373 75.7388
      vertex 30.8041 -33.5888 59.7082
      vertex 36.9744 -34.4505 57.7283
    endloop
  endfacet
  facet normal -0.309639 -0.672355 -0.672355
    outer loop
      vertex 36.9744 -30.8251 51.4489
      vertex 30.8041 -31.2699 54.7353
      vertex 30.8041 -29.9634 53.4288
    endloop
  endfacet
  facet normal -0.128791 -0.987886 -0.086566
    outer loop
      vertex 31.9419 -35.373 75.7388
      vertex 36.9744 -35.4841 69.5194
      vertex 33.5677 -35.5202 74.9998
    endloop
  endfacet
  facet normal -0.128829 -0.987879 -0.0865968
    outer loop
      vertex 36.9744 -35.4841 69.5194
      vertex 31.9419 -35.373 75.7388
      vertex 36.9744 -34.4505 57.7283
    endloop
  endfacet
  facet normal -0.253589 -0.876689 -0.40879
    outer loop
      vertex 36.9744 -33.9722 55.9435
      vertex 30.8041 -33.1106 57.9234
      vertex 36.9744 -33.1914 54.269
    endloop
  endfacet
  facet normal -0.330207 -0.398901 -0.855477
    outer loop
      vertex 30.8041 -28.4498 52.369
      vertex 33.0662 -27.0911 50.8623
      vertex 36.138 -29.1947 50.6575
    endloop
  endfacet
  facet normal -0.33019 -0.398924 -0.855473
    outer loop
      vertex 33.0662 -27.0911 50.8623
      vertex 30.8041 -28.4498 52.369
      vertex 30.8041 -26.7752 51.5881
    endloop
  endfacet
  facet normal -0.314968 -0.0827219 -0.945491
    outer loop
      vertex 31.1849 -25.0437 50.9877
      vertex 30.8041 -24.9905 51.1099
      vertex 30.8041 -23.8841 51.0131
    endloop
  endfacet
  facet normal -0.324461 -0.542554 -0.774829
    outer loop
      vertex 36.9744 -30.8251 51.4489
      vertex 36.138 -29.1947 50.6575
      vertex 36.9744 -29.6152 50.6017
    endloop
  endfacet
  facet normal -0.324402 -0.54254 -0.774864
    outer loop
      vertex 30.8041 -29.9634 53.4288
      vertex 36.138 -29.1947 50.6575
      vertex 36.9744 -30.8251 51.4489
    endloop
  endfacet
  facet normal -0.3244 -0.542546 -0.774861
    outer loop
      vertex 36.138 -29.1947 50.6575
      vertex 30.8041 -29.9634 53.4288
      vertex 30.8041 -28.4498 52.369
    endloop
  endfacet
  facet normal -0.309639 -0.672355 -0.672355
    outer loop
      vertex 36.9744 -32.1316 52.7554
      vertex 30.8041 -31.2699 54.7353
      vertex 36.9744 -30.8251 51.4489
    endloop
  endfacet
  facet normal -0.32707 -0.244203 -0.912902
    outer loop
      vertex 31.3519 -25.2255 50.9765
      vertex 30.8041 -24.9905 51.1099
      vertex 31.1849 -25.0437 50.9877
    endloop
  endfacet
  facet normal -0.21294 -0.943777 -0.252866
    outer loop
      vertex 36.9744 -34.4505 57.7283
      vertex 30.8041 -33.5888 59.7082
      vertex 30.8041 -33.1106 57.9234
    endloop
  endfacet
  facet normal -0.327037 -0.244638 -0.912797
    outer loop
      vertex 30.8041 -26.7752 51.5881
      vertex 31.3519 -25.2255 50.9765
      vertex 33.0662 -27.0911 50.8623
    endloop
  endfacet
  facet normal -0.327192 -0.244569 -0.91276
    outer loop
      vertex 31.3519 -25.2255 50.9765
      vertex 30.8041 -26.7752 51.5881
      vertex 30.8041 -24.9905 51.1099
    endloop
  endfacet
  facet normal -0.253601 -0.876675 -0.408811
    outer loop
      vertex 36.9744 -33.1914 54.269
      vertex 30.8041 -33.1106 57.9234
      vertex 30.8041 -32.3297 56.2488
    endloop
  endfacet
  facet normal -0.285974 -0.784933 -0.549635
    outer loop
      vertex 36.9744 -33.1914 54.269
      vertex 30.8041 -32.3297 56.2488
      vertex 30.8041 -31.2699 54.7353
    endloop
  endfacet
  facet normal -0.285977 -0.78495 -0.54961
    outer loop
      vertex 36.9744 -33.1914 54.269
      vertex 30.8041 -31.2699 54.7353
      vertex 36.9744 -32.1316 52.7554
    endloop
  endfacet
  facet normal -0.0847979 -0.903039 -0.421105
    outer loop
      vertex 43.459 -34.1447 55.0075
      vertex 36.9744 -33.1914 54.269
      vertex 43.459 -33.3638 53.3329
    endloop
  endfacet
  facet normal -0.00397582 -0.996017 -0.0890796
    outer loop
      vertex 43.459 -34.6229 56.7922
      vertex 43.469 -34.8268 59.0716
      vertex 43.459 -34.8282 59.0877
    endloop
  endfacet
  facet normal 0 -0.996023 -0.0890976
    outer loop
      vertex 43.469 -34.8268 59.0716
      vertex 43.459 -34.6229 56.7922
      vertex 43.469 -34.6229 56.7922
    endloop
  endfacet
  facet normal -0.0393066 -0.995254 -0.0890243
    outer loop
      vertex 36.9744 -34.4505 57.7283
      vertex 43.459 -34.8282 59.0877
      vertex 39.371 -35.255 65.6641
    endloop
  endfacet
  facet normal -0.0393094 -0.995255 -0.0890114
    outer loop
      vertex 43.459 -34.8282 59.0877
      vertex 36.9744 -34.4505 57.7283
      vertex 43.459 -34.6229 56.7922
    endloop
  endfacet
  facet normal -0.0629171 -0.964013 -0.258302
    outer loop
      vertex 43.459 -34.6229 56.7922
      vertex 36.9744 -34.4505 57.7283
      vertex 43.459 -34.1447 55.0075
    endloop
  endfacet
  facet normal -0.0452 -0.995162 -0.0872352
    outer loop
      vertex 39.371 -35.255 65.6641
      vertex 36.9744 -35.4841 69.5194
      vertex 36.9744 -34.4505 57.7283
    endloop
  endfacet
  facet normal 0 -0.965927 -0.258815
    outer loop
      vertex 43.459 -34.1447 55.0075
      vertex 43.469 -34.6229 56.7922
      vertex 43.459 -34.6229 56.7922
    endloop
  endfacet
  facet normal 0 -0.965927 -0.258815
    outer loop
      vertex 43.469 -34.6229 56.7922
      vertex 43.459 -34.1447 55.0075
      vertex 43.469 -34.1447 55.0075
    endloop
  endfacet
  facet normal -0.062933 -0.964002 -0.258338
    outer loop
      vertex 43.459 -34.1447 55.0075
      vertex 36.9744 -34.4505 57.7283
      vertex 36.9744 -33.9722 55.9435
    endloop
  endfacet
  facet normal 0 -0.906303 -0.422628
    outer loop
      vertex 43.459 -33.3638 53.3329
      vertex 43.469 -34.1447 55.0075
      vertex 43.459 -34.1447 55.0075
    endloop
  endfacet
  facet normal 0 -0.906303 -0.422628
    outer loop
      vertex 43.469 -34.1447 55.0075
      vertex 43.459 -33.3638 53.3329
      vertex 43.469 -33.3638 53.3329
    endloop
  endfacet
  facet normal -0.0848022 -0.90305 -0.421082
    outer loop
      vertex 43.459 -34.1447 55.0075
      vertex 36.9744 -33.9722 55.9435
      vertex 36.9744 -33.1914 54.269
    endloop
  endfacet
  facet normal -0.104009 -0.814718 -0.570453
    outer loop
      vertex 43.459 -33.3638 53.3329
      vertex 36.9744 -33.1914 54.269
      vertex 43.459 -32.304 51.8193
    endloop
  endfacet
  facet normal -0.104009 -0.814718 -0.570453
    outer loop
      vertex 43.459 -32.304 51.8193
      vertex 36.9744 -33.1914 54.269
      vertex 36.9744 -32.1316 52.7554
    endloop
  endfacet
  facet normal 0 -0.819161 -0.573564
    outer loop
      vertex 43.459 -32.304 51.8193
      vertex 43.469 -33.3638 53.3329
      vertex 43.459 -33.3638 53.3329
    endloop
  endfacet
  facet normal 0 -0.819161 -0.573564
    outer loop
      vertex 43.469 -33.3638 53.3329
      vertex 43.459 -32.304 51.8193
      vertex 43.469 -32.304 51.8193
    endloop
  endfacet
  facet normal -0.120002 -0.701997 -0.701997
    outer loop
      vertex 43.459 -32.304 51.8193
      vertex 36.9744 -30.8251 51.4489
      vertex 43.459 -30.9975 50.5128
    endloop
  endfacet
  facet normal -0.120002 -0.701997 -0.701997
    outer loop
      vertex 43.459 -32.304 51.8193
      vertex 36.9744 -32.1316 52.7554
      vertex 36.9744 -30.8251 51.4489
    endloop
  endfacet
  facet normal -0.132324 -0.568553 -0.811935
    outer loop
      vertex 36.9744 -30.8251 51.4489
      vertex 43.459 -30.5071 50.1694
      vertex 43.459 -30.9975 50.5128
    endloop
  endfacet
  facet normal -0.132327 -0.568541 -0.811943
    outer loop
      vertex 43.459 -30.5071 50.1694
      vertex 36.9744 -30.8251 51.4489
      vertex 36.9744 -29.6152 50.6017
    endloop
  endfacet
  facet normal 0.0185153 -0.906142 -0.422569
    outer loop
      vertex 46 -33.8898 54.5718
      vertex 45.9682 -34.0276 54.8659
      vertex 43.469 -34.1447 55.0075
    endloop
  endfacet
  facet normal 0.0185976 -0.906144 -0.422561
    outer loop
      vertex 45.9682 -34.0276 54.8659
      vertex 46 -33.8898 54.5718
      vertex 45.9772 -34.0117 54.8322
    endloop
  endfacet
  facet normal 0.0185207 -0.906153 -0.422544
    outer loop
      vertex 46 -33.8898 54.5718
      vertex 43.469 -34.1447 55.0075
      vertex 46 -33.7348 54.2394
    endloop
  endfacet
  facet normal 0.0196079 -0.995831 -0.0890805
    outer loop
      vertex 43.9684 -34.7451 58.2682
      vertex 43.469 -34.8268 59.0716
      vertex 43.469 -34.6229 56.7922
    endloop
  endfacet
  facet normal 0.0411341 -0.994506 -0.0962541
    outer loop
      vertex 43.9684 -34.7451 58.2682
      vertex 43.469 -34.6229 56.7922
      vertex 44.9377 -34.5541 56.709
    endloop
  endfacet
  facet normal 0.0305722 -0.965476 -0.258694
    outer loop
      vertex 43.469 -34.1447 55.0075
      vertex 44.9377 -34.5541 56.709
      vertex 43.469 -34.6229 56.7922
    endloop
  endfacet
  facet normal 0.03058 -0.965474 -0.2587
    outer loop
      vertex 44.9377 -34.5541 56.709
      vertex 43.469 -34.1447 55.0075
      vertex 45.7081 -34.1976 55.4696
    endloop
  endfacet
  facet normal -0.00700759 -0.706599 -0.70758
    outer loop
      vertex 43.459 -32.304 51.8193
      vertex 46 -32.1129 51.6033
      vertex 46 -32.185 51.6753
    endloop
  endfacet
  facet normal -0.0108401 -0.707327 -0.706803
    outer loop
      vertex 46 -32.1129 51.6033
      vertex 45.9414 -31.7097 51.2007
      vertex 45.9566 -31.7544 51.2452
    endloop
  endfacet
  facet normal -0.00693256 -0.707067 -0.707112
    outer loop
      vertex 46 -32.1129 51.6033
      vertex 43.459 -32.304 51.8193
      vertex 45.9414 -31.7097 51.2007
    endloop
  endfacet
  facet normal 0 -0.770847 -0.63702
    outer loop
      vertex 46 -32.185 51.6753
      vertex 43.469 -32.304 51.8193
      vertex 43.459 -32.304 51.8193
    endloop
  endfacet
  facet normal 0.00756089 -0.832027 -0.554684
    outer loop
      vertex 43.469 -32.304 51.8193
      vertex 46 -32.185 51.6753
      vertex 46 -32.1854 51.6759
    endloop
  endfacet
  facet normal -0.00694014 -0.707052 -0.707128
    outer loop
      vertex 43.459 -32.304 51.8193
      vertex 45.8723 -31.506 50.9977
      vertex 45.9414 -31.7097 51.2007
    endloop
  endfacet
  facet normal -0.00688667 -0.707132 -0.707048
    outer loop
      vertex 45.8723 -31.506 50.9977
      vertex 43.459 -32.304 51.8193
      vertex 45.7463 -31.2757 50.7686
    endloop
  endfacet
  facet normal -0.00680364 -0.707224 -0.706957
    outer loop
      vertex 45.7463 -31.2757 50.7686
      vertex 43.459 -32.304 51.8193
      vertex 45.5824 -31.0704 50.5648
    endloop
  endfacet
  facet normal -0.00708052 -0.706986 -0.707192
    outer loop
      vertex 45.5824 -31.0704 50.5648
      vertex 43.459 -32.304 51.8193
      vertex 45.3974 -30.9067 50.403
    endloop
  endfacet
  facet normal -0.00693082 -0.70709 -0.70709
    outer loop
      vertex 45.3974 -30.9067 50.403
      vertex 43.459 -32.304 51.8193
      vertex 43.459 -30.9975 50.5128
    endloop
  endfacet
  facet normal 0.00589036 -0.819163 -0.57353
    outer loop
      vertex 46 -32.5807 52.2405
      vertex 43.469 -32.304 51.8193
      vertex 46 -32.1854 51.6759
    endloop
  endfacet
  facet normal 0.0185166 -0.906148 -0.422555
    outer loop
      vertex 43.469 -33.3638 53.3329
      vertex 46 -33.7348 54.2394
      vertex 43.469 -34.1447 55.0075
    endloop
  endfacet
  facet normal 0.0185197 -0.906145 -0.422563
    outer loop
      vertex 46 -33.7348 54.2394
      vertex 43.469 -33.3638 53.3329
      vertex 46 -33.2452 53.1895
    endloop
  endfacet
  facet normal 0.0306438 -0.965391 -0.259
    outer loop
      vertex 43.469 -34.1447 55.0075
      vertex 45.7739 -34.1671 55.3637
      vertex 45.7081 -34.1976 55.4696
    endloop
  endfacet
  facet normal 0.030583 -0.965497 -0.258613
    outer loop
      vertex 45.7739 -34.1671 55.3637
      vertex 43.469 -34.1447 55.0075
      vertex 45.9095 -34.0881 55.0848
    endloop
  endfacet
  facet normal 0.0305838 -0.965489 -0.258642
    outer loop
      vertex 45.9095 -34.0881 55.0848
      vertex 43.469 -34.1447 55.0075
      vertex 45.9682 -34.0276 54.8659
    endloop
  endfacet
  facet normal 0.00588697 -0.819137 -0.573568
    outer loop
      vertex 43.469 -33.3638 53.3329
      vertex 46 -32.5807 52.2405
      vertex 46 -33.2452 53.1895
    endloop
  endfacet
  facet normal 0.00589615 -0.819146 -0.573554
    outer loop
      vertex 46 -32.5807 52.2405
      vertex 43.469 -33.3638 53.3329
      vertex 43.469 -32.304 51.8193
    endloop
  endfacet
  facet normal -0.00896138 -0.565704 -0.824559
    outer loop
      vertex 45.3974 -30.9067 50.403
      vertex 45.1619 -30.6906 50.2573
      vertex 45.3856 -30.8915 50.3927
    endloop
  endfacet
  facet normal -0.0195288 -0.573469 -0.818995
    outer loop
      vertex 43.459 -30.9975 50.5128
      vertex 45.1619 -30.6906 50.2573
      vertex 45.3974 -30.9067 50.403
    endloop
  endfacet
  facet normal -0.0195512 -0.57339 -0.819049
    outer loop
      vertex 45.1619 -30.6906 50.2573
      vertex 43.459 -30.9975 50.5128
      vertex 44.9181 -30.5473 50.1628
    endloop
  endfacet
  facet normal -0.0194657 -0.573044 -0.819294
    outer loop
      vertex 44.9181 -30.5473 50.1628
      vertex 44.4002 -30.4495 50.1067
      vertex 44.6616 -30.4661 50.1121
    endloop
  endfacet
  facet normal -0.0195553 -0.573381 -0.819055
    outer loop
      vertex 44.9181 -30.5473 50.1628
      vertex 43.459 -30.9975 50.5128
      vertex 44.4002 -30.4495 50.1067
    endloop
  endfacet
  facet normal -0.0194616 -0.573488 -0.818983
    outer loop
      vertex 44.4002 -30.4495 50.1067
      vertex 43.459 -30.9975 50.5128
      vertex 43.459 -30.5071 50.1694
    endloop
  endfacet
  facet normal 0.718834 0.431692 0.544903
    outer loop
      vertex 24.9596 -26.5681 59.6864
      vertex 21 -24.4979 63.2698
      vertex 21 -25.2656 63.878
    endloop
  endfacet
  facet normal 0.671006 -0 0.741451
    outer loop
      vertex 21 -18.7449 61.1759
      vertex 24.9596 0 57.5925
      vertex 21 0 61.1759
    endloop
  endfacet
  facet normal 0.671006 0 0.741451
    outer loop
      vertex 24.9596 0 57.5925
      vertex 21 -18.7449 61.1759
      vertex 24.9596 -20.8152 57.5925
    endloop
  endfacet
  facet normal 0.700349 0.504733 0.504733
    outer loop
      vertex 24.9596 -27.6713 60.7895
      vertex 21 -25.2656 63.878
      vertex 21 -25.5759 64.1883
    endloop
  endfacet
  facet normal 0.700351 0.504709 0.504754
    outer loop
      vertex 21 -25.2656 63.878
      vertex 24.9596 -27.6713 60.7895
      vertex 24.9596 -26.5681 59.6864
    endloop
  endfacet
  facet normal 0.904648 0.244511 -0.349037
    outer loop
      vertex 22.0308 -17.6676 92.4154
      vertex 21 -19.478 88.4755
      vertex 21.9197 -17.1886 92.463
    endloop
  endfacet
  facet normal 0.904705 0.24437 -0.348988
    outer loop
      vertex 21 -19.478 88.4755
      vertex 22.0308 -17.6676 92.4154
      vertex 21 -20.4991 87.7605
    endloop
  endfacet
  facet normal 0.411577 0.899417 0.147148
    outer loop
      vertex 24.9596 -31.5631 76.8102
      vertex 21 -28.5725 69.6058
      vertex 21 -29.1165 72.9309
    endloop
  endfacet
  facet normal 0.411603 0.899409 0.147131
    outer loop
      vertex 21 -28.5725 69.6058
      vertex 24.9596 -31.5631 76.8102
      vertex 24.9596 -29.6292 64.9883
    endloop
  endfacet
  facet normal 0.721222 0.292745 0.627806
    outer loop
      vertex 21 -23.2199 62.3749
      vertex 24.9596 -23.8763 58.1322
      vertex 21 -21.806 61.7156
    endloop
  endfacet
  facet normal 0.721222 0.292745 0.627806
    outer loop
      vertex 24.9596 -23.8763 58.1322
      vertex 21 -23.2199 62.3749
      vertex 24.9596 -25.2902 58.7915
    endloop
  endfacet
  facet normal 0.798395 0.425809 -0.425736
    outer loop
      vertex 22.358 -18.697 92.2751
      vertex 21 -21.0507 87.3743
      vertex 22.1677 -18.2586 92.3567
    endloop
  endfacet
  facet normal 0.798466 0.425706 -0.425706
    outer loop
      vertex 21 -21.0507 87.3743
      vertex 22.358 -18.697 92.2751
      vertex 21 -21.5269 86.8981
    endloop
  endfacet
  facet normal 0.573993 0.815743 -0.0713858
    outer loop
      vertex 24.9596 -31.7143 78.538
      vertex 21 -29.2251 75.1447
      vertex 24.9596 -31.5631 80.2658
    endloop
  endfacet
  facet normal 0.573966 0.815766 -0.0713376
    outer loop
      vertex 21 -29.2251 75.1447
      vertex 24.9596 -31.7143 78.538
      vertex 21 -29.2676 74.6587
    endloop
  endfacet
  facet normal 0.944586 0.138694 -0.297525
    outer loop
      vertex 21.8281 -16.4804 92.5022
      vertex 21 -17.738 89.2869
      vertex 21.7416 -15.8117 92.5393
    endloop
  endfacet
  facet normal 0.944572 0.13875 -0.297544
    outer loop
      vertex 21 -17.738 89.2869
      vertex 21.8281 -16.4804 92.5022
      vertex 21 -18.8677 88.7601
    endloop
  endfacet
  facet normal 0.488363 0.842898 0.225886
    outer loop
      vertex 24.9596 -29.6292 64.9883
      vertex 21 -28.4589 69.1819
      vertex 21 -28.5725 69.6058
    endloop
  endfacet
  facet normal 0.488351 0.842909 0.225872
    outer loop
      vertex 21 -28.4589 69.1819
      vertex 24.9596 -29.6292 64.9883
      vertex 24.9596 -29.2254 63.4814
    endloop
  endfacet
  facet normal 0.656876 0.617634 0.432483
    outer loop
      vertex 24.9596 -27.6713 60.7895
      vertex 21 -26.4573 65.0698
      vertex 21 -27.1723 66.0909
    endloop
  endfacet
  facet normal 0.721234 0.397322 0.567412
    outer loop
      vertex 24.9596 -26.5681 59.6864
      vertex 21 -23.2199 62.3749
      vertex 21 -24.4979 63.2698
    endloop
  endfacet
  facet normal 0.721238 0.39734 0.567394
    outer loop
      vertex 21 -23.2199 62.3749
      vertex 24.9596 -26.5681 59.6864
      vertex 24.9596 -25.2902 58.7915
    endloop
  endfacet
  facet normal 0.961436 0.0711809 -0.265656
    outer loop
      vertex 21 -5.43919 92.8571
      vertex 21.0725 -6.53414 92.8261
      vertex 21 -6.51703 92.5683
    endloop
  endfacet
  facet normal 0.729996 0.55983 -0.392042
    outer loop
      vertex 24.9596 -30.3813 83.513
      vertex 21 -26.9398 81.0545
      vertex 24.9596 -29.3864 84.9337
    endloop
  endfacet
  facet normal 0.729995 0.559861 -0.391998
    outer loop
      vertex 21 -26.9398 81.0545
      vertex 24.9596 -30.3813 83.513
      vertex 21 -27.9346 79.6337
    endloop
  endfacet
  facet normal 0.944607 0.138643 -0.297483
    outer loop
      vertex 21.9197 -17.1886 92.463
      vertex 21 -18.8677 88.7601
      vertex 21.8281 -16.4804 92.5022
    endloop
  endfacet
  facet normal 0.94458 0.138743 -0.297522
    outer loop
      vertex 21 -18.8677 88.7601
      vertex 21.9197 -17.1886 92.463
      vertex 21 -19.478 88.4755
    endloop
  endfacet
  facet normal 0.656894 0.61759 0.432519
    outer loop
      vertex 24.9596 -28.5661 62.0674
      vertex 21 -27.1723 66.0909
      vertex 21 -27.424 66.4503
    endloop
  endfacet
  facet normal 0.656872 0.617641 0.432479
    outer loop
      vertex 21 -27.1723 66.0909
      vertex 24.9596 -28.5661 62.0674
      vertex 24.9596 -27.6713 60.7895
    endloop
  endfacet
  facet normal 0.68764 0.063245 0.723292
    outer loop
      vertex 21 -20.2991 61.3118
      vertex 24.9596 -20.8152 57.5925
      vertex 21 -18.7449 61.1759
    endloop
  endfacet
  facet normal 0.68764 0.063249 0.723291
    outer loop
      vertex 24.9596 -20.8152 57.5925
      vertex 21 -20.2991 61.3118
      vertex 24.9596 -22.3693 57.7284
    endloop
  endfacet
  facet normal 0.96109 0.0775104 -0.265139
    outer loop
      vertex 21.7416 -15.8117 92.5393
      vertex 21 -6.51703 92.5683
      vertex 21.0725 -6.53414 92.8261
    endloop
  endfacet
  facet normal 0.961112 0.0775119 -0.265057
    outer loop
      vertex 21 -6.51703 92.5683
      vertex 21.7416 -15.8117 92.5393
      vertex 21 -17.738 89.2869
    endloop
  endfacet
  facet normal 0.798484 0.425681 -0.425698
    outer loop
      vertex 22.4836 -18.9864 92.2213
      vertex 21 -21.5269 86.8981
      vertex 22.358 -18.697 92.2751
    endloop
  endfacet
  facet normal 0.798468 0.425704 -0.425704
    outer loop
      vertex 21 -21.5269 86.8981
      vertex 22.4836 -18.9864 92.2213
      vertex 21 -22.4083 86.0167
    endloop
  endfacet
  facet normal 0.697748 0.649242 -0.30271
    outer loop
      vertex 24.9596 -31.1142 81.9411
      vertex 21 -27.9346 79.6337
      vertex 24.9596 -30.3813 83.513
    endloop
  endfacet
  facet normal 0.697751 0.649223 -0.302742
    outer loop
      vertex 21 -27.9346 79.6337
      vertex 24.9596 -31.1142 81.9411
      vertex 21 -28.6676 78.0618
    endloop
  endfacet
  facet normal 0.589215 0.73224 0.34154
    outer loop
      vertex 24.9596 -29.2254 63.4814
      vertex 21 -27.424 66.4503
      vertex 21 -27.6095 66.848
    endloop
  endfacet
  facet normal 0.58918 0.73231 0.341451
    outer loop
      vertex 21 -27.424 66.4503
      vertex 24.9596 -29.2254 63.4814
      vertex 24.9596 -28.5661 62.0674
    endloop
  endfacet
  facet normal 0.589175 0.73231 0.34146
    outer loop
      vertex 24.9596 -29.2254 63.4814
      vertex 21 -27.6095 66.848
      vertex 21 -28.1363 67.9778
    endloop
  endfacet
  facet normal 0.904767 0.244237 -0.348921
    outer loop
      vertex 22.1677 -18.2586 92.3567
      vertex 21 -20.4991 87.7605
      vertex 22.0308 -17.6676 92.4154
    endloop
  endfacet
  facet normal 0.904734 0.244316 -0.348951
    outer loop
      vertex 21 -20.4991 87.7605
      vertex 22.1677 -18.2586 92.3567
      vertex 21 -21.0507 87.3743
    endloop
  endfacet
  facet normal 0.48831 0.842942 0.225839
    outer loop
      vertex 24.9596 -29.2254 63.4814
      vertex 21 -28.1363 67.9778
      vertex 21 -28.4589 69.1819
    endloop
  endfacet
  facet normal 0.4684 0.880153 0.0770223
    outer loop
      vertex 24.9596 -31.5631 76.8102
      vertex 21 -29.2676 74.6587
      vertex 24.9596 -31.7143 78.538
    endloop
  endfacet
  facet normal 0.468425 0.880144 0.0769674
    outer loop
      vertex 21 -29.2676 74.6587
      vertex 24.9596 -31.5631 76.8102
      vertex 21 -29.2251 74.1727
    endloop
  endfacet
  facet normal 0.700345 0.504765 0.504708
    outer loop
      vertex 24.9596 -27.6713 60.7895
      vertex 21 -25.5759 64.1883
      vertex 21 -26.4573 65.0698
    endloop
  endfacet
  facet normal 0.573954 0.815774 -0.0713424
    outer loop
      vertex 21 -29.1165 76.3865
      vertex 24.9596 -31.5631 80.2658
      vertex 21 -29.2251 75.1447
    endloop
  endfacet
  facet normal 0.468423 0.880145 0.076972
    outer loop
      vertex 24.9596 -31.5631 76.8102
      vertex 21 -29.1165 72.9309
      vertex 21 -29.2251 74.1727
    endloop
  endfacet
  facet normal 0.710434 0.182159 0.679781
    outer loop
      vertex 21 -21.806 61.7156
      vertex 24.9596 -22.3693 57.7284
      vertex 21 -20.2991 61.3118
    endloop
  endfacet
  facet normal 0.710434 0.182148 0.679783
    outer loop
      vertex 24.9596 -22.3693 57.7284
      vertex 21 -21.806 61.7156
      vertex 24.9596 -23.8763 58.1322
    endloop
  endfacet
  facet normal 0.745116 0.492454 -0.449769
    outer loop
      vertex 21 -22.4083 86.0167
      vertex 22.5662 -19.1436 92.1859
      vertex 22.9015 -19.8325 91.9871
    endloop
  endfacet
  facet normal 0.744984 0.492624 -0.4498
    outer loop
      vertex 21 -22.4083 86.0167
      vertex 22.9015 -19.8325 91.9871
      vertex 23.0923 -20.2843 91.8083
    endloop
  endfacet
  facet normal 0.744991 0.492615 -0.449799
    outer loop
      vertex 21 -22.4083 86.0167
      vertex 23.0923 -20.2843 91.8083
      vertex 23.2492 -20.7126 91.5991
    endloop
  endfacet
  facet normal 0.744901 0.492706 -0.449848
    outer loop
      vertex 22.5662 -19.1436 92.1859
      vertex 21 -22.4083 86.0167
      vertex 22.4836 -18.9864 92.2213
    endloop
  endfacet
  facet normal 0.745032 0.492554 -0.449798
    outer loop
      vertex 24.9596 -25.8123 88.8477
      vertex 21 -22.4083 86.0167
      vertex 23.2492 -20.7126 91.5991
    endloop
  endfacet
  facet normal 0.745033 0.492563 -0.449787
    outer loop
      vertex 24.9596 -29.3864 84.9337
      vertex 21 -22.4083 86.0167
      vertex 24.9596 -25.8123 88.8477
    endloop
  endfacet
  facet normal 0.745022 0.49256 -0.449807
    outer loop
      vertex 21 -22.4083 86.0167
      vertex 24.9596 -29.3864 84.9337
      vertex 21 -26.9398 81.0545
    endloop
  endfacet
  facet normal 0.647829 0.735828 -0.197167
    outer loop
      vertex 24.9596 -31.5631 80.2658
      vertex 21 -28.6676 78.0618
      vertex 24.9596 -31.1142 81.9411
    endloop
  endfacet
  facet normal 0.647829 0.735828 -0.197167
    outer loop
      vertex 21 -28.6676 78.0618
      vertex 24.9596 -31.5631 80.2658
      vertex 21 -29.1165 76.3865
    endloop
  endfacet
  facet normal 0.337815 0.937626 0.0820828
    outer loop
      vertex 29.8394 -33.6878 80.9975
      vertex 30.5038 -33.8336 79.9286
      vertex 24.9596 -31.5631 76.8102
    endloop
  endfacet
  facet normal 0.337912 0.937608 0.0818968
    outer loop
      vertex 29.8394 -33.6878 80.9975
      vertex 24.9596 -31.7143 78.538
      vertex 29.708 -33.6589 81.2088
    endloop
  endfacet
  facet normal 0.337839 0.93762 0.0820513
    outer loop
      vertex 24.9596 -31.7143 78.538
      vertex 29.8394 -33.6878 80.9975
      vertex 24.9596 -31.5631 76.8102
    endloop
  endfacet
  facet normal 0.415633 0.906083 -0.0791356
    outer loop
      vertex 29.708 -33.6589 81.2088
      vertex 24.9596 -31.5631 80.2658
      vertex 29.5353 -33.5554 81.4868
    endloop
  endfacet
  facet normal 0.415654 0.90606 -0.0792894
    outer loop
      vertex 24.9596 -31.5631 80.2658
      vertex 29.708 -33.6589 81.2088
      vertex 24.9596 -31.7143 78.538
    endloop
  endfacet
  facet normal 0.663145 0.0652038 0.745645
    outer loop
      vertex 24.9596 -22.3693 57.7284
      vertex 30.8041 -23.1498 52.5988
      vertex 24.9596 -20.8152 57.5925
    endloop
  endfacet
  facet normal 0.663147 0.0652471 0.74564
    outer loop
      vertex 30.8041 -23.1498 52.5988
      vertex 24.9596 -22.3693 57.7284
      vertex 30.8041 -24.704 52.7348
    endloop
  endfacet
  facet normal 0.632832 0.634236 0.444149
    outer loop
      vertex 30.8041 -30.9008 57.0738
      vertex 30.8041 -30.0059 55.7959
      vertex 24.9596 -27.6713 60.7895
    endloop
  endfacet
  facet normal 0.766433 0.526131 -0.368465
    outer loop
      vertex 25.683 -28.5141 87.6839
      vertex 25.7181 -28.6048 87.6274
      vertex 24.9596 -30.3813 83.513
    endloop
  endfacet
  facet normal 0.6496 -0 0.760276
    outer loop
      vertex 24.9596 -20.8152 57.5925
      vertex 30.8041 0 52.5988
      vertex 24.9596 0 57.5925
    endloop
  endfacet
  facet normal 0.6496 0 0.760276
    outer loop
      vertex 30.8041 0 52.5988
      vertex 24.9596 -20.8152 57.5925
      vertex 30.8041 -23.1498 52.5988
    endloop
  endfacet
  facet normal 0.415654 0.906064 -0.0792461
    outer loop
      vertex 28.9122 -33.1819 82.489
      vertex 29.5353 -33.5554 81.4868
      vertex 24.9596 -31.5631 80.2658
    endloop
  endfacet
  facet normal 0.475949 0.849506 -0.22762
    outer loop
      vertex 28.9122 -33.1819 82.489
      vertex 24.9596 -31.1142 81.9411
      vertex 28.1406 -32.417 83.7303
    endloop
  endfacet
  facet normal 0.475949 0.849505 -0.227627
    outer loop
      vertex 24.9596 -31.1142 81.9411
      vertex 28.9122 -33.1819 82.489
      vertex 24.9596 -31.5631 80.2658
    endloop
  endfacet
  facet normal 0.766284 0.526325 -0.368498
    outer loop
      vertex 25.683 -28.5141 87.6839
      vertex 24.9596 -29.3864 84.9337
      vertex 25.5084 -28.0633 87.9647
    endloop
  endfacet
  facet normal 0.766389 0.526184 -0.368481
    outer loop
      vertex 24.9596 -29.3864 84.9337
      vertex 25.683 -28.5141 87.6839
      vertex 24.9596 -30.3813 83.513
    endloop
  endfacet
  facet normal 0.680497 0.18965 0.707783
    outer loop
      vertex 24.9596 -23.8763 58.1322
      vertex 30.8041 -24.704 52.7348
      vertex 24.9596 -22.3693 57.7284
    endloop
  endfacet
  facet normal 0.680496 0.189662 0.707781
    outer loop
      vertex 30.8041 -24.704 52.7348
      vertex 24.9596 -23.8763 58.1322
      vertex 30.8041 -26.2109 53.1386
    endloop
  endfacet
  facet normal 0.686135 0.307439 0.659318
    outer loop
      vertex 30.8041 -27.6248 53.7979
      vertex 24.9596 -23.8763 58.1322
      vertex 24.9596 -25.2902 58.7915
    endloop
  endfacet
  facet normal 0.632827 0.634263 0.444118
    outer loop
      vertex 30.8041 -30.9008 57.0738
      vertex 24.9596 -27.6713 60.7895
      vertex 24.9596 -28.5661 62.0674
    endloop
  endfacet
  facet normal 0.686135 0.307439 0.659318
    outer loop
      vertex 30.8041 -27.6248 53.7979
      vertex 30.8041 -26.2109 53.1386
      vertex 24.9596 -23.8763 58.1322
    endloop
  endfacet
  facet normal 0.518889 0.825713 0.22125
    outer loop
      vertex 30.8041 -31.9639 59.9947
      vertex 30.8041 -31.5601 58.4877
      vertex 24.9596 -29.2254 63.4814
    endloop
  endfacet
  facet normal 0.663407 0.529123 0.529075
    outer loop
      vertex 30.8041 -30.0059 55.7959
      vertex 30.8041 -28.9028 54.6927
      vertex 24.9596 -27.6713 60.7895
    endloop
  endfacet
  facet normal 0.585964 0.734427 0.342438
    outer loop
      vertex 30.8041 -30.9008 57.0738
      vertex 24.9596 -28.5661 62.0674
      vertex 24.9596 -29.2254 63.4814
    endloop
  endfacet
  facet normal 0.535121 0.735196 -0.416091
    outer loop
      vertex 25.7181 -28.6048 87.6274
      vertex 27.4166 -31.3875 84.895
      vertex 24.9596 -30.3813 83.513
    endloop
  endfacet
  facet normal 0.663429 0.529061 0.529109
    outer loop
      vertex 30.8041 -28.9028 54.6927
      vertex 24.9596 -26.5681 59.6864
      vertex 24.9596 -27.6713 60.7895
    endloop
  endfacet
  facet normal 0.469786 0.871201 0.142516
    outer loop
      vertex 30.8041 -31.9639 59.9947
      vertex 24.9596 -29.6292 64.9883
      vertex 24.9596 -31.5631 76.8102
    endloop
  endfacet
  facet normal 0.520054 0.774108 -0.360973
    outer loop
      vertex 28.1406 -32.417 83.7303
      vertex 24.9596 -30.3813 83.513
      vertex 27.4166 -31.3875 84.895
    endloop
  endfacet
  facet normal 0.52006 0.774121 -0.360935
    outer loop
      vertex 24.9596 -30.3813 83.513
      vertex 28.1406 -32.417 83.7303
      vertex 24.9596 -31.1142 81.9411
    endloop
  endfacet
  facet normal 0.518894 0.825707 0.221263
    outer loop
      vertex 30.8041 -31.9639 59.9947
      vertex 24.9596 -29.2254 63.4814
      vertex 24.9596 -29.6292 64.9883
    endloop
  endfacet
  facet normal 0.585976 0.734409 0.342454
    outer loop
      vertex 30.8041 -31.5601 58.4877
      vertex 30.8041 -30.9008 57.0738
      vertex 24.9596 -29.2254 63.4814
    endloop
  endfacet
  facet normal 0.889236 0.3378 -0.308464
    outer loop
      vertex 24.9596 -25.8123 88.8477
      vertex 25.5084 -28.0633 87.9647
      vertex 24.9596 -29.3864 84.9337
    endloop
  endfacet
  facet normal 0.332101 0.938649 0.092987
    outer loop
      vertex 30.8041 -33.892 79.4456
      vertex 24.9596 -31.5631 76.8102
      vertex 30.5038 -33.8336 79.9286
    endloop
  endfacet
  facet normal 0.332076 0.938652 0.0930453
    outer loop
      vertex 24.9596 -31.5631 76.8102
      vertex 30.8041 -33.892 79.4456
      vertex 30.8041 -31.9639 59.9947
    endloop
  endfacet
  facet normal 0.680629 0.420251 0.600111
    outer loop
      vertex 30.8041 -28.9028 54.6927
      vertex 24.9596 -25.2902 58.7915
      vertex 24.9596 -26.5681 59.6864
    endloop
  endfacet
  facet normal 0.680625 0.4202 0.600151
    outer loop
      vertex 24.9596 -25.2902 58.7915
      vertex 30.8041 -28.9028 54.6927
      vertex 30.8041 -27.6248 53.7979
    endloop
  endfacet
  facet normal 0.128852 0.987875 0.0866063
    outer loop
      vertex 36.9744 -33.8341 69.5194
      vertex 36.9744 -32.8255 58.0148
      vertex 31.135 -33.896 78.9133
    endloop
  endfacet
  facet normal 0.168276 0.980932 0.0972364
    outer loop
      vertex 31.135 -33.896 78.9133
      vertex 30.8041 -31.9639 59.9947
      vertex 30.8041 -33.892 79.4456
    endloop
  endfacet
  facet normal 0.168178 0.980949 0.0972398
    outer loop
      vertex 30.8041 -31.9639 59.9947
      vertex 31.135 -33.896 78.9133
      vertex 36.9744 -32.8255 58.0148
    endloop
  endfacet
  facet normal 0.327055 0.244601 0.912801
    outer loop
      vertex 30.8041 -26.2109 53.1386
      vertex 36.9744 -25.5657 50.7549
      vertex 30.8041 -24.704 52.7348
    endloop
  endfacet
  facet normal 0.327055 0.244601 0.912801
    outer loop
      vertex 36.9744 -25.5657 50.7549
      vertex 30.8041 -26.2109 53.1386
      vertex 36.9744 -27.0726 51.1587
    endloop
  endfacet
  facet normal 0.212941 0.943772 0.252883
    outer loop
      vertex 36.9744 -32.4218 56.5079
      vertex 30.8041 -31.5601 58.4877
      vertex 30.8041 -31.9639 59.9947
    endloop
  endfacet
  facet normal 0.285974 0.784961 0.549596
    outer loop
      vertex 36.9744 -31.7624 55.094
      vertex 36.9744 -30.8676 53.816
      vertex 30.8041 -30.0059 55.7959
    endloop
  endfacet
  facet normal 0.305518 -0 0.952186
    outer loop
      vertex 30.8041 -23.1498 52.5988
      vertex 36.9744 0 50.619
      vertex 30.8041 0 52.5988
    endloop
  endfacet
  facet normal 0.305518 0 0.952186
    outer loop
      vertex 36.9744 0 50.619
      vertex 30.8041 -23.1498 52.5988
      vertex 36.9744 -24.0115 50.619
    endloop
  endfacet
  facet normal 0.309624 0.672389 0.672328
    outer loop
      vertex 30.8041 -30.0059 55.7959
      vertex 36.9744 -29.7645 52.7129
      vertex 30.8041 -28.9028 54.6927
    endloop
  endfacet
  facet normal 0.309639 0.672355 0.672355
    outer loop
      vertex 36.9744 -29.7645 52.7129
      vertex 30.8041 -30.0059 55.7959
      vertex 36.9744 -30.8676 53.816
    endloop
  endfacet
  facet normal 0.330209 0.398906 0.855474
    outer loop
      vertex 36.9744 -27.0726 51.1587
      vertex 30.8041 -26.2109 53.1386
      vertex 30.8041 -27.6248 53.7979
    endloop
  endfacet
  facet normal 0.285968 0.784913 0.549667
    outer loop
      vertex 36.9744 -31.7624 55.094
      vertex 30.8041 -30.0059 55.7959
      vertex 30.8041 -30.9008 57.0738
    endloop
  endfacet
  facet normal 0.253598 0.876683 0.408796
    outer loop
      vertex 36.9744 -32.4218 56.5079
      vertex 30.8041 -30.9008 57.0738
      vertex 30.8041 -31.5601 58.4877
    endloop
  endfacet
  facet normal 0.330209 0.398906 0.855474
    outer loop
      vertex 36.9744 -28.4865 51.818
      vertex 36.9744 -27.0726 51.1587
      vertex 30.8041 -27.6248 53.7979
    endloop
  endfacet
  facet normal 0.324392 0.542533 0.774873
    outer loop
      vertex 36.9744 -29.7645 52.7129
      vertex 30.8041 -27.6248 53.7979
      vertex 30.8041 -28.9028 54.6927
    endloop
  endfacet
  facet normal 0.212918 0.943789 0.252842
    outer loop
      vertex 36.9744 -32.8255 58.0148
      vertex 36.9744 -32.4218 56.5079
      vertex 30.8041 -31.9639 59.9947
    endloop
  endfacet
  facet normal 0.3244 0.542572 0.774842
    outer loop
      vertex 36.9744 -29.7645 52.7129
      vertex 36.9744 -28.4865 51.818
      vertex 30.8041 -27.6248 53.7979
    endloop
  endfacet
  facet normal 0.314928 0.082736 0.945503
    outer loop
      vertex 30.8041 -24.704 52.7348
      vertex 36.9744 -24.0115 50.619
      vertex 30.8041 -23.1498 52.5988
    endloop
  endfacet
  facet normal 0.314936 0.0826754 0.945505
    outer loop
      vertex 36.9744 -24.0115 50.619
      vertex 30.8041 -24.704 52.7348
      vertex 36.9744 -25.5657 50.7549
    endloop
  endfacet
  facet normal 0.253596 0.87666 0.408848
    outer loop
      vertex 36.9744 -32.4218 56.5079
      vertex 36.9744 -31.7624 55.094
      vertex 30.8041 -30.9008 57.0738
    endloop
  endfacet
  facet normal 0.045188 0.995161 0.0872451
    outer loop
      vertex 39.3127 -33.6105 65.7578
      vertex 36.9744 -32.8255 58.0148
      vertex 36.9744 -33.8341 69.5194
    endloop
  endfacet
  facet normal 0.144585 0.0860583 0.985743
    outer loop
      vertex 38.9466 -25.6181 50.4702
      vertex 38.5275 -25.2347 50.4982
      vertex 36.9744 -25.5657 50.7549
    endloop
  endfacet
  facet normal 0.0848097 0.903046 0.421089
    outer loop
      vertex 43.459 -32.5942 55.5718
      vertex 43.459 -31.9349 54.1579
      vertex 36.9744 -31.7624 55.094
    endloop
  endfacet
  facet normal 0.10402 0.814728 0.570437
    outer loop
      vertex 43.459 -31.0401 52.8799
      vertex 36.9744 -30.8676 53.816
      vertex 36.9744 -31.7624 55.094
    endloop
  endfacet
  facet normal 0 0.965921 0.258835
    outer loop
      vertex 43.469 -32.5942 55.5718
      vertex 43.459 -32.998 57.0787
      vertex 43.469 -32.998 57.0787
    endloop
  endfacet
  facet normal 0 0.965921 0.258835
    outer loop
      vertex 43.459 -32.998 57.0787
      vertex 43.469 -32.5942 55.5718
      vertex 43.459 -32.5942 55.5718
    endloop
  endfacet
  facet normal 0.132322 0.568535 0.811948
    outer loop
      vertex 43.459 -29.9369 51.7768
      vertex 43.459 -28.659 50.882
      vertex 36.9744 -28.4865 51.818
    endloop
  endfacet
  facet normal 0.143106 -0 0.989707
    outer loop
      vertex 36.9744 -24.0115 50.619
      vertex 37.1964 0 50.5869
      vertex 36.9744 0 50.619
    endloop
  endfacet
  facet normal 0.143106 0 0.989707
    outer loop
      vertex 37.1964 0 50.5869
      vertex 36.9744 -24.0115 50.619
      vertex 37.1964 -24.0174 50.5869
    endloop
  endfacet
  facet normal -0 0.996026 0.0890621
    outer loop
      vertex 43.459 -32.998 57.0787
      vertex 43.469 -33.1762 59.0716
      vertex 43.469 -32.998 57.0787
    endloop
  endfacet
  facet normal -0.00596562 0.996006 0.0890902
    outer loop
      vertex 43.469 -33.1762 59.0716
      vertex 43.459 -32.998 57.0787
      vertex 43.459 -33.1777 59.0877
    endloop
  endfacet
  facet normal 0.039326 0.995253 0.0890246
    outer loop
      vertex 43.459 -33.1777 59.0877
      vertex 36.9744 -32.8255 58.0148
      vertex 39.3127 -33.6105 65.7578
    endloop
  endfacet
  facet normal 0.0393263 0.995253 0.0890229
    outer loop
      vertex 36.9744 -32.8255 58.0148
      vertex 43.459 -33.1777 59.0877
      vertex 43.459 -32.998 57.0787
    endloop
  endfacet
  facet normal 0.140649 0.418411 0.897302
    outer loop
      vertex 43.459 -28.659 50.882
      vertex 36.9744 -27.0726 51.1587
      vertex 36.9744 -28.4865 51.818
    endloop
  endfacet
  facet normal 0.144817 0.0861899 0.985697
    outer loop
      vertex 36.9744 -25.5657 50.7549
      vertex 37.1964 -24.0174 50.5869
      vertex 36.9744 -24.0115 50.619
    endloop
  endfacet
  facet normal 0.144546 0.0862326 0.985733
    outer loop
      vertex 37.1964 -24.0174 50.5869
      vertex 36.9744 -25.5657 50.7549
      vertex 38.5275 -25.2347 50.4982
    endloop
  endfacet
  facet normal 0.0629266 0.964023 0.258263
    outer loop
      vertex 43.459 -32.998 57.0787
      vertex 36.9744 -32.4218 56.5079
      vertex 36.9744 -32.8255 58.0148
    endloop
  endfacet
  facet normal 0.0629199 0.964008 0.258323
    outer loop
      vertex 36.9744 -32.4218 56.5079
      vertex 43.459 -32.998 57.0787
      vertex 43.459 -32.5942 55.5718
    endloop
  endfacet
  facet normal 0.0848027 0.903022 0.421142
    outer loop
      vertex 43.459 -32.5942 55.5718
      vertex 36.9744 -31.7624 55.094
      vertex 36.9744 -32.4218 56.5079
    endloop
  endfacet
  facet normal 0 0.906311 0.422612
    outer loop
      vertex 43.469 -31.9349 54.1579
      vertex 43.459 -32.5942 55.5718
      vertex 43.469 -32.5942 55.5718
    endloop
  endfacet
  facet normal 0 0.906311 0.422612
    outer loop
      vertex 43.459 -32.5942 55.5718
      vertex 43.469 -31.9349 54.1579
      vertex 43.459 -31.9349 54.1579
    endloop
  endfacet
  facet normal 0.120012 0.701996 0.701996
    outer loop
      vertex 43.459 -31.0401 52.8799
      vertex 36.9744 -29.7645 52.7129
      vertex 36.9744 -30.8676 53.816
    endloop
  endfacet
  facet normal 0.120005 0.701965 0.702028
    outer loop
      vertex 36.9744 -29.7645 52.7129
      vertex 43.459 -31.0401 52.8799
      vertex 43.459 -29.9369 51.7768
    endloop
  endfacet
  facet normal 0.132325 0.568547 0.811938
    outer loop
      vertex 43.459 -29.9369 51.7768
      vertex 36.9744 -28.4865 51.818
      vertex 36.9744 -29.7645 52.7129
    endloop
  endfacet
  facet normal 0.144773 0.256109 0.955745
    outer loop
      vertex 36.9744 -27.0726 51.1587
      vertex 38.9466 -25.6181 50.4702
      vertex 36.9744 -25.5657 50.7549
    endloop
  endfacet
  facet normal 0.144769 0.256113 0.955745
    outer loop
      vertex 38.9466 -25.6181 50.4702
      vertex 36.9744 -27.0726 51.1587
      vertex 40.9542 -26.2536 50.3364
    endloop
  endfacet
  facet normal 0.144759 0.256027 0.955769
    outer loop
      vertex 40.9542 -26.2536 50.3364
      vertex 43.459 -27.245 50.2226
      vertex 43.459 -27.0464 50.1694
    endloop
  endfacet
  facet normal 0.144778 0.256078 0.955753
    outer loop
      vertex 43.459 -27.245 50.2226
      vertex 40.9542 -26.2536 50.3364
      vertex 36.9744 -27.0726 51.1587
    endloop
  endfacet
  facet normal 0 0.819172 0.573548
    outer loop
      vertex 43.469 -31.0401 52.8799
      vertex 43.459 -31.9349 54.1579
      vertex 43.469 -31.9349 54.1579
    endloop
  endfacet
  facet normal 0 0.819172 0.573548
    outer loop
      vertex 43.459 -31.9349 54.1579
      vertex 43.469 -31.0401 52.8799
      vertex 43.459 -31.0401 52.8799
    endloop
  endfacet
  facet normal 0.10402 0.814728 0.570437
    outer loop
      vertex 43.459 -31.9349 54.1579
      vertex 43.459 -31.0401 52.8799
      vertex 36.9744 -31.7624 55.094
    endloop
  endfacet
  facet normal 0.140655 0.418438 0.897288
    outer loop
      vertex 43.459 -28.659 50.882
      vertex 43.459 -27.245 50.2226
      vertex 36.9744 -27.0726 51.1587
    endloop
  endfacet
  facet normal -0.00591835 0.819129 0.573579
    outer loop
      vertex 46 -31.2552 53.2132
      vertex 46 -30.9214 52.7365
      vertex 43.469 -31.0401 52.8799
    endloop
  endfacet
  facet normal -0.0306174 0.965469 0.258714
    outer loop
      vertex 44.753 -32.9378 57.006
      vertex 43.469 -32.5942 55.5718
      vertex 43.469 -32.998 57.0787
    endloop
  endfacet
  facet normal -0.030594 0.965475 0.258695
    outer loop
      vertex 43.469 -32.5942 55.5718
      vertex 44.753 -32.9378 57.006
      vertex 45.724 -32.4885 55.444
    endloop
  endfacet
  facet normal -0.0135334 0.906048 0.422959
    outer loop
      vertex 46 -32.0762 54.5718
      vertex 45.9557 -32.236 54.9127
      vertex 45.9772 -32.1981 54.8322
    endloop
  endfacet
  facet normal -0.0184833 0.906222 0.422398
    outer loop
      vertex 45.9557 -32.236 54.9127
      vertex 46 -32.0762 54.5718
      vertex 43.469 -31.9349 54.1579
    endloop
  endfacet
  facet normal -0.0185343 0.906155 0.422539
    outer loop
      vertex 45.9557 -32.236 54.9127
      vertex 43.469 -31.9349 54.1579
      vertex 43.469 -32.5942 55.5718
    endloop
  endfacet
  facet normal -0.0185182 0.906136 0.422582
    outer loop
      vertex 43.469 -31.9349 54.1579
      vertex 46 -32.0762 54.5718
      vertex 46 -31.8163 54.0145
    endloop
  endfacet
  facet normal 0.0423957 0.257827 0.965261
    outer loop
      vertex 44.4002 -26.9671 50.1067
      vertex 44.8284 -27.1809 50.145
      vertex 44.6616 -27.0303 50.1121
    endloop
  endfacet
  facet normal 0.0425089 0.258518 0.965071
    outer loop
      vertex 43.459 -27.245 50.2226
      vertex 44.4002 -26.9671 50.1067
      vertex 43.459 -27.0464 50.1694
    endloop
  endfacet
  facet normal 0.0426048 0.258225 0.965145
    outer loop
      vertex 44.4002 -26.9671 50.1067
      vertex 43.459 -27.245 50.2226
      vertex 44.8284 -27.1809 50.145
    endloop
  endfacet
  facet normal 0.0317438 0.421814 0.906126
    outer loop
      vertex 43.459 -28.659 50.882
      vertex 45.5824 -28.1374 50.5648
      vertex 45.5731 -28.1193 50.5567
    endloop
  endfacet
  facet normal 0.0315042 0.422579 0.905779
    outer loop
      vertex 45.5824 -28.1374 50.5648
      vertex 43.459 -28.659 50.882
      vertex 45.7338 -28.5523 50.7531
    endloop
  endfacet
  facet normal 0.0315477 0.422378 0.905871
    outer loop
      vertex 43.459 -28.659 50.882
      vertex 45.3856 -27.7535 50.3927
      vertex 45.1619 -27.4464 50.2573
    endloop
  endfacet
  facet normal 0.0299112 0.421023 0.906557
    outer loop
      vertex 44.8284 -27.1809 50.145
      vertex 45.1619 -27.4464 50.2573
      vertex 44.9181 -27.2256 50.1628
    endloop
  endfacet
  facet normal 0.0313903 0.422558 0.905792
    outer loop
      vertex 45.1619 -27.4464 50.2573
      vertex 44.8284 -27.1809 50.145
      vertex 43.459 -28.659 50.882
    endloop
  endfacet
  facet normal 0.0315583 0.422429 0.905846
    outer loop
      vertex 43.459 -28.659 50.882
      vertex 44.8284 -27.1809 50.145
      vertex 43.459 -27.245 50.2226
    endloop
  endfacet
  facet normal 0.0315771 0.422327 0.905893
    outer loop
      vertex 45.3856 -27.7535 50.3927
      vertex 43.459 -28.659 50.882
      vertex 45.5731 -28.1193 50.5567
    endloop
  endfacet
  facet normal -0.00588567 0.819126 0.573583
    outer loop
      vertex 46 -31.2552 53.2132
      vertex 43.469 -31.9349 54.1579
      vertex 46 -31.8163 54.0145
    endloop
  endfacet
  facet normal -0.00591054 0.819157 0.573538
    outer loop
      vertex 43.469 -31.9349 54.1579
      vertex 46 -31.2552 53.2132
      vertex 43.469 -31.0401 52.8799
    endloop
  endfacet
  facet normal -0.0185007 0.905995 0.422884
    outer loop
      vertex 45.7739 -32.45 55.3637
      vertex 43.469 -32.5942 55.5718
      vertex 45.724 -32.4885 55.444
    endloop
  endfacet
  facet normal -0.01805 0.906103 0.422671
    outer loop
      vertex 45.9557 -32.236 54.9127
      vertex 45.7739 -32.45 55.3637
      vertex 45.9095 -32.3172 55.0848
    endloop
  endfacet
  facet normal -0.0185461 0.906172 0.422503
    outer loop
      vertex 45.7739 -32.45 55.3637
      vertex 45.9557 -32.236 54.9127
      vertex 43.469 -32.5942 55.5718
    endloop
  endfacet
  facet normal -0.00759376 0.832026 0.554684
    outer loop
      vertex 46 -30.921 52.7359
      vertex 43.469 -31.0401 52.8799
      vertex 46 -30.9214 52.7365
    endloop
  endfacet
  facet normal 0 0.770585 0.637338
    outer loop
      vertex 43.469 -31.0401 52.8799
      vertex 46 -30.921 52.7359
      vertex 43.459 -31.0401 52.8799
    endloop
  endfacet
  facet normal -0.0411781 0.994506 0.0962385
    outer loop
      vertex 43.9057 -33.1048 58.3692
      vertex 44.753 -32.9378 57.006
      vertex 43.469 -32.998 57.0787
    endloop
  endfacet
  facet normal -0.0195956 0.995835 0.089045
    outer loop
      vertex 43.9057 -33.1048 58.3692
      vertex 43.469 -32.998 57.0787
      vertex 43.469 -33.1762 59.0716
    endloop
  endfacet
  facet normal 0.0069323 0.707058 0.707122
    outer loop
      vertex 46 -30.921 52.7359
      vertex 43.459 -29.9369 51.7768
      vertex 43.459 -31.0401 52.8799
    endloop
  endfacet
  facet normal 0.0069323 0.707058 0.707122
    outer loop
      vertex 43.459 -29.9369 51.7768
      vertex 46 -30.921 52.7359
      vertex 46 -29.8178 51.6328
    endloop
  endfacet
  facet normal 0.0195715 0.573392 0.819047
    outer loop
      vertex 43.459 -29.9369 51.7768
      vertex 46 -29.7758 51.6033
      vertex 45.9566 -29.2628 51.2452
    endloop
  endfacet
  facet normal 0.0195663 0.573405 0.819039
    outer loop
      vertex 43.459 -29.9369 51.7768
      vertex 45.9566 -29.2628 51.2452
      vertex 45.8723 -28.9064 50.9977
    endloop
  endfacet
  facet normal 0.0195372 0.573562 0.818929
    outer loop
      vertex 43.459 -28.659 50.882
      vertex 45.8723 -28.9064 50.9977
      vertex 45.7463 -28.575 50.7686
    endloop
  endfacet
  facet normal 0.0197076 0.57117 0.820595
    outer loop
      vertex 43.459 -28.659 50.882
      vertex 45.7463 -28.575 50.7686
      vertex 45.7338 -28.5523 50.7531
    endloop
  endfacet
  facet normal 0.0195246 0.573469 0.818994
    outer loop
      vertex 45.8723 -28.9064 50.9977
      vertex 43.459 -28.659 50.882
      vertex 43.459 -29.9369 51.7768
    endloop
  endfacet
  facet normal 0.0194306 0.574661 0.818161
    outer loop
      vertex 46 -29.7758 51.6033
      vertex 43.459 -29.9369 51.7768
      vertex 46 -29.8178 51.6328
    endloop
  endfacet
  facet normal 0 1 0
    outer loop
      vertex 24.9596 0 57.5925
      vertex 21 0 59.5258
      vertex 21 0 61.1759
    endloop
  endfacet
  facet normal 0 1 0
    outer loop
      vertex 24.9596 0 57.5925
      vertex 24.9596 0 55.9424
      vertex 21 0 59.5258
    endloop
  endfacet
  facet normal 0 1 0
    outer loop
      vertex 30.8041 0 52.5988
      vertex 24.9596 0 55.9424
      vertex 24.9596 0 57.5925
    endloop
  endfacet
  facet normal 0 1 0
    outer loop
      vertex 30.8041 0 52.5988
      vertex 30.7225 0 51.0185
      vertex 24.9596 0 55.9424
    endloop
  endfacet
  facet normal 0 1 0
    outer loop
      vertex 36.9744 0 50.619
      vertex 30.7225 0 51.0185
      vertex 30.8041 0 52.5988
    endloop
  endfacet
  facet normal 0 1 0
    outer loop
      vertex 30.7225 0 51.0185
      vertex 36.9744 0 50.619
      vertex 37.1964 0 50.5869
    endloop
  endfacet
  facet normal -1 0 0
    outer loop
      vertex 21 -18.7449 59.5258
      vertex 21 0 61.1759
      vertex 21 0 59.5258
    endloop
  endfacet
  facet normal -1 0 0
    outer loop
      vertex 21 -18.7449 59.5258
      vertex 21 -18.7449 61.1759
      vertex 21 0 61.1759
    endloop
  endfacet
  facet normal -1 0 0
    outer loop
      vertex 21 -18.7449 59.5258
      vertex 21 -20.2991 61.3118
      vertex 21 -18.7449 61.1759
    endloop
  endfacet
  facet normal -1 0 0
    outer loop
      vertex 21 -20.5856 59.6869
      vertex 21 -20.2991 61.3118
      vertex 21 -18.7449 59.5258
    endloop
  endfacet
  facet normal -1 0 0
    outer loop
      vertex 21 -20.5856 59.6869
      vertex 21 -21.806 61.7156
      vertex 21 -20.2991 61.3118
    endloop
  endfacet
  facet normal -1 0 0
    outer loop
      vertex 21 -22.3703 60.1651
      vertex 21 -21.806 61.7156
      vertex 21 -20.5856 59.6869
    endloop
  endfacet
  facet normal -1 0 0
    outer loop
      vertex 21 -22.3703 60.1651
      vertex 21 -23.2199 62.3749
      vertex 21 -21.806 61.7156
    endloop
  endfacet
  facet normal -1 0 0
    outer loop
      vertex 21 -24.0449 60.946
      vertex 21 -23.2199 62.3749
      vertex 21 -22.3703 60.1651
    endloop
  endfacet
  facet normal -1 0 0
    outer loop
      vertex 21 -25.1328 61.7077
      vertex 21 -23.2199 62.3749
      vertex 21 -24.0449 60.946
    endloop
  endfacet
  facet normal -1 -0 0
    outer loop
      vertex 21 -23.2199 62.3749
      vertex 21 -25.1328 61.7077
      vertex 21 -24.4979 63.2698
    endloop
  endfacet
  facet normal -1 0 0
    outer loop
      vertex 21 -25.5585 62.0058
      vertex 21 -24.4979 63.2698
      vertex 21 -25.1328 61.7077
    endloop
  endfacet
  facet normal -1 -0 0
    outer loop
      vertex 21 -24.4979 63.2698
      vertex 21 -25.5585 62.0058
      vertex 21 -25.2656 63.878
    endloop
  endfacet
  facet normal -1 0 0
    outer loop
      vertex 21 -26.3262 62.6141
      vertex 21 -25.2656 63.878
      vertex 21 -25.5585 62.0058
    endloop
  endfacet
  facet normal -1 0 0
    outer loop
      vertex 21 -26.6937 62.9816
      vertex 21 -25.2656 63.878
      vertex 21 -26.3262 62.6141
    endloop
  endfacet
  facet normal -1 -0 0
    outer loop
      vertex 21 -25.2656 63.878
      vertex 21 -26.6937 62.9816
      vertex 21 -25.5759 64.1883
    endloop
  endfacet
  facet normal -1 -0 0
    outer loop
      vertex 21 -25.5759 64.1883
      vertex 21 -26.6937 62.9816
      vertex 21 -26.4573 65.0698
    endloop
  endfacet
  facet normal -1 0 0
    outer loop
      vertex 21 -27.7213 64.0092
      vertex 21 -26.4573 65.0698
      vertex 21 -26.6937 62.9816
    endloop
  endfacet
  facet normal -1 0 0
    outer loop
      vertex 21 -28.5549 65.1996
      vertex 21 -26.4573 65.0698
      vertex 21 -27.7213 64.0092
    endloop
  endfacet
  facet normal -1 0 0
    outer loop
      vertex 21 -26.4573 65.0698
      vertex 21 -28.5549 65.1996
      vertex 21 -27.1723 66.0909
    endloop
  endfacet
  facet normal -1 -0 0
    outer loop
      vertex 21 -27.1723 66.0909
      vertex 21 -28.5549 65.1996
      vertex 21 -27.424 66.4503
    endloop
  endfacet
  facet normal -1 0 0
    outer loop
      vertex 21 -28.853 65.6253
      vertex 21 -27.424 66.4503
      vertex 21 -28.5549 65.1996
    endloop
  endfacet
  facet normal -1 -0 0
    outer loop
      vertex 21 -27.424 66.4503
      vertex 21 -28.853 65.6253
      vertex 21 -27.6095 66.848
    endloop
  endfacet
  facet normal -1 0 0
    outer loop
      vertex 21 -29.4672 66.9425
      vertex 21 -27.6095 66.848
      vertex 21 -28.853 65.6253
    endloop
  endfacet
  facet normal -1 0 0
    outer loop
      vertex 21 -27.6095 66.848
      vertex 21 -29.4672 66.9425
      vertex 21 -28.1363 67.9778
    endloop
  endfacet
  facet normal -1 0 0
    outer loop
      vertex 21 -29.6868 67.4135
      vertex 21 -28.1363 67.9778
      vertex 21 -29.4672 66.9425
    endloop
  endfacet
  facet normal -1 0 0
    outer loop
      vertex 21 -29.8213 67.9155
      vertex 21 -28.1363 67.9778
      vertex 21 -29.6868 67.4135
    endloop
  endfacet
  facet normal -1 -0 0
    outer loop
      vertex 21 -28.1363 67.9778
      vertex 21 -29.8213 67.9155
      vertex 21 -28.4589 69.1819
    endloop
  endfacet
  facet normal -1 0 0
    outer loop
      vertex 21 -28.4589 69.1819
      vertex 21 -30.1974 69.3192
      vertex 21 -28.5725 69.6058
    endloop
  endfacet
  facet normal -1 0 0
    outer loop
      vertex 21 -30.7414 72.6444
      vertex 21 -28.5725 69.6058
      vertex 21 -30.1974 69.3192
    endloop
  endfacet
  facet normal -1 0 0
    outer loop
      vertex 21 -28.5725 69.6058
      vertex 21 -30.7414 72.6444
      vertex 21 -29.1165 72.9309
    endloop
  endfacet
  facet normal -1 0 0
    outer loop
      vertex 21 -30.1974 69.3192
      vertex 21 -28.4589 69.1819
      vertex 21 -29.8213 67.9155
    endloop
  endfacet
  facet normal -1 0 0
    outer loop
      vertex 21 -30.791 73.211
      vertex 21 -29.1165 72.9309
      vertex 21 -30.7414 72.6444
    endloop
  endfacet
  facet normal -1 0 0
    outer loop
      vertex 21 -29.1165 72.9309
      vertex 21 -30.791 73.211
      vertex 21 -29.2251 74.1727
    endloop
  endfacet
  facet normal -1 0 0
    outer loop
      vertex 21 -30.9176 74.6587
      vertex 21 -29.2251 74.1727
      vertex 21 -30.791 73.211
    endloop
  endfacet
  facet normal -1 0 0
    outer loop
      vertex 21 -29.2251 74.1727
      vertex 21 -30.9176 74.6587
      vertex 21 -29.2676 74.6587
    endloop
  endfacet
  facet normal -1 0 0
    outer loop
      vertex 21 -29.2676 74.6587
      vertex 21 -29.9777 79.1416
      vertex 21 -29.3635 80.4587
    endloop
  endfacet
  facet normal -1 0 0
    outer loop
      vertex 21 -29.9777 79.1416
      vertex 21 -30.3653 78.0768
      vertex 21 -30.2181 78.6262
    endloop
  endfacet
  facet normal -1 0 0
    outer loop
      vertex 21 -29.2676 74.6587
      vertex 21 -30.3653 78.0768
      vertex 21 -29.9777 79.1416
    endloop
  endfacet
  facet normal -1 0 -0
    outer loop
      vertex 21 -30.7414 76.673
      vertex 21 -29.2676 74.6587
      vertex 21 -30.791 76.1065
    endloop
  endfacet
  facet normal -1 0 0
    outer loop
      vertex 21 -29.2676 74.6587
      vertex 21 -30.7414 76.673
      vertex 21 -30.3653 78.0768
    endloop
  endfacet
  facet normal -1 0 0
    outer loop
      vertex 21 -29.2676 74.6587
      vertex 21 -30.9176 74.6587
      vertex 21 -30.791 76.1065
    endloop
  endfacet
  facet normal -1 0 0
    outer loop
      vertex 21 -6.51703 92.5683
      vertex 21 -6.95158 92.8571
      vertex 21 -5.43919 92.8571
    endloop
  endfacet
  facet normal -1 -0 0
    outer loop
      vertex 21 -6.95158 92.8571
      vertex 21 -14.4271 91.9706
      vertex 21 -7.21817 94.4947
    endloop
  endfacet
  facet normal -1 -0 0
    outer loop
      vertex 21 -6.51703 92.5683
      vertex 21 -14.4271 91.9706
      vertex 21 -6.95158 92.8571
    endloop
  endfacet
  facet normal -1 0 0
    outer loop
      vertex 21 -17.738 89.2869
      vertex 21 -14.4271 91.9706
      vertex 21 -6.51703 92.5683
    endloop
  endfacet
  facet normal -1 0 0
    outer loop
      vertex 21 -17.738 89.2869
      vertex 21 -18.3023 90.8374
      vertex 21 -14.4271 91.9706
    endloop
  endfacet
  facet normal -1 0 0
    outer loop
      vertex 21 -19.6194 90.2232
      vertex 21 -17.738 89.2869
      vertex 21 -18.8677 88.7601
    endloop
  endfacet
  facet normal -1 0 0
    outer loop
      vertex 21 -19.6194 90.2232
      vertex 21 -18.8677 88.7601
      vertex 21 -19.478 88.4755
    endloop
  endfacet
  facet normal -1 0 0
    outer loop
      vertex 21 -17.738 89.2869
      vertex 21 -19.6194 90.2232
      vertex 21 -18.3023 90.8374
    endloop
  endfacet
  facet normal -1 0 0
    outer loop
      vertex 21 -19.478 88.4755
      vertex 21 -20.303 89.9044
      vertex 21 -19.6194 90.2232
    endloop
  endfacet
  facet normal -1 0 0
    outer loop
      vertex 21 -20.9209 89.4718
      vertex 21 -19.478 88.4755
      vertex 21 -20.4991 87.7605
    endloop
  endfacet
  facet normal -1 0 0
    outer loop
      vertex 21 -19.478 88.4755
      vertex 21 -20.9209 89.4718
      vertex 21 -20.303 89.9044
    endloop
  endfacet
  facet normal -1 0 0
    outer loop
      vertex 21 -22.1113 88.6382
      vertex 21 -20.4991 87.7605
      vertex 21 -21.0507 87.3743
    endloop
  endfacet
  facet normal -1 0 0
    outer loop
      vertex 21 -22.1113 88.6382
      vertex 21 -21.0507 87.3743
      vertex 21 -21.5269 86.8981
    endloop
  endfacet
  facet normal -1 0 0
    outer loop
      vertex 21 -20.4991 87.7605
      vertex 21 -22.1113 88.6382
      vertex 21 -20.9209 89.4718
    endloop
  endfacet
  facet normal -1 0 0
    outer loop
      vertex 21 -23.6723 87.0773
      vertex 21 -21.5269 86.8981
      vertex 21 -22.4083 86.0167
    endloop
  endfacet
  facet normal -1 0 0
    outer loop
      vertex 21 -21.5269 86.8981
      vertex 21 -23.6723 87.0773
      vertex 21 -22.1113 88.6382
    endloop
  endfacet
  facet normal -1 0 0
    outer loop
      vertex 21 -26.9398 81.0545
      vertex 21 -23.6723 87.0773
      vertex 21 -22.4083 86.0167
    endloop
  endfacet
  facet normal -1 0 0
    outer loop
      vertex 21 -28.53 81.6492
      vertex 21 -26.9398 81.0545
      vertex 21 -27.9346 79.6337
    endloop
  endfacet
  facet normal -1 0 0
    outer loop
      vertex 21 -26.9398 81.0545
      vertex 21 -28.2038 82.115
      vertex 21 -23.6723 87.0773
    endloop
  endfacet
  facet normal -1 0 0
    outer loop
      vertex 21 -26.9398 81.0545
      vertex 21 -28.53 81.6492
      vertex 21 -28.2038 82.115
    endloop
  endfacet
  facet normal -1 0 0
    outer loop
      vertex 21 -29.3635 80.4587
      vertex 21 -27.9346 79.6337
      vertex 21 -28.6676 78.0618
    endloop
  endfacet
  facet normal -1 0 0
    outer loop
      vertex 21 -29.3635 80.4587
      vertex 21 -28.6676 78.0618
      vertex 21 -29.1165 76.3865
    endloop
  endfacet
  facet normal -1 0 0
    outer loop
      vertex 21 -27.9346 79.6337
      vertex 21 -29.3635 80.4587
      vertex 21 -28.53 81.6492
    endloop
  endfacet
  facet normal -1 0 0
    outer loop
      vertex 21 -29.2251 75.1447
      vertex 21 -29.3635 80.4587
      vertex 21 -29.1165 76.3865
    endloop
  endfacet
  facet normal -1 0 0
    outer loop
      vertex 21 -29.3635 80.4587
      vertex 21 -29.2251 75.1447
      vertex 21 -29.2676 74.6587
    endloop
  endfacet
  facet normal -1 0 0
    outer loop
      vertex 21 -2.38479 93.697
      vertex 21 0 95.347
      vertex 21 0 93.697
    endloop
  endfacet
  facet normal -1 0 0
    outer loop
      vertex 21 -2.38479 93.697
      vertex 21 -2.38479 95.347
      vertex 21 0 95.347
    endloop
  endfacet
  facet normal -1 0 0
    outer loop
      vertex 21 -3.07513 93.6366
      vertex 21 -2.38479 95.347
      vertex 21 -2.38479 93.697
    endloop
  endfacet
  facet normal -1 0 0
    outer loop
      vertex 21 -3.07513 93.6366
      vertex 21 -4.06783 95.1997
      vertex 21 -2.38479 95.347
    endloop
  endfacet
  facet normal -1 0 0
    outer loop
      vertex 21 -4.55225 93.5073
      vertex 21 -4.06783 95.1997
      vertex 21 -3.07513 93.6366
    endloop
  endfacet
  facet normal -1 0 0
    outer loop
      vertex 21 -4.55225 93.5073
      vertex 21 -4.83876 95.1323
      vertex 21 -4.06783 95.1997
    endloop
  endfacet
  facet normal -1 0 0
    outer loop
      vertex 21 -5.58627 94.932
      vertex 21 -4.55225 93.5073
      vertex 21 -5.22161 93.328
    endloop
  endfacet
  facet normal -1 0 0
    outer loop
      vertex 21 -4.55225 93.5073
      vertex 21 -5.58627 94.932
      vertex 21 -4.83876 95.1323
    endloop
  endfacet
  facet normal -1 0 0
    outer loop
      vertex 21 -6.65384 92.9442
      vertex 21 -5.58627 94.932
      vertex 21 -5.22161 93.328
    endloop
  endfacet
  facet normal -1 0 0
    outer loop
      vertex 21 -7.21817 94.4947
      vertex 21 -6.65384 92.9442
      vertex 21 -6.95158 92.8571
    endloop
  endfacet
  facet normal -1 0 0
    outer loop
      vertex 21 -6.65384 92.9442
      vertex 21 -7.21817 94.4947
      vertex 21 -5.58627 94.932
    endloop
  endfacet
  facet normal -1 0 0
    outer loop
      vertex 21 -7.21817 94.4947
      vertex 21 -14.4271 91.9706
      vertex 21 -15.8492 91.9706
    endloop
  endfacet
  facet normal 0.0206536 0 -0.999787
    outer loop
      vertex 44.4002 -30.4495 50.1067
      vertex 44.6616 -27.0303 50.1121
      vertex 44.6616 -30.4661 50.1121
    endloop
  endfacet
  facet normal 0.0206536 0 -0.999787
    outer loop
      vertex 44.6616 -27.0303 50.1121
      vertex 44.4002 -30.4495 50.1067
      vertex 44.4002 -26.9671 50.1067
    endloop
  endfacet
  facet normal 0.361413 0 -0.932406
    outer loop
      vertex 44.9181 -30.5473 50.1628
      vertex 45.1619 -27.4464 50.2573
      vertex 45.1619 -30.6906 50.2573
    endloop
  endfacet
  facet normal 0.361413 0 -0.932406
    outer loop
      vertex 45.1619 -27.4464 50.2573
      vertex 44.9181 -30.5473 50.1628
      vertex 44.9181 -27.2256 50.1628
    endloop
  endfacet
  facet normal 0.849281 0 0.527941
    outer loop
      vertex 24.6452 -25.4161 89.3534
      vertex 23.2492 -20.7126 91.5991
      vertex 23.2492 -21.2538 91.5991
    endloop
  endfacet
  facet normal 0.849233 -5.18388e-05 0.528019
    outer loop
      vertex 24.6452 -25.4161 89.3534
      vertex 24.9596 -25.8123 88.8477
      vertex 23.2492 -20.7126 91.5991
    endloop
  endfacet
  facet normal 0.849251 -0 0.52799
    outer loop
      vertex 24.6452 -27.1074 89.3534
      vertex 24.9596 -25.8123 88.8477
      vertex 24.6452 -25.4161 89.3534
    endloop
  endfacet
  facet normal 0.849326 9.03325e-05 0.527869
    outer loop
      vertex 25.5084 -28.0633 87.9647
      vertex 24.6452 -27.1074 89.3534
      vertex 24.9596 -28.0448 88.8477
    endloop
  endfacet
  facet normal 0.849288 -3.23949e-05 0.52793
    outer loop
      vertex 24.6452 -27.1074 89.3534
      vertex 25.5084 -28.0633 87.9647
      vertex 24.9596 -25.8123 88.8477
    endloop
  endfacet
  facet normal 0.849326 0.000148652 0.527868
    outer loop
      vertex 24.9596 -28.0448 88.8477
      vertex 25.683 -28.5141 87.6839
      vertex 25.5084 -28.0633 87.9647
    endloop
  endfacet
  facet normal 0.849298 -8.55792e-06 0.527914
    outer loop
      vertex 25.3597 -29.6858 88.204
      vertex 25.683 -28.5141 87.6839
      vertex 24.9596 -28.0448 88.8477
    endloop
  endfacet
  facet normal 0.849372 -8.19599e-05 0.527795
    outer loop
      vertex 25.683 -28.5141 87.6839
      vertex 25.3597 -29.6858 88.204
      vertex 25.7181 -28.6048 87.6274
    endloop
  endfacet
  facet normal 0.849446 -0.000169838 0.527676
    outer loop
      vertex 25.3823 -29.7442 88.1676
      vertex 25.7181 -28.6048 87.6274
      vertex 25.3597 -29.6858 88.204
    endloop
  endfacet
  facet normal 0.849285 4.45324e-15 0.527934
    outer loop
      vertex 25.6008 -30.3085 87.8161
      vertex 25.7181 -28.6048 87.6274
      vertex 25.3823 -29.7442 88.1676
    endloop
  endfacet
  facet normal 0.849288 -5.85288e-07 0.52793
    outer loop
      vertex 25.6008 -30.3085 87.8161
      vertex 27.4166 -31.3875 84.895
      vertex 25.7181 -28.6048 87.6274
    endloop
  endfacet
  facet normal 0.849287 -3.77415e-06 0.527931
    outer loop
      vertex 27.0366 -32.6608 85.5063
      vertex 27.4166 -31.3875 84.895
      vertex 25.6008 -30.3085 87.8161
    endloop
  endfacet
  facet normal 0.849285 -1.92988e-06 0.527934
    outer loop
      vertex 27.4166 -31.3875 84.895
      vertex 27.0366 -32.6608 85.5063
      vertex 28.1406 -32.417 83.7303
    endloop
  endfacet
  facet normal 0.849283 3.80741e-05 0.527938
    outer loop
      vertex 27.8807 -33.861 84.1485
      vertex 28.1406 -32.417 83.7303
      vertex 27.0366 -32.6608 85.5063
    endloop
  endfacet
  facet normal 0.849291 3.27342e-05 0.527925
    outer loop
      vertex 28.7799 -33.4632 82.7019
      vertex 28.1406 -32.417 83.7303
      vertex 27.8807 -33.861 84.1485
    endloop
  endfacet
  facet normal 0.849314 8.23562e-05 0.527888
    outer loop
      vertex 28.1406 -32.417 83.7303
      vertex 28.7799 -33.4632 82.7019
      vertex 28.9122 -33.1819 82.489
    endloop
  endfacet
  facet normal 0.849296 -2.18845e-06 0.527918
    outer loop
      vertex 28.4121 -34.3878 83.2936
      vertex 28.7799 -33.4632 82.7019
      vertex 27.8807 -33.861 84.1485
    endloop
  endfacet
  facet normal 0.849294 0 0.52792
    outer loop
      vertex 28.7799 -33.4632 82.7019
      vertex 28.4121 -34.3878 83.2936
      vertex 28.7799 -34.7524 82.7019
    endloop
  endfacet
  facet normal 0.849358 8.29135e-06 0.527818
    outer loop
      vertex 28.8802 -33.5627 82.5405
      vertex 28.9122 -33.1819 82.489
      vertex 28.7799 -33.4632 82.7019
    endloop
  endfacet
  facet normal 0.84925 4.07812e-05 0.527991
    outer loop
      vertex 28.9122 -33.1819 82.489
      vertex 28.8802 -33.5627 82.5405
      vertex 29.5353 -33.5554 81.4868
    endloop
  endfacet
  facet normal 0.849251 -0.000229325 0.52799
    outer loop
      vertex 29.708 -34.0589 81.2088
      vertex 29.5353 -33.5554 81.4868
      vertex 28.8802 -33.5627 82.5405
    endloop
  endfacet
  facet normal 0.849437 0 0.52769
    outer loop
      vertex 29.5353 -33.5554 81.4868
      vertex 29.708 -34.0589 81.2088
      vertex 29.708 -33.6589 81.2088
    endloop
  endfacet
  facet normal 0.849193 0 0.528083
    outer loop
      vertex 29.708 -33.6589 81.2088
      vertex 29.708 -34.0589 81.2088
      vertex 29.8394 -33.6878 80.9975
    endloop
  endfacet
  facet normal 0.849266 -9.26493e-05 0.527966
    outer loop
      vertex 30.5358 -34.2407 79.8772
      vertex 29.8394 -33.6878 80.9975
      vertex 29.708 -34.0589 81.2088
    endloop
  endfacet
  facet normal 0.849245 9.02634e-05 0.527998
    outer loop
      vertex 30.5038 -33.8336 79.9286
      vertex 30.5358 -34.2407 79.8772
      vertex 30.8041 -33.892 79.4456
    endloop
  endfacet
  facet normal 0.84931 0.000108513 0.527894
    outer loop
      vertex 29.8394 -33.6878 80.9975
      vertex 30.5358 -34.2407 79.8772
      vertex 30.5038 -33.8336 79.9286
    endloop
  endfacet
  facet normal 0.849278 -0 0.527946
    outer loop
      vertex 30.8041 -34.2928 79.4456
      vertex 30.8041 -33.892 79.4456
      vertex 30.5358 -34.2407 79.8772
    endloop
  endfacet
  facet normal 0.849362 0 0.52781
    outer loop
      vertex 45.724 -32.4885 55.444
      vertex 45.7739 -34.1671 55.3637
      vertex 45.7739 -32.45 55.3637
    endloop
  endfacet
  facet normal 0.849278 6.96519e-06 0.527946
    outer loop
      vertex 45.7081 -34.1976 55.4696
      vertex 45.724 -32.4885 55.444
      vertex 44.753 -32.9378 57.006
    endloop
  endfacet
  facet normal 0.849309 5.08694e-05 0.527896
    outer loop
      vertex 44.9377 -34.5541 56.709
      vertex 44.753 -32.9378 57.006
      vertex 43.9057 -33.1048 58.3692
    endloop
  endfacet
  facet normal 0.849248 -4.85072e-05 0.527994
    outer loop
      vertex 43.9684 -34.7451 58.2682
      vertex 43.9057 -33.1048 58.3692
      vertex 43.469 -33.1762 59.0716
    endloop
  endfacet
  facet normal 0.849477 -0 0.527626
    outer loop
      vertex 43.469 -34.8268 59.0716
      vertex 43.469 -33.1762 59.0716
      vertex 43.459 -33.1777 59.0877
    endloop
  endfacet
  facet normal 0.849284 -0 0.527936
    outer loop
      vertex 43.459 -34.8282 59.0877
      vertex 43.459 -33.1777 59.0877
      vertex 39.3127 -33.6105 65.7578
    endloop
  endfacet
  facet normal 0.849284 2.77174e-05 0.527937
    outer loop
      vertex 39.371 -35.255 65.6641
      vertex 39.3127 -33.6105 65.7578
      vertex 36.9744 -33.8341 69.5194
    endloop
  endfacet
  facet normal 0.849287 1.09917e-05 0.527931
    outer loop
      vertex 31.135 -33.896 78.9133
      vertex 33.5677 -34.2702 74.9998
      vertex 36.9744 -33.8341 69.5194
    endloop
  endfacet
  facet normal 0.849288 -0 0.52793
    outer loop
      vertex 36.9744 -35.4841 69.5194
      vertex 36.9744 -33.8341 69.5194
      vertex 33.5677 -34.2702 74.9998
    endloop
  endfacet
  facet normal 0.84932 0 0.527878
    outer loop
      vertex 31.0997 -34.2963 78.97
      vertex 30.8041 -33.892 79.4456
      vertex 30.8041 -34.2928 79.4456
    endloop
  endfacet
  facet normal 0.849477 0 0.527626
    outer loop
      vertex 43.459 -33.1777 59.0877
      vertex 43.459 -34.8282 59.0877
      vertex 43.469 -34.8268 59.0716
    endloop
  endfacet
  facet normal 0.84929 0 0.527926
    outer loop
      vertex 43.469 -33.1762 59.0716
      vertex 43.469 -34.8268 59.0716
      vertex 43.9684 -34.7451 58.2682
    endloop
  endfacet
  facet normal 0.849291 4.36419e-05 0.527924
    outer loop
      vertex 44.753 -32.9378 57.006
      vertex 44.9377 -34.5541 56.709
      vertex 45.7081 -34.1976 55.4696
    endloop
  endfacet
  facet normal 0.849392 3.15789e-06 0.527763
    outer loop
      vertex 45.724 -32.4885 55.444
      vertex 45.7081 -34.1976 55.4696
      vertex 45.7739 -34.1671 55.3637
    endloop
  endfacet
  facet normal 0.849271 -4.53038e-05 0.527957
    outer loop
      vertex 43.9057 -33.1048 58.3692
      vertex 43.9684 -34.7451 58.2682
      vertex 44.9377 -34.5541 56.709
    endloop
  endfacet
  facet normal 0.849286 2.80506e-05 0.527932
    outer loop
      vertex 39.3127 -33.6105 65.7578
      vertex 39.371 -35.255 65.6641
      vertex 43.459 -34.8282 59.0877
    endloop
  endfacet
  facet normal 0.849279 0 0.527944
    outer loop
      vertex 36.9744 -33.8341 69.5194
      vertex 36.9744 -35.4841 69.5194
      vertex 39.371 -35.255 65.6641
    endloop
  endfacet
  facet normal 0.849288 0 0.52793
    outer loop
      vertex 36.9744 -35.4841 69.5194
      vertex 33.5677 -34.2702 74.9998
      vertex 33.5677 -35.5202 74.9998
    endloop
  endfacet
  facet normal 0.849277 -0.000112119 0.527947
    outer loop
      vertex 30.8041 -33.892 79.4456
      vertex 31.0997 -34.2963 78.97
      vertex 31.135 -33.896 78.9133
    endloop
  endfacet
  facet normal 0.849282 -0.000113641 0.527939
    outer loop
      vertex 31.135 -33.896 78.9133
      vertex 31.0997 -34.2963 78.97
      vertex 33.5677 -34.2702 74.9998
    endloop
  endfacet
  facet normal 0.946598 0 -0.322417
    outer loop
      vertex 45.9566 -29.2628 51.2452
      vertex 45.8723 -31.506 50.9977
      vertex 45.8723 -28.9064 50.9977
    endloop
  endfacet
  facet normal 0.946653 -1.99331e-05 -0.322255
    outer loop
      vertex 45.9566 -29.2628 51.2452
      vertex 45.9414 -31.7097 51.2007
      vertex 45.8723 -31.506 50.9977
    endloop
  endfacet
  facet normal 0.946318 0 -0.323237
    outer loop
      vertex 45.9414 -31.7097 51.2007
      vertex 45.9566 -29.2628 51.2452
      vertex 45.9566 -31.7544 51.2452
    endloop
  endfacet
  facet normal 0.876224 0 -0.481904
    outer loop
      vertex 45.8723 -28.9064 50.9977
      vertex 45.7463 -31.2757 50.7686
      vertex 45.7463 -28.575 50.7686
    endloop
  endfacet
  facet normal 0.876224 0 -0.481904
    outer loop
      vertex 45.7463 -31.2757 50.7686
      vertex 45.8723 -28.9064 50.9977
      vertex 45.8723 -31.506 50.9977
    endloop
  endfacet
  facet normal 0.39401 5.65468e-05 0.919106
    outer loop
      vertex 22.2368 -18.9811 92.3271
      vertex 22.5662 -19.1436 92.1859
      vertex 22.4836 -18.9864 92.2213
    endloop
  endfacet
  facet normal 0.39408 0 0.919076
    outer loop
      vertex 22.5662 -19.1436 92.1859
      vertex 22.4279 -19.4215 92.2452
      vertex 22.5662 -19.6848 92.1859
    endloop
  endfacet
  facet normal 0.394012 0.000138207 0.919105
    outer loop
      vertex 22.2368 -18.9811 92.3271
      vertex 22.4836 -18.9864 92.2213
      vertex 22.358 -18.697 92.2751
    endloop
  endfacet
  facet normal 0.394005 4.4015e-05 0.919108
    outer loop
      vertex 22.5662 -19.1436 92.1859
      vertex 22.2368 -18.9811 92.3271
      vertex 22.4279 -19.4215 92.2452
    endloop
  endfacet
  facet normal 0.394229 6.9271e-05 0.919012
    outer loop
      vertex 22.1025 -18.6717 92.3847
      vertex 22.358 -18.697 92.2751
      vertex 22.1677 -18.2586 92.3567
    endloop
  endfacet
  facet normal 0.394226 3.01261e-05 0.919014
    outer loop
      vertex 22.358 -18.697 92.2751
      vertex 22.1025 -18.6717 92.3847
      vertex 22.2368 -18.9811 92.3271
    endloop
  endfacet
  facet normal 0.393965 -3.19741e-05 0.919126
    outer loop
      vertex 21.9834 -18.158 92.4357
      vertex 22.1677 -18.2586 92.3567
      vertex 22.0308 -17.6676 92.4154
    endloop
  endfacet
  facet normal 0.394029 0.000106699 0.919098
    outer loop
      vertex 22.1677 -18.2586 92.3567
      vertex 21.9834 -18.158 92.4357
      vertex 22.1025 -18.6717 92.3847
    endloop
  endfacet
  facet normal 0.393589 -6.32697e-05 0.919287
    outer loop
      vertex 21.847 -17.5696 92.4941
      vertex 22.0308 -17.6676 92.4154
      vertex 21.9197 -17.1886 92.463
    endloop
  endfacet
  facet normal 0.393621 7.3712e-06 0.919273
    outer loop
      vertex 22.0308 -17.6676 92.4154
      vertex 21.847 -17.5696 92.4941
      vertex 21.9834 -18.158 92.4357
    endloop
  endfacet
  facet normal 0.393905 7.19305e-05 0.919151
    outer loop
      vertex 21.7556 -16.8629 92.5333
      vertex 21.9197 -17.1886 92.463
      vertex 21.8281 -16.4804 92.5022
    endloop
  endfacet
  facet normal 0.393654 -7.78486e-05 0.919259
    outer loop
      vertex 21.9197 -17.1886 92.463
      vertex 21.7556 -16.8629 92.5333
      vertex 21.847 -17.5696 92.4941
    endloop
  endfacet
  facet normal 0.394193 2.70299e-06 0.919028
    outer loop
      vertex 21.6635 -16.1513 92.5728
      vertex 21.8281 -16.4804 92.5022
      vertex 21.7416 -15.8117 92.5393
    endloop
  endfacet
  facet normal 0.394199 5.92788e-06 0.919025
    outer loop
      vertex 21.8281 -16.4804 92.5022
      vertex 21.6635 -16.1513 92.5728
      vertex 21.7556 -16.8629 92.5333
    endloop
  endfacet
  facet normal 0.393393 -4.91589e-05 0.91937
    outer loop
      vertex 21 -6.95158 92.8571
      vertex 21.7416 -15.8117 92.5393
      vertex 21.0725 -6.53414 92.8261
    endloop
  endfacet
  facet normal 0.393154 -0 0.919473
    outer loop
      vertex 21 -6.95158 92.8571
      vertex 21.0725 -6.53414 92.8261
      vertex 21 -5.43919 92.8571
    endloop
  endfacet
  facet normal 0.39412 2.28055e-05 0.919059
    outer loop
      vertex 21.7416 -15.8117 92.5393
      vertex 21 -6.95158 92.8571
      vertex 21.6635 -16.1513 92.5728
    endloop
  endfacet
  facet normal -0.0664698 -0 -0.997788
    outer loop
      vertex 43.459 -27.0464 50.1694
      vertex 44.4002 -30.4495 50.1067
      vertex 43.459 -30.5071 50.1694
    endloop
  endfacet
  facet normal -0.0664698 0 -0.997788
    outer loop
      vertex 44.4002 -30.4495 50.1067
      vertex 43.459 -27.0464 50.1694
      vertex 44.4002 -26.9671 50.1067
    endloop
  endfacet
  facet normal -0.0665243 0 -0.997785
    outer loop
      vertex 43.459 -30.5071 50.1694
      vertex 40.9542 -26.2536 50.3364
      vertex 43.459 -27.0464 50.1694
    endloop
  endfacet
  facet normal -0.0665174 4.0607e-06 -0.997785
    outer loop
      vertex 36.9744 -29.6152 50.6017
      vertex 40.9542 -26.2536 50.3364
      vertex 43.459 -30.5071 50.1694
    endloop
  endfacet
  facet normal -0.0665033 -1.28021e-05 -0.997786
    outer loop
      vertex 40.9542 -26.2536 50.3364
      vertex 36.9744 -29.6152 50.6017
      vertex 38.9466 -25.6181 50.4702
    endloop
  endfacet
  facet normal -0.0665591 1.48646e-05 -0.997782
    outer loop
      vertex 36.138 -29.1947 50.6575
      vertex 38.9466 -25.6181 50.4702
      vertex 36.9744 -29.6152 50.6017
    endloop
  endfacet
  facet normal -0.0666106 5.55374e-05 -0.997779
    outer loop
      vertex 38.9466 -25.6181 50.4702
      vertex 36.138 -29.1947 50.6575
      vertex 38.5275 -25.2347 50.4982
    endloop
  endfacet
  facet normal -0.0664998 -1.16589e-05 -0.997786
    outer loop
      vertex 38.5275 -25.2347 50.4982
      vertex 36.138 -29.1947 50.6575
      vertex 37.1964 -24.0174 50.5869
    endloop
  endfacet
  facet normal -0.0665274 -5.98558e-06 -0.997785
    outer loop
      vertex 33.0662 -27.0911 50.8623
      vertex 37.1964 -24.0174 50.5869
      vertex 36.138 -29.1947 50.6575
    endloop
  endfacet
  facet normal -0.0665062 -3.45588e-05 -0.997786
    outer loop
      vertex 31.3519 -25.2255 50.9765
      vertex 37.1964 -24.0174 50.5869
      vertex 33.0662 -27.0911 50.8623
    endloop
  endfacet
  facet normal -0.0665251 5.70179e-05 -0.997785
    outer loop
      vertex 30.8041 -23.8841 51.0131
      vertex 37.1964 -24.0174 50.5869
      vertex 31.3519 -25.2255 50.9765
    endloop
  endfacet
  facet normal -0.0671168 -0.000185718 -0.997745
    outer loop
      vertex 30.8041 -23.8841 51.0131
      vertex 31.3519 -25.2255 50.9765
      vertex 31.1849 -25.0437 50.9877
    endloop
  endfacet
  facet normal -0.0665274 -5.29419e-05 -0.997785
    outer loop
      vertex 37.1964 -24.0174 50.5869
      vertex 30.8041 -23.8841 51.0131
      vertex 30.7225 -23.1173 51.0185
    endloop
  endfacet
  facet normal -0.06652 0 -0.997785
    outer loop
      vertex 37.1964 -24.0174 50.5869
      vertex 30.7225 -23.1173 51.0185
      vertex 37.1964 0 50.5869
    endloop
  endfacet
  facet normal -0.06652 0 -0.997785
    outer loop
      vertex 37.1964 0 50.5869
      vertex 30.7225 -23.1173 51.0185
      vertex 30.7225 0 51.0185
    endloop
  endfacet
  facet normal 0.899338 0 0.437254
    outer loop
      vertex 45.7739 -32.45 55.3637
      vertex 45.9095 -34.0881 55.0848
      vertex 45.9095 -32.3172 55.0848
    endloop
  endfacet
  facet normal 0.899338 0 0.437254
    outer loop
      vertex 45.9095 -34.0881 55.0848
      vertex 45.7739 -32.45 55.3637
      vertex 45.7739 -34.1671 55.3637
    endloop
  endfacet
  facet normal 0.992736 0 -0.120315
    outer loop
      vertex 46 -29.7758 51.6033
      vertex 45.9566 -31.7544 51.2452
      vertex 45.9566 -29.2628 51.2452
    endloop
  endfacet
  facet normal 0.992736 0 -0.120315
    outer loop
      vertex 45.9566 -31.7544 51.2452
      vertex 46 -29.7758 51.6033
      vertex 46 -32.1129 51.6033
    endloop
  endfacet
  facet normal 0.509999 -0 0.860175
    outer loop
      vertex 22.5662 -19.6848 92.1859
      vertex 22.9015 -19.8325 91.9871
      vertex 22.5662 -19.1436 92.1859
    endloop
  endfacet
  facet normal 0.509999 0 0.860175
    outer loop
      vertex 22.9015 -19.8325 91.9871
      vertex 22.5662 -19.6848 92.1859
      vertex 22.9015 -20.3737 91.9871
    endloop
  endfacet
  facet normal 1 0 0
    outer loop
      vertex 46 -29.8178 51.6328
      vertex 46 -32.1129 51.6033
      vertex 46 -29.7758 51.6033
    endloop
  endfacet
  facet normal 1 0 0
    outer loop
      vertex 46 -30.921 52.7359
      vertex 46 -32.1129 51.6033
      vertex 46 -29.8178 51.6328
    endloop
  endfacet
  facet normal 1 0 0
    outer loop
      vertex 46 -30.9214 52.7365
      vertex 46 -32.1129 51.6033
      vertex 46 -30.921 52.7359
    endloop
  endfacet
  facet normal 1 0 0
    outer loop
      vertex 46 -32.5807 52.2405
      vertex 46 -30.9214 52.7365
      vertex 46 -31.2552 53.2132
    endloop
  endfacet
  facet normal 1 0 0
    outer loop
      vertex 46 -32.5807 52.2405
      vertex 46 -31.2552 53.2132
      vertex 46 -31.8163 54.0145
    endloop
  endfacet
  facet normal 1 0 0
    outer loop
      vertex 46 -33.2452 53.1895
      vertex 46 -31.8163 54.0145
      vertex 46 -32.0762 54.5718
    endloop
  endfacet
  facet normal 1 0 0
    outer loop
      vertex 46 -30.9214 52.7365
      vertex 46 -32.1854 51.6759
      vertex 46 -32.1129 51.6033
    endloop
  endfacet
  facet normal 1 0 0
    outer loop
      vertex 46 -32.1129 51.6033
      vertex 46 -32.1854 51.6759
      vertex 46 -32.185 51.6753
    endloop
  endfacet
  facet normal 1 0 0
    outer loop
      vertex 46 -30.9214 52.7365
      vertex 46 -32.5807 52.2405
      vertex 46 -32.1854 51.6759
    endloop
  endfacet
  facet normal 1 0 0
    outer loop
      vertex 46 -31.8163 54.0145
      vertex 46 -33.2452 53.1895
      vertex 46 -32.5807 52.2405
    endloop
  endfacet
  facet normal 1 0 0
    outer loop
      vertex 46 -32.0762 54.5718
      vertex 46 -33.7348 54.2394
      vertex 46 -33.2452 53.1895
    endloop
  endfacet
  facet normal 1 0 -0
    outer loop
      vertex 46 -33.7348 54.2394
      vertex 46 -32.0762 54.5718
      vertex 46 -33.8898 54.5718
    endloop
  endfacet
  facet normal 0.8 -0 0.6
    outer loop
      vertex 23.0923 -20.8255 91.8083
      vertex 23.2492 -20.7126 91.5991
      vertex 23.0923 -20.2843 91.8083
    endloop
  endfacet
  facet normal 0.8 0 0.6
    outer loop
      vertex 23.2492 -20.7126 91.5991
      vertex 23.0923 -20.8255 91.8083
      vertex 23.2492 -21.2538 91.5991
    endloop
  endfacet
  facet normal 0.779332 0 -0.626611
    outer loop
      vertex 45.7338 -28.5523 50.7531
      vertex 45.5824 -31.0704 50.5648
      vertex 45.5824 -28.1374 50.5648
    endloop
  endfacet
  facet normal 0.778504 0.00012674 -0.62764
    outer loop
      vertex 45.7463 -28.575 50.7686
      vertex 45.5824 -31.0704 50.5648
      vertex 45.7338 -28.5523 50.7531
    endloop
  endfacet
  facet normal 0.779262 0 -0.626698
    outer loop
      vertex 45.5824 -31.0704 50.5648
      vertex 45.7463 -28.575 50.7686
      vertex 45.7463 -31.2757 50.7686
    endloop
  endfacet
  facet normal 0.683788 -0 0.72968
    outer loop
      vertex 22.9015 -20.3737 91.9871
      vertex 23.0923 -20.2843 91.8083
      vertex 22.9015 -19.8325 91.9871
    endloop
  endfacet
  facet normal 0.683788 0 0.72968
    outer loop
      vertex 23.0923 -20.2843 91.8083
      vertex 22.9015 -20.3737 91.9871
      vertex 23.0923 -20.8255 91.8083
    endloop
  endfacet
  facet normal 0.193909 0 -0.981019
    outer loop
      vertex 44.6616 -30.4661 50.1121
      vertex 44.9181 -27.2256 50.1628
      vertex 44.9181 -30.5473 50.1628
    endloop
  endfacet
  facet normal 0.194616 -5.81441e-05 -0.98088
    outer loop
      vertex 44.9181 -27.2256 50.1628
      vertex 44.6616 -30.4661 50.1121
      vertex 44.8284 -27.1809 50.145
    endloop
  endfacet
  facet normal 0.193514 0 -0.981098
    outer loop
      vertex 44.8284 -27.1809 50.145
      vertex 44.6616 -30.4661 50.1121
      vertex 44.6616 -27.0303 50.1121
    endloop
  endfacet
  facet normal 0.51781 0 -0.855496
    outer loop
      vertex 45.1619 -30.6906 50.2573
      vertex 45.3856 -27.7535 50.3927
      vertex 45.3856 -30.8915 50.3927
    endloop
  endfacet
  facet normal 0.51781 0 -0.855496
    outer loop
      vertex 45.3856 -27.7535 50.3927
      vertex 45.1619 -30.6906 50.2573
      vertex 45.1619 -27.4464 50.2573
    endloop
  endfacet
  facet normal 0.996189 0 0.0872239
    outer loop
      vertex 45.9772 -32.1981 54.8322
      vertex 46 -33.8898 54.5718
      vertex 46 -32.0762 54.5718
    endloop
  endfacet
  facet normal 0.996189 0 0.0872239
    outer loop
      vertex 46 -33.8898 54.5718
      vertex 45.9772 -32.1981 54.8322
      vertex 45.9772 -34.0117 54.8322
    endloop
  endfacet
  facet normal 0.658288 0 -0.752766
    outer loop
      vertex 45.3856 -30.8915 50.3927
      vertex 45.5824 -28.1374 50.5648
      vertex 45.5824 -31.0704 50.5648
    endloop
  endfacet
  facet normal 0.659927 0.00319189 -0.751323
    outer loop
      vertex 45.3856 -30.8915 50.3927
      vertex 45.5824 -31.0704 50.5648
      vertex 45.3974 -30.9067 50.403
    endloop
  endfacet
  facet normal 0.656965 0.000166675 -0.753921
    outer loop
      vertex 45.5824 -28.1374 50.5648
      vertex 45.3856 -30.8915 50.3927
      vertex 45.5731 -28.1193 50.5567
    endloop
  endfacet
  facet normal 0.658362 0 -0.752701
    outer loop
      vertex 45.5731 -28.1193 50.5567
      vertex 45.3856 -30.8915 50.3927
      vertex 45.3856 -27.7535 50.3927
    endloop
  endfacet
  facet normal 0.966135 0 0.258036
    outer loop
      vertex 45.9557 -32.236 54.9127
      vertex 45.9772 -34.0117 54.8322
      vertex 45.9772 -32.1981 54.8322
    endloop
  endfacet
  facet normal 0.965812 -5.86354e-05 0.259243
    outer loop
      vertex 45.9095 -32.3172 55.0848
      vertex 45.9772 -34.0117 54.8322
      vertex 45.9557 -32.236 54.9127
    endloop
  endfacet
  facet normal 0.96591 -0 0.258876
    outer loop
      vertex 45.9095 -34.0881 55.0848
      vertex 45.9772 -34.0117 54.8322
      vertex 45.9095 -32.3172 55.0848
    endloop
  endfacet
  facet normal 0.965485 0.0054179 0.260401
    outer loop
      vertex 45.9772 -34.0117 54.8322
      vertex 45.9095 -34.0881 55.0848
      vertex 45.9682 -34.0276 54.8659
    endloop
  endfacet
  facet normal -0.798494 -0.425668 0.425692
    outer loop
      vertex 21.5184 -21.1289 91.1566
      vertex 23.2609 -17.4184 98.1354
      vertex 23.1409 -17.2493 98.0794
    endloop
  endfacet
  facet normal -0.797958 -0.425943 0.426422
    outer loop
      vertex 21.6827 -21.6159 90.9776
      vertex 21.5184 -21.1289 91.1566
      vertex 21.5528 -21.2425 91.1075
    endloop
  endfacet
  facet normal -0.798373 -0.425836 0.425751
    outer loop
      vertex 21.5184 -21.1289 91.1566
      vertex 21.6827 -21.6159 90.9776
      vertex 23.2609 -17.4184 98.1354
    endloop
  endfacet
  facet normal -0.963065 -0.0234336 0.268247
    outer loop
      vertex 21 -2.38479 95.347
      vertex 21.4122 -3.93115 96.6918
      vertex 21.351 -2.4176 96.6043
    endloop
  endfacet
  facet normal -0.963076 -0.0234733 0.268205
    outer loop
      vertex 21.4122 -3.93115 96.6918
      vertex 21 -2.38479 95.347
      vertex 21 -4.06783 95.1997
    endloop
  endfacet
  facet normal -0.745035 -0.492547 0.4498
    outer loop
      vertex 21.8348 -22.0534 90.8255
      vertex 24.2186 -18.7132 98.4316
      vertex 23.6149 -17.9477 98.2699
    endloop
  endfacet
  facet normal -0.745039 -0.492542 0.449799
    outer loop
      vertex 24.2186 -18.7132 98.4316
      vertex 21.8348 -22.0534 90.8255
      vertex 24.9596 -19.7748 98.4965
    endloop
  endfacet
  facet normal -0.744987 -0.492619 0.4498
    outer loop
      vertex 22.1075 -22.7148 90.5528
      vertex 24.9596 -19.7748 98.4965
      vertex 21.8348 -22.0534 90.8255
    endloop
  endfacet
  facet normal -0.745058 -0.492522 0.44979
    outer loop
      vertex 22.75 -24.0976 90.1029
      vertex 24.9596 -19.7748 98.4965
      vertex 22.1075 -22.7148 90.5528
    endloop
  endfacet
  facet normal -0.745026 -0.49256 0.449801
    outer loop
      vertex 23.4609 -25.4756 89.7714
      vertex 24.9596 -19.7748 98.4965
      vertex 22.75 -24.0976 90.1029
    endloop
  endfacet
  facet normal -0.74502 -0.492566 0.449804
    outer loop
      vertex 24.9596 -19.7748 98.4965
      vertex 23.4609 -25.4756 89.7714
      vertex 24.9596 -28.2255 89.2424
    endloop
  endfacet
  facet normal -0.79825 -0.42556 0.426258
    outer loop
      vertex 23.2609 -17.4184 98.1354
      vertex 23.6149 -17.9477 98.2699
      vertex 23.4609 -17.7002 98.2286
    endloop
  endfacet
  facet normal -0.798404 -0.425796 0.425734
    outer loop
      vertex 21.6827 -21.6159 90.9776
      vertex 23.6149 -17.9477 98.2699
      vertex 23.2609 -17.4184 98.1354
    endloop
  endfacet
  facet normal -0.798537 -0.425606 0.425674
    outer loop
      vertex 23.6149 -17.9477 98.2699
      vertex 21.6827 -21.6159 90.9776
      vertex 21.8348 -22.0534 90.8255
    endloop
  endfacet
  facet normal -0.963171 0 0.268888
    outer loop
      vertex 21 -2.38479 95.347
      vertex 21.351 0 96.6043
      vertex 21 0 95.347
    endloop
  endfacet
  facet normal -0.963171 0 0.268888
    outer loop
      vertex 21.351 0 96.6043
      vertex 21 -2.38479 95.347
      vertex 21.351 -2.4176 96.6043
    endloop
  endfacet
  facet normal -0.904691 -0.244406 0.348998
    outer loop
      vertex 21.2856 -19.7921 91.4891
      vertex 23.0304 -16.9136 98.0279
      vertex 22.7653 -16.1088 97.9043
    endloop
  endfacet
  facet normal -0.904687 -0.244417 0.349002
    outer loop
      vertex 23.0304 -16.9136 98.0279
      vertex 21.2856 -19.7921 91.4891
      vertex 21.3816 -20.3432 91.352
    endloop
  endfacet
  facet normal -0.96147 -0.0711566 0.26554
    outer loop
      vertex 21 -7.21817 94.4947
      vertex 21.5753 -5.95928 96.9151
      vertex 21 -5.58627 94.932
    endloop
  endfacet
  facet normal -0.961461 -0.0712008 0.265561
    outer loop
      vertex 21.5753 -5.95928 96.9151
      vertex 21 -7.21817 94.4947
      vertex 21.7215 -7.38858 97.0612
    endloop
  endfacet
  facet normal -0.904747 -0.244277 0.348945
    outer loop
      vertex 21.3816 -20.3432 91.352
      vertex 23.1409 -17.2493 98.0794
      vertex 23.0304 -16.9136 98.0279
    endloop
  endfacet
  facet normal -0.904734 -0.244309 0.348956
    outer loop
      vertex 23.1409 -17.2493 98.0794
      vertex 21.3816 -20.3432 91.352
      vertex 21.5184 -21.1289 91.1566
    endloop
  endfacet
  facet normal -0.961116 -0.0775149 0.265044
    outer loop
      vertex 21 -7.21817 94.4947
      vertex 22.1075 -10.8548 97.4472
      vertex 21.7215 -7.38858 97.0612
    endloop
  endfacet
  facet normal -0.961115 -0.0775118 0.265048
    outer loop
      vertex 21 -15.8492 91.9706
      vertex 22.1075 -10.8548 97.4472
      vertex 21 -7.21817 94.4947
    endloop
  endfacet
  facet normal -0.961116 -0.0775073 0.265044
    outer loop
      vertex 22.1075 -10.8548 97.4472
      vertex 21 -15.8492 91.9706
      vertex 22.481 -14.5921 97.7087
    endloop
  endfacet
  facet normal -0.961116 -0.0775095 0.265044
    outer loop
      vertex 21.1029 -17.8795 91.75
      vertex 22.481 -14.5921 97.7087
      vertex 21 -15.8492 91.9706
    endloop
  endfacet
  facet normal -0.961124 -0.0774747 0.265027
    outer loop
      vertex 22.481 -14.5921 97.7087
      vertex 21.1029 -17.8795 91.75
      vertex 21.1176 -18.1337 91.729
    endloop
  endfacet
  facet normal -0.961457 -0.0711656 0.265587
    outer loop
      vertex 21 -5.58627 94.932
      vertex 21.452 -4.91376 96.7485
      vertex 21 -4.83876 95.1323
    endloop
  endfacet
  facet normal -0.961465 -0.071116 0.26557
    outer loop
      vertex 21 -5.58627 94.932
      vertex 21.5528 -5.7388 96.8925
      vertex 21.452 -4.91376 96.7485
    endloop
  endfacet
  facet normal -0.961476 -0.0708947 0.265591
    outer loop
      vertex 21.5528 -5.7388 96.8925
      vertex 21 -5.58627 94.932
      vertex 21.5753 -5.95928 96.9151
    endloop
  endfacet
  facet normal -0.963064 -0.0234523 0.26825
    outer loop
      vertex 21.452 -4.91376 96.7485
      vertex 21 -4.06783 95.1997
      vertex 21 -4.83876 95.1323
    endloop
  endfacet
  facet normal -0.963073 -0.0235321 0.268209
    outer loop
      vertex 21 -4.06783 95.1997
      vertex 21.452 -4.91376 96.7485
      vertex 21.4122 -3.93115 96.6918
    endloop
  endfacet
  facet normal -0.944575 -0.138741 0.29754
    outer loop
      vertex 21.1176 -18.1337 91.729
      vertex 22.5844 -15.1408 97.7811
      vertex 22.481 -14.5921 97.7087
    endloop
  endfacet
  facet normal -0.944566 -0.138771 0.297553
    outer loop
      vertex 22.5844 -15.1408 97.7811
      vertex 21.1176 -18.1337 91.729
      vertex 21.2208 -19.1522 91.5816
    endloop
  endfacet
  facet normal -0.944591 -0.138695 0.297509
    outer loop
      vertex 21.2208 -19.1522 91.5816
      vertex 22.75 -16.0198 97.8971
      vertex 22.5844 -15.1408 97.7811
    endloop
  endfacet
  facet normal -0.944689 -0.138346 0.297359
    outer loop
      vertex 22.75 -16.0198 97.8971
      vertex 21.2208 -19.1522 91.5816
      vertex 22.7653 -16.1088 97.9043
    endloop
  endfacet
  facet normal -0.944603 -0.138659 0.297489
    outer loop
      vertex 22.7653 -16.1088 97.9043
      vertex 21.2208 -19.1522 91.5816
      vertex 21.2856 -19.7921 91.4891
    endloop
  endfacet
  facet normal -0.535117 -0.735203 0.416084
    outer loop
      vertex 25.7739 -30.2495 88.955
      vertex 30.8041 -29.5143 96.7233
      vertex 27.4259 -26.3807 97.9156
    endloop
  endfacet
  facet normal -0.535119 -0.735201 0.416085
    outer loop
      vertex 25.7739 -30.2495 88.955
      vertex 30.8041 -34.5501 87.8253
      vertex 30.8041 -29.5143 96.7233
    endloop
  endfacet
  facet normal -0.535147 -0.735217 0.41602
    outer loop
      vertex 30.8041 -34.5501 87.8253
      vertex 25.7739 -30.2495 88.955
      vertex 30.0988 -34.2612 87.4286
    endloop
  endfacet
  facet normal -0.889314 -0.337684 0.308368
    outer loop
      vertex 24.9596 -28.2255 89.2424
      vertex 25 -19.878 98.5
      vertex 24.9596 -19.7748 98.4965
    endloop
  endfacet
  facet normal -0.889221 -0.337818 0.308488
    outer loop
      vertex 25 -19.878 98.5
      vertex 24.9596 -28.2255 89.2424
      vertex 25.7814 -21.9973 98.4316
    endloop
  endfacet
  facet normal -0.889219 -0.337822 0.308491
    outer loop
      vertex 25.7814 -21.9973 98.4316
      vertex 24.9596 -28.2255 89.2424
      vertex 26.5391 -24.1771 98.2286
    endloop
  endfacet
  facet normal -0.889209 -0.337842 0.308498
    outer loop
      vertex 26.5391 -24.1771 98.2286
      vertex 24.9596 -28.2255 89.2424
      vertex 27.093 -25.8135 98.0331
    endloop
  endfacet
  facet normal -0.889235 -0.337782 0.308488
    outer loop
      vertex 27.093 -25.8135 98.0331
      vertex 24.9596 -28.2255 89.2424
      vertex 25.4686 -29.7295 89.0628
    endloop
  endfacet
  facet normal -0.766584 -0.525943 0.368419
    outer loop
      vertex 25.4686 -29.7295 89.0628
      vertex 27.2453 -26.0731 97.9794
      vertex 27.093 -25.8135 98.0331
    endloop
  endfacet
  facet normal -0.766147 -0.526485 0.368555
    outer loop
      vertex 27.2453 -26.0731 97.9794
      vertex 25.4686 -29.7295 89.0628
      vertex 25.505 -29.7915 89.0499
    endloop
  endfacet
  facet normal -0.766271 -0.526332 0.368515
    outer loop
      vertex 25.505 -29.7915 89.0499
      vertex 27.4259 -26.3807 97.9156
      vertex 27.2453 -26.0731 97.9794
    endloop
  endfacet
  facet normal -0.766317 -0.526274 0.368503
    outer loop
      vertex 27.4259 -26.3807 97.9156
      vertex 25.505 -29.7915 89.0499
      vertex 25.7739 -30.2495 88.955
    endloop
  endfacet
  facet normal -0.520113 -0.774052 0.361008
    outer loop
      vertex 30.8041 -34.5501 87.8253
      vertex 30.0988 -34.2612 87.4286
      vertex 30.8041 -34.8512 87.1797
    endloop
  endfacet
  facet normal -0.155146 -0.954233 0.255674
    outer loop
      vertex 36.9744 -36.2878 86.4877
      vertex 33.6235 -35.8242 86.1846
      vertex 36.9744 -36.6859 85.0019
    endloop
  endfacet
  facet normal -0.161436 -0.894392 0.417134
    outer loop
      vertex 33.6235 -35.8242 86.1846
      vertex 30.8041 -34.5501 87.8253
      vertex 30.8041 -34.8512 87.1797
    endloop
  endfacet
  facet normal -0.161472 -0.894409 0.417085
    outer loop
      vertex 30.8041 -34.5501 87.8253
      vertex 33.6235 -35.8242 86.1846
      vertex 36.9744 -35.4038 88.3834
    endloop
  endfacet
  facet normal -0.161469 -0.894411 0.417081
    outer loop
      vertex 36.9744 -35.4038 88.3834
      vertex 33.6235 -35.8242 86.1846
      vertex 36.9744 -36.2878 86.4877
    endloop
  endfacet
  facet normal -0.161703 -0.889926 0.426479
    outer loop
      vertex 30.8041 -34.5501 87.8253
      vertex 36.9744 -32.4507 94.5456
      vertex 32.3877 -30.8415 96.1644
    endloop
  endfacet
  facet normal -0.161702 -0.889927 0.426478
    outer loop
      vertex 36.9744 -32.4507 94.5456
      vertex 30.8041 -34.5501 87.8253
      vertex 36.9744 -35.4038 88.3834
    endloop
  endfacet
  facet normal -0.48564 -0.760772 0.430557
    outer loop
      vertex 30.8041 -29.5143 96.7233
      vertex 30.8041 -34.5501 87.8253
      vertex 32.3877 -30.8415 96.1644
    endloop
  endfacet
  facet normal 0 -0.965929 0.258808
    outer loop
      vertex 36.9744 -36.6859 85.0019
      vertex 36.9844 -36.2878 86.4877
      vertex 36.9744 -36.2878 86.4877
    endloop
  endfacet
  facet normal -0.00599594 -0.965901 0.258841
    outer loop
      vertex 36.9844 -36.2878 86.4877
      vertex 36.9744 -36.6859 85.0019
      vertex 36.9844 -36.6869 84.9984
    endloop
  endfacet
  facet normal -0.0996955 -0.897302 0.430012
    outer loop
      vertex 36.9744 -32.4507 94.5456
      vertex 36.9744 -35.4038 88.3834
      vertex 38.1958 -32.793 94.1145
    endloop
  endfacet
  facet normal -0.0460322 -0.90532 0.422228
    outer loop
      vertex 38.1958 -32.793 94.1145
      vertex 36.9744 -35.4038 88.3834
      vertex 38.2984 -32.8151 94.0783
    endloop
  endfacet
  facet normal -0.0132162 -0.995942 0.089023
    outer loop
      vertex 41.2186 -36.9666 83.5684
      vertex 40.0682 -36.9208 83.91
      vertex 40.4609 -36.9384 83.7714
    endloop
  endfacet
  facet normal -0.0138278 -0.996114 0.0869862
    outer loop
      vertex 41.2186 -36.9666 83.5684
      vertex 43.459 -37.0212 83.2993
      vertex 40.0682 -36.9208 83.91
    endloop
  endfacet
  facet normal -0.0137638 -0.996069 0.0875099
    outer loop
      vertex 43.459 -37.0212 83.2993
      vertex 41.2186 -36.9666 83.5684
      vertex 43.459 -37.0246 83.2606
    endloop
  endfacet
  facet normal 0.0460268 -0.91288 0.405626
    outer loop
      vertex 36.9844 -36.2878 86.4877
      vertex 43.1199 -33.3618 92.3766
      vertex 38.6127 -32.8822 93.9674
    endloop
  endfacet
  facet normal 0.0460311 -0.912881 0.405622
    outer loop
      vertex 43.469 -36.4798 85.3197
      vertex 43.1199 -33.3618 92.3766
      vertex 36.9844 -36.2878 86.4877
    endloop
  endfacet
  facet normal 0.0461231 -0.912876 0.405624
    outer loop
      vertex 43.1199 -33.3618 92.3766
      vertex 43.469 -36.4798 85.3197
      vertex 43.469 -33.3694 92.3198
    endloop
  endfacet
  facet normal -0.0456565 -0.905369 0.422163
    outer loop
      vertex 36.9744 -35.4038 88.3834
      vertex 38.6034 -32.8807 93.9706
      vertex 38.2984 -32.8151 94.0783
    endloop
  endfacet
  facet normal -0.0457484 -0.905355 0.422184
    outer loop
      vertex 38.6034 -32.8807 93.9706
      vertex 36.9744 -35.4038 88.3834
      vertex 36.9744 -36.2878 86.4877
    endloop
  endfacet
  facet normal 0 -0.910101 0.414386
    outer loop
      vertex 36.9844 -36.2878 86.4877
      vertex 38.6034 -32.8807 93.9706
      vertex 36.9744 -36.2878 86.4877
    endloop
  endfacet
  facet normal -0.00391339 -0.909775 0.415084
    outer loop
      vertex 38.6034 -32.8807 93.9706
      vertex 36.9844 -36.2878 86.4877
      vertex 38.6127 -32.8822 93.9674
    endloop
  endfacet
  facet normal 0.0180294 -0.965762 0.258803
    outer loop
      vertex 40.0578 -36.9202 83.9137
      vertex 36.9844 -36.2878 86.4877
      vertex 36.9844 -36.6869 84.9984
    endloop
  endfacet
  facet normal 0.0180181 -0.965765 0.258791
    outer loop
      vertex 36.9844 -36.2878 86.4877
      vertex 40.0578 -36.9202 83.9137
      vertex 43.469 -36.4798 85.3197
    endloop
  endfacet
  facet normal 0.0180171 -0.965765 0.258793
    outer loop
      vertex 43.469 -36.4798 85.3197
      vertex 40.0578 -36.9202 83.9137
      vertex 43.469 -37.0212 83.2993
    endloop
  endfacet
  facet normal 0 -0.986754 0.162224
    outer loop
      vertex 43.469 -37.0212 83.2993
      vertex 40.0682 -36.9208 83.91
      vertex 43.459 -37.0212 83.2993
    endloop
  endfacet
  facet normal -0.000801797 -0.987459 0.157875
    outer loop
      vertex 40.0682 -36.9208 83.91
      vertex 43.469 -37.0212 83.2993
      vertex 40.0578 -36.9202 83.9137
    endloop
  endfacet
  facet normal 0.118022 -0.907461 0.403218
    outer loop
      vertex 43.469 -33.3694 92.3198
      vertex 43.469 -36.4798 85.3197
      vertex 45.2273 -33.2678 92.0338
    endloop
  endfacet
  facet normal 0.137783 -0.956709 0.256366
    outer loop
      vertex 43.6599 -37.0115 83.2329
      vertex 43.469 -36.4798 85.3197
      vertex 43.469 -37.0212 83.2993
    endloop
  endfacet
  facet normal 0.137557 -0.956745 0.256355
    outer loop
      vertex 43.6599 -37.0115 83.2329
      vertex 50.2542 -36.1359 82.9623
      vertex 43.469 -36.4798 85.3197
    endloop
  endfacet
  facet normal 0.137557 -0.956764 0.256282
    outer loop
      vertex 50.2542 -36.1359 82.9623
      vertex 43.6599 -37.0115 83.2329
      vertex 50.2542 -36.3061 82.3269
    endloop
  endfacet
  facet normal 0.179902 -0.904881 0.385779
    outer loop
      vertex 43.469 -36.4798 85.3197
      vertex 50.2542 -32.617 91.2161
      vertex 45.2273 -33.2678 92.0338
    endloop
  endfacet
  facet normal 0.179897 -0.90488 0.385784
    outer loop
      vertex 50.2542 -32.617 91.2161
      vertex 43.469 -36.4798 85.3197
      vertex 50.2542 -36.1359 82.9623
    endloop
  endfacet
  facet normal 0.961443 0.0715496 -0.265534
    outer loop
      vertex 22.1075 -4.8125 97.4472
      vertex 21 -4.55225 93.5073
      vertex 22.0995 -4.73469 97.4392
    endloop
  endfacet
  facet normal 0.961464 0.0711369 -0.265567
    outer loop
      vertex 22.1075 -4.8125 97.4472
      vertex 21 -5.22161 93.328
      vertex 21 -4.55225 93.5073
    endloop
  endfacet
  facet normal 0.961462 0.071162 -0.265569
    outer loop
      vertex 21 -5.22161 93.328
      vertex 22.1075 -4.8125 97.4472
      vertex 22.2115 -5.94595 97.52
    endloop
  endfacet
  facet normal 0.944574 0.138748 -0.297538
    outer loop
      vertex 22.9631 -13.3679 97.9965
      vertex 21.6635 -16.1513 92.5728
      vertex 22.8926 -12.9585 97.9636
    endloop
  endfacet
  facet normal 0.944568 0.138769 -0.297548
    outer loop
      vertex 21.6635 -16.1513 92.5728
      vertex 22.9631 -13.3679 97.9965
      vertex 21.7556 -16.8629 92.5333
    endloop
  endfacet
  facet normal 0.961462 0.0711654 -0.265568
    outer loop
      vertex 22.2115 -5.94595 97.52
      vertex 21 -6.65384 92.9442
      vertex 21 -5.22161 93.328
    endloop
  endfacet
  facet normal 0.961466 0.0711258 -0.265564
    outer loop
      vertex 21 -6.65384 92.9442
      vertex 22.2115 -5.94595 97.52
      vertex 22.3047 -6.962 97.5853
    endloop
  endfacet
  facet normal 0.798503 0.425654 -0.42569
    outer loop
      vertex 23.5543 -15.5258 98.2536
      vertex 22.1025 -18.6717 92.3847
      vertex 23.4729 -15.3949 98.2318
    endloop
  endfacet
  facet normal 0.798388 0.425813 -0.425747
    outer loop
      vertex 22.1025 -18.6717 92.3847
      vertex 23.5543 -15.5258 98.2536
      vertex 22.2368 -18.9811 92.3271
    endloop
  endfacet
  facet normal 0.90475 0.244266 -0.348944
    outer loop
      vertex 23.3962 -15.1588 98.1985
      vertex 21.847 -17.5696 92.4941
      vertex 23.1347 -14.3645 98.0765
    endloop
  endfacet
  facet normal 0.904712 0.244362 -0.348974
    outer loop
      vertex 21.847 -17.5696 92.4941
      vertex 23.3962 -15.1588 98.1985
      vertex 21.9834 -18.158 92.4357
    endloop
  endfacet
  facet normal 0.961115 0.0775339 -0.265039
    outer loop
      vertex 22.3047 -6.962 97.5853
      vertex 21 -6.95158 92.8571
      vertex 21 -6.65384 92.9442
    endloop
  endfacet
  facet normal 0.961118 0.0775031 -0.26504
    outer loop
      vertex 22.75 -11.4179 97.8971
      vertex 21 -6.95158 92.8571
      vertex 22.3047 -6.962 97.5853
    endloop
  endfacet
  facet normal 0.961114 0.0775213 -0.265047
    outer loop
      vertex 21.6635 -16.1513 92.5728
      vertex 22.75 -11.4179 97.8971
      vertex 22.8926 -12.9585 97.9636
    endloop
  endfacet
  facet normal 0.961118 0.077508 -0.265036
    outer loop
      vertex 22.75 -11.4179 97.8971
      vertex 21.6635 -16.1513 92.5728
      vertex 21 -6.95158 92.8571
    endloop
  endfacet
  facet normal 0.963176 0 -0.268873
    outer loop
      vertex 22.0234 0 97.3631
      vertex 21 -2.38479 93.697
      vertex 21 0 93.697
    endloop
  endfacet
  facet normal 0.963176 0 -0.268873
    outer loop
      vertex 21 -2.38479 93.697
      vertex 22.0234 0 97.3631
      vertex 22.0234 -2.48045 97.3631
    endloop
  endfacet
  facet normal 0.798518 0.42564 -0.425675
    outer loop
      vertex 23.8858 -16.0588 98.3425
      vertex 22.2368 -18.9811 92.3271
      vertex 23.5543 -15.5258 98.2536
    endloop
  endfacet
  facet normal 0.798509 0.425654 -0.425679
    outer loop
      vertex 22.2368 -18.9811 92.3271
      vertex 23.8858 -16.0588 98.3425
      vertex 22.4279 -19.4215 92.2452
    endloop
  endfacet
  facet normal 0.907656 0.247002 -0.339339
    outer loop
      vertex 23.4729 -15.3949 98.2318
      vertex 23.3962 -15.1588 98.1985
      vertex 23.4609 -15.3552 98.2286
    endloop
  endfacet
  facet normal 0.904596 0.244633 -0.349087
    outer loop
      vertex 23.4729 -15.3949 98.2318
      vertex 21.9834 -18.158 92.4357
      vertex 23.3962 -15.1588 98.1985
    endloop
  endfacet
  facet normal 0.904692 0.244399 -0.349
    outer loop
      vertex 21.9834 -18.158 92.4357
      vertex 23.4729 -15.3949 98.2318
      vertex 22.1025 -18.6717 92.3847
    endloop
  endfacet
  facet normal 0.944572 0.138757 -0.297541
    outer loop
      vertex 23.1347 -14.3645 98.0765
      vertex 21.7556 -16.8629 92.5333
      vertex 22.9631 -13.3679 97.9965
    endloop
  endfacet
  facet normal 0.944595 0.13867 -0.297508
    outer loop
      vertex 21.7556 -16.8629 92.5333
      vertex 23.1347 -14.3645 98.0765
      vertex 21.847 -17.5696 92.4941
    endloop
  endfacet
  facet normal 0.745041 0.492543 -0.449795
    outer loop
      vertex 22.4279 -19.4215 92.2452
      vertex 24.2186 -16.4807 98.4316
      vertex 24.9596 -17.5423 98.4965
    endloop
  endfacet
  facet normal 0.744963 0.49264 -0.449819
    outer loop
      vertex 24.2186 -16.4807 98.4316
      vertex 22.4279 -19.4215 92.2452
      vertex 23.8858 -16.0588 98.3425
    endloop
  endfacet
  facet normal 0.744992 0.492615 -0.449797
    outer loop
      vertex 24.9596 -17.5423 98.4965
      vertex 22.5662 -19.6848 92.1859
      vertex 22.4279 -19.4215 92.2452
    endloop
  endfacet
  facet normal 0.745106 0.492454 -0.449786
    outer loop
      vertex 24.9596 -17.5423 98.4965
      vertex 22.9015 -20.3737 91.9871
      vertex 22.5662 -19.6848 92.1859
    endloop
  endfacet
  facet normal 0.744972 0.492626 -0.449818
    outer loop
      vertex 24.9596 -17.5423 98.4965
      vertex 23.0923 -20.8255 91.8083
      vertex 22.9015 -20.3737 91.9871
    endloop
  endfacet
  facet normal 0.744978 0.492619 -0.449817
    outer loop
      vertex 24.9596 -17.5423 98.4965
      vertex 23.2492 -21.2538 91.5991
      vertex 23.0923 -20.8255 91.8083
    endloop
  endfacet
  facet normal 0.745029 0.492559 -0.449797
    outer loop
      vertex 24.9596 -25.993 89.2424
      vertex 23.2492 -21.2538 91.5991
      vertex 24.9596 -17.5423 98.4965
    endloop
  endfacet
  facet normal 0.745007 0.492565 -0.449826
    outer loop
      vertex 23.2492 -21.2538 91.5991
      vertex 24.9596 -25.993 89.2424
      vertex 24.6452 -25.4161 89.3534
    endloop
  endfacet
  facet normal 0.963069 0.0234683 -0.26823
    outer loop
      vertex 22.0234 -2.48045 97.3631
      vertex 21 -3.07513 93.6366
      vertex 21 -2.38479 93.697
    endloop
  endfacet
  facet normal 0.96307 0.0234489 -0.268228
    outer loop
      vertex 21 -3.07513 93.6366
      vertex 22.0234 -2.48045 97.3631
      vertex 22.0628 -3.64796 97.4025
    endloop
  endfacet
  facet normal 0.963071 0.023479 -0.268223
    outer loop
      vertex 22.0628 -3.64796 97.4025
      vertex 21 -4.55225 93.5073
      vertex 21 -3.07513 93.6366
    endloop
  endfacet
  facet normal 0.963072 0.0234658 -0.268221
    outer loop
      vertex 21 -4.55225 93.5073
      vertex 22.0628 -3.64796 97.4025
      vertex 22.0995 -4.73469 97.4392
    endloop
  endfacet
  facet normal 0.535107 0.735205 -0.416094
    outer loop
      vertex 30.8041 -29.9468 92.6092
      vertex 27.5687 -24.6173 97.8652
      vertex 30.8041 -27.6184 96.7233
    endloop
  endfacet
  facet normal 0.534887 0.735258 -0.416283
    outer loop
      vertex 30.7714 -29.9627 92.5391
      vertex 27.5687 -24.6173 97.8652
      vertex 30.8041 -29.9468 92.6092
    endloop
  endfacet
  facet normal 0.535098 0.735246 -0.416034
    outer loop
      vertex 25.9167 -28.4861 88.9046
      vertex 30.7714 -29.9627 92.5391
      vertex 30.5684 -30.2437 91.7814
    endloop
  endfacet
  facet normal 0.535126 0.735175 -0.416123
    outer loop
      vertex 25.9167 -28.4861 88.9046
      vertex 30.5684 -30.2437 91.7814
      vertex 30.5 -30.6362 91
    endloop
  endfacet
  facet normal 0.535119 0.735208 -0.416074
    outer loop
      vertex 25.9167 -28.4861 88.9046
      vertex 30.5 -30.6362 91
      vertex 30.5684 -31.1282 90.2186
    endloop
  endfacet
  facet normal 0.535118 0.735191 -0.416104
    outer loop
      vertex 25.9167 -28.4861 88.9046
      vertex 30.5684 -31.1282 90.2186
      vertex 30.7714 -31.7048 89.4609
    endloop
  endfacet
  facet normal 0.535121 0.7352 -0.416084
    outer loop
      vertex 30.7714 -29.9627 92.5391
      vertex 25.9167 -28.4861 88.9046
      vertex 27.5687 -24.6173 97.8652
    endloop
  endfacet
  facet normal 0.535085 0.735108 -0.416293
    outer loop
      vertex 30.8041 -31.7683 89.3908
      vertex 25.9167 -28.4861 88.9046
      vertex 30.7714 -31.7048 89.4609
    endloop
  endfacet
  facet normal 0.535128 0.735206 -0.416066
    outer loop
      vertex 25.9167 -28.4861 88.9046
      vertex 30.8041 -31.7683 89.3908
      vertex 30.8041 -33.0196 87.1797
    endloop
  endfacet
  facet normal 0.766232 0.52638 -0.368529
    outer loop
      vertex 27.5687 -24.6173 97.8652
      vertex 25.693 -28.1051 88.9836
      vertex 27.4206 -24.3651 97.9175
    endloop
  endfacet
  facet normal 0.766277 0.526323 -0.368516
    outer loop
      vertex 25.693 -28.1051 88.9836
      vertex 27.5687 -24.6173 97.8652
      vertex 25.9167 -28.4861 88.9046
    endloop
  endfacet
  facet normal 0.766511 0.526031 -0.368445
    outer loop
      vertex 27.4206 -24.3651 97.9175
      vertex 25.6491 -28.0304 88.9991
      vertex 27.2735 -24.1144 97.9694
    endloop
  endfacet
  facet normal 0.766008 0.526654 -0.368601
    outer loop
      vertex 25.6491 -28.0304 88.9991
      vertex 27.4206 -24.3651 97.9175
      vertex 25.693 -28.1051 88.9836
    endloop
  endfacet
  facet normal 0.889221 0.337818 -0.308488
    outer loop
      vertex 24.9596 -25.993 89.2424
      vertex 25 -17.6455 98.5
      vertex 25.7814 -19.7648 98.4316
    endloop
  endfacet
  facet normal 0.889219 0.337822 -0.308491
    outer loop
      vertex 24.9596 -25.993 89.2424
      vertex 25.7814 -19.7648 98.4316
      vertex 26.5391 -21.9446 98.2286
    endloop
  endfacet
  facet normal 0.889219 0.337821 -0.30849
    outer loop
      vertex 24.9596 -25.993 89.2424
      vertex 26.5391 -21.9446 98.2286
      vertex 27.2735 -24.1144 97.9694
    endloop
  endfacet
  facet normal 0.889314 0.337684 -0.308368
    outer loop
      vertex 25 -17.6455 98.5
      vertex 24.9596 -25.993 89.2424
      vertex 24.9596 -17.5423 98.4965
    endloop
  endfacet
  facet normal 0.889238 0.337776 -0.308486
    outer loop
      vertex 24.9596 -25.993 89.2424
      vertex 27.2735 -24.1144 97.9694
      vertex 25.6491 -28.0304 88.9991
    endloop
  endfacet
  facet normal -0.00105775 0.965931 -0.258799
    outer loop
      vertex 36.9844 -34.8405 85.5382
      vertex 36.9744 -34.9842 85.0019
      vertex 36.9744 -34.8396 85.5416
    endloop
  endfacet
  facet normal 0.00596742 0.965881 -0.258916
    outer loop
      vertex 36.9744 -34.9842 85.0019
      vertex 36.9844 -34.8405 85.5382
      vertex 36.9844 -34.9852 84.9984
    endloop
  endfacet
  facet normal 0.16142 0.894406 -0.417111
    outer loop
      vertex 34.8963 -34.4498 85.7354
      vertex 34.1156 -33.9326 86.5423
      vertex 36.1079 -34.6174 85.8449
    endloop
  endfacet
  facet normal 0.16147 0.894417 -0.417069
    outer loop
      vertex 34.1156 -33.9326 86.5423
      vertex 34.8963 -34.4498 85.7354
      vertex 33.3655 -33.9215 86.2757
    endloop
  endfacet
  facet normal 0.161743 0.889906 -0.426504
    outer loop
      vertex 31.5528 -32.7266 88.1075
      vertex 30.836 -33.0464 87.1684
      vertex 31.1292 -32.3597 88.7124
    endloop
  endfacet
  facet normal 0.161694 0.889935 -0.426463
    outer loop
      vertex 31.2086 -33.1771 87.0369
      vertex 31.5528 -32.7266 88.1075
      vertex 32.1075 -33.0932 87.5528
    endloop
  endfacet
  facet normal 0.161691 0.889938 -0.426458
    outer loop
      vertex 31.2086 -33.1771 87.0369
      vertex 32.1075 -33.0932 87.5528
      vertex 32.6571 -33.3775 87.1679
    endloop
  endfacet
  facet normal 0.161665 0.889943 -0.426457
    outer loop
      vertex 31.5528 -32.7266 88.1075
      vertex 31.2086 -33.1771 87.0369
      vertex 30.836 -33.0464 87.1684
    endloop
  endfacet
  facet normal 0.161864 0.890064 -0.426128
    outer loop
      vertex 34.2186 -29.701 95.4316
      vertex 32.5345 -29.0687 96.1126
      vertex 34.4151 -29.7285 95.4488
    endloop
  endfacet
  facet normal 0.161618 0.889894 -0.426577
    outer loop
      vertex 33.4609 -29.6607 95.2286
      vertex 32.5345 -29.0687 96.1126
      vertex 34.2186 -29.701 95.4316
    endloop
  endfacet
  facet normal 0.161703 0.889915 -0.426502
    outer loop
      vertex 32.75 -29.6904 94.8971
      vertex 32.5345 -29.0687 96.1126
      vertex 33.4609 -29.6607 95.2286
    endloop
  endfacet
  facet normal 0.161706 0.889915 -0.426501
    outer loop
      vertex 32.5345 -29.0687 96.1126
      vertex 32.75 -29.6904 94.8971
      vertex 32.2353 -29.7696 94.5367
    endloop
  endfacet
  facet normal 0.485685 0.76076 -0.430527
    outer loop
      vertex 31.1029 -32.3217 88.75
      vertex 30.8041 -33.0196 87.1797
      vertex 30.8041 -31.7683 89.3908
    endloop
  endfacet
  facet normal 0.484548 0.761437 -0.430612
    outer loop
      vertex 31.1292 -32.3597 88.7124
      vertex 30.8041 -33.0196 87.1797
      vertex 31.1029 -32.3217 88.75
    endloop
  endfacet
  facet normal 0.4863 0.760369 -0.430524
    outer loop
      vertex 30.8041 -33.0196 87.1797
      vertex 31.1292 -32.3597 88.7124
      vertex 30.836 -33.0464 87.1684
    endloop
  endfacet
  facet normal 0.485996 0.760556 -0.430537
    outer loop
      vertex 32.1075 -29.7386 94.4472
      vertex 32.5345 -29.0687 96.1126
      vertex 32.2353 -29.7696 94.5367
    endloop
  endfacet
  facet normal 0.485671 0.760763 -0.430537
    outer loop
      vertex 32.5345 -29.0687 96.1126
      vertex 32.1075 -29.7386 94.4472
      vertex 30.8041 -27.6184 96.7233
    endloop
  endfacet
  facet normal 0.485671 0.760763 -0.430538
    outer loop
      vertex 31.5528 -29.6984 93.8925
      vertex 30.8041 -27.6184 96.7233
      vertex 32.1075 -29.7386 94.4472
    endloop
  endfacet
  facet normal 0.485563 0.760801 -0.430593
    outer loop
      vertex 31.1029 -29.7749 93.25
      vertex 30.8041 -27.6184 96.7233
      vertex 31.5528 -29.6984 93.8925
    endloop
  endfacet
  facet normal 0.485688 0.760746 -0.430549
    outer loop
      vertex 30.8041 -27.6184 96.7233
      vertex 31.1029 -29.7749 93.25
      vertex 30.8041 -29.9468 92.6092
    endloop
  endfacet
  facet normal 0.161467 0.894324 -0.417268
    outer loop
      vertex 32.75 -33.4246 87.1029
      vertex 31.2086 -33.1771 87.0369
      vertex 32.6571 -33.3775 87.1679
    endloop
  endfacet
  facet normal 0.16158 0.894408 -0.417044
    outer loop
      vertex 33.3655 -33.9215 86.2757
      vertex 32.75 -33.4246 87.1029
      vertex 33.4609 -33.7076 86.7714
    endloop
  endfacet
  facet normal 0.161457 0.894436 -0.417032
    outer loop
      vertex 33.3655 -33.9215 86.2757
      vertex 33.4609 -33.7076 86.7714
      vertex 34.1156 -33.9326 86.5423
    endloop
  endfacet
  facet normal 0.161472 0.894394 -0.417116
    outer loop
      vertex 32.75 -33.4246 87.1029
      vertex 33.3655 -33.9215 86.2757
      vertex 31.2086 -33.1771 87.0369
    endloop
  endfacet
  facet normal 0.155207 0.954226 -0.255663
    outer loop
      vertex 36.9744 -34.9842 85.0019
      vertex 36.1079 -34.6174 85.8449
      vertex 36.9744 -34.8396 85.5416
    endloop
  endfacet
  facet normal 0.155111 0.954216 -0.255757
    outer loop
      vertex 36.1079 -34.6174 85.8449
      vertex 36.9744 -34.9842 85.0019
      vertex 34.8963 -34.4498 85.7354
    endloop
  endfacet
  facet normal -0.0180005 0.96576 -0.258811
    outer loop
      vertex 38.8362 -35.1258 84.3448
      vertex 36.9844 -34.8405 85.5382
      vertex 40.0792 -35.0731 84.455
    endloop
  endfacet
  facet normal -0.0180473 0.965741 -0.258879
    outer loop
      vertex 36.9844 -34.8405 85.5382
      vertex 38.8362 -35.1258 84.3448
      vertex 36.9844 -34.9852 84.9984
    endloop
  endfacet
  facet normal -0.0180107 0.965787 -0.258709
    outer loop
      vertex 40.0792 -35.0731 84.455
      vertex 40.4609 -35.2491 83.7714
      vertex 38.8362 -35.1258 84.3448
    endloop
  endfacet
  facet normal -0.0179332 0.9658 -0.258669
    outer loop
      vertex 40.0792 -35.0731 84.455
      vertex 41.2186 -35.2894 83.5684
      vertex 40.4609 -35.2491 83.7714
    endloop
  endfacet
  facet normal -0.0180407 0.965763 -0.258798
    outer loop
      vertex 43.469 -35.3277 83.2686
      vertex 41.2186 -35.2894 83.5684
      vertex 40.0792 -35.0731 84.455
    endloop
  endfacet
  facet normal -0.0177905 0.966252 -0.256982
    outer loop
      vertex 41.2186 -35.2894 83.5684
      vertex 43.469 -35.3277 83.2686
      vertex 43.469 -35.3302 83.2592
    endloop
  endfacet
  facet normal -0.137237 0.957262 -0.254591
    outer loop
      vertex 43.469 -35.3277 83.2686
      vertex 43.5131 -35.3255 83.2531
      vertex 43.469 -35.3302 83.2592
    endloop
  endfacet
  facet normal -0.179896 0.904908 -0.385718
    outer loop
      vertex 50.2542 -30.8259 91.2161
      vertex 50.2542 -31.1617 90.4283
      vertex 46.0492 -31.3703 91.9001
    endloop
  endfacet
  facet normal 0 1 0
    outer loop
      vertex 21 0 95.347
      vertex 21.5528 0 96.8925
      vertex 22.0234 0 97.3631
    endloop
  endfacet
  facet normal 0 1 0
    outer loop
      vertex 21.5528 0 96.8925
      vertex 21 0 95.347
      vertex 21.351 0 96.6043
    endloop
  endfacet
  facet normal -0 1 0
    outer loop
      vertex 21 0 95.347
      vertex 22.0234 0 97.3631
      vertex 21 0 93.697
    endloop
  endfacet
  facet normal -0.707107 0 -0.707107
    outer loop
      vertex 21.5738 -20.7393 91.0865
      vertex 21.5528 -21.2425 91.1075
      vertex 21.5528 -20.6316 91.1075
    endloop
  endfacet
  facet normal -0.707107 -3.86803e-15 -0.707107
    outer loop
      vertex 21.8844 -21.6325 90.7759
      vertex 21.5528 -21.2425 91.1075
      vertex 21.5738 -20.7393 91.0865
    endloop
  endfacet
  facet normal -0.707107 9.38942e-15 -0.707107
    outer loop
      vertex 21.5528 -21.2425 91.1075
      vertex 21.8844 -21.6325 90.7759
      vertex 21.6827 -21.6159 90.9776
    endloop
  endfacet
  facet normal -0.707107 -2.21948e-14 -0.707107
    outer loop
      vertex 21.8844 -21.6325 90.7759
      vertex 21.8348 -22.0534 90.8255
      vertex 21.6827 -21.6159 90.9776
    endloop
  endfacet
  facet normal -0.707107 -2.26753e-14 -0.707107
    outer loop
      vertex 22.1075 -22.1736 90.5528
      vertex 21.8348 -22.0534 90.8255
      vertex 21.8844 -21.6325 90.7759
    endloop
  endfacet
  facet normal -0.707107 0 -0.707107
    outer loop
      vertex 21.8348 -22.0534 90.8255
      vertex 22.1075 -22.1736 90.5528
      vertex 22.1075 -22.7148 90.5528
    endloop
  endfacet
  facet normal 0.0872017 -0 0.996191
    outer loop
      vertex 25 -19.878 98.5
      vertex 25.7814 -19.7648 98.4316
      vertex 25 -17.6455 98.5
    endloop
  endfacet
  facet normal 0.0872017 0 0.996191
    outer loop
      vertex 25.7814 -19.7648 98.4316
      vertex 25 -19.878 98.5
      vertex 25.7814 -21.9973 98.4316
    endloop
  endfacet
  facet normal -0.0868911 -0.000229063 0.996218
    outer loop
      vertex 24.2186 -18.7132 98.4316
      vertex 25 -17.6455 98.5
      vertex 24.9596 -17.5423 98.4965
    endloop
  endfacet
  facet normal -0.0863104 0 0.996268
    outer loop
      vertex 25 -17.6455 98.5
      vertex 24.9596 -19.7748 98.4965
      vertex 25 -19.878 98.5
    endloop
  endfacet
  facet normal -0.0872503 0 0.996186
    outer loop
      vertex 24.2186 -18.7132 98.4316
      vertex 24.9596 -17.5423 98.4965
      vertex 24.2186 -16.4807 98.4316
    endloop
  endfacet
  facet normal -0.0872255 1.74934e-05 0.996189
    outer loop
      vertex 25 -17.6455 98.5
      vertex 24.2186 -18.7132 98.4316
      vertex 24.9596 -19.7748 98.4965
    endloop
  endfacet
  facet normal -0.906257 0 -0.422728
    outer loop
      vertex 21.1029 -16.4574 91.75
      vertex 21 -15.8492 91.9706
      vertex 21 -14.4271 91.9706
    endloop
  endfacet
  facet normal -0.906257 0 -0.422728
    outer loop
      vertex 21 -15.8492 91.9706
      vertex 21.1029 -16.4574 91.75
      vertex 21.1029 -17.8795 91.75
    endloop
  endfacet
  facet normal 0.332844 -8.45466e-06 0.942982
    outer loop
      vertex 32.3877 -30.8415 96.1644
      vertex 34.4151 -29.7285 95.4488
      vertex 32.5345 -29.0687 96.1126
    endloop
  endfacet
  facet normal 0.332826 0.000127479 0.942988
    outer loop
      vertex 38.6127 -32.8822 93.9674
      vertex 43.1199 -32.9251 92.3766
      vertex 38.6403 -32.4484 93.9576
    endloop
  endfacet
  facet normal 0.334381 -0.000201171 0.942438
    outer loop
      vertex 38.6034 -32.8807 93.9706
      vertex 38.6403 -32.4484 93.9576
      vertex 38.631 -32.4469 93.9609
    endloop
  endfacet
  facet normal 0.332824 0 0.942989
    outer loop
      vertex 43.1199 -32.9251 92.3766
      vertex 38.6127 -32.8822 93.9674
      vertex 43.1199 -33.3618 92.3766
    endloop
  endfacet
  facet normal 0.325458 0.000654229 0.945556
    outer loop
      vertex 38.6403 -32.4484 93.9576
      vertex 38.6034 -32.8807 93.9706
      vertex 38.6127 -32.8822 93.9674
    endloop
  endfacet
  facet normal 0.332885 -9.41827e-05 0.942967
    outer loop
      vertex 38.5126 -32.4215 94.0027
      vertex 38.6034 -32.8807 93.9706
      vertex 38.631 -32.4469 93.9609
    endloop
  endfacet
  facet normal 0.33295 -7.97392e-05 0.942944
    outer loop
      vertex 38.5126 -32.4215 94.0027
      vertex 38.2984 -32.8151 94.0783
      vertex 38.6034 -32.8807 93.9706
    endloop
  endfacet
  facet normal 0.33282 3.28957e-16 0.94299
    outer loop
      vertex 38.2355 -32.3619 94.1005
      vertex 38.2984 -32.8151 94.0783
      vertex 38.5126 -32.4215 94.0027
    endloop
  endfacet
  facet normal 0.332721 -1.54703e-05 0.943025
    outer loop
      vertex 38.2355 -32.3619 94.1005
      vertex 38.1958 -32.793 94.1145
      vertex 38.2984 -32.8151 94.0783
    endloop
  endfacet
  facet normal 0.332824 -0 0.942989
    outer loop
      vertex 36.9744 -32.4507 94.5456
      vertex 38.2355 -32.3619 94.1005
      vertex 36.9744 -32.0085 94.5456
    endloop
  endfacet
  facet normal 0.332826 -2.63098e-05 0.942988
    outer loop
      vertex 38.2355 -32.3619 94.1005
      vertex 36.9744 -32.4507 94.5456
      vertex 38.1958 -32.793 94.1145
    endloop
  endfacet
  facet normal 0.332793 0 0.943
    outer loop
      vertex 34.4151 -31.1106 95.4488
      vertex 36.9744 -32.4507 94.5456
      vertex 36.9744 -32.0085 94.5456
    endloop
  endfacet
  facet normal 0.332855 0.000133621 0.942978
    outer loop
      vertex 34.4151 -31.1106 95.4488
      vertex 32.3877 -30.8415 96.1644
      vertex 36.9744 -32.4507 94.5456
    endloop
  endfacet
  facet normal 0.33284 0 0.942983
    outer loop
      vertex 34.4151 -29.7285 95.4488
      vertex 32.3877 -30.8415 96.1644
      vertex 34.4151 -31.1106 95.4488
    endloop
  endfacet
  facet normal 0.332806 -0 0.942995
    outer loop
      vertex 30.8041 -29.5143 96.7233
      vertex 32.5345 -29.0687 96.1126
      vertex 30.8041 -27.6184 96.7233
    endloop
  endfacet
  facet normal 0.332807 -5.03812e-06 0.942995
    outer loop
      vertex 32.5345 -29.0687 96.1126
      vertex 30.8041 -29.5143 96.7233
      vertex 32.3877 -30.8415 96.1644
    endloop
  endfacet
  facet normal 0.332819 1.29138e-07 0.942991
    outer loop
      vertex 27.4259 -26.3807 97.9156
      vertex 30.8041 -27.6184 96.7233
      vertex 27.5687 -24.6173 97.8652
    endloop
  endfacet
  facet normal 0.332819 0 0.942991
    outer loop
      vertex 30.8041 -27.6184 96.7233
      vertex 27.4259 -26.3807 97.9156
      vertex 30.8041 -29.5143 96.7233
    endloop
  endfacet
  facet normal 0.332777 -0.000138392 0.943006
    outer loop
      vertex 26.5391 -24.1771 98.2286
      vertex 27.5687 -24.6173 97.8652
      vertex 27.4206 -24.3651 97.9175
    endloop
  endfacet
  facet normal 0.332815 6.32117e-05 0.942992
    outer loop
      vertex 26.5391 -24.1771 98.2286
      vertex 27.4206 -24.3651 97.9175
      vertex 27.2735 -24.1144 97.9694
    endloop
  endfacet
  facet normal 0.33306 -2.18557e-05 0.942906
    outer loop
      vertex 27.5687 -24.6173 97.8652
      vertex 27.2453 -26.0731 97.9794
      vertex 27.4259 -26.3807 97.9156
    endloop
  endfacet
  facet normal 0.332651 8.0461e-05 0.94305
    outer loop
      vertex 27.5687 -24.6173 97.8652
      vertex 27.093 -25.8135 98.0331
      vertex 27.2453 -26.0731 97.9794
    endloop
  endfacet
  facet normal 0.33282 -0 0.94299
    outer loop
      vertex 26.5391 -24.1771 98.2286
      vertex 27.2735 -24.1144 97.9694
      vertex 26.5391 -21.9446 98.2286
    endloop
  endfacet
  facet normal 0.33283 3.01021e-07 0.942987
    outer loop
      vertex 27.5687 -24.6173 97.8652
      vertex 26.5391 -24.1771 98.2286
      vertex 27.093 -25.8135 98.0331
    endloop
  endfacet
  facet normal -0.258789 0 -0.965934
    outer loop
      vertex 40.4609 -36.9384 83.7714
      vertex 41.2186 -35.2894 83.5684
      vertex 41.2186 -36.9666 83.5684
    endloop
  endfacet
  facet normal -0.258789 0 -0.965934
    outer loop
      vertex 41.2186 -35.2894 83.5684
      vertex 40.4609 -36.9384 83.7714
      vertex 40.4609 -35.2491 83.7714
    endloop
  endfacet
  facet normal -0.42243 -0.000247965 0.906396
    outer loop
      vertex 22.75 -16.0198 97.8971
      vertex 23.4609 -15.3552 98.2286
      vertex 23.3962 -15.1588 98.1985
    endloop
  endfacet
  facet normal -0.422389 0 0.906415
    outer loop
      vertex 23.4609 -15.3552 98.2286
      vertex 23.2609 -17.4184 98.1354
      vertex 23.4609 -17.7002 98.2286
    endloop
  endfacet
  facet normal -0.422621 2.7353e-05 0.906307
    outer loop
      vertex 23.4609 -15.3552 98.2286
      vertex 23.0304 -16.9136 98.0279
      vertex 23.2609 -17.4184 98.1354
    endloop
  endfacet
  facet normal -0.422728 2.49137e-05 0.906256
    outer loop
      vertex 22.75 -16.0198 97.8971
      vertex 23.3962 -15.1588 98.1985
      vertex 23.1347 -14.3645 98.0765
    endloop
  endfacet
  facet normal -0.423274 -0.00033558 0.906002
    outer loop
      vertex 23.2609 -17.4184 98.1354
      vertex 23.0304 -16.9136 98.0279
      vertex 23.1409 -17.2493 98.0794
    endloop
  endfacet
  facet normal -0.422597 -1.22754e-05 0.906318
    outer loop
      vertex 22.75 -16.0198 97.8971
      vertex 23.1347 -14.3645 98.0765
      vertex 22.9631 -13.3679 97.9965
    endloop
  endfacet
  facet normal -0.422834 1.08731e-05 0.906207
    outer loop
      vertex 22.75 -16.0198 97.8971
      vertex 22.9631 -13.3679 97.9965
      vertex 22.8926 -12.9585 97.9636
    endloop
  endfacet
  facet normal -0.423061 0.000574098 0.906101
    outer loop
      vertex 23.4609 -15.3552 98.2286
      vertex 22.75 -16.0198 97.8971
      vertex 22.7653 -16.1088 97.9043
    endloop
  endfacet
  facet normal -0.422642 0 0.906297
    outer loop
      vertex 22.75 -16.0198 97.8971
      vertex 22.8926 -12.9585 97.9636
      vertex 22.75 -11.4179 97.8971
    endloop
  endfacet
  facet normal -0.422555 5.04715e-06 0.906337
    outer loop
      vertex 23.4609 -15.3552 98.2286
      vertex 22.7653 -16.1088 97.9043
      vertex 23.0304 -16.9136 98.0279
    endloop
  endfacet
  facet normal -0.258695 -6.3015e-05 0.965959
    outer loop
      vertex 23.4609 -17.7002 98.2286
      vertex 24.2186 -16.4807 98.4316
      vertex 23.8858 -16.0588 98.3425
    endloop
  endfacet
  facet normal -0.258728 0 0.96595
    outer loop
      vertex 24.2186 -16.4807 98.4316
      vertex 23.6149 -17.9477 98.2699
      vertex 24.2186 -18.7132 98.4316
    endloop
  endfacet
  facet normal -0.258993 1.97539e-05 0.965879
    outer loop
      vertex 23.4609 -17.7002 98.2286
      vertex 23.8858 -16.0588 98.3425
      vertex 23.5543 -15.5258 98.2536
    endloop
  endfacet
  facet normal -0.258688 5.71749e-06 0.965961
    outer loop
      vertex 23.4609 -17.7002 98.2286
      vertex 23.5543 -15.5258 98.2536
      vertex 23.4729 -15.3949 98.2318
    endloop
  endfacet
  facet normal -0.257663 0 0.966235
    outer loop
      vertex 23.4609 -17.7002 98.2286
      vertex 23.4729 -15.3949 98.2318
      vertex 23.4609 -15.3552 98.2286
    endloop
  endfacet
  facet normal -0.258909 7.98026e-05 0.965902
    outer loop
      vertex 24.2186 -16.4807 98.4316
      vertex 23.4609 -17.7002 98.2286
      vertex 23.6149 -17.9477 98.2699
    endloop
  endfacet
  facet normal -0.42262 0 -0.906307
    outer loop
      vertex 22.75 -24.0976 90.1029
      vertex 23.4609 -24.9344 89.7714
      vertex 23.4609 -25.4756 89.7714
    endloop
  endfacet
  facet normal -0.42262 0 -0.906307
    outer loop
      vertex 23.4609 -24.9344 89.7714
      vertex 22.75 -24.0976 90.1029
      vertex 22.75 -23.5564 90.1029
    endloop
  endfacet
  facet normal -0.707107 0 0.707107
    outer loop
      vertex 21.5528 0 96.8925
      vertex 22.0234 -2.48045 97.3631
      vertex 22.0234 0 97.3631
    endloop
  endfacet
  facet normal -0.706956 -1.8582e-05 0.707258
    outer loop
      vertex 22.0234 -2.48045 97.3631
      vertex 21.5753 -5.95928 96.9151
      vertex 21.7215 -7.38858 97.0612
    endloop
  endfacet
  facet normal -0.707107 0 0.707107
    outer loop
      vertex 22.0234 -2.48045 97.3631
      vertex 21.5528 0 96.8925
      vertex 21.5528 -5.7388 96.8925
    endloop
  endfacet
  facet normal -0.707756 0.000187755 0.706456
    outer loop
      vertex 22.0234 -2.48045 97.3631
      vertex 21.5528 -5.7388 96.8925
      vertex 21.5753 -5.95928 96.9151
    endloop
  endfacet
  facet normal -0.707107 -3.75911e-14 0.707107
    outer loop
      vertex 21.7215 -7.38858 97.0612
      vertex 22.1075 -4.8125 97.4472
      vertex 22.0995 -4.73469 97.4392
    endloop
  endfacet
  facet normal -0.707107 -1.85378e-15 0.707107
    outer loop
      vertex 21.7215 -7.38858 97.0612
      vertex 22.0995 -4.73469 97.4392
      vertex 22.0628 -3.64796 97.4025
    endloop
  endfacet
  facet normal -0.707107 -1.79776e-16 0.707107
    outer loop
      vertex 21.7215 -7.38858 97.0612
      vertex 22.0628 -3.64796 97.4025
      vertex 22.0234 -2.48045 97.3631
    endloop
  endfacet
  facet normal -0.707107 0 0.707107
    outer loop
      vertex 22.1075 -4.8125 97.4472
      vertex 21.7215 -7.38858 97.0612
      vertex 22.1075 -10.8548 97.4472
    endloop
  endfacet
  facet normal -0.819152 0 0.573577
    outer loop
      vertex 21.351 -2.4176 96.6043
      vertex 21.5528 0 96.8925
      vertex 21.351 0 96.6043
    endloop
  endfacet
  facet normal -0.81925 2.48654e-05 0.573437
    outer loop
      vertex 21.4122 -3.93115 96.6918
      vertex 21.5528 0 96.8925
      vertex 21.351 -2.4176 96.6043
    endloop
  endfacet
  facet normal -0.819601 -0.000137067 0.572935
    outer loop
      vertex 21.5528 -5.7388 96.8925
      vertex 21.4122 -3.93115 96.6918
      vertex 21.452 -4.91376 96.7485
    endloop
  endfacet
  facet normal -0.819021 0 0.573764
    outer loop
      vertex 21.4122 -3.93115 96.6918
      vertex 21.5528 -5.7388 96.8925
      vertex 21.5528 0 96.8925
    endloop
  endfacet
  facet normal -0.573728 0 0.819046
    outer loop
      vertex 22.75 -11.4179 97.8971
      vertex 22.5844 -15.1408 97.7811
      vertex 22.75 -16.0198 97.8971
    endloop
  endfacet
  facet normal -0.573599 -8.5389e-06 0.819136
    outer loop
      vertex 22.75 -11.4179 97.8971
      vertex 22.481 -14.5921 97.7087
      vertex 22.5844 -15.1408 97.7811
    endloop
  endfacet
  facet normal -0.573592 -2.81287e-06 0.819141
    outer loop
      vertex 22.1075 -10.8548 97.4472
      vertex 22.75 -11.4179 97.8971
      vertex 22.3047 -6.962 97.5853
    endloop
  endfacet
  facet normal -0.57375 9.07491e-06 0.819031
    outer loop
      vertex 22.1075 -10.8548 97.4472
      vertex 22.3047 -6.962 97.5853
      vertex 22.2115 -5.94595 97.52
    endloop
  endfacet
  facet normal -0.573462 0 0.819232
    outer loop
      vertex 22.1075 -10.8548 97.4472
      vertex 22.2115 -5.94595 97.52
      vertex 22.1075 -4.8125 97.4472
    endloop
  endfacet
  facet normal -0.573596 -8.93579e-06 0.819138
    outer loop
      vertex 22.75 -11.4179 97.8971
      vertex 22.1075 -10.8548 97.4472
      vertex 22.481 -14.5921 97.7087
    endloop
  endfacet
  facet normal -0.33282 0 -0.94299
    outer loop
      vertex 40.0682 -36.9208 83.91
      vertex 40.4609 -35.2491 83.7714
      vertex 40.4609 -36.9384 83.7714
    endloop
  endfacet
  facet normal -0.335157 0.000617547 -0.942162
    outer loop
      vertex 40.0578 -36.9202 83.9137
      vertex 40.4609 -35.2491 83.7714
      vertex 40.0682 -36.9208 83.91
    endloop
  endfacet
  facet normal -0.332809 -1.95336e-05 -0.942994
    outer loop
      vertex 40.0578 -36.9202 83.9137
      vertex 38.8362 -35.1258 84.3448
      vertex 40.4609 -35.2491 83.7714
    endloop
  endfacet
  facet normal -0.332814 -2.28594e-05 -0.942993
    outer loop
      vertex 36.9844 -36.6869 84.9984
      vertex 38.8362 -35.1258 84.3448
      vertex 40.0578 -36.9202 83.9137
    endloop
  endfacet
  facet normal -0.332831 0 -0.942987
    outer loop
      vertex 36.9844 -36.6869 84.9984
      vertex 36.9844 -34.9852 84.9984
      vertex 38.8362 -35.1258 84.3448
    endloop
  endfacet
  facet normal -0.33035 0 -0.943858
    outer loop
      vertex 36.9744 -36.6859 85.0019
      vertex 36.9844 -34.9852 84.9984
      vertex 36.9844 -36.6869 84.9984
    endloop
  endfacet
  facet normal -0.33035 0 -0.943858
    outer loop
      vertex 36.9744 -36.6859 85.0019
      vertex 36.9744 -34.9842 85.0019
      vertex 36.9844 -34.9852 84.9984
    endloop
  endfacet
  facet normal -0.332841 0 -0.942983
    outer loop
      vertex 36.9744 -36.6859 85.0019
      vertex 34.8963 -34.4498 85.7354
      vertex 36.9744 -34.9842 85.0019
    endloop
  endfacet
  facet normal -0.332823 1.92294e-05 -0.942989
    outer loop
      vertex 33.6235 -35.8242 86.1846
      vertex 34.8963 -34.4498 85.7354
      vertex 36.9744 -36.6859 85.0019
    endloop
  endfacet
  facet normal -0.332824 1.98628e-05 -0.942989
    outer loop
      vertex 33.6235 -35.8242 86.1846
      vertex 33.3655 -33.9215 86.2757
      vertex 34.8963 -34.4498 85.7354
    endloop
  endfacet
  facet normal -0.332819 2.05696e-05 -0.942991
    outer loop
      vertex 30.8041 -34.8512 87.1797
      vertex 33.3655 -33.9215 86.2757
      vertex 33.6235 -35.8242 86.1846
    endloop
  endfacet
  facet normal -0.332805 -2.40861e-05 -0.942996
    outer loop
      vertex 33.3655 -33.9215 86.2757
      vertex 30.8041 -34.8512 87.1797
      vertex 31.2086 -33.1771 87.0369
    endloop
  endfacet
  facet normal -0.332803 -2.44419e-05 -0.942996
    outer loop
      vertex 30.0988 -34.2612 87.4286
      vertex 31.2086 -33.1771 87.0369
      vertex 30.8041 -34.8512 87.1797
    endloop
  endfacet
  facet normal -0.332812 -1.49783e-05 -0.942993
    outer loop
      vertex 31.2086 -33.1771 87.0369
      vertex 30.0988 -34.2612 87.4286
      vertex 30.836 -33.0464 87.1684
    endloop
  endfacet
  facet normal -0.333541 0.000483057 -0.942735
    outer loop
      vertex 30.836 -33.0464 87.1684
      vertex 30.0988 -34.2612 87.4286
      vertex 30.8041 -33.0196 87.1797
    endloop
  endfacet
  facet normal -0.332804 1.17667e-05 -0.942996
    outer loop
      vertex 25.7739 -30.2495 88.955
      vertex 30.8041 -33.0196 87.1797
      vertex 30.0988 -34.2612 87.4286
    endloop
  endfacet
  facet normal -0.33281 -9.40366e-07 -0.942994
    outer loop
      vertex 30.8041 -33.0196 87.1797
      vertex 25.7739 -30.2495 88.955
      vertex 25.9167 -28.4861 88.9046
    endloop
  endfacet
  facet normal -0.332804 -1.46802e-06 -0.942996
    outer loop
      vertex 25.505 -29.7915 89.0499
      vertex 25.9167 -28.4861 88.9046
      vertex 25.7739 -30.2495 88.955
    endloop
  endfacet
  facet normal -0.333609 0.000284071 -0.942712
    outer loop
      vertex 25.4686 -29.7295 89.0628
      vertex 25.9167 -28.4861 88.9046
      vertex 25.505 -29.7915 89.0499
    endloop
  endfacet
  facet normal -0.332828 -3.25001e-05 -0.942988
    outer loop
      vertex 24.9596 -28.2255 89.2424
      vertex 25.9167 -28.4861 88.9046
      vertex 25.4686 -29.7295 89.0628
    endloop
  endfacet
  facet normal -0.332787 0.000138637 -0.943002
    outer loop
      vertex 25.9167 -28.4861 88.9046
      vertex 24.9596 -28.2255 89.2424
      vertex 25.693 -28.1051 88.9836
    endloop
  endfacet
  facet normal -0.332781 0.000100155 -0.943004
    outer loop
      vertex 25.693 -28.1051 88.9836
      vertex 24.9596 -28.2255 89.2424
      vertex 25.6491 -28.0304 88.9991
    endloop
  endfacet
  facet normal -0.332767 4.64327e-05 -0.943009
    outer loop
      vertex 24.6452 -27.1074 89.3534
      vertex 25.6491 -28.0304 88.9991
      vertex 24.9596 -28.2255 89.2424
    endloop
  endfacet
  facet normal -0.332828 -2.74275e-05 -0.942988
    outer loop
      vertex 25.6491 -28.0304 88.9991
      vertex 24.6452 -27.1074 89.3534
      vertex 24.9596 -25.993 89.2424
    endloop
  endfacet
  facet normal -0.332774 4.42946e-05 -0.943007
    outer loop
      vertex 23.4609 -25.4756 89.7714
      vertex 24.6452 -27.1074 89.3534
      vertex 24.9596 -28.2255 89.2424
    endloop
  endfacet
  facet normal -0.332828 0 -0.942987
    outer loop
      vertex 24.6452 -27.1074 89.3534
      vertex 23.4609 -25.4756 89.7714
      vertex 23.4609 -24.9344 89.7714
    endloop
  endfacet
  facet normal -0.332914 0 -0.942957
    outer loop
      vertex 24.9596 -25.993 89.2424
      vertex 24.6452 -27.1074 89.3534
      vertex 24.6452 -25.4161 89.3534
    endloop
  endfacet
  facet normal -0.573591 0 -0.819142
    outer loop
      vertex 22.1075 -22.7148 90.5528
      vertex 22.75 -23.5564 90.1029
      vertex 22.75 -24.0976 90.1029
    endloop
  endfacet
  facet normal -0.573591 0 -0.819142
    outer loop
      vertex 22.75 -23.5564 90.1029
      vertex 22.1075 -22.7148 90.5528
      vertex 22.1075 -22.1736 90.5528
    endloop
  endfacet
  facet normal 0.258789 -0 0.965934
    outer loop
      vertex 25.7814 -21.9973 98.4316
      vertex 26.5391 -21.9446 98.2286
      vertex 25.7814 -19.7648 98.4316
    endloop
  endfacet
  facet normal 0.258789 0 0.965934
    outer loop
      vertex 26.5391 -21.9446 98.2286
      vertex 25.7814 -21.9973 98.4316
      vertex 26.5391 -24.1771 98.2286
    endloop
  endfacet
  facet normal -0.819266 0 -0.573414
    outer loop
      vertex 21.1822 -17.8289 91.6367
      vertex 21.1029 -17.8795 91.75
      vertex 21.1029 -16.4574 91.75
    endloop
  endfacet
  facet normal -0.819265 -5.76107e-06 -0.573416
    outer loop
      vertex 21.1822 -17.8289 91.6367
      vertex 21.1176 -18.1337 91.729
      vertex 21.1029 -17.8795 91.75
    endloop
  endfacet
  facet normal -0.819207 -4.30175e-05 -0.573498
    outer loop
      vertex 21.2804 -18.7978 91.4965
      vertex 21.1176 -18.1337 91.729
      vertex 21.1822 -17.8289 91.6367
    endloop
  endfacet
  facet normal -0.819128 1.6039e-05 -0.573611
    outer loop
      vertex 21.2804 -18.7978 91.4965
      vertex 21.2208 -19.1522 91.5816
      vertex 21.1176 -18.1337 91.729
    endloop
  endfacet
  facet normal -0.819163 3.40039e-05 -0.573561
    outer loop
      vertex 21.3457 -19.4425 91.4032
      vertex 21.2208 -19.1522 91.5816
      vertex 21.2804 -18.7978 91.4965
    endloop
  endfacet
  facet normal -0.819239 -6.63421e-05 -0.573452
    outer loop
      vertex 21.3457 -19.4425 91.4032
      vertex 21.2856 -19.7921 91.4891
      vertex 21.2208 -19.1522 91.5816
    endloop
  endfacet
  facet normal -0.819243 -6.47602e-05 -0.573447
    outer loop
      vertex 21.4422 -19.9965 91.2654
      vertex 21.2856 -19.7921 91.4891
      vertex 21.3457 -19.4425 91.4032
    endloop
  endfacet
  facet normal -0.819234 -4.5925e-05 -0.573459
    outer loop
      vertex 21.4422 -19.9965 91.2654
      vertex 21.3816 -20.3432 91.352
      vertex 21.2856 -19.7921 91.4891
    endloop
  endfacet
  facet normal -0.819191 -6.88236e-05 -0.57352
    outer loop
      vertex 21.5528 -20.6316 91.1075
      vertex 21.3816 -20.3432 91.352
      vertex 21.4422 -19.9965 91.2654
    endloop
  endfacet
  facet normal -0.819137 2.94466e-05 -0.573598
    outer loop
      vertex 21.5528 -20.6316 91.1075
      vertex 21.5184 -21.1289 91.1566
      vertex 21.3816 -20.3432 91.352
    endloop
  endfacet
  facet normal -0.818997 0 -0.573798
    outer loop
      vertex 21.5184 -21.1289 91.1566
      vertex 21.5528 -20.6316 91.1075
      vertex 21.5528 -21.2425 91.1075
    endloop
  endfacet
  facet normal 0 -0.996163 0.0875182
    outer loop
      vertex 43.459 -37.0246 83.2606
      vertex 43.469 -37.0212 83.2993
      vertex 43.459 -37.0212 83.2993
    endloop
  endfacet
  facet normal 0.00221104 -0.99621 0.086951
    outer loop
      vertex 43.469 -37.0212 83.2993
      vertex 43.459 -37.0246 83.2606
      vertex 43.469 -37.0247 83.2592
    endloop
  endfacet
  facet normal 0.0806003 -0.992971 0.0866683
    outer loop
      vertex 43.469 -37.0212 83.2993
      vertex 43.469 -37.0247 83.2592
      vertex 43.6599 -37.0115 83.2329
    endloop
  endfacet
  facet normal 0.293895 -0.879263 0.374862
    outer loop
      vertex 50.2542 -36.1359 82.9623
      vertex 54.7038 -31.4383 90.4923
      vertex 50.2542 -32.617 91.2161
    endloop
  endfacet
  facet normal 0.293933 -0.879261 0.374838
    outer loop
      vertex 51.464 -36.0732 82.1607
      vertex 54.7038 -31.4383 90.4923
      vertex 50.2542 -36.1359 82.9623
    endloop
  endfacet
  facet normal 0.293895 -0.879266 0.374856
    outer loop
      vertex 54.7038 -31.4383 90.4923
      vertex 51.464 -36.0732 82.1607
      vertex 56.6443 -34.6451 81.449
    endloop
  endfacet
  facet normal 0.363003 -0.850942 0.379641
    outer loop
      vertex 56.6443 -34.6451 81.449
      vertex 57.3248 -30.5104 90.066
      vertex 54.7038 -31.4383 90.4923
    endloop
  endfacet
  facet normal 0.362916 -0.85097 0.379661
    outer loop
      vertex 57.3248 -30.5104 90.066
      vertex 56.6443 -34.6451 81.449
      vertex 57.3248 -34.3966 81.3555
    endloop
  endfacet
  facet normal 0.216259 -0.943089 0.252618
    outer loop
      vertex 50.2542 -36.1359 82.9623
      vertex 50.2542 -36.3061 82.3269
      vertex 51.464 -36.0732 82.1607
    endloop
  endfacet
  facet normal 0.122959 -0.906203 0.404571
    outer loop
      vertex 63.2634 -33.8896 80.6995
      vertex 62.4523 -30.1904 89.2319
      vertex 60.6891 -30.3016 89.5187
    endloop
  endfacet
  facet normal 0.12297 -0.906201 0.404571
    outer loop
      vertex 63.2634 -33.8896 80.6995
      vertex 64.6585 -29.9304 89.1437
      vertex 62.4523 -30.1904 89.2319
    endloop
  endfacet
  facet normal 0.122969 -0.906201 0.404571
    outer loop
      vertex 64.6585 -29.9304 89.1437
      vertex 63.2634 -33.8896 80.6995
      vertex 64.6585 -33.7252 80.6437
    endloop
  endfacet
  facet normal 0.122041 -0.906406 0.404394
    outer loop
      vertex 57.3248 -34.3966 81.3555
      vertex 60.6891 -30.3016 89.5187
      vertex 57.3248 -30.5104 90.066
    endloop
  endfacet
  facet normal 0.122043 -0.906406 0.404393
    outer loop
      vertex 61.262 -34.1078 80.8146
      vertex 60.6891 -30.3016 89.5187
      vertex 57.3248 -34.3966 81.3555
    endloop
  endfacet
  facet normal 0.122108 -0.906397 0.404394
    outer loop
      vertex 62 -34.0372 80.75
      vertex 60.6891 -30.3016 89.5187
      vertex 61.262 -34.1078 80.8146
    endloop
  endfacet
  facet normal 0.122057 -0.906405 0.40439
    outer loop
      vertex 60.6891 -30.3016 89.5187
      vertex 62 -34.0372 80.75
      vertex 63.2634 -33.8896 80.6995
    endloop
  endfacet
  facet normal -0.124316 -0.906048 0.404503
    outer loop
      vertex 66.297 -33.9793 80.5781
      vertex 64.6585 -29.9304 89.1437
      vertex 64.6585 -33.7252 80.6437
    endloop
  endfacet
  facet normal -0.124316 -0.906048 0.404502
    outer loop
      vertex 64.6585 -29.9304 89.1437
      vertex 66.297 -33.9793 80.5781
      vertex 69.2437 -30.6414 88.9603
    endloop
  endfacet
  facet normal -0.293901 0.879289 -0.374797
    outer loop
      vertex 54.5783 -29.6804 90.5127
      vertex 50.2542 -31.1617 90.4283
      vertex 50.2542 -30.8259 91.2161
    endloop
  endfacet
  facet normal -0.293894 0.87927 -0.374848
    outer loop
      vertex 50.2542 -31.1617 90.4283
      vertex 54.5783 -29.6804 90.5127
      vertex 54.949 -30.293 88.7851
    endloop
  endfacet
  facet normal -0.362966 0.850962 -0.379631
    outer loop
      vertex 57.3248 -28.7082 90.066
      vertex 54.949 -30.293 88.7851
      vertex 54.5783 -29.6804 90.5127
    endloop
  endfacet
  facet normal -0.362977 0.850965 -0.379614
    outer loop
      vertex 57.3248 -28.7082 90.066
      vertex 56.5391 -29.863 88.2286
      vertex 54.949 -30.293 88.7851
    endloop
  endfacet
  facet normal -0.362945 0.85097 -0.379631
    outer loop
      vertex 56.5391 -29.863 88.2286
      vertex 57.3248 -28.7082 90.066
      vertex 57.3248 -29.6781 87.8919
    endloop
  endfacet
  facet normal -0.122077 0.906414 -0.404365
    outer loop
      vertex 60.5162 -28.51 89.5468
      vertex 57.3248 -29.6781 87.8919
      vertex 57.3248 -28.7082 90.066
    endloop
  endfacet
  facet normal -0.122059 0.906404 -0.404393
    outer loop
      vertex 57.3248 -29.6781 87.8919
      vertex 60.5162 -28.51 89.5468
      vertex 61.5247 -29.9156 86.0919
    endloop
  endfacet
  facet normal -0.122952 0.906203 -0.404572
    outer loop
      vertex 62.4523 -28.3879 89.2319
      vertex 61.5247 -29.9156 86.0919
      vertex 60.5162 -28.51 89.5468
    endloop
  endfacet
  facet normal -0.122929 0.906203 -0.404579
    outer loop
      vertex 64.6585 -28.128 89.1437
      vertex 61.5247 -29.9156 86.0919
      vertex 62.4523 -28.3879 89.2319
    endloop
  endfacet
  facet normal -0.122946 0.906208 -0.404564
    outer loop
      vertex 61.5247 -29.9156 86.0919
      vertex 64.6585 -28.128 89.1437
      vertex 64.6585 -30.09 84.7489
    endloop
  endfacet
  facet normal 0.124305 0.906053 -0.404495
    outer loop
      vertex 69.4393 -28.8693 88.9524
      vertex 64.6585 -30.09 84.7489
      vertex 64.6585 -28.128 89.1437
    endloop
  endfacet
  facet normal 0.124309 0.906051 -0.404499
    outer loop
      vertex 64.6585 -30.09 84.7489
      vertex 69.4393 -28.8693 88.9524
      vertex 67.5291 -31.0331 83.5186
    endloop
  endfacet
  facet normal 0.160537 0 0.98703
    outer loop
      vertex 60.5162 -28.51 89.5468
      vertex 62.4523 -30.1904 89.2319
      vertex 62.4523 -28.3879 89.2319
    endloop
  endfacet
  facet normal 0.160548 1.29816e-05 0.987028
    outer loop
      vertex 62.4523 -30.1904 89.2319
      vertex 60.5162 -28.51 89.5468
      vertex 60.6891 -30.3016 89.5187
    endloop
  endfacet
  facet normal 0.160575 1.56737e-05 0.987024
    outer loop
      vertex 57.3248 -28.7082 90.066
      vertex 60.6891 -30.3016 89.5187
      vertex 60.5162 -28.51 89.5468
    endloop
  endfacet
  facet normal 0.160568 0 0.987025
    outer loop
      vertex 57.3248 -28.7082 90.066
      vertex 57.3248 -30.5104 90.066
      vertex 60.6891 -30.3016 89.5187
    endloop
  endfacet
  facet normal 0.160534 0 0.98703
    outer loop
      vertex 54.5783 -29.6804 90.5127
      vertex 57.3248 -30.5104 90.066
      vertex 57.3248 -28.7082 90.066
    endloop
  endfacet
  facet normal 0.160536 6.73843e-06 0.98703
    outer loop
      vertex 57.3248 -30.5104 90.066
      vertex 54.5783 -29.6804 90.5127
      vertex 54.7038 -31.4383 90.4923
    endloop
  endfacet
  facet normal 0.160557 8.29118e-06 0.987027
    outer loop
      vertex 50.2542 -30.8259 91.2161
      vertex 54.7038 -31.4383 90.4923
      vertex 54.5783 -29.6804 90.5127
    endloop
  endfacet
  facet normal 0.160556 0 0.987027
    outer loop
      vertex 50.2542 -30.8259 91.2161
      vertex 50.2542 -32.617 91.2161
      vertex 54.7038 -31.4383 90.4923
    endloop
  endfacet
  facet normal 0.160553 0 0.987027
    outer loop
      vertex 46.0492 -31.3703 91.9001
      vertex 50.2542 -32.617 91.2161
      vertex 50.2542 -30.8259 91.2161
    endloop
  endfacet
  facet normal 0.160553 -0 0.987027
    outer loop
      vertex 46.0492 -32.7272 91.9001
      vertex 50.2542 -32.617 91.2161
      vertex 46.0492 -31.3703 91.9001
    endloop
  endfacet
  facet normal 0.160555 9.69793e-06 0.987027
    outer loop
      vertex 45.2273 -33.2678 92.0338
      vertex 46.0492 -32.7272 91.9001
      vertex 45.2617 -32.8291 92.0282
    endloop
  endfacet
  facet normal 0.160553 1.3069e-05 0.987027
    outer loop
      vertex 46.0492 -32.7272 91.9001
      vertex 45.2273 -33.2678 92.0338
      vertex 50.2542 -32.617 91.2161
    endloop
  endfacet
  facet normal 0.160549 1.01868e-05 0.987028
    outer loop
      vertex 43.469 -32.9327 92.3198
      vertex 45.2273 -33.2678 92.0338
      vertex 45.2617 -32.8291 92.0282
    endloop
  endfacet
  facet normal 0.160547 0 0.987028
    outer loop
      vertex 43.469 -32.9327 92.3198
      vertex 43.469 -33.3694 92.3198
      vertex 45.2273 -33.2678 92.0338
    endloop
  endfacet
  facet normal 0.160592 -0 0.987021
    outer loop
      vertex 43.1199 -33.3618 92.3766
      vertex 43.469 -32.9327 92.3198
      vertex 43.1199 -32.9251 92.3766
    endloop
  endfacet
  facet normal 0.160592 0 0.987021
    outer loop
      vertex 43.469 -32.9327 92.3198
      vertex 43.1199 -33.3618 92.3766
      vertex 43.469 -33.3694 92.3198
    endloop
  endfacet
  facet normal -0.136104 -0 -0.990695
    outer loop
      vertex 57.3248 -33.9597 81.3555
      vertex 61.262 -34.1078 80.8146
      vertex 57.3248 -34.3966 81.3555
    endloop
  endfacet
  facet normal -0.136104 0 -0.990695
    outer loop
      vertex 61.262 -34.1078 80.8146
      vertex 57.3248 -33.9597 81.3555
      vertex 61.262 -33.6708 80.8146
    endloop
  endfacet
  facet normal -0.13615 8.34775e-05 -0.990688
    outer loop
      vertex 56.614 -34.2193 81.4532
      vertex 57.3248 -34.3966 81.3555
      vertex 56.6443 -34.6451 81.449
    endloop
  endfacet
  facet normal -0.13617 0 -0.990685
    outer loop
      vertex 57.3248 -34.3966 81.3555
      vertex 56.614 -34.2193 81.4532
      vertex 57.3248 -33.9597 81.3555
    endloop
  endfacet
  facet normal -0.13613 8.49053e-05 -0.990691
    outer loop
      vertex 51.464 -36.0732 82.1607
      vertex 56.614 -34.2193 81.4532
      vertex 56.6443 -34.6451 81.449
    endloop
  endfacet
  facet normal -0.13611 2.79374e-05 -0.990694
    outer loop
      vertex 51.464 -36.0732 82.1607
      vertex 51.2035 -35.7108 82.1965
      vertex 56.614 -34.2193 81.4532
    endloop
  endfacet
  facet normal -0.136106 3.12432e-05 -0.990694
    outer loop
      vertex 50.2542 -36.3061 82.3269
      vertex 51.2035 -35.7108 82.1965
      vertex 51.464 -36.0732 82.1607
    endloop
  endfacet
  facet normal -0.136086 0 -0.990697
    outer loop
      vertex 50.2542 -36.3061 82.3269
      vertex 50.2542 -35.8936 82.3269
      vertex 51.2035 -35.7108 82.1965
    endloop
  endfacet
  facet normal -0.136121 0 -0.990692
    outer loop
      vertex 50.2542 -36.3061 82.3269
      vertex 47.3328 -36.2061 82.7283
      vertex 50.2542 -35.8936 82.3269
    endloop
  endfacet
  facet normal -0.136119 5.95905e-05 -0.990692
    outer loop
      vertex 43.6599 -37.0115 83.2329
      vertex 47.3328 -36.2061 82.7283
      vertex 50.2542 -36.3061 82.3269
    endloop
  endfacet
  facet normal -0.136122 7.3753e-05 -0.990692
    outer loop
      vertex 43.6599 -37.0115 83.2329
      vertex 43.5131 -36.6147 83.2531
      vertex 47.3328 -36.2061 82.7283
    endloop
  endfacet
  facet normal -0.136475 -5.94231e-05 -0.990643
    outer loop
      vertex 43.469 -37.0247 83.2592
      vertex 43.5131 -36.6147 83.2531
      vertex 43.6599 -37.0115 83.2329
    endloop
  endfacet
  facet normal -0.138646 0.000178553 -0.990342
    outer loop
      vertex 43.459 -37.0246 83.2606
      vertex 43.5131 -36.6147 83.2531
      vertex 43.469 -37.0247 83.2592
    endloop
  endfacet
  facet normal -0.137017 0 -0.990569
    outer loop
      vertex 43.5131 -36.6147 83.2531
      vertex 43.469 -35.3302 83.2592
      vertex 43.5131 -35.3255 83.2531
    endloop
  endfacet
  facet normal -0.136112 -0.000162364 -0.990693
    outer loop
      vertex 41.2186 -36.9666 83.5684
      vertex 43.5131 -36.6147 83.2531
      vertex 43.459 -37.0246 83.2606
    endloop
  endfacet
  facet normal -0.136136 -0 -0.99069
    outer loop
      vertex 41.2186 -35.2894 83.5684
      vertex 43.5131 -36.6147 83.2531
      vertex 41.2186 -36.9666 83.5684
    endloop
  endfacet
  facet normal -0.136118 3.14543e-05 -0.990693
    outer loop
      vertex 43.5131 -36.6147 83.2531
      vertex 41.2186 -35.2894 83.5684
      vertex 43.469 -35.3302 83.2592
    endloop
  endfacet
  facet normal -0.0872004 -0 -0.996191
    outer loop
      vertex 61.262 -33.6708 80.8146
      vertex 62 -34.0372 80.75
      vertex 61.262 -34.1078 80.8146
    endloop
  endfacet
  facet normal -0.0872004 0 -0.996191
    outer loop
      vertex 62 -34.0372 80.75
      vertex 61.262 -33.6708 80.8146
      vertex 62 -33.6003 80.75
    endloop
  endfacet
  facet normal -0.00380329 -0.928581 0.37111
    outer loop
      vertex 66.3068 -33.9795 80.5777
      vertex 69.2437 -30.6414 88.9603
      vertex 66.297 -33.9793 80.5781
    endloop
  endfacet
  facet normal -0.00376543 -0.928586 0.371099
    outer loop
      vertex 69.2437 -30.6414 88.9603
      vertex 66.3068 -33.9795 80.5777
      vertex 69.2536 -30.6416 88.9599
    endloop
  endfacet
  facet normal 0.00562838 -0.929712 0.368245
    outer loop
      vertex 72.2419 -34.0376 80.3403
      vertex 69.2536 -30.6416 88.9599
      vertex 66.3068 -33.9795 80.5777
    endloop
  endfacet
  facet normal 0.00565387 -0.929709 0.368252
    outer loop
      vertex 69.2536 -30.6416 88.9599
      vertex 72.2419 -34.0376 80.3403
      vertex 72.2419 -30.6708 88.8403
    endloop
  endfacet
  facet normal -0.0163118 -0.946847 0.321271
    outer loop
      vertex 80.0587 -34.5449 80.0276
      vertex 76.1368 -31.54 88.6845
      vertex 73.6273 -34.3468 80.2849
    endloop
  endfacet
  facet normal -0.0163114 -0.946847 0.321271
    outer loop
      vertex 76.1368 -31.54 88.6845
      vertex 80.0587 -34.5449 80.0276
      vertex 80.0587 -31.6608 88.5276
    endloop
  endfacet
  facet normal -0.189289 -0.912916 0.3616
    outer loop
      vertex 73.6273 -34.3468 80.2849
      vertex 72.2419 -30.6708 88.8403
      vertex 72.2419 -34.0376 80.3403
    endloop
  endfacet
  facet normal -0.189266 -0.912918 0.361605
    outer loop
      vertex 72.2419 -30.6708 88.8403
      vertex 73.6273 -34.3468 80.2849
      vertex 76.1368 -31.54 88.6845
    endloop
  endfacet
  facet normal -0.0482622 -0.945869 0.320939
    outer loop
      vertex 81.1225 -34.6136 79.9851
      vertex 80.0587 -31.6608 88.5276
      vertex 80.0587 -34.5449 80.0276
    endloop
  endfacet
  facet normal -0.0482612 -0.945869 0.320939
    outer loop
      vertex 80.0587 -31.6608 88.5276
      vertex 81.1225 -34.6136 79.9851
      vertex 83.4836 -31.882 88.3907
    endloop
  endfacet
  facet normal 0.0602206 -0.954161 0.293172
    outer loop
      vertex 86.4291 -34.3447 79.7728
      vertex 87 -31.704 88.25
      vertex 83.4935 -31.8822 88.3903
    endloop
  endfacet
  facet normal 0.0602111 -0.954162 0.293172
    outer loop
      vertex 88.0882 -31.684 88.0916
      vertex 87 -31.704 88.25
      vertex 86.4291 -34.3447 79.7728
    endloop
  endfacet
  facet normal 0.0601869 -0.954167 0.293162
    outer loop
      vertex 86.4291 -34.3447 79.7728
      vertex 83.4935 -31.8822 88.3903
      vertex 81.1324 -34.6137 79.9847
    endloop
  endfacet
  facet normal 0.0601494 -0.954301 0.292731
    outer loop
      vertex 87 -31.704 88.25
      vertex 88.0882 -31.684 88.0916
      vertex 87.738 -31.6773 88.1854
    endloop
  endfacet
  facet normal 0.0601948 -0.954162 0.293176
    outer loop
      vertex 88.0882 -31.684 88.0916
      vertex 86.4291 -34.3447 79.7728
      vertex 88.0882 -34.3673 79.3586
    endloop
  endfacet
  facet normal 0.0028493 -0.951273 0.308338
    outer loop
      vertex 81.1324 -34.6137 79.9847
      vertex 83.4836 -31.882 88.3907
      vertex 81.1225 -34.6136 79.9851
    endloop
  endfacet
  facet normal -0.00664655 -0.950473 0.310735
    outer loop
      vertex 83.4836 -31.882 88.3907
      vertex 81.1324 -34.6137 79.9847
      vertex 83.4935 -31.8822 88.3903
    endloop
  endfacet
  facet normal -0.0582885 -0.95427 0.293209
    outer loop
      vertex 88.0882 -34.3673 79.3586
      vertex 88.4536 -31.7364 87.9937
      vertex 88.0882 -31.684 88.0916
    endloop
  endfacet
  facet normal -0.0582009 -0.954276 0.293207
    outer loop
      vertex 88.4536 -31.7364 87.9937
      vertex 88.0882 -34.3673 79.3586
      vertex 90.9239 -32.0936 87.3215
    endloop
  endfacet
  facet normal -0.0581064 -0.954291 0.293177
    outer loop
      vertex 90.9239 -32.0936 87.3215
      vertex 88.0882 -34.3673 79.3586
      vertex 88.8607 -34.4736 79.1657
    endloop
  endfacet
  facet normal 0.0489949 -0.962072 0.268358
    outer loop
      vertex 88.8701 -34.4743 79.1633
      vertex 96.2958 -32.2282 85.8599
      vertex 90.9332 -32.0943 87.319
    endloop
  endfacet
  facet normal 0.0489861 -0.96207 0.268368
    outer loop
      vertex 96.2958 -32.2282 85.8599
      vertex 88.8701 -34.4743 79.1633
      vertex 96.2958 -34.6134 77.3092
    endloop
  endfacet
  facet normal 0.00285579 -0.960151 0.279466
    outer loop
      vertex 88.8607 -34.4736 79.1657
      vertex 90.9332 -32.0943 87.319
      vertex 90.9239 -32.0936 87.3215
    endloop
  endfacet
  facet normal 3.54039e-05 -0.959963 0.280128
    outer loop
      vertex 90.9332 -32.0943 87.319
      vertex 88.8607 -34.4736 79.1657
      vertex 88.8701 -34.4743 79.1633
    endloop
  endfacet
  facet normal -0.00560782 0.929705 -0.368262
    outer loop
      vertex 72.2419 -28.8968 88.8403
      vertex 67.5378 -31.0346 83.5149
      vertex 69.4492 -28.8694 88.952
    endloop
  endfacet
  facet normal -0.0056188 0.929708 -0.368254
    outer loop
      vertex 67.5378 -31.0346 83.5149
      vertex 72.2419 -28.8968 88.8403
      vertex 72.2419 -31.8047 81.4989
    endloop
  endfacet
  facet normal -0.00548992 0.929691 -0.368298
    outer loop
      vertex 67.5378 -31.0346 83.5149
      vertex 69.4393 -28.8693 88.9524
      vertex 69.4492 -28.8694 88.952
    endloop
  endfacet
  facet normal 0.00247202 0.928747 -0.370706
    outer loop
      vertex 69.4393 -28.8693 88.9524
      vertex 67.5378 -31.0346 83.5149
      vertex 67.5291 -31.0331 83.5186
    endloop
  endfacet
  facet normal 0.0163138 0.946847 -0.321271
    outer loop
      vertex 80.0587 -32.8029 80.0276
      vertex 76.3034 -29.8031 88.6779
      vertex 80.0587 -29.9188 88.5276
    endloop
  endfacet
  facet normal 0.01635 0.946843 -0.321281
    outer loop
      vertex 76.3034 -29.8031 88.6779
      vertex 75.2234 -32.654 80.2211
      vertex 73.941 -32.4454 80.7706
    endloop
  endfacet
  facet normal 0.0163006 0.946845 -0.321276
    outer loop
      vertex 76.3034 -29.8031 88.6779
      vertex 80.0587 -32.8029 80.0276
      vertex 75.2234 -32.654 80.2211
    endloop
  endfacet
  facet normal 0.189254 0.912921 -0.361605
    outer loop
      vertex 76.3034 -29.8031 88.6779
      vertex 72.2419 -31.8047 81.4989
      vertex 72.2419 -28.8968 88.8403
    endloop
  endfacet
  facet normal 0.18925 0.912923 -0.361603
    outer loop
      vertex 72.2419 -31.8047 81.4989
      vertex 76.3034 -29.8031 88.6779
      vertex 73.941 -32.4454 80.7706
    endloop
  endfacet
  facet normal -0.00287805 0.951275 -0.308331
    outer loop
      vertex 81.2891 -32.8819 79.9784
      vertex 83.6404 -30.1502 88.3844
      vertex 83.6502 -30.1503 88.384
    endloop
  endfacet
  facet normal -0.0028493 0.951273 -0.308338
    outer loop
      vertex 83.6404 -30.1502 88.3844
      vertex 81.2891 -32.8819 79.9784
      vertex 81.2792 -32.8818 79.9788
    endloop
  endfacet
  facet normal 0.0482772 0.945867 -0.320944
    outer loop
      vertex 81.2792 -32.8818 79.9788
      vertex 80.0587 -29.9188 88.5276
      vertex 83.6404 -30.1502 88.3844
    endloop
  endfacet
  facet normal 0.0483139 0.945867 -0.320938
    outer loop
      vertex 80.0587 -29.9188 88.5276
      vertex 81.2792 -32.8818 79.9788
      vertex 80.0587 -32.8029 80.0276
    endloop
  endfacet
  facet normal -0.0601494 0.954301 -0.292731
    outer loop
      vertex 88.0882 -29.9601 88.0916
      vertex 87 -29.9801 88.25
      vertex 87.738 -29.9534 88.1854
    endloop
  endfacet
  facet normal -0.0602111 0.954162 -0.293172
    outer loop
      vertex 87 -29.9801 88.25
      vertex 88.0882 -29.9601 88.0916
      vertex 86.4291 -32.6208 79.7728
    endloop
  endfacet
  facet normal -0.0602076 0.954162 -0.293173
    outer loop
      vertex 87 -29.9801 88.25
      vertex 86.4291 -32.6208 79.7728
      vertex 83.6502 -30.1503 88.384
    endloop
  endfacet
  facet normal -0.0601961 0.954164 -0.293169
    outer loop
      vertex 83.6502 -30.1503 88.384
      vertex 86.4291 -32.6208 79.7728
      vertex 81.2891 -32.8819 79.9784
    endloop
  endfacet
  facet normal -0.0601948 0.954162 -0.293176
    outer loop
      vertex 86.4291 -32.6208 79.7728
      vertex 88.0882 -29.9601 88.0916
      vertex 88.0882 -32.6434 79.3586
    endloop
  endfacet
  facet normal 0.0582025 0.954276 -0.293207
    outer loop
      vertex 88.0882 -32.6434 79.3586
      vertex 88.4536 -30.0125 87.9937
      vertex 91.0574 -30.389 87.2852
    endloop
  endfacet
  facet normal 0.0582885 0.95427 -0.293209
    outer loop
      vertex 88.4536 -30.0125 87.9937
      vertex 88.0882 -32.6434 79.3586
      vertex 88.0882 -29.9601 88.0916
    endloop
  endfacet
  facet normal 0.0581361 0.954286 -0.293185
    outer loop
      vertex 88.0882 -32.6434 79.3586
      vertex 91.0574 -30.389 87.2852
      vertex 88.995 -32.7682 79.1322
    endloop
  endfacet
  facet normal -0.0489917 0.962072 -0.268361
    outer loop
      vertex 96.2958 -30.5203 85.8599
      vertex 89.0044 -32.7689 79.1298
      vertex 91.0668 -30.3897 87.2827
    endloop
  endfacet
  facet normal -0.0489853 0.96207 -0.268368
    outer loop
      vertex 89.0044 -32.7689 79.1298
      vertex 96.2958 -30.5203 85.8599
      vertex 96.2958 -32.9055 77.3092
    endloop
  endfacet
  facet normal -0.00282783 0.960149 -0.279474
    outer loop
      vertex 91.0668 -30.3897 87.2827
      vertex 88.995 -32.7682 79.1322
      vertex 91.0574 -30.389 87.2852
    endloop
  endfacet
  facet normal -3.58866e-05 0.959962 -0.28013
    outer loop
      vertex 88.995 -32.7682 79.1322
      vertex 91.0668 -30.3897 87.2827
      vertex 89.0044 -32.7689 79.1298
    endloop
  endfacet
  facet normal 0.0872004 0 0.996191
    outer loop
      vertex 87 -29.9801 88.25
      vertex 87.738 -31.6773 88.1854
      vertex 87.738 -29.9534 88.1854
    endloop
  endfacet
  facet normal 0.0872004 0 0.996191
    outer loop
      vertex 87.738 -31.6773 88.1854
      vertex 87 -29.9801 88.25
      vertex 87 -31.704 88.25
    endloop
  endfacet
  facet normal 0.258798 -0 0.965932
    outer loop
      vertex 88.0882 -31.684 88.0916
      vertex 88.4536 -30.0125 87.9937
      vertex 88.0882 -29.9601 88.0916
    endloop
  endfacet
  facet normal 0.258798 0 0.965932
    outer loop
      vertex 88.4536 -30.0125 87.9937
      vertex 88.0882 -31.684 88.0916
      vertex 88.4536 -31.7364 87.9937
    endloop
  endfacet
  facet normal 0.258727 -0 0.965951
    outer loop
      vertex 87.738 -31.6773 88.1854
      vertex 88.0882 -29.9601 88.0916
      vertex 87.738 -29.9534 88.1854
    endloop
  endfacet
  facet normal 0.258727 0 0.965951
    outer loop
      vertex 88.0882 -29.9601 88.0916
      vertex 87.738 -31.6773 88.1854
      vertex 88.0882 -31.684 88.0916
    endloop
  endfacet
  facet normal 0.0399704 0 0.999201
    outer loop
      vertex 83.6502 -30.1503 88.384
      vertex 87 -31.704 88.25
      vertex 87 -29.9801 88.25
    endloop
  endfacet
  facet normal 0.0407818 -5.52862e-05 0.999168
    outer loop
      vertex 83.4935 -31.8822 88.3903
      vertex 83.6502 -30.1503 88.384
      vertex 83.6404 -30.1502 88.3844
    endloop
  endfacet
  facet normal 0.0399785 1.75113e-05 0.999201
    outer loop
      vertex 83.6502 -30.1503 88.384
      vertex 83.4935 -31.8822 88.3903
      vertex 87 -31.704 88.25
    endloop
  endfacet
  facet normal 0.0403707 -2.03604e-05 0.999185
    outer loop
      vertex 83.6404 -30.1502 88.3844
      vertex 83.4836 -31.882 88.3907
      vertex 83.4935 -31.8822 88.3903
    endloop
  endfacet
  facet normal 0.0399491 -0 0.999202
    outer loop
      vertex 80.0587 -31.6608 88.5276
      vertex 83.6404 -30.1502 88.3844
      vertex 80.0587 -29.9188 88.5276
    endloop
  endfacet
  facet normal 0.0399413 1.85824e-05 0.999202
    outer loop
      vertex 83.6404 -30.1502 88.3844
      vertex 80.0587 -31.6608 88.5276
      vertex 83.4836 -31.882 88.3907
    endloop
  endfacet
  facet normal 0.0399914 0 0.9992
    outer loop
      vertex 76.3034 -29.8031 88.6779
      vertex 80.0587 -31.6608 88.5276
      vertex 80.0587 -29.9188 88.5276
    endloop
  endfacet
  facet normal 0.039973 -3.72941e-05 0.999201
    outer loop
      vertex 76.3034 -29.8031 88.6779
      vertex 76.1368 -31.54 88.6845
      vertex 80.0587 -31.6608 88.5276
    endloop
  endfacet
  facet normal 0.0399533 -0 0.999202
    outer loop
      vertex 72.2419 -30.6708 88.8403
      vertex 76.3034 -29.8031 88.6779
      vertex 72.2419 -28.8968 88.8403
    endloop
  endfacet
  facet normal 0.039961 -3.61426e-05 0.999201
    outer loop
      vertex 76.3034 -29.8031 88.6779
      vertex 72.2419 -30.6708 88.8403
      vertex 76.1368 -31.54 88.6845
    endloop
  endfacet
  facet normal 0.0399652 0 0.999201
    outer loop
      vertex 69.4492 -28.8694 88.952
      vertex 72.2419 -30.6708 88.8403
      vertex 72.2419 -28.8968 88.8403
    endloop
  endfacet
  facet normal 0.0403711 -1.70661e-06 0.999185
    outer loop
      vertex 69.2536 -30.6416 88.9599
      vertex 69.4492 -28.8694 88.952
      vertex 69.4393 -28.8693 88.9524
    endloop
  endfacet
  facet normal 0.0399911 4.02972e-05 0.9992
    outer loop
      vertex 69.4492 -28.8694 88.952
      vertex 69.2536 -30.6416 88.9599
      vertex 72.2419 -30.6708 88.8403
    endloop
  endfacet
  facet normal 0.0403711 -1.70481e-06 0.999185
    outer loop
      vertex 69.4393 -28.8693 88.9524
      vertex 69.2437 -30.6414 88.9603
      vertex 69.2536 -30.6416 88.9599
    endloop
  endfacet
  facet normal 0.0399822 -0 0.9992
    outer loop
      vertex 64.6585 -29.9304 89.1437
      vertex 69.4393 -28.8693 88.9524
      vertex 64.6585 -28.128 89.1437
    endloop
  endfacet
  facet normal 0.0399728 4.23208e-05 0.999201
    outer loop
      vertex 69.4393 -28.8693 88.9524
      vertex 64.6585 -29.9304 89.1437
      vertex 69.2437 -30.6414 88.9603
    endloop
  endfacet
  facet normal 0.0399463 0 0.999202
    outer loop
      vertex 62.4523 -28.3879 89.2319
      vertex 64.6585 -29.9304 89.1437
      vertex 64.6585 -28.128 89.1437
    endloop
  endfacet
  facet normal 0.0399463 0 0.999202
    outer loop
      vertex 64.6585 -29.9304 89.1437
      vertex 62.4523 -28.3879 89.2319
      vertex 62.4523 -30.1904 89.2319
    endloop
  endfacet
  facet normal -0.039968 0 -0.999201
    outer loop
      vertex 86.4291 -34.3447 79.7728
      vertex 81.2891 -32.8819 79.9784
      vertex 86.4291 -32.6208 79.7728
    endloop
  endfacet
  facet normal -0.0399732 -1.79996e-05 -0.999201
    outer loop
      vertex 81.1324 -34.6137 79.9847
      vertex 81.2891 -32.8819 79.9784
      vertex 86.4291 -34.3447 79.7728
    endloop
  endfacet
  facet normal -0.0403709 1.805e-05 -0.999185
    outer loop
      vertex 81.2891 -32.8819 79.9784
      vertex 81.1324 -34.6137 79.9847
      vertex 81.2792 -32.8818 79.9788
    endloop
  endfacet
  facet normal -0.0403709 1.805e-05 -0.999185
    outer loop
      vertex 81.1225 -34.6136 79.9851
      vertex 81.2792 -32.8818 79.9788
      vertex 81.1324 -34.6137 79.9847
    endloop
  endfacet
  facet normal -0.0399207 -2.27497e-05 -0.999203
    outer loop
      vertex 80.0587 -34.5449 80.0276
      vertex 81.2792 -32.8818 79.9788
      vertex 81.1225 -34.6136 79.9851
    endloop
  endfacet
  facet normal -0.0399517 0 -0.999202
    outer loop
      vertex 80.0587 -34.5449 80.0276
      vertex 80.0587 -32.8029 80.0276
      vertex 81.2792 -32.8818 79.9788
    endloop
  endfacet
  facet normal -0.0399862 0 -0.9992
    outer loop
      vertex 80.0587 -34.5449 80.0276
      vertex 75.2234 -33.9736 80.2211
      vertex 80.0587 -32.8029 80.0276
    endloop
  endfacet
  facet normal -0.0399709 0.000129925 -0.999201
    outer loop
      vertex 73.6273 -34.3468 80.2849
      vertex 75.2234 -33.9736 80.2211
      vertex 80.0587 -34.5449 80.0276
    endloop
  endfacet
  facet normal -0.039949 3.61333e-05 -0.999202
    outer loop
      vertex 75.2234 -33.9736 80.2211
      vertex 73.6273 -34.3468 80.2849
      vertex 73.6677 -33.9257 80.2833
    endloop
  endfacet
  facet normal -0.0399485 3.60856e-05 -0.999202
    outer loop
      vertex 72.2419 -34.0376 80.3403
      vertex 73.6677 -33.9257 80.2833
      vertex 73.6273 -34.3468 80.2849
    endloop
  endfacet
  facet normal -0.0399456 0 -0.999202
    outer loop
      vertex 72.2419 -34.0376 80.3403
      vertex 72.2419 -33.6076 80.3403
      vertex 73.6677 -33.9257 80.2833
    endloop
  endfacet
  facet normal -0.0399674 0 -0.999201
    outer loop
      vertex 72.2419 -34.0376 80.3403
      vertex 66.3543 -33.5499 80.5758
      vertex 72.2419 -33.6076 80.3403
    endloop
  endfacet
  facet normal -0.0399674 -7.4378e-08 -0.999201
    outer loop
      vertex 66.3068 -33.9795 80.5777
      vertex 66.3543 -33.5499 80.5758
      vertex 72.2419 -34.0376 80.3403
    endloop
  endfacet
  facet normal -0.0403702 4.4538e-05 -0.999185
    outer loop
      vertex 66.3543 -33.5499 80.5758
      vertex 66.3068 -33.9795 80.5777
      vertex 66.3444 -33.5497 80.5762
    endloop
  endfacet
  facet normal -0.0407807 8.05101e-05 -0.999168
    outer loop
      vertex 66.297 -33.9793 80.5781
      vertex 66.3444 -33.5497 80.5762
      vertex 66.3068 -33.9795 80.5777
    endloop
  endfacet
  facet normal -0.0400054 -5.17782e-06 -0.999199
    outer loop
      vertex 64.6585 -33.7252 80.6437
      vertex 66.3444 -33.5497 80.5762
      vertex 66.297 -33.9793 80.5781
    endloop
  endfacet
  facet normal -0.0400059 0 -0.999199
    outer loop
      vertex 64.6585 -33.7252 80.6437
      vertex 64.6585 -33.2883 80.6437
      vertex 66.3444 -33.5497 80.5762
    endloop
  endfacet
  facet normal -0.0399609 -3.63224e-05 -0.999201
    outer loop
      vertex 63.223 -33.4574 80.7011
      vertex 64.6585 -33.7252 80.6437
      vertex 63.2634 -33.8896 80.6995
    endloop
  endfacet
  facet normal -0.0399541 0 -0.999202
    outer loop
      vertex 64.6585 -33.7252 80.6437
      vertex 63.223 -33.4574 80.7011
      vertex 64.6585 -33.2883 80.6437
    endloop
  endfacet
  facet normal -0.0399396 -0 -0.999202
    outer loop
      vertex 62 -33.6003 80.75
      vertex 63.2634 -33.8896 80.6995
      vertex 62 -34.0372 80.75
    endloop
  endfacet
  facet normal -0.0399476 -3.50798e-05 -0.999202
    outer loop
      vertex 63.2634 -33.8896 80.6995
      vertex 62 -33.6003 80.75
      vertex 63.223 -33.4574 80.7011
    endloop
  endfacet
  facet normal -0.0399862 0 -0.9992
    outer loop
      vertex 80.0587 -32.8029 80.0276
      vertex 75.2234 -33.9736 80.2211
      vertex 75.2234 -32.654 80.2211
    endloop
  endfacet
  facet normal -0.070538 -0.960827 0.268021
    outer loop
      vertex 96.2958 -34.6134 77.3092
      vertex 98.2782 -32.5242 85.3205
      vertex 96.2958 -32.2282 85.8599
    endloop
  endfacet
  facet normal -0.0704854 -0.960834 0.26801
    outer loop
      vertex 98.2782 -32.5242 85.3205
      vertex 96.2958 -34.6134 77.3092
      vertex 96.4174 -34.6308 77.2788
    endloop
  endfacet
  facet normal -0.02505 -0.96562 0.25875
    outer loop
      vertex 96.4174 -34.6308 77.2788
      vertex 98.5969 -32.5557 85.2338
      vertex 98.2782 -32.5242 85.3205
    endloop
  endfacet
  facet normal -0.0248741 -0.965636 0.258706
    outer loop
      vertex 98.5969 -32.5557 85.2338
      vertex 96.4174 -34.6308 77.2788
      vertex 96.8309 -34.6691 77.1756
    endloop
  endfacet
  facet normal -0.0253162 -0.965601 0.258793
    outer loop
      vertex 96.8309 -34.6691 77.1756
      vertex 98.7278 -32.5687 85.1981
      vertex 98.5969 -32.5557 85.2338
    endloop
  endfacet
  facet normal -0.0261663 -0.965529 0.258976
    outer loop
      vertex 98.7278 -32.5687 85.1981
      vertex 96.8309 -34.6691 77.1756
      vertex 96.8617 -34.672 77.1679
    endloop
  endfacet
  facet normal -0.0108805 -0.966688 0.255727
    outer loop
      vertex 96.8617 -34.672 77.1679
      vertex 104.661 -33.0625 83.5839
      vertex 98.7278 -32.5687 85.1981
    endloop
  endfacet
  facet normal -0.0108821 -0.966687 0.255729
    outer loop
      vertex 103.686 -35.1996 75.4639
      vertex 104.661 -33.0625 83.5839
      vertex 96.8617 -34.672 77.1679
    endloop
  endfacet
  facet normal -0.0108902 -0.966687 0.25573
    outer loop
      vertex 104.661 -33.0625 83.5839
      vertex 103.686 -35.1996 75.4639
      vertex 104.661 -35.1845 75.5625
    endloop
  endfacet
  facet normal 0.00663263 -0.996169 0.087194
    outer loop
      vertex 104.662 -35.1846 75.5617
      vertex 103.689 -35.1997 75.4632
      vertex 104.662 -35.2145 75.2201
    endloop
  endfacet
  facet normal 0.000718138 -0.989514 0.144437
    outer loop
      vertex 103.689 -35.1997 75.4632
      vertex 104.661 -35.1845 75.5625
      vertex 103.686 -35.1996 75.4639
    endloop
  endfacet
  facet normal 0.0025224 -0.991882 0.127138
    outer loop
      vertex 104.661 -35.1845 75.5625
      vertex 103.689 -35.1997 75.4632
      vertex 104.662 -35.1846 75.5617
    endloop
  endfacet
  facet normal 0.00808617 -0.965892 0.258818
    outer loop
      vertex 111.571 -33.6115 81.6642
      vertex 113.173 -34.9998 76.4331
      vertex 112 -33.6615 81.4642
    endloop
  endfacet
  facet normal 0.00776682 -0.965919 0.258727
    outer loop
      vertex 111.571 -33.6115 81.6642
      vertex 113.171 -35.0022 76.4242
      vertex 113.173 -34.9998 76.4331
    endloop
  endfacet
  facet normal 0.00814252 -0.965888 0.258834
    outer loop
      vertex 113.171 -35.0022 76.4242
      vertex 111.571 -33.6115 81.6642
      vertex 113.171 -35.5389 74.4214
    endloop
  endfacet
  facet normal -0.00596493 -0.966727 0.25574
    outer loop
      vertex 104.661 -35.1845 75.5625
      vertex 111.368 -33.5867 81.7588
      vertex 104.661 -33.0625 83.5839
    endloop
  endfacet
  facet normal -0.00597135 -0.966725 0.255747
    outer loop
      vertex 113.164 -35.543 74.4059
      vertex 111.368 -33.5867 81.7588
      vertex 104.661 -35.1845 75.5625
    endloop
  endfacet
  facet normal -0.00645528 -0.966752 0.255636
    outer loop
      vertex 111.368 -33.5867 81.7588
      vertex 113.164 -35.543 74.4059
      vertex 111.452 -33.5976 81.7197
    endloop
  endfacet
  facet normal -0.0301402 -0.995745 0.0870856
    outer loop
      vertex 112.416 -35.6937 72.4239
      vertex 113.164 -35.543 74.4059
      vertex 109.18 -35.4604 73.9715
    endloop
  endfacet
  facet normal -0.0302105 -0.99574 0.0871118
    outer loop
      vertex 113.164 -35.543 74.4059
      vertex 112.416 -35.6937 72.4239
      vertex 113.164 -35.7253 72.3221
    endloop
  endfacet
  facet normal -0.0301847 -0.995774 0.0867408
    outer loop
      vertex 104.662 -35.1846 75.5617
      vertex 113.164 -35.543 74.4059
      vertex 104.661 -35.1845 75.5625
    endloop
  endfacet
  facet normal -0.0301128 -0.995739 0.0871563
    outer loop
      vertex 108.653 -35.4224 74.2238
      vertex 104.662 -35.1846 75.5617
      vertex 104.662 -35.2145 75.2201
    endloop
  endfacet
  facet normal -0.0301364 -0.995745 0.087087
    outer loop
      vertex 104.662 -35.1846 75.5617
      vertex 108.653 -35.4224 74.2238
      vertex 113.164 -35.543 74.4059
    endloop
  endfacet
  facet normal -0.0301343 -0.99575 0.0870303
    outer loop
      vertex 113.164 -35.543 74.4059
      vertex 108.653 -35.4224 74.2238
      vertex 109.18 -35.4604 73.9715
    endloop
  endfacet
  facet normal 0.00855977 -0.965861 0.258919
    outer loop
      vertex 111.463 -33.599 81.7144
      vertex 113.171 -35.5389 74.4214
      vertex 111.571 -33.6115 81.6642
    endloop
  endfacet
  facet normal -0.179491 -0.960333 0.213407
    outer loop
      vertex 113.171 -35.5389 74.4214
      vertex 111.463 -33.599 81.7144
      vertex 113.171 -35.5391 74.4205
    endloop
  endfacet
  facet normal -0.912188 0.289752 -0.289752
    outer loop
      vertex 113.173 -34.9998 76.4331
      vertex 112 -33.6616 81.4641
      vertex 112 -33.6615 81.4642
    endloop
  endfacet
  facet normal 0.0183057 -0.965167 0.260994
    outer loop
      vertex 112 -33.6616 81.4641
      vertex 113.173 -34.9998 76.4331
      vertex 113.173 -33.791 80.9033
    endloop
  endfacet
  facet normal 0.000964841 -0.966341 0.257262
    outer loop
      vertex 111.452 -33.5976 81.7197
      vertex 113.171 -35.5391 74.4205
      vertex 111.463 -33.599 81.7144
    endloop
  endfacet
  facet normal 0.00153434 -0.966307 0.257387
    outer loop
      vertex 113.171 -35.5391 74.4205
      vertex 111.452 -33.5976 81.7197
      vertex 113.164 -35.543 74.4059
    endloop
  endfacet
  facet normal -0.0087893 -0.976149 0.216922
    outer loop
      vertex 121.777 -35.8111 73.5452
      vertex 113.171 -35.5389 74.4214
      vertex 113.171 -35.5391 74.4205
    endloop
  endfacet
  facet normal -0.00419771 -0.965911 0.25884
    outer loop
      vertex 113.171 -35.5389 74.4214
      vertex 121.777 -35.8111 73.5452
      vertex 113.171 -35.0022 76.4242
    endloop
  endfacet
  facet normal -0.0040855 -0.965627 0.2599
    outer loop
      vertex 113.164 -35.543 74.4059
      vertex 121.777 -35.8111 73.5452
      vertex 113.171 -35.5391 74.4205
    endloop
  endfacet
  facet normal -0.00420723 -0.965928 0.258776
    outer loop
      vertex 121.777 -35.8111 73.5452
      vertex 113.164 -35.543 74.4059
      vertex 121.777 -36.3524 71.5247
    endloop
  endfacet
  facet normal -0.00340027 -0.965323 0.261036
    outer loop
      vertex 113.173 -34.9998 76.4331
      vertex 120.971 -34.827 77.1737
      vertex 113.173 -33.791 80.9033
    endloop
  endfacet
  facet normal -0.00340413 -0.965313 0.261074
    outer loop
      vertex 113.171 -35.0022 76.4242
      vertex 120.971 -34.827 77.1737
      vertex 113.173 -34.9998 76.4331
    endloop
  endfacet
  facet normal -0.0034019 -0.965319 0.261052
    outer loop
      vertex 120.971 -34.827 77.1737
      vertex 113.171 -35.0022 76.4242
      vertex 121.777 -35.8111 73.5452
    endloop
  endfacet
  facet normal -0.00643969 0.996206 -0.0867839
    outer loop
      vertex 104.662 -33.5597 75.2752
      vertex 104.662 -33.5645 75.2201
      vertex 104.505 -33.5621 75.2593
    endloop
  endfacet
  facet normal 0.0705562 0.960826 -0.26802
    outer loop
      vertex 98.401 -30.8347 85.287
      vertex 96.2958 -32.9055 77.3092
      vertex 96.2958 -30.5203 85.8599
    endloop
  endfacet
  facet normal 0.0703279 0.960857 -0.267968
    outer loop
      vertex 96.2958 -32.9055 77.3092
      vertex 98.401 -30.8347 85.287
      vertex 96.5408 -32.9405 77.248
    endloop
  endfacet
  facet normal -0.0023133 0.991915 -0.126881
    outer loop
      vertex 104.505 -33.5621 75.2593
      vertex 104.661 -33.5596 75.276
      vertex 104.662 -33.5597 75.2752
    endloop
  endfacet
  facet normal -0.000555246 0.989726 -0.142976
    outer loop
      vertex 104.661 -33.5596 75.276
      vertex 104.505 -33.5621 75.2593
      vertex 104.503 -33.562 75.26
    endloop
  endfacet
  facet normal 0.0108826 0.966689 -0.255721
    outer loop
      vertex 104.661 -31.3618 83.5839
      vertex 96.9246 -32.9761 77.1522
      vertex 98.7904 -30.8732 85.1811
    endloop
  endfacet
  facet normal 0.0112129 0.966683 -0.25573
    outer loop
      vertex 104.503 -33.562 75.26
      vertex 104.661 -31.3618 83.5839
      vertex 104.661 -33.5596 75.276
    endloop
  endfacet
  facet normal 0.0108862 0.966688 -0.255725
    outer loop
      vertex 104.661 -31.3618 83.5839
      vertex 104.503 -33.562 75.26
      vertex 96.9246 -32.9761 77.1522
    endloop
  endfacet
  facet normal 0.02499 0.965627 -0.258727
    outer loop
      vertex 98.6725 -30.8615 85.2132
      vertex 96.5408 -32.9405 77.248
      vertex 98.401 -30.8347 85.287
    endloop
  endfacet
  facet normal 0.025207 0.965607 -0.25878
    outer loop
      vertex 96.5408 -32.9405 77.248
      vertex 98.6725 -30.8615 85.2132
      vertex 96.8946 -32.9734 77.1597
    endloop
  endfacet
  facet normal 0.0253577 0.965595 -0.25881
    outer loop
      vertex 98.7904 -30.8732 85.1811
      vertex 96.8946 -32.9734 77.1597
      vertex 98.6725 -30.8615 85.2132
    endloop
  endfacet
  facet normal 0.0223829 0.96584 -0.258171
    outer loop
      vertex 96.8946 -32.9734 77.1597
      vertex 98.7904 -30.8732 85.1811
      vertex 96.9246 -32.9761 77.1522
    endloop
  endfacet
  facet normal 0.00495772 0.96699 -0.254767
    outer loop
      vertex 104.661 -33.5596 75.276
      vertex 111.368 -31.886 81.7588
      vertex 111.377 -31.8871 81.7548
    endloop
  endfacet
  facet normal 0.00596466 0.966727 -0.255741
    outer loop
      vertex 111.368 -31.886 81.7588
      vertex 104.661 -33.5596 75.276
      vertex 104.661 -31.3618 83.5839
    endloop
  endfacet
  facet normal 0.00596103 0.966727 -0.25574
    outer loop
      vertex 104.661 -33.5596 75.276
      vertex 111.377 -31.8871 81.7548
      vertex 113.164 -33.918 74.1194
    endloop
  endfacet
  facet normal 0.0016699 0.966496 -0.256678
    outer loop
      vertex 113.171 -33.9141 74.134
      vertex 111.377 -31.8871 81.7548
      vertex 111.388 -31.8885 81.7496
    endloop
  endfacet
  facet normal -0.00154195 0.966308 -0.257384
    outer loop
      vertex 111.377 -31.8871 81.7548
      vertex 113.171 -33.9141 74.134
      vertex 113.164 -33.918 74.1194
    endloop
  endfacet
  facet normal -0.0183063 0.965167 -0.260995
    outer loop
      vertex 113.173 -33.4493 75.8688
      vertex 112 -31.9585 81.4641
      vertex 113.173 -32.0879 80.9033
    endloop
  endfacet
  facet normal -0.0179559 0.965191 -0.260928
    outer loop
      vertex 112 -31.9585 81.4641
      vertex 113.173 -33.4493 75.8688
      vertex 111.852 -31.9426 81.5331
    endloop
  endfacet
  facet normal 0.030217 0.995772 -0.086746
    outer loop
      vertex 104.662 -33.5597 75.2752
      vertex 108.653 -33.7724 74.2238
      vertex 104.662 -33.5645 75.2201
    endloop
  endfacet
  facet normal 0.0302351 0.995777 -0.0866783
    outer loop
      vertex 104.661 -33.5596 75.276
      vertex 108.653 -33.7724 74.2238
      vertex 104.662 -33.5597 75.2752
    endloop
  endfacet
  facet normal 0.0301236 0.995744 -0.0870945
    outer loop
      vertex 113.164 -33.918 74.1194
      vertex 108.653 -33.7724 74.2238
      vertex 104.661 -33.5596 75.276
    endloop
  endfacet
  facet normal 0.0301232 0.995743 -0.0871112
    outer loop
      vertex 113.164 -33.918 74.1194
      vertex 112.416 -34.0437 72.4239
      vertex 108.653 -33.7724 74.2238
    endloop
  endfacet
  facet normal 0.0302055 0.995737 -0.0871471
    outer loop
      vertex 112.416 -34.0437 72.4239
      vertex 113.164 -33.918 74.1194
      vertex 113.164 -34.0753 72.3221
    endloop
  endfacet
  facet normal -0.00802255 0.965898 -0.258798
    outer loop
      vertex 113.173 -33.4494 75.8686
      vertex 111.388 -31.8885 81.7496
      vertex 111.77 -31.9331 81.5713
    endloop
  endfacet
  facet normal 0.00737953 0.967062 -0.254432
    outer loop
      vertex 113.171 -33.4517 75.8598
      vertex 111.388 -31.8885 81.7496
      vertex 113.173 -33.4494 75.8686
    endloop
  endfacet
  facet normal -0.132327 0.947374 -0.2915
    outer loop
      vertex 113.171 -33.4521 75.8585
      vertex 111.388 -31.8885 81.7496
      vertex 113.171 -33.4517 75.8598
    endloop
  endfacet
  facet normal -0.00793513 0.965906 -0.25877
    outer loop
      vertex 111.388 -31.8885 81.7496
      vertex 113.171 -33.4521 75.8585
      vertex 113.171 -33.9141 74.134
    endloop
  endfacet
  facet normal -0.00873697 0.96585 -0.258953
    outer loop
      vertex 113.173 -33.4493 75.8688
      vertex 111.77 -31.9331 81.5713
      vertex 111.852 -31.9426 81.5331
    endloop
  endfacet
  facet normal -0.648138 0.681127 -0.340563
    outer loop
      vertex 111.77 -31.9331 81.5713
      vertex 113.173 -33.4493 75.8688
      vertex 113.173 -33.4494 75.8686
    endloop
  endfacet
  facet normal 0.00385169 0.965656 -0.259796
    outer loop
      vertex 113.171 -33.9141 74.134
      vertex 121.777 -34.7275 71.2382
      vertex 113.164 -33.918 74.1194
    endloop
  endfacet
  facet normal 0.00422067 0.965928 -0.258776
    outer loop
      vertex 121.777 -34.7275 71.2382
      vertex 113.171 -33.9141 74.134
      vertex 113.171 -33.4521 75.8585
    endloop
  endfacet
  facet normal -0.0085453 0.955744 -0.294075
    outer loop
      vertex 121.777 -34.2606 72.9808
      vertex 113.171 -33.4521 75.8585
      vertex 113.171 -33.4517 75.8598
    endloop
  endfacet
  facet normal 0.00420548 0.965921 -0.258802
    outer loop
      vertex 113.171 -33.4521 75.8585
      vertex 121.777 -34.2606 72.9808
      vertex 121.777 -34.7275 71.2382
    endloop
  endfacet
  facet normal 0.0034045 0.965323 -0.261037
    outer loop
      vertex 120.831 -33.1053 77.2408
      vertex 113.173 -33.4493 75.8688
      vertex 113.173 -32.0879 80.9033
    endloop
  endfacet
  facet normal 0.0399126 0.893714 -0.446857
    outer loop
      vertex 120.831 -33.1053 77.2408
      vertex 113.173 -33.4494 75.8686
      vertex 113.173 -33.4493 75.8688
    endloop
  endfacet
  facet normal 0.00191515 0.967392 -0.253276
    outer loop
      vertex 120.831 -33.1053 77.2408
      vertex 113.171 -33.4517 75.8598
      vertex 113.173 -33.4494 75.8686
    endloop
  endfacet
  facet normal 0.00340771 0.965323 -0.261036
    outer loop
      vertex 113.171 -33.4517 75.8598
      vertex 120.831 -33.1053 77.2408
      vertex 121.777 -34.2606 72.9808
    endloop
  endfacet
  facet normal 0.262571 -0 0.964913
    outer loop
      vertex 104.661 -33.0625 83.5839
      vertex 111.368 -31.886 81.7588
      vertex 104.661 -31.3618 83.5839
    endloop
  endfacet
  facet normal 0.262571 0 0.964913
    outer loop
      vertex 111.368 -31.886 81.7588
      vertex 104.661 -33.0625 83.5839
      vertex 111.368 -33.5867 81.7588
    endloop
  endfacet
  facet normal 0.262523 -1.7833e-05 0.964926
    outer loop
      vertex 98.7278 -32.5687 85.1981
      vertex 104.661 -31.3618 83.5839
      vertex 98.7904 -30.8732 85.1811
    endloop
  endfacet
  facet normal 0.26252 0 0.964927
    outer loop
      vertex 104.661 -31.3618 83.5839
      vertex 98.7278 -32.5687 85.1981
      vertex 104.661 -33.0625 83.5839
    endloop
  endfacet
  facet normal 0.262703 9.52225e-06 0.964877
    outer loop
      vertex 98.5969 -32.5557 85.2338
      vertex 98.7904 -30.8732 85.1811
      vertex 98.6725 -30.8615 85.2132
    endloop
  endfacet
  facet normal 0.263114 -4.12317e-05 0.964765
    outer loop
      vertex 98.7904 -30.8732 85.1811
      vertex 98.5969 -32.5557 85.2338
      vertex 98.7278 -32.5687 85.1981
    endloop
  endfacet
  facet normal 0.262312 6.81142e-05 0.964983
    outer loop
      vertex 98.2782 -32.5242 85.3205
      vertex 98.6725 -30.8615 85.2132
      vertex 98.401 -30.8347 85.287
    endloop
  endfacet
  facet normal 0.262504 1.9038e-05 0.964931
    outer loop
      vertex 98.6725 -30.8615 85.2132
      vertex 98.2782 -32.5242 85.3205
      vertex 98.5969 -32.5557 85.2338
    endloop
  endfacet
  facet normal 0.262586 -0 0.964909
    outer loop
      vertex 96.2958 -32.2282 85.8599
      vertex 98.401 -30.8347 85.287
      vertex 96.2958 -30.5203 85.8599
    endloop
  endfacet
  facet normal 0.262556 4.90437e-05 0.964917
    outer loop
      vertex 98.401 -30.8347 85.287
      vertex 96.2958 -32.2282 85.8599
      vertex 98.2782 -32.5242 85.3205
    endloop
  endfacet
  facet normal 0.262552 0 0.964918
    outer loop
      vertex 91.0668 -30.3897 87.2827
      vertex 96.2958 -32.2282 85.8599
      vertex 96.2958 -30.5203 85.8599
    endloop
  endfacet
  facet normal 0.257053 0.000432927 0.966397
    outer loop
      vertex 90.9332 -32.0943 87.319
      vertex 91.0668 -30.3897 87.2827
      vertex 91.0574 -30.389 87.2852
    endloop
  endfacet
  facet normal 0.262543 -2.88012e-05 0.96492
    outer loop
      vertex 91.0668 -30.3897 87.2827
      vertex 90.9332 -32.0943 87.319
      vertex 96.2958 -32.2282 85.8599
    endloop
  endfacet
  facet normal 0.259617 0.000232552 0.965712
    outer loop
      vertex 91.0574 -30.389 87.2852
      vertex 90.9239 -32.0936 87.3215
      vertex 90.9332 -32.0943 87.319
    endloop
  endfacet
  facet normal 0.262556 -0 0.964917
    outer loop
      vertex 88.4536 -31.7364 87.9937
      vertex 91.0574 -30.389 87.2852
      vertex 88.4536 -30.0125 87.9937
    endloop
  endfacet
  facet normal 0.262563 -1.5138e-05 0.964915
    outer loop
      vertex 91.0574 -30.389 87.2852
      vertex 88.4536 -31.7364 87.9937
      vertex 90.9239 -32.0936 87.3215
    endloop
  endfacet
  facet normal -0.242204 0 -0.970225
    outer loop
      vertex 104.662 -35.2145 75.2201
      vertex 108.653 -33.7724 74.2238
      vertex 108.653 -35.4224 74.2238
    endloop
  endfacet
  facet normal -0.242204 0 -0.970225
    outer loop
      vertex 104.662 -35.2145 75.2201
      vertex 104.662 -33.5645 75.2201
      vertex 108.653 -33.7724 74.2238
    endloop
  endfacet
  facet normal -0.242245 0 -0.970215
    outer loop
      vertex 104.662 -35.2145 75.2201
      vertex 104.505 -33.5621 75.2593
      vertex 104.662 -33.5645 75.2201
    endloop
  endfacet
  facet normal -0.330739 -0.0090377 -0.943679
    outer loop
      vertex 104.662 -35.2145 75.2201
      vertex 104.503 -33.562 75.26
      vertex 104.505 -33.5621 75.2593
    endloop
  endfacet
  facet normal -0.242393 0.000102606 -0.970178
    outer loop
      vertex 103.689 -35.1997 75.4632
      vertex 104.503 -33.562 75.26
      vertex 104.662 -35.2145 75.2201
    endloop
  endfacet
  facet normal -0.227468 -0.00775962 -0.973755
    outer loop
      vertex 103.686 -35.1996 75.4639
      vertex 104.503 -33.562 75.26
      vertex 103.689 -35.1997 75.4632
    endloop
  endfacet
  facet normal -0.242243 5.20627e-05 -0.970216
    outer loop
      vertex 103.686 -35.1996 75.4639
      vertex 96.9246 -32.9761 77.1522
      vertex 104.503 -33.562 75.26
    endloop
  endfacet
  facet normal -0.242258 3.3512e-06 -0.970212
    outer loop
      vertex 96.8617 -34.672 77.1679
      vertex 96.9246 -32.9761 77.1522
      vertex 103.686 -35.1996 75.4639
    endloop
  endfacet
  facet normal -0.242534 1.42515e-05 -0.970143
    outer loop
      vertex 96.8309 -34.6691 77.1756
      vertex 96.9246 -32.9761 77.1522
      vertex 96.8617 -34.672 77.1679
    endloop
  endfacet
  facet normal -0.242534 1.42548e-05 -0.970143
    outer loop
      vertex 96.9246 -32.9761 77.1522
      vertex 96.8309 -34.6691 77.1756
      vertex 96.8946 -32.9734 77.1597
    endloop
  endfacet
  facet normal -0.242149 -1.11694e-06 -0.970239
    outer loop
      vertex 96.4174 -34.6308 77.2788
      vertex 96.8946 -32.9734 77.1597
      vertex 96.8309 -34.6691 77.1756
    endloop
  endfacet
  facet normal -0.242149 -1.3214e-06 -0.970239
    outer loop
      vertex 96.8946 -32.9734 77.1597
      vertex 96.4174 -34.6308 77.2788
      vertex 96.5408 -32.9405 77.248
    endloop
  endfacet
  facet normal -0.242532 2.84007e-05 -0.970143
    outer loop
      vertex 96.2958 -34.6134 77.3092
      vertex 96.5408 -32.9405 77.248
      vertex 96.4174 -34.6308 77.2788
    endloop
  endfacet
  facet normal -0.242349 0 -0.970189
    outer loop
      vertex 96.2958 -34.6134 77.3092
      vertex 96.2958 -32.9055 77.3092
      vertex 96.5408 -32.9405 77.248
    endloop
  endfacet
  facet normal -0.242254 0 -0.970213
    outer loop
      vertex 96.2958 -34.6134 77.3092
      vertex 89.0044 -32.7689 79.1298
      vertex 96.2958 -32.9055 77.3092
    endloop
  endfacet
  facet normal -0.242249 1.87181e-05 -0.970214
    outer loop
      vertex 88.8701 -34.4743 79.1633
      vertex 89.0044 -32.7689 79.1298
      vertex 96.2958 -34.6134 77.3092
    endloop
  endfacet
  facet normal -0.247352 0.000445862 -0.968926
    outer loop
      vertex 89.0044 -32.7689 79.1298
      vertex 88.8701 -34.4743 79.1633
      vertex 88.995 -32.7682 79.1322
    endloop
  endfacet
  facet normal -0.247352 0.000445862 -0.968926
    outer loop
      vertex 88.8607 -34.4736 79.1657
      vertex 88.995 -32.7682 79.1322
      vertex 88.8701 -34.4743 79.1633
    endloop
  endfacet
  facet normal -0.242267 2.01954e-05 -0.97021
    outer loop
      vertex 88.0882 -34.3673 79.3586
      vertex 88.995 -32.7682 79.1322
      vertex 88.8607 -34.4736 79.1657
    endloop
  endfacet
  facet normal -0.242234 0 -0.970218
    outer loop
      vertex 88.0882 -34.3673 79.3586
      vertex 88.0882 -32.6434 79.3586
      vertex 88.995 -32.7682 79.1322
    endloop
  endfacet
  facet normal -0.242219 0 -0.970222
    outer loop
      vertex 86.4291 -34.3447 79.7728
      vertex 88.0882 -32.6434 79.3586
      vertex 88.0882 -34.3673 79.3586
    endloop
  endfacet
  facet normal -0.242219 0 -0.970222
    outer loop
      vertex 88.0882 -32.6434 79.3586
      vertex 86.4291 -34.3447 79.7728
      vertex 86.4291 -32.6208 79.7728
    endloop
  endfacet
  facet normal 1 0 0
    outer loop
      vertex 112 -31.9585 81.4641
      vertex 112 -33.6615 81.4642
      vertex 112 -33.6616 81.4641
    endloop
  endfacet
  facet normal 0.422555 4.97383e-05 0.906337
    outer loop
      vertex 111.571 -33.6115 81.6642
      vertex 112 -31.9585 81.4641
      vertex 111.852 -31.9426 81.5331
    endloop
  endfacet
  facet normal 0.42229 0.000103952 0.906461
    outer loop
      vertex 111.571 -33.6115 81.6642
      vertex 111.852 -31.9426 81.5331
      vertex 111.77 -31.9331 81.5713
    endloop
  endfacet
  facet normal 0.422544 5.32204e-05 0.906343
    outer loop
      vertex 112 -31.9585 81.4641
      vertex 111.571 -33.6115 81.6642
      vertex 112 -33.6615 81.4642
    endloop
  endfacet
  facet normal 0.421526 0.000214176 0.906816
    outer loop
      vertex 111.77 -31.9331 81.5713
      vertex 111.463 -33.599 81.7144
      vertex 111.571 -33.6115 81.6642
    endloop
  endfacet
  facet normal 0.433797 -0.00254621 0.901007
    outer loop
      vertex 111.77 -31.9331 81.5713
      vertex 111.452 -33.5976 81.7197
      vertex 111.463 -33.599 81.7144
    endloop
  endfacet
  facet normal 0.422943 -7.19787e-05 0.906156
    outer loop
      vertex 111.368 -33.5867 81.7588
      vertex 111.77 -31.9331 81.5713
      vertex 111.388 -31.8885 81.7496
    endloop
  endfacet
  facet normal 0.427366 -0.000135311 0.904079
    outer loop
      vertex 111.368 -33.5867 81.7588
      vertex 111.388 -31.8885 81.7496
      vertex 111.377 -31.8871 81.7548
    endloop
  endfacet
  facet normal 0.406138 -0 0.913812
    outer loop
      vertex 111.368 -33.5867 81.7588
      vertex 111.377 -31.8871 81.7548
      vertex 111.368 -31.886 81.7588
    endloop
  endfacet
  facet normal 0.42202 0.000201205 0.906586
    outer loop
      vertex 111.77 -31.9331 81.5713
      vertex 111.368 -33.5867 81.7588
      vertex 111.452 -33.5976 81.7197
    endloop
  endfacet
  facet normal -0.0389696 -0.999236 -0.00312139
    outer loop
      vertex 113.164 -35.7253 72.3221
      vertex 113.084 -35.7215 72.1044
      vertex 113.164 -35.7245 72.066
    endloop
  endfacet
  facet normal -0.0424578 -0.999097 -0.00183711
    outer loop
      vertex 113.164 -35.7253 72.3221
      vertex 112.416 -35.6937 72.4239
      vertex 113.084 -35.7215 72.1044
    endloop
  endfacet
  facet normal -0.0946041 -0.99551 -0.00310975
    outer loop
      vertex 113.164 -35.7245 72.066
      vertex 121.777 -36.5348 69.4409
      vertex 113.164 -35.7253 72.3221
    endloop
  endfacet
  facet normal -0.0946311 -0.995507 -0.00319905
    outer loop
      vertex 121.777 -36.5348 69.4409
      vertex 113.164 -35.7245 72.066
      vertex 121.283 -36.4838 68.1833
    endloop
  endfacet
  facet normal 0.0913711 -0.955787 0.279504
    outer loop
      vertex 121.785 -34.864 76.7844
      vertex 120.982 -34.8285 77.1683
      vertex 121.785 -35.8085 73.5546
    endloop
  endfacet
  facet normal -0.00350402 -0.96533 0.261009
    outer loop
      vertex 120.971 -34.827 77.1737
      vertex 121.785 -35.8085 73.5546
      vertex 120.982 -34.8285 77.1683
    endloop
  endfacet
  facet normal 0.00483843 -0.96485 0.262756
    outer loop
      vertex 121.785 -35.8085 73.5546
      vertex 120.971 -34.827 77.1737
      vertex 121.777 -35.8111 73.5452
    endloop
  endfacet
  facet normal -0.0611977 -0.99799 -0.0164328
    outer loop
      vertex 121.777 -36.5348 69.4409
      vertex 121.283 -36.4838 68.1833
      vertex 121.777 -36.5102 67.9469
    endloop
  endfacet
  facet normal -0.0643133 -0.994129 0.0870185
    outer loop
      vertex 121.777 -36.3524 71.5247
      vertex 113.164 -35.543 74.4059
      vertex 121.777 -36.5348 69.4409
    endloop
  endfacet
  facet normal -0.0643409 -0.994131 0.086971
    outer loop
      vertex 113.164 -35.543 74.4059
      vertex 113.164 -35.7253 72.3221
      vertex 121.777 -36.5348 69.4409
    endloop
  endfacet
  facet normal -0.11578 -0.99314 -0.0163529
    outer loop
      vertex 121.777 -36.5102 67.9469
      vertex 130.472 -37.5062 66.8746
      vertex 121.777 -36.5348 69.4409
    endloop
  endfacet
  facet normal -0.115775 -0.993142 -0.016311
    outer loop
      vertex 130.472 -37.5062 66.8746
      vertex 121.777 -36.5102 67.9469
      vertex 129.415 -37.3406 64.2941
    endloop
  endfacet
  facet normal 0.0498083 -0.953753 0.296435
    outer loop
      vertex 130.477 -36.2704 72.6274
      vertex 130.042 -36.2285 72.8353
      vertex 130.477 -36.7759 71.001
    endloop
  endfacet
  facet normal -0.0852693 -0.992567 0.0868383
    outer loop
      vertex 130.472 -37.3239 68.9583
      vertex 121.777 -36.3524 71.5247
      vertex 130.472 -37.5062 66.8746
    endloop
  endfacet
  facet normal -0.0914653 -0.995458 -0.026417
    outer loop
      vertex 130.472 -37.5062 66.8746
      vertex 129.415 -37.3406 64.2941
      vertex 130.472 -37.4243 63.7884
    endloop
  endfacet
  facet normal -0.0315177 -0.965457 0.25865
    outer loop
      vertex 121.777 -36.3524 71.5247
      vertex 130.472 -36.7825 70.9788
      vertex 121.777 -35.8111 73.5452
    endloop
  endfacet
  facet normal -0.0315143 -0.965445 0.258694
    outer loop
      vertex 130.472 -36.7825 70.9788
      vertex 121.777 -36.3524 71.5247
      vertex 130.472 -37.3239 68.9583
    endloop
  endfacet
  facet normal -0.0243897 -0.959517 0.280594
    outer loop
      vertex 121.785 -35.8085 73.5546
      vertex 130.031 -36.2269 72.8406
      vertex 121.785 -34.864 76.7844
    endloop
  endfacet
  facet normal -0.0230394 -0.958345 0.284682
    outer loop
      vertex 130.472 -36.7825 70.9788
      vertex 121.785 -35.8085 73.5546
      vertex 121.777 -35.8111 73.5452
    endloop
  endfacet
  facet normal -0.0243927 -0.959525 0.280565
    outer loop
      vertex 121.785 -35.8085 73.5546
      vertex 130.472 -36.7825 70.9788
      vertex 130.031 -36.2269 72.8406
    endloop
  endfacet
  facet normal -0.0852459 -0.992565 0.0868816
    outer loop
      vertex 121.777 -36.3524 71.5247
      vertex 121.777 -36.5348 69.4409
      vertex 130.472 -37.5062 66.8746
    endloop
  endfacet
  facet normal -0.00180498 -0.958356 0.285569
    outer loop
      vertex 130.031 -36.2269 72.8406
      vertex 130.477 -36.7759 71.001
      vertex 130.042 -36.2285 72.8353
    endloop
  endfacet
  facet normal -0.00233034 -0.95839 0.285452
    outer loop
      vertex 130.477 -36.7759 71.001
      vertex 130.031 -36.2269 72.8406
      vertex 130.472 -36.7825 70.9788
    endloop
  endfacet
  facet normal -0.118922 -0.989125 0.0865372
    outer loop
      vertex 130.472 -37.3239 68.9583
      vertex 130.472 -37.5062 66.8746
      vertex 139.222 -38.5892 66.5204
    endloop
  endfacet
  facet normal -0.150304 -0.988292 -0.0262268
    outer loop
      vertex 131 -37.4979 63.5359
      vertex 130.472 -37.5062 66.8746
      vertex 130.472 -37.4243 63.7884
    endloop
  endfacet
  facet normal -0.150144 -0.988317 -0.0262016
    outer loop
      vertex 131.632 -37.5861 63.2412
      vertex 130.472 -37.5062 66.8746
      vertex 131 -37.4979 63.5359
    endloop
  endfacet
  facet normal -0.150222 -0.988304 -0.0262267
    outer loop
      vertex 130.472 -37.5062 66.8746
      vertex 131.632 -37.5861 63.2412
      vertex 139.222 -38.7715 64.4366
    endloop
  endfacet
  facet normal -0.150221 -0.988304 -0.0262305
    outer loop
      vertex 139.222 -38.7715 64.4366
      vertex 131.632 -37.5861 63.2412
      vertex 137.789 -38.4645 61.0763
    endloop
  endfacet
  facet normal -0.0553119 -0.953477 0.296349
    outer loop
      vertex 130.477 -36.7759 71.001
      vertex 134.442 -37.0898 70.7311
      vertex 130.477 -36.2704 72.6274
    endloop
  endfacet
  facet normal -0.0553472 -0.953594 0.295966
    outer loop
      vertex 130.472 -36.7825 70.9788
      vertex 134.442 -37.0898 70.7311
      vertex 130.477 -36.7759 71.001
    endloop
  endfacet
  facet normal -0.0553157 -0.953482 0.296332
    outer loop
      vertex 139.222 -38.0478 68.5409
      vertex 134.442 -37.0898 70.7311
      vertex 130.472 -36.7825 70.9788
    endloop
  endfacet
  facet normal -0.0552756 -0.95346 0.29641
    outer loop
      vertex 134.442 -37.0898 70.7311
      vertex 139.222 -38.0478 68.5409
      vertex 139.114 -37.9064 68.9756
    endloop
  endfacet
  facet normal -0.118923 -0.989126 0.0865331
    outer loop
      vertex 139.222 -38.5892 66.5204
      vertex 130.472 -37.5062 66.8746
      vertex 139.222 -38.7715 64.4366
    endloop
  endfacet
  facet normal -0.067412 -0.963728 0.258234
    outer loop
      vertex 130.472 -37.3239 68.9583
      vertex 139.222 -38.0478 68.5409
      vertex 130.472 -36.7825 70.9788
    endloop
  endfacet
  facet normal -0.067412 -0.963728 0.258234
    outer loop
      vertex 139.222 -38.0478 68.5409
      vertex 130.472 -37.3239 68.9583
      vertex 139.222 -38.5892 66.5204
    endloop
  endfacet
  facet normal 0.0424578 0.999097 0.00183711
    outer loop
      vertex 113.164 -34.0753 72.3221
      vertex 113.084 -34.0715 72.1044
      vertex 112.416 -34.0437 72.4239
    endloop
  endfacet
  facet normal 0.0389696 0.999236 0.00312139
    outer loop
      vertex 113.164 -34.0753 72.3221
      vertex 113.164 -34.0745 72.066
      vertex 113.084 -34.0715 72.1044
    endloop
  endfacet
  facet normal 0.0643289 0.994129 -0.0870063
    outer loop
      vertex 121.777 -34.7275 71.2382
      vertex 113.164 -34.0753 72.3221
      vertex 113.164 -33.918 74.1194
    endloop
  endfacet
  facet normal 0.0643289 0.994129 -0.0870063
    outer loop
      vertex 113.164 -34.0753 72.3221
      vertex 121.777 -34.7275 71.2382
      vertex 121.777 -34.8848 69.4409
    endloop
  endfacet
  facet normal -0.0913071 0.955794 -0.279501
    outer loop
      vertex 121.785 -33.1485 76.7844
      vertex 121.785 -34.258 72.9903
      vertex 120.842 -33.1067 77.2354
    endloop
  endfacet
  facet normal 0.0946041 0.99551 0.00310975
    outer loop
      vertex 121.777 -34.8848 69.4409
      vertex 113.164 -34.0745 72.066
      vertex 113.164 -34.0753 72.3221
    endloop
  endfacet
  facet normal 0.0946311 0.995507 0.00319905
    outer loop
      vertex 113.164 -34.0745 72.066
      vertex 121.777 -34.8848 69.4409
      vertex 121.283 -34.8338 68.1833
    endloop
  endfacet
  facet normal 0.0611977 0.99799 0.0164328
    outer loop
      vertex 121.777 -34.8848 69.4409
      vertex 121.777 -34.8602 67.9469
      vertex 121.283 -34.8338 68.1833
    endloop
  endfacet
  facet normal -0.00635104 0.964759 -0.26306
    outer loop
      vertex 121.785 -34.258 72.9903
      vertex 120.831 -33.1053 77.2408
      vertex 120.842 -33.1067 77.2354
    endloop
  endfacet
  facet normal -0.00225528 0.965009 -0.262208
    outer loop
      vertex 120.831 -33.1053 77.2408
      vertex 121.785 -34.258 72.9903
      vertex 121.777 -34.2606 72.9808
    endloop
  endfacet
  facet normal 0.0243864 0.959518 -0.28059
    outer loop
      vertex 129.88 -34.4864 72.9128
      vertex 121.785 -34.258 72.9903
      vertex 121.785 -33.1485 76.7844
    endloop
  endfacet
  facet normal 0.0243859 0.959509 -0.280619
    outer loop
      vertex 130.472 -35.2321 70.4145
      vertex 121.785 -34.258 72.9903
      vertex 129.88 -34.4864 72.9128
    endloop
  endfacet
  facet normal 0.023775 0.958979 -0.282478
    outer loop
      vertex 121.785 -34.258 72.9903
      vertex 130.472 -35.2321 70.4145
      vertex 121.777 -34.2606 72.9808
    endloop
  endfacet
  facet normal 0.0852599 0.992565 -0.0868694
    outer loop
      vertex 130.472 -35.699 68.6718
      vertex 121.777 -34.8848 69.4409
      vertex 121.777 -34.7275 71.2382
    endloop
  endfacet
  facet normal 0.0852647 0.992569 -0.0868194
    outer loop
      vertex 121.777 -34.8848 69.4409
      vertex 130.472 -35.699 68.6718
      vertex 130.472 -35.8562 66.8746
    endloop
  endfacet
  facet normal 0.0914653 0.995458 0.026417
    outer loop
      vertex 130.472 -35.8562 66.8746
      vertex 130.472 -35.7743 63.7884
      vertex 129.415 -35.6906 64.2941
    endloop
  endfacet
  facet normal 0.0315277 0.965453 -0.258662
    outer loop
      vertex 130.472 -35.2321 70.4145
      vertex 130.472 -35.699 68.6718
      vertex 121.777 -34.2606 72.9808
    endloop
  endfacet
  facet normal 0.11578 0.99314 0.0163529
    outer loop
      vertex 130.472 -35.8562 66.8746
      vertex 121.777 -34.8602 67.9469
      vertex 121.777 -34.8848 69.4409
    endloop
  endfacet
  facet normal 0.115775 0.993142 0.016311
    outer loop
      vertex 121.777 -34.8602 67.9469
      vertex 130.472 -35.8562 66.8746
      vertex 129.415 -35.6906 64.2941
    endloop
  endfacet
  facet normal 0.0315203 0.96545 -0.258676
    outer loop
      vertex 121.777 -34.2606 72.9808
      vertex 130.472 -35.699 68.6718
      vertex 121.777 -34.7275 71.2382
    endloop
  endfacet
  facet normal -0.00115075 0.958157 -0.286242
    outer loop
      vertex 130.477 -35.2254 70.4367
      vertex 129.88 -34.4864 72.9128
      vertex 129.891 -34.488 72.9074
    endloop
  endfacet
  facet normal -0.00687738 0.957755 -0.287503
    outer loop
      vertex 129.88 -34.4864 72.9128
      vertex 130.477 -35.2254 70.4367
      vertex 130.472 -35.2321 70.4145
    endloop
  endfacet
  facet normal -0.0496864 0.953758 -0.296441
    outer loop
      vertex 130.477 -34.5445 72.6274
      vertex 130.477 -35.2254 70.4367
      vertex 129.891 -34.488 72.9074
    endloop
  endfacet
  facet normal 0.0674069 0.963733 -0.258216
    outer loop
      vertex 139.222 -36.4973 67.9765
      vertex 139.222 -36.9642 66.2339
      vertex 130.472 -35.699 68.6718
    endloop
  endfacet
  facet normal 0.0674083 0.963736 -0.258202
    outer loop
      vertex 130.472 -35.2321 70.4145
      vertex 139.222 -36.4973 67.9765
      vertex 130.472 -35.699 68.6718
    endloop
  endfacet
  facet normal 0.0553097 0.953475 -0.296353
    outer loop
      vertex 134.442 -35.3639 70.7311
      vertex 130.477 -35.2254 70.4367
      vertex 130.477 -34.5445 72.6274
    endloop
  endfacet
  facet normal 0.0555355 0.952344 -0.299927
    outer loop
      vertex 134.442 -35.3639 70.7311
      vertex 130.472 -35.2321 70.4145
      vertex 130.477 -35.2254 70.4367
    endloop
  endfacet
  facet normal 0.0552361 0.953449 -0.296453
    outer loop
      vertex 139.222 -36.4973 67.9765
      vertex 134.442 -35.3639 70.7311
      vertex 138.958 -36.1532 69.034
    endloop
  endfacet
  facet normal 0.0552893 0.953471 -0.29637
    outer loop
      vertex 134.442 -35.3639 70.7311
      vertex 139.222 -36.4973 67.9765
      vertex 130.472 -35.2321 70.4145
    endloop
  endfacet
  facet normal 0.118917 0.989128 -0.0865184
    outer loop
      vertex 139.222 -36.9642 66.2339
      vertex 130.472 -35.8562 66.8746
      vertex 130.472 -35.699 68.6718
    endloop
  endfacet
  facet normal 0.118913 0.989124 -0.0865683
    outer loop
      vertex 130.472 -35.8562 66.8746
      vertex 139.222 -36.9642 66.2339
      vertex 139.222 -37.1215 64.4366
    endloop
  endfacet
  facet normal 0.150222 0.988304 0.0262267
    outer loop
      vertex 131.632 -35.9361 63.2412
      vertex 130.472 -35.8562 66.8746
      vertex 139.222 -37.1215 64.4366
    endloop
  endfacet
  facet normal 0.150304 0.988292 0.0262268
    outer loop
      vertex 130.472 -35.8562 66.8746
      vertex 131 -35.8479 63.5359
      vertex 130.472 -35.7743 63.7884
    endloop
  endfacet
  facet normal 0.150144 0.988317 0.0262016
    outer loop
      vertex 130.472 -35.8562 66.8746
      vertex 131.632 -35.9361 63.2412
      vertex 131 -35.8479 63.5359
    endloop
  endfacet
  facet normal 0.150221 0.988304 0.0262305
    outer loop
      vertex 131.632 -35.9361 63.2412
      vertex 139.222 -37.1215 64.4366
      vertex 137.789 -36.8145 61.0763
    endloop
  endfacet
  facet normal 0.431455 -0 0.902135
    outer loop
      vertex 130.477 -36.2704 72.6274
      vertex 134.442 -35.3639 70.7311
      vertex 130.477 -34.5445 72.6274
    endloop
  endfacet
  facet normal 0.431455 0 0.902135
    outer loop
      vertex 134.442 -35.3639 70.7311
      vertex 130.477 -36.2704 72.6274
      vertex 134.442 -37.0898 70.7311
    endloop
  endfacet
  facet normal 0.431213 0 0.90225
    outer loop
      vertex 130.477 -34.5445 72.6274
      vertex 130.042 -36.2285 72.8353
      vertex 130.477 -36.2704 72.6274
    endloop
  endfacet
  facet normal 0.433959 -0.00087187 0.900932
    outer loop
      vertex 130.477 -34.5445 72.6274
      vertex 130.031 -36.2269 72.8406
      vertex 130.042 -36.2285 72.8353
    endloop
  endfacet
  facet normal 0.431132 4.92603e-05 0.902289
    outer loop
      vertex 129.891 -34.488 72.9074
      vertex 130.031 -36.2269 72.8406
      vertex 130.477 -34.5445 72.6274
    endloop
  endfacet
  facet normal 0.440791 0.00100663 0.897609
    outer loop
      vertex 129.88 -34.4864 72.9128
      vertex 130.031 -36.2269 72.8406
      vertex 129.891 -34.488 72.9074
    endloop
  endfacet
  facet normal 0.431463 -0 0.902131
    outer loop
      vertex 121.785 -34.864 76.7844
      vertex 129.88 -34.4864 72.9128
      vertex 121.785 -33.1485 76.7844
    endloop
  endfacet
  facet normal 0.431462 9.73149e-06 0.902131
    outer loop
      vertex 129.88 -34.4864 72.9128
      vertex 121.785 -34.864 76.7844
      vertex 130.031 -36.2269 72.8406
    endloop
  endfacet
  facet normal 0.431324 0 0.902197
    outer loop
      vertex 121.785 -33.1485 76.7844
      vertex 120.982 -34.8285 77.1683
      vertex 121.785 -34.864 76.7844
    endloop
  endfacet
  facet normal 0.431453 -7.54472e-05 0.902136
    outer loop
      vertex 120.842 -33.1067 77.2354
      vertex 120.982 -34.8285 77.1683
      vertex 121.785 -33.1485 76.7844
    endloop
  endfacet
  facet normal 0.440767 0.000857853 0.897621
    outer loop
      vertex 120.982 -34.8285 77.1683
      vertex 120.842 -33.1067 77.2354
      vertex 120.971 -34.827 77.1737
    endloop
  endfacet
  facet normal 0.440761 0.000857266 0.897624
    outer loop
      vertex 120.831 -33.1053 77.2408
      vertex 120.971 -34.827 77.1737
      vertex 120.842 -33.1067 77.2354
    endloop
  endfacet
  facet normal 0.431453 -0 0.902135
    outer loop
      vertex 113.173 -33.791 80.9033
      vertex 120.831 -33.1053 77.2408
      vertex 113.173 -32.0879 80.9033
    endloop
  endfacet
  facet normal 0.431459 -7.48427e-05 0.902133
    outer loop
      vertex 120.831 -33.1053 77.2408
      vertex 113.173 -33.791 80.9033
      vertex 120.971 -34.827 77.1737
    endloop
  endfacet
  facet normal 0.43133 -0 0.902194
    outer loop
      vertex 112 -33.6616 81.4641
      vertex 113.173 -32.0879 80.9033
      vertex 112 -31.9585 81.4641
    endloop
  endfacet
  facet normal 0.43133 0 0.902194
    outer loop
      vertex 113.173 -32.0879 80.9033
      vertex 112 -33.6616 81.4641
      vertex 113.173 -33.791 80.9033
    endloop
  endfacet
  facet normal -0.431425 0 -0.902149
    outer loop
      vertex 130.472 -37.4243 63.7884
      vertex 131 -35.8479 63.5359
      vertex 131 -37.4979 63.5359
    endloop
  endfacet
  facet normal -0.431425 0 -0.902149
    outer loop
      vertex 130.472 -37.4243 63.7884
      vertex 130.472 -35.7743 63.7884
      vertex 131 -35.8479 63.5359
    endloop
  endfacet
  facet normal -0.431579 0 -0.902075
    outer loop
      vertex 129.415 -37.3406 64.2941
      vertex 130.472 -35.7743 63.7884
      vertex 130.472 -37.4243 63.7884
    endloop
  endfacet
  facet normal -0.431579 0 -0.902075
    outer loop
      vertex 129.415 -37.3406 64.2941
      vertex 129.415 -35.6906 64.2941
      vertex 130.472 -35.7743 63.7884
    endloop
  endfacet
  facet normal -0.43144 0 -0.902141
    outer loop
      vertex 121.777 -36.5102 67.9469
      vertex 129.415 -35.6906 64.2941
      vertex 129.415 -37.3406 64.2941
    endloop
  endfacet
  facet normal -0.43144 0 -0.902141
    outer loop
      vertex 121.777 -36.5102 67.9469
      vertex 121.777 -34.8602 67.9469
      vertex 129.415 -35.6906 64.2941
    endloop
  endfacet
  facet normal -0.431662 0 -0.902035
    outer loop
      vertex 121.283 -36.4838 68.1833
      vertex 121.777 -34.8602 67.9469
      vertex 121.777 -36.5102 67.9469
    endloop
  endfacet
  facet normal -0.431662 0 -0.902035
    outer loop
      vertex 121.283 -36.4838 68.1833
      vertex 121.283 -34.8338 68.1833
      vertex 121.777 -34.8602 67.9469
    endloop
  endfacet
  facet normal -0.431428 0 -0.902147
    outer loop
      vertex 113.164 -35.7245 72.066
      vertex 121.283 -34.8338 68.1833
      vertex 121.283 -36.4838 68.1833
    endloop
  endfacet
  facet normal -0.431428 0 -0.902147
    outer loop
      vertex 113.164 -35.7245 72.066
      vertex 113.164 -34.0745 72.066
      vertex 121.283 -34.8338 68.1833
    endloop
  endfacet
  facet normal -0.432731 0 -0.901523
    outer loop
      vertex 113.084 -35.7215 72.1044
      vertex 113.164 -34.0745 72.066
      vertex 113.164 -35.7245 72.066
    endloop
  endfacet
  facet normal -0.432731 0 -0.901523
    outer loop
      vertex 113.084 -35.7215 72.1044
      vertex 113.084 -34.0715 72.1044
      vertex 113.164 -34.0745 72.066
    endloop
  endfacet
  facet normal -0.431479 0 -0.902123
    outer loop
      vertex 112.416 -35.6937 72.4239
      vertex 113.084 -34.0715 72.1044
      vertex 113.084 -35.7215 72.1044
    endloop
  endfacet
  facet normal -0.431479 0 -0.902123
    outer loop
      vertex 112.416 -35.6937 72.4239
      vertex 112.416 -34.0437 72.4239
      vertex 113.084 -34.0715 72.1044
    endloop
  endfacet
  facet normal -0.431444 0 -0.90214
    outer loop
      vertex 109.18 -35.4604 73.9715
      vertex 112.416 -34.0437 72.4239
      vertex 112.416 -35.6937 72.4239
    endloop
  endfacet
  facet normal -0.431813 -0 -0.901963
    outer loop
      vertex 108.653 -33.7724 74.2238
      vertex 109.18 -35.4604 73.9715
      vertex 108.653 -35.4224 74.2238
    endloop
  endfacet
  facet normal -0.431488 0.000124603 -0.902119
    outer loop
      vertex 109.18 -35.4604 73.9715
      vertex 108.653 -33.7724 74.2238
      vertex 112.416 -34.0437 72.4239
    endloop
  endfacet
  facet normal -0.422611 0 -0.906311
    outer loop
      vertex 131 -37.4979 63.5359
      vertex 131.632 -35.9361 63.2412
      vertex 131.632 -37.5861 63.2412
    endloop
  endfacet
  facet normal -0.422611 0 -0.906311
    outer loop
      vertex 131.632 -35.9361 63.2412
      vertex 131 -37.4979 63.5359
      vertex 131 -35.8479 63.5359
    endloop
  endfacet
  facet normal -0.130021 -0.99089 -0.0350812
    outer loop
      vertex 139.222 -38.7715 64.4366
      vertex 137.789 -38.4645 61.0763
      vertex 139.222 -38.6347 60.5726
    endloop
  endfacet
  facet normal 0.0334718 -0.947918 0.316752
    outer loop
      vertex 139.225 -37.9168 68.9336
      vertex 139.125 -37.9077 68.9714
      vertex 139.225 -38.0387 68.5688
    endloop
  endfacet
  facet normal 0.00635904 -0.950441 0.310839
    outer loop
      vertex 139.114 -37.9064 68.9756
      vertex 139.225 -38.0387 68.5688
      vertex 139.125 -37.9077 68.9714
    endloop
  endfacet
  facet normal 0.00235862 -0.95078 0.309857
    outer loop
      vertex 139.225 -38.0387 68.5688
      vertex 139.114 -37.9064 68.9756
      vertex 139.222 -38.0478 68.5409
    endloop
  endfacet
  facet normal -0.147227 -0.985339 0.0862018
    outer loop
      vertex 139.222 -38.5892 66.5204
      vertex 139.222 -38.7715 64.4366
      vertex 148 -40.1152 64.0695
    endloop
  endfacet
  facet normal -0.095211 -0.961537 0.257647
    outer loop
      vertex 139.222 -38.5892 66.5204
      vertex 143.301 -38.7569 67.4019
      vertex 139.222 -38.0478 68.5409
    endloop
  endfacet
  facet normal -0.0952145 -0.961532 0.257664
    outer loop
      vertex 143.301 -38.7569 67.4019
      vertex 139.222 -38.5892 66.5204
      vertex 146.611 -39.418 66.158
    endloop
  endfacet
  facet normal -0.0952147 -0.961532 0.257662
    outer loop
      vertex 148 -40.1152 64.0695
      vertex 146.611 -39.418 66.158
      vertex 139.222 -38.5892 66.5204
    endloop
  endfacet
  facet normal -0.0952416 -0.961534 0.257645
    outer loop
      vertex 146.611 -39.418 66.158
      vertex 148 -40.1152 64.0695
      vertex 148 -39.6954 65.6362
    endloop
  endfacet
  facet normal -0.0761645 -0.945694 0.316009
    outer loop
      vertex 139.225 -38.0387 68.5688
      vertex 143.301 -38.7569 67.4019
      vertex 139.225 -37.9168 68.9336
    endloop
  endfacet
  facet normal -0.075975 -0.945523 0.316566
    outer loop
      vertex 143.301 -38.7569 67.4019
      vertex 139.225 -38.0387 68.5688
      vertex 139.222 -38.0478 68.5409
    endloop
  endfacet
  facet normal -0.147227 -0.985339 0.0862018
    outer loop
      vertex 148 -40.1152 64.0695
      vertex 139.222 -38.7715 64.4366
      vertex 148 -40.2975 61.9857
    endloop
  endfacet
  facet normal -0.180595 -0.982942 -0.0347998
    outer loop
      vertex 139.222 -38.6347 60.5726
      vertex 148 -40.2975 61.9857
      vertex 139.222 -38.7715 64.4366
    endloop
  endfacet
  facet normal -0.180592 -0.982942 -0.0348146
    outer loop
      vertex 148 -40.2975 61.9857
      vertex 139.222 -38.6347 60.5726
      vertex 146.268 -39.8415 58.0955
    endloop
  endfacet
  facet normal -0.1597 -0.986162 -0.0444938
    outer loop
      vertex 148 -40.2975 61.9857
      vertex 146.268 -39.8415 58.0955
      vertex 148 -40.0945 57.4864
    endloop
  endfacet
  facet normal -0.196616 -0.979484 -0.0441925
    outer loop
      vertex 153.717 -41.1514 55.4762
      vertex 148 -40.2975 61.9857
      vertex 148 -40.0945 57.4864
    endloop
  endfacet
  facet normal -0.19657 -0.979495 -0.0441507
    outer loop
      vertex 148 -40.2975 61.9857
      vertex 153.717 -41.1514 55.4762
      vertex 156.778 -41.9504 59.5739
    endloop
  endfacet
  facet normal -0.196557 -0.979497 -0.0441609
    outer loop
      vertex 156.778 -41.9504 59.5739
      vertex 153.717 -41.1514 55.4762
      vertex 154.667 -41.3222 55.0362
    endloop
  endfacet
  facet normal -0.161491 -0.983119 0.0860076
    outer loop
      vertex 156.778 -41.7681 61.6577
      vertex 148 -40.1152 64.0695
      vertex 156.778 -41.9504 59.5739
    endloop
  endfacet
  facet normal -0.161491 -0.983119 0.0860076
    outer loop
      vertex 148 -40.1152 64.0695
      vertex 148 -40.2975 61.9857
      vertex 156.778 -41.9504 59.5739
    endloop
  endfacet
  facet normal -0.171853 -0.983518 -0.0562102
    outer loop
      vertex 156.778 -41.9504 59.5739
      vertex 154.667 -41.3222 55.0362
      vertex 156.778 -41.6352 54.0588
    endloop
  endfacet
  facet normal -0.110058 -0.960035 0.257332
    outer loop
      vertex 156.778 -41.7681 61.6577
      vertex 156.283 -41.4792 62.5238
      vertex 151.513 -40.4519 64.3163
    endloop
  endfacet
  facet normal -0.110222 -0.960041 0.25724
    outer loop
      vertex 156.283 -41.4792 62.5238
      vertex 156.778 -41.7681 61.6577
      vertex 156.778 -41.5979 62.2929
    endloop
  endfacet
  facet normal -0.110088 -0.960054 0.257248
    outer loop
      vertex 148 -40.1152 64.0695
      vertex 151.513 -40.4519 64.3163
      vertex 148 -39.6954 65.6362
    endloop
  endfacet
  facet normal -0.110089 -0.960047 0.257276
    outer loop
      vertex 151.513 -40.4519 64.3163
      vertex 148 -40.1152 64.0695
      vertex 156.778 -41.7681 61.6577
    endloop
  endfacet
  facet normal -0.171438 -0.981446 0.0858612
    outer loop
      vertex 156.778 -41.9504 59.5739
      vertex 159.48 -42.3 60.9728
      vertex 156.778 -41.7681 61.6577
    endloop
  endfacet
  facet normal -0.171439 -0.981446 0.0858642
    outer loop
      vertex 165.528 -43.6729 57.3559
      vertex 159.48 -42.3 60.9728
      vertex 156.778 -41.9504 59.5739
    endloop
  endfacet
  facet normal -0.171494 -0.981444 0.0857718
    outer loop
      vertex 159.48 -42.3 60.9728
      vertex 165.528 -43.6729 57.3559
      vertex 165.528 -43.6155 58.0127
    endloop
  endfacet
  facet normal -0.123152 -0.958574 0.256847
    outer loop
      vertex 156.778 -41.7681 61.6577
      vertex 156.875 -41.6225 62.2476
      vertex 156.778 -41.5979 62.2929
    endloop
  endfacet
  facet normal -0.123568 -0.958506 0.256899
    outer loop
      vertex 156.875 -41.6225 62.2476
      vertex 156.778 -41.7681 61.6577
      vertex 159.48 -42.3 60.9728
    endloop
  endfacet
  facet normal -0.206454 -0.976862 -0.0558298
    outer loop
      vertex 156.778 -41.6352 54.0588
      vertex 165.528 -43.6729 57.3559
      vertex 156.778 -41.9504 59.5739
    endloop
  endfacet
  facet normal -0.206461 -0.976862 -0.0558129
    outer loop
      vertex 165.528 -43.6729 57.3559
      vertex 156.778 -41.6352 54.0588
      vertex 162.608 -42.7131 51.3586
    endloop
  endfacet
  facet normal -0.0332246 0.947945 -0.316696
    outer loop
      vertex 139.225 -36.1778 68.9336
      vertex 139.225 -36.4882 68.0045
      vertex 138.969 -36.1546 69.0299
    endloop
  endfacet
  facet normal 0.130021 0.99089 0.0350812
    outer loop
      vertex 139.222 -37.1215 64.4366
      vertex 139.222 -36.9847 60.5726
      vertex 137.789 -36.8145 61.0763
    endloop
  endfacet
  facet normal 0.00630548 0.951383 -0.307945
    outer loop
      vertex 139.225 -36.4882 68.0045
      vertex 138.958 -36.1532 69.034
      vertex 138.969 -36.1546 69.0299
    endloop
  endfacet
  facet normal 0.00103971 0.951001 -0.309187
    outer loop
      vertex 138.958 -36.1532 69.034
      vertex 139.225 -36.4882 68.0045
      vertex 139.222 -36.4973 67.9765
    endloop
  endfacet
  facet normal 0.147217 0.985338 -0.0862369
    outer loop
      vertex 148 -38.4902 63.783
      vertex 139.222 -37.1215 64.4366
      vertex 139.222 -36.9642 66.2339
    endloop
  endfacet
  facet normal 0.147217 0.985338 -0.0862369
    outer loop
      vertex 139.222 -37.1215 64.4366
      vertex 148 -38.4902 63.783
      vertex 148 -38.6475 61.9857
    endloop
  endfacet
  facet normal 0.0952255 0.96154 -0.257628
    outer loop
      vertex 148 -38.0233 65.5256
      vertex 148 -38.4902 63.783
      vertex 139.222 -36.4973 67.9765
    endloop
  endfacet
  facet normal 0.0952255 0.96154 -0.257628
    outer loop
      vertex 139.222 -36.4973 67.9765
      vertex 148 -38.4902 63.783
      vertex 139.222 -36.9642 66.2339
    endloop
  endfacet
  facet normal 0.0761853 0.945712 -0.31595
    outer loop
      vertex 147.968 -37.9797 65.6483
      vertex 139.225 -36.4882 68.0045
      vertex 139.225 -36.1778 68.9336
    endloop
  endfacet
  facet normal 0.0763076 0.945829 -0.31557
    outer loop
      vertex 147.968 -37.9797 65.6483
      vertex 139.222 -36.4973 67.9765
      vertex 139.225 -36.4882 68.0045
    endloop
  endfacet
  facet normal 0.0761159 0.945643 -0.316172
    outer loop
      vertex 139.222 -36.4973 67.9765
      vertex 147.968 -37.9797 65.6483
      vertex 148 -38.0233 65.5256
    endloop
  endfacet
  facet normal 0.00452504 0.942969 -0.332848
    outer loop
      vertex 148.004 -38.0145 65.5502
      vertex 147.968 -37.9797 65.6483
      vertex 147.979 -37.9812 65.6442
    endloop
  endfacet
  facet normal -0.00530608 0.941829 -0.336052
    outer loop
      vertex 147.968 -37.9797 65.6483
      vertex 148.004 -38.0145 65.5502
      vertex 148 -38.0233 65.5256
    endloop
  endfacet
  facet normal 0.180595 0.982942 0.0347998
    outer loop
      vertex 148 -38.6475 61.9857
      vertex 139.222 -36.9847 60.5726
      vertex 139.222 -37.1215 64.4366
    endloop
  endfacet
  facet normal 0.180592 0.982942 0.0348146
    outer loop
      vertex 139.222 -36.9847 60.5726
      vertex 148 -38.6475 61.9857
      vertex 146.268 -38.1915 58.0955
    endloop
  endfacet
  facet normal -0.0455654 0.937746 -0.34432
    outer loop
      vertex 148.004 -37.9834 65.6349
      vertex 148.004 -38.0145 65.5502
      vertex 147.979 -37.9812 65.6442
    endloop
  endfacet
  facet normal 0.1597 0.986162 0.0444938
    outer loop
      vertex 148 -38.6475 61.9857
      vertex 148 -38.4445 57.4864
      vertex 146.268 -38.1915 58.0955
    endloop
  endfacet
  facet normal 0.161491 0.983116 -0.0860425
    outer loop
      vertex 156.778 -40.1432 61.3711
      vertex 148 -38.6475 61.9857
      vertex 148 -38.4902 63.783
    endloop
  endfacet
  facet normal 0.161495 0.98312 -0.0859929
    outer loop
      vertex 148 -38.6475 61.9857
      vertex 156.778 -40.1432 61.3711
      vertex 156.778 -40.3004 59.5739
    endloop
  endfacet
  facet normal 0.110103 0.960057 -0.257231
    outer loop
      vertex 149.095 -38.2295 65.2247
      vertex 148 -38.4902 63.783
      vertex 148 -38.0233 65.5256
    endloop
  endfacet
  facet normal 0.110102 0.960057 -0.25723
    outer loop
      vertex 156.283 -39.7775 62.5238
      vertex 148 -38.4902 63.783
      vertex 149.095 -38.2295 65.2247
    endloop
  endfacet
  facet normal 0.110219 0.96004 -0.257246
    outer loop
      vertex 156.778 -40.1432 61.3711
      vertex 156.283 -39.7775 62.5238
      vertex 156.778 -39.8962 62.2929
    endloop
  endfacet
  facet normal 0.110089 0.96004 -0.257303
    outer loop
      vertex 156.283 -39.7775 62.5238
      vertex 156.778 -40.1432 61.3711
      vertex 148 -38.4902 63.783
    endloop
  endfacet
  facet normal 0.0804986 0.93429 -0.347307
    outer loop
      vertex 148.004 -38.0145 65.5502
      vertex 149.095 -38.2295 65.2247
      vertex 148 -38.0233 65.5256
    endloop
  endfacet
  facet normal 0.0818803 0.935569 -0.343521
    outer loop
      vertex 149.095 -38.2295 65.2247
      vertex 148.004 -38.0145 65.5502
      vertex 148.004 -37.9834 65.6349
    endloop
  endfacet
  facet normal 0.19657 0.979495 0.0441507
    outer loop
      vertex 153.717 -39.5014 55.4762
      vertex 148 -38.6475 61.9857
      vertex 156.778 -40.3004 59.5739
    endloop
  endfacet
  facet normal 0.196616 0.979484 0.0441925
    outer loop
      vertex 148 -38.6475 61.9857
      vertex 153.717 -39.5014 55.4762
      vertex 148 -38.4445 57.4864
    endloop
  endfacet
  facet normal 0.196557 0.979497 0.0441609
    outer loop
      vertex 153.717 -39.5014 55.4762
      vertex 156.778 -40.3004 59.5739
      vertex 154.667 -39.6722 55.0362
    endloop
  endfacet
  facet normal 0.171853 0.983518 0.0562102
    outer loop
      vertex 156.778 -40.3004 59.5739
      vertex 156.778 -39.9852 54.0588
      vertex 154.667 -39.6722 55.0362
    endloop
  endfacet
  facet normal 0.171445 0.981446 -0.0858465
    outer loop
      vertex 160.694 -40.9141 60.3784
      vertex 156.778 -40.3004 59.5739
      vertex 156.778 -40.1432 61.3711
    endloop
  endfacet
  facet normal 0.17149 0.981445 -0.0857718
    outer loop
      vertex 165.528 -42.0229 57.3559
      vertex 160.694 -40.9141 60.3784
      vertex 165.528 -41.9655 58.0127
    endloop
  endfacet
  facet normal 0.171444 0.981447 -0.0858449
    outer loop
      vertex 160.694 -40.9141 60.3784
      vertex 165.528 -42.0229 57.3559
      vertex 156.778 -40.3004 59.5739
    endloop
  endfacet
  facet normal 0.206454 0.976862 0.0558298
    outer loop
      vertex 165.528 -42.0229 57.3559
      vertex 156.778 -39.9852 54.0588
      vertex 156.778 -40.3004 59.5739
    endloop
  endfacet
  facet normal 0.206461 0.976862 0.0558129
    outer loop
      vertex 156.778 -39.9852 54.0588
      vertex 165.528 -42.0229 57.3559
      vertex 162.608 -41.0631 51.3586
    endloop
  endfacet
  facet normal 0.123149 0.958572 -0.256853
    outer loop
      vertex 156.875 -39.9208 62.2476
      vertex 156.778 -40.1432 61.3711
      vertex 156.778 -39.8962 62.2929
    endloop
  endfacet
  facet normal 0.123572 0.95851 -0.256884
    outer loop
      vertex 156.778 -40.1432 61.3711
      vertex 156.875 -39.9208 62.2476
      vertex 160.694 -40.9141 60.3784
    endloop
  endfacet
  facet normal 0.351769 0 0.936087
    outer loop
      vertex 156.283 -39.7775 62.5238
      vertex 151.513 -40.4519 64.3163
      vertex 156.283 -41.4792 62.5238
    endloop
  endfacet
  facet normal 0.351757 9.16075e-05 0.936091
    outer loop
      vertex 149.095 -38.2295 65.2247
      vertex 151.513 -40.4519 64.3163
      vertex 156.283 -39.7775 62.5238
    endloop
  endfacet
  facet normal 0.35191 -0.000111446 0.936034
    outer loop
      vertex 148 -39.6954 65.6362
      vertex 149.095 -38.2295 65.2247
      vertex 148.004 -37.9834 65.6349
    endloop
  endfacet
  facet normal 0.351722 4.83862e-05 0.936104
    outer loop
      vertex 149.095 -38.2295 65.2247
      vertex 148 -39.6954 65.6362
      vertex 151.513 -40.4519 64.3163
    endloop
  endfacet
  facet normal 0.348649 -0.000102902 0.937253
    outer loop
      vertex 147.979 -37.9812 65.6442
      vertex 148 -39.6954 65.6362
      vertex 148.004 -37.9834 65.6349
    endloop
  endfacet
  facet normal 0.349244 -9.45758e-05 0.937032
    outer loop
      vertex 147.968 -37.9797 65.6483
      vertex 148 -39.6954 65.6362
      vertex 147.979 -37.9812 65.6442
    endloop
  endfacet
  facet normal 0.351662 -4.30955e-05 0.936127
    outer loop
      vertex 147.968 -37.9797 65.6483
      vertex 146.611 -39.418 66.158
      vertex 148 -39.6954 65.6362
    endloop
  endfacet
  facet normal 0.351755 -0.000143163 0.936092
    outer loop
      vertex 147.968 -37.9797 65.6483
      vertex 143.301 -38.7569 67.4019
      vertex 146.611 -39.418 66.158
    endloop
  endfacet
  facet normal 0.351741 -4.74251e-05 0.936097
    outer loop
      vertex 139.225 -36.1778 68.9336
      vertex 143.301 -38.7569 67.4019
      vertex 147.968 -37.9797 65.6483
    endloop
  endfacet
  facet normal 0.351768 0 0.936087
    outer loop
      vertex 139.225 -36.1778 68.9336
      vertex 139.225 -37.9168 68.9336
      vertex 143.301 -38.7569 67.4019
    endloop
  endfacet
  facet normal 0.353582 0 0.935403
    outer loop
      vertex 139.225 -36.1778 68.9336
      vertex 139.125 -37.9077 68.9714
      vertex 139.225 -37.9168 68.9336
    endloop
  endfacet
  facet normal 0.35668 -0.0002048 0.934226
    outer loop
      vertex 139.225 -36.1778 68.9336
      vertex 139.114 -37.9064 68.9756
      vertex 139.125 -37.9077 68.9714
    endloop
  endfacet
  facet normal 0.352095 0.000131848 0.935964
    outer loop
      vertex 138.969 -36.1546 69.0299
      vertex 139.114 -37.9064 68.9756
      vertex 139.225 -36.1778 68.9336
    endloop
  endfacet
  facet normal 0.34924 -0.000137605 0.937033
    outer loop
      vertex 138.958 -36.1532 69.034
      vertex 139.114 -37.9064 68.9756
      vertex 138.969 -36.1546 69.0299
    endloop
  endfacet
  facet normal 0.351778 -0 0.936084
    outer loop
      vertex 134.442 -37.0898 70.7311
      vertex 138.958 -36.1532 69.034
      vertex 134.442 -35.3639 70.7311
    endloop
  endfacet
  facet normal 0.351756 0.000117621 0.936092
    outer loop
      vertex 138.958 -36.1532 69.034
      vertex 134.442 -37.0898 70.7311
      vertex 139.114 -37.9064 68.9756
    endloop
  endfacet
  facet normal 0.423111 -0.000143242 0.906078
    outer loop
      vertex 156.283 -41.4792 62.5238
      vertex 156.875 -39.9208 62.2476
      vertex 156.778 -39.8962 62.2929
    endloop
  endfacet
  facet normal 0.423141 0 0.906064
    outer loop
      vertex 156.875 -39.9208 62.2476
      vertex 156.778 -41.5979 62.2929
      vertex 156.875 -41.6225 62.2476
    endloop
  endfacet
  facet normal 0.422735 -0 0.906253
    outer loop
      vertex 156.283 -41.4792 62.5238
      vertex 156.778 -39.8962 62.2929
      vertex 156.283 -39.7775 62.5238
    endloop
  endfacet
  facet normal 0.422741 2.821e-05 0.906251
    outer loop
      vertex 156.875 -39.9208 62.2476
      vertex 156.283 -41.4792 62.5238
      vertex 156.778 -41.5979 62.2929
    endloop
  endfacet
  facet normal -0.33171 0 -0.943381
    outer loop
      vertex 148 -40.0945 57.4864
      vertex 153.717 -39.5014 55.4762
      vertex 153.717 -41.1514 55.4762
    endloop
  endfacet
  facet normal -0.33171 0 -0.943381
    outer loop
      vertex 148 -40.0945 57.4864
      vertex 148 -38.4445 57.4864
      vertex 153.717 -39.5014 55.4762
    endloop
  endfacet
  facet normal -0.331757 0 -0.943365
    outer loop
      vertex 146.268 -39.8415 58.0955
      vertex 148 -38.4445 57.4864
      vertex 148 -40.0945 57.4864
    endloop
  endfacet
  facet normal -0.331757 0 -0.943365
    outer loop
      vertex 146.268 -39.8415 58.0955
      vertex 146.268 -38.1915 58.0955
      vertex 148 -38.4445 57.4864
    endloop
  endfacet
  facet normal -0.331662 0 -0.943398
    outer loop
      vertex 139.222 -38.6347 60.5726
      vertex 146.268 -38.1915 58.0955
      vertex 146.268 -39.8415 58.0955
    endloop
  endfacet
  facet normal -0.331662 0 -0.943398
    outer loop
      vertex 139.222 -38.6347 60.5726
      vertex 139.222 -36.9847 60.5726
      vertex 146.268 -38.1915 58.0955
    endloop
  endfacet
  facet normal -0.331611 0 -0.943416
    outer loop
      vertex 137.789 -38.4645 61.0763
      vertex 139.222 -36.9847 60.5726
      vertex 139.222 -38.6347 60.5726
    endloop
  endfacet
  facet normal -0.331611 0 -0.943416
    outer loop
      vertex 137.789 -38.4645 61.0763
      vertex 137.789 -36.8145 61.0763
      vertex 139.222 -36.9847 60.5726
    endloop
  endfacet
  facet normal -0.331708 0 -0.943382
    outer loop
      vertex 131.632 -37.5861 63.2412
      vertex 137.789 -36.8145 61.0763
      vertex 137.789 -38.4645 61.0763
    endloop
  endfacet
  facet normal -0.331708 0 -0.943382
    outer loop
      vertex 137.789 -36.8145 61.0763
      vertex 131.632 -37.5861 63.2412
      vertex 131.632 -35.9361 63.2412
    endloop
  endfacet
  facet normal -0.178228 -0.981475 -0.0702971
    outer loop
      vertex 165.528 -43.6729 57.3559
      vertex 162.608 -42.7131 51.3586
      vertex 165.528 -43.1465 50.0064
    endloop
  endfacet
  facet normal -0.202679 -0.975513 -0.0854192
    outer loop
      vertex 170.64 -44.1853 47.639
      vertex 173.546 -45.3538 54.0884
      vertex 170.313 -44.1306 47.7902
    endloop
  endfacet
  facet normal -0.203566 -0.975365 -0.0849926
    outer loop
      vertex 173.546 -45.3538 54.0884
      vertex 170.64 -44.1853 47.639
      vertex 173.602 -45.3631 54.061
    endloop
  endfacet
  facet normal -0.20078 -0.975814 -0.0864588
    outer loop
      vertex 174.182 -44.7701 45.9984
      vertex 174.223 -45.4275 53.3229
      vertex 171.152 -44.271 47.4018
    endloop
  endfacet
  facet normal -0.199207 -0.976133 -0.0864963
    outer loop
      vertex 174.223 -45.4275 53.3229
      vertex 174.182 -44.7701 45.9984
      vertex 174.223 -44.7758 45.9683
    endloop
  endfacet
  facet normal -0.202618 -0.975531 -0.0853561
    outer loop
      vertex 173.602 -45.3631 54.061
      vertex 174.223 -45.4275 53.3229
      vertex 174.223 -45.4655 53.7572
    endloop
  endfacet
  facet normal -0.202693 -0.975509 -0.0854216
    outer loop
      vertex 170.64 -44.1853 47.639
      vertex 174.223 -45.4275 53.3229
      vertex 173.602 -45.3631 54.061
    endloop
  endfacet
  facet normal -0.202817 -0.975491 -0.0853397
    outer loop
      vertex 174.223 -45.4275 53.3229
      vertex 170.64 -44.1853 47.639
      vertex 171.152 -44.271 47.4018
    endloop
  endfacet
  facet normal -0.198327 -0.976414 0.0853322
    outer loop
      vertex 165.528 -43.6155 58.0127
      vertex 165.528 -43.6729 57.3559
      vertex 166.829 -43.9354 57.376
    endloop
  endfacet
  facet normal -0.198327 -0.97639 0.0856058
    outer loop
      vertex 166.829 -43.9354 57.376
      vertex 165.528 -43.6729 57.3559
      vertex 168.004 -44.2245 56.8008
    endloop
  endfacet
  facet normal -0.231741 -0.970292 -0.0694961
    outer loop
      vertex 165.528 -43.1465 50.0064
      vertex 168.004 -44.2245 56.8008
      vertex 165.528 -43.6729 57.3559
    endloop
  endfacet
  facet normal -0.231733 -0.970294 -0.0694993
    outer loop
      vertex 168.004 -44.2245 56.8008
      vertex 165.528 -43.1465 50.0064
      vertex 173.546 -45.3538 54.0884
    endloop
  endfacet
  facet normal -0.231738 -0.970293 -0.0694887
    outer loop
      vertex 173.546 -45.3538 54.0884
      vertex 165.528 -43.1465 50.0064
      vertex 170.313 -44.1306 47.7902
    endloop
  endfacet
  facet normal -0.225269 -0.970588 -0.0849237
    outer loop
      vertex 175.734 -45.7515 53.0178
      vertex 174.223 -45.4655 53.7572
      vertex 174.223 -45.4275 53.3229
    endloop
  endfacet
  facet normal -0.225455 -0.970451 -0.0859928
    outer loop
      vertex 174.223 -44.7758 45.9683
      vertex 175.734 -45.7515 53.0178
      vertex 174.223 -45.4275 53.3229
    endloop
  endfacet
  facet normal -0.225487 -0.970444 -0.0859852
    outer loop
      vertex 175.734 -45.7515 53.0178
      vertex 174.223 -44.7758 45.9683
      vertex 177.75 -46.1325 52.0311
    endloop
  endfacet
  facet normal -0.225388 -0.970462 -0.0860465
    outer loop
      vertex 177.75 -46.1325 52.0311
      vertex 174.223 -44.7758 45.9683
      vertex 178.25 -46.2176 51.6812
    endloop
  endfacet
  facet normal -0.22546 -0.97045 -0.085993
    outer loop
      vertex 178.25 -46.2176 51.6812
      vertex 174.223 -44.7758 45.9683
      vertex 181.43 -46.7219 49.0349
    endloop
  endfacet
  facet normal -0.225459 -0.97045 -0.0859938
    outer loop
      vertex 181.43 -46.7219 49.0349
      vertex 174.223 -44.7758 45.9683
      vertex 178.137 -45.428 43.0667
    endloop
  endfacet
  facet normal 0.178228 0.981475 0.0702971
    outer loop
      vertex 165.528 -42.0229 57.3559
      vertex 165.528 -41.4965 50.0064
      vertex 162.608 -41.0631 51.3586
    endloop
  endfacet
  facet normal 0.198352 0.976409 -0.0853318
    outer loop
      vertex 165.528 -41.9655 58.0127
      vertex 166.92 -42.3078 57.3316
      vertex 165.528 -42.0229 57.3559
    endloop
  endfacet
  facet normal 0.231733 0.970294 0.0694993
    outer loop
      vertex 165.528 -41.4965 50.0064
      vertex 168.004 -42.5745 56.8008
      vertex 173.546 -43.7038 54.0884
    endloop
  endfacet
  facet normal 0.231741 0.970292 0.0694961
    outer loop
      vertex 168.004 -42.5745 56.8008
      vertex 165.528 -41.4965 50.0064
      vertex 165.528 -42.0229 57.3559
    endloop
  endfacet
  facet normal 0.231738 0.970293 0.0694887
    outer loop
      vertex 165.528 -41.4965 50.0064
      vertex 173.546 -43.7038 54.0884
      vertex 170.313 -42.4806 47.7902
    endloop
  endfacet
  facet normal 0.202788 0.975514 0.085143
    outer loop
      vertex 174.223 -43.8026 53.6094
      vertex 173.595 -43.7118 54.0648
      vertex 174.223 -43.8155 53.7572
    endloop
  endfacet
  facet normal 0.202885 0.975482 0.0852829
    outer loop
      vertex 174.223 -43.8026 53.6094
      vertex 170.594 -42.5277 47.6601
      vertex 173.595 -43.7118 54.0648
    endloop
  endfacet
  facet normal 0.202772 0.975499 0.0853553
    outer loop
      vertex 170.594 -42.5277 47.6601
      vertex 174.223 -43.8026 53.6094
      vertex 171.032 -42.601 47.4573
    endloop
  endfacet
  facet normal 0.20076 0.975818 0.0864613
    outer loop
      vertex 174.223 -43.8026 53.6094
      vertex 174.182 -43.1198 45.9984
      vertex 171.032 -42.601 47.4573
    endloop
  endfacet
  facet normal 0.199208 0.976132 0.0864979
    outer loop
      vertex 174.182 -43.1198 45.9984
      vertex 174.223 -43.8026 53.6094
      vertex 174.223 -43.1255 45.9683
    endloop
  endfacet
  facet normal 0.200874 0.97581 0.0862857
    outer loop
      vertex 170.594 -42.5277 47.6601
      vertex 173.546 -43.7038 54.0884
      vertex 173.595 -43.7118 54.0648
    endloop
  endfacet
  facet normal 0.202976 0.975465 0.0852571
    outer loop
      vertex 173.546 -43.7038 54.0884
      vertex 170.594 -42.5277 47.6601
      vertex 170.313 -42.4806 47.7902
    endloop
  endfacet
  facet normal 0.198345 0.976393 -0.0855279
    outer loop
      vertex 166.92 -42.3078 57.3316
      vertex 168.004 -42.5745 56.8008
      vertex 165.528 -42.0229 57.3559
    endloop
  endfacet
  facet normal 0.225478 0.970446 0.0859905
    outer loop
      vertex 174.223 -43.1255 45.9683
      vertex 174.737 -43.9128 53.5056
      vertex 177.75 -44.4822 52.0311
    endloop
  endfacet
  facet normal 0.225388 0.970462 0.0860465
    outer loop
      vertex 174.223 -43.1255 45.9683
      vertex 177.75 -44.4822 52.0311
      vertex 178.25 -44.5673 51.6812
    endloop
  endfacet
  facet normal 0.225486 0.970446 0.085973
    outer loop
      vertex 174.223 -43.1255 45.9683
      vertex 178.25 -44.5673 51.6812
      vertex 181.321 -45.0544 49.125
    endloop
  endfacet
  facet normal 0.225429 0.970457 0.085995
    outer loop
      vertex 174.737 -43.9128 53.5056
      vertex 174.223 -43.1255 45.9683
      vertex 174.223 -43.8026 53.6094
    endloop
  endfacet
  facet normal 0.225466 0.970446 0.0860189
    outer loop
      vertex 174.223 -43.1255 45.9683
      vertex 181.321 -45.0544 49.125
      vertex 178.025 -43.759 43.1498
    endloop
  endfacet
  facet normal 0.225206 0.970621 0.0847159
    outer loop
      vertex 174.737 -43.9128 53.5056
      vertex 174.223 -43.8026 53.6094
      vertex 174.223 -43.8155 53.7572
    endloop
  endfacet
  facet normal 0.573352 -0 0.819309
    outer loop
      vertex 177.75 -46.1325 52.0311
      vertex 178.25 -44.5673 51.6812
      vertex 177.75 -44.4822 52.0311
    endloop
  endfacet
  facet normal 0.573352 0 0.819309
    outer loop
      vertex 178.25 -44.5673 51.6812
      vertex 177.75 -46.1325 52.0311
      vertex 178.25 -46.2176 51.6812
    endloop
  endfacet
  facet normal 0.439606 0 0.898191
    outer loop
      vertex 177.75 -44.4822 52.0311
      vertex 175.734 -45.7515 53.0178
      vertex 177.75 -46.1325 52.0311
    endloop
  endfacet
  facet normal 0.439575 6.0533e-05 0.898206
    outer loop
      vertex 174.737 -43.9128 53.5056
      vertex 175.734 -45.7515 53.0178
      vertex 177.75 -44.4822 52.0311
    endloop
  endfacet
  facet normal 0.439649 -0 0.89817
    outer loop
      vertex 174.223 -45.4655 53.7572
      vertex 174.737 -43.9128 53.5056
      vertex 174.223 -43.8155 53.7572
    endloop
  endfacet
  facet normal 0.439547 4.17922e-05 0.89822
    outer loop
      vertex 174.737 -43.9128 53.5056
      vertex 174.223 -45.4655 53.7572
      vertex 175.734 -45.7515 53.0178
    endloop
  endfacet
  facet normal 0.439444 0 0.89827
    outer loop
      vertex 174.223 -43.8155 53.7572
      vertex 173.602 -45.3631 54.061
      vertex 174.223 -45.4655 53.7572
    endloop
  endfacet
  facet normal 0.43985 -0.000202096 0.898071
    outer loop
      vertex 173.595 -43.7118 54.0648
      vertex 173.602 -45.3631 54.061
      vertex 174.223 -43.8155 53.7572
    endloop
  endfacet
  facet normal 0.433926 -0 0.900948
    outer loop
      vertex 173.546 -45.3538 54.0884
      vertex 173.595 -43.7118 54.0648
      vertex 173.546 -43.7038 54.0884
    endloop
  endfacet
  facet normal 0.43947 -0.000204132 0.898257
    outer loop
      vertex 173.595 -43.7118 54.0648
      vertex 173.546 -45.3538 54.0884
      vertex 173.602 -45.3631 54.061
    endloop
  endfacet
  facet normal 0.4396 -0 0.898194
    outer loop
      vertex 168.004 -44.2245 56.8008
      vertex 173.546 -43.7038 54.0884
      vertex 168.004 -42.5745 56.8008
    endloop
  endfacet
  facet normal 0.4396 0 0.898194
    outer loop
      vertex 173.546 -43.7038 54.0884
      vertex 168.004 -44.2245 56.8008
      vertex 173.546 -45.3538 54.0884
    endloop
  endfacet
  facet normal 0.439757 -8.69702e-05 0.898117
    outer loop
      vertex 166.829 -43.9354 57.376
      vertex 168.004 -42.5745 56.8008
      vertex 166.92 -42.3078 57.3316
    endloop
  endfacet
  facet normal 0.439676 0 0.898156
    outer loop
      vertex 168.004 -42.5745 56.8008
      vertex 166.829 -43.9354 57.376
      vertex 168.004 -44.2245 56.8008
    endloop
  endfacet
  facet normal 0.439505 -0 0.89824
    outer loop
      vertex 165.528 -43.6155 58.0127
      vertex 166.92 -42.3078 57.3316
      vertex 165.528 -41.9655 58.0127
    endloop
  endfacet
  facet normal 0.439561 -7.3351e-05 0.898213
    outer loop
      vertex 166.92 -42.3078 57.3316
      vertex 165.528 -43.6155 58.0127
      vertex 166.829 -43.9354 57.376
    endloop
  endfacet
  facet normal 0.439572 0 0.898208
    outer loop
      vertex 160.694 -40.9141 60.3784
      vertex 165.528 -43.6155 58.0127
      vertex 165.528 -41.9655 58.0127
    endloop
  endfacet
  facet normal 0.439627 0.000123292 0.89818
    outer loop
      vertex 160.694 -40.9141 60.3784
      vertex 159.48 -42.3 60.9728
      vertex 165.528 -43.6155 58.0127
    endloop
  endfacet
  facet normal 0.439638 0.000111232 0.898175
    outer loop
      vertex 156.875 -39.9208 62.2476
      vertex 159.48 -42.3 60.9728
      vertex 160.694 -40.9141 60.3784
    endloop
  endfacet
  facet normal 0.439556 0 0.898215
    outer loop
      vertex 159.48 -42.3 60.9728
      vertex 156.875 -39.9208 62.2476
      vertex 156.875 -41.6225 62.2476
    endloop
  endfacet
  facet normal -0.420277 0 -0.907396
    outer loop
      vertex 171.152 -44.271 47.4018
      vertex 174.182 -43.1198 45.9984
      vertex 174.182 -44.7701 45.9984
    endloop
  endfacet
  facet normal -0.420264 -4.24179e-05 -0.907402
    outer loop
      vertex 171.152 -44.271 47.4018
      vertex 171.032 -42.601 47.4573
      vertex 174.182 -43.1198 45.9984
    endloop
  endfacet
  facet normal -0.420368 -5.15569e-05 -0.907353
    outer loop
      vertex 170.64 -44.1853 47.639
      vertex 171.032 -42.601 47.4573
      vertex 171.152 -44.271 47.4018
    endloop
  endfacet
  facet normal -0.420177 -0.000109246 -0.907442
    outer loop
      vertex 170.64 -44.1853 47.639
      vertex 170.594 -42.5277 47.6601
      vertex 171.032 -42.601 47.4573
    endloop
  endfacet
  facet normal -0.419705 -9.33705e-05 -0.907661
    outer loop
      vertex 170.313 -44.1306 47.7902
      vertex 170.594 -42.5277 47.6601
      vertex 170.64 -44.1853 47.639
    endloop
  endfacet
  facet normal -0.420143 0 -0.907458
    outer loop
      vertex 170.313 -44.1306 47.7902
      vertex 170.313 -42.4806 47.7902
      vertex 170.594 -42.5277 47.6601
    endloop
  endfacet
  facet normal -0.420268 0 -0.9074
    outer loop
      vertex 165.528 -43.1465 50.0064
      vertex 170.313 -42.4806 47.7902
      vertex 170.313 -44.1306 47.7902
    endloop
  endfacet
  facet normal -0.420268 0 -0.9074
    outer loop
      vertex 165.528 -43.1465 50.0064
      vertex 165.528 -41.4965 50.0064
      vertex 170.313 -42.4806 47.7902
    endloop
  endfacet
  facet normal -0.420213 0 -0.907426
    outer loop
      vertex 162.608 -42.7131 51.3586
      vertex 165.528 -41.4965 50.0064
      vertex 165.528 -43.1465 50.0064
    endloop
  endfacet
  facet normal -0.420213 0 -0.907426
    outer loop
      vertex 162.608 -42.7131 51.3586
      vertex 162.608 -41.0631 51.3586
      vertex 165.528 -41.4965 50.0064
    endloop
  endfacet
  facet normal -0.420268 0 -0.9074
    outer loop
      vertex 156.778 -41.6352 54.0588
      vertex 162.608 -41.0631 51.3586
      vertex 162.608 -42.7131 51.3586
    endloop
  endfacet
  facet normal -0.420268 0 -0.9074
    outer loop
      vertex 156.778 -41.6352 54.0588
      vertex 156.778 -39.9852 54.0588
      vertex 162.608 -41.0631 51.3586
    endloop
  endfacet
  facet normal -0.420154 0 -0.907453
    outer loop
      vertex 154.667 -41.3222 55.0362
      vertex 156.778 -39.9852 54.0588
      vertex 156.778 -41.6352 54.0588
    endloop
  endfacet
  facet normal -0.420154 0 -0.907453
    outer loop
      vertex 154.667 -41.3222 55.0362
      vertex 154.667 -39.6722 55.0362
      vertex 156.778 -39.9852 54.0588
    endloop
  endfacet
  facet normal -0.420269 0 -0.907399
    outer loop
      vertex 153.717 -41.1514 55.4762
      vertex 154.667 -39.6722 55.0362
      vertex 154.667 -41.3222 55.0362
    endloop
  endfacet
  facet normal -0.420269 0 -0.907399
    outer loop
      vertex 154.667 -39.6722 55.0362
      vertex 153.717 -41.1514 55.4762
      vertex 153.717 -39.5014 55.4762
    endloop
  endfacet
  facet normal -0.187758 -0.976254 -0.108054
    outer loop
      vertex 178.137 -45.428 43.0667
      vertex 182.836 -46.8628 47.8648
      vertex 181.43 -46.7219 49.0349
    endloop
  endfacet
  facet normal -0.18777 -0.976253 -0.108042
    outer loop
      vertex 182.836 -46.8628 47.8648
      vertex 178.137 -45.428 43.0667
      vertex 182.836 -45.9463 39.5834
    endloop
  endfacet
  facet normal -0.196235 -0.974607 -0.107859
    outer loop
      vertex 182.836 -45.9463 39.5834
      vertex 187.65 -47.3887 43.8584
      vertex 182.836 -46.8628 47.8648
    endloop
  endfacet
  facet normal -0.19621 -0.974609 -0.107888
    outer loop
      vertex 187.65 -47.3887 43.8584
      vertex 182.836 -45.9463 39.5834
      vertex 184.44 -46.1376 38.3944
    endloop
  endfacet
  facet normal -0.157971 -0.978678 -0.131284
    outer loop
      vertex 184.44 -46.1376 38.3944
      vertex 191.339 -47.5723 40.7882
      vertex 187.65 -47.3887 43.8584
    endloop
  endfacet
  facet normal -0.157965 -0.978676 -0.1313
    outer loop
      vertex 188.072 -46.3626 35.7019
      vertex 191.339 -47.5723 40.7882
      vertex 184.44 -46.1376 38.3944
    endloop
  endfacet
  facet normal -0.158022 -0.978723 -0.130882
    outer loop
      vertex 191.339 -46.8787 35.6168
      vertex 188.072 -46.3626 35.7019
      vertex 188.168 -46.3691 35.6346
    endloop
  endfacet
  facet normal -0.158024 -0.978672 -0.131262
    outer loop
      vertex 188.072 -46.3626 35.7019
      vertex 191.339 -46.8787 35.6168
      vertex 191.339 -47.5723 40.7882
    endloop
  endfacet
  facet normal -0.154809 -0.954382 -0.255321
    outer loop
      vertex 188.5 -46.3607 35.4019
      vertex 191.339 -46.8787 35.6168
      vertex 188.168 -46.3691 35.6346
    endloop
  endfacet
  facet normal -0.15474 -0.954241 -0.255891
    outer loop
      vertex 188.974 -46.3783 35.1809
      vertex 191.339 -46.8787 35.6168
      vertex 188.5 -46.3607 35.4019
    endloop
  endfacet
  facet normal -0.154732 -0.954233 -0.255924
    outer loop
      vertex 189.479 -46.4239 35.0456
      vertex 191.339 -46.8787 35.6168
      vertex 188.974 -46.3783 35.1809
    endloop
  endfacet
  facet normal -0.154808 -0.954277 -0.255713
    outer loop
      vertex 190 -46.4962 35
      vertex 191.339 -46.8787 35.6168
      vertex 189.479 -46.4239 35.0456
    endloop
  endfacet
  facet normal -0.154842 -0.954269 -0.255724
    outer loop
      vertex 191.026 -46.7111 35.1809
      vertex 191.339 -46.8787 35.6168
      vertex 190.521 -46.5929 35.0456
    endloop
  endfacet
  facet normal -0.154996 -0.954273 -0.255615
    outer loop
      vertex 191.339 -46.8787 35.6168
      vertex 191.026 -46.7111 35.1809
      vertex 191.339 -46.8011 35.3271
    endloop
  endfacet
  facet normal -0.154715 -0.954244 -0.255893
    outer loop
      vertex 191.339 -46.8787 35.6168
      vertex 190 -46.4962 35
      vertex 190.521 -46.5929 35.0456
    endloop
  endfacet
  facet normal -0.102331 -0.985922 -0.132234
    outer loop
      vertex 191.339 -46.8787 35.6168
      vertex 191.928 -47.5677 40.2981
      vertex 191.339 -47.5723 40.7882
    endloop
  endfacet
  facet normal -0.102289 -0.985926 -0.13224
    outer loop
      vertex 191.928 -47.5677 40.2981
      vertex 191.339 -46.8787 35.6168
      vertex 192.298 -47.5565 39.9284
    endloop
  endfacet
  facet normal -0.102377 -0.985919 -0.132219
    outer loop
      vertex 192.298 -47.5565 39.9284
      vertex 191.339 -46.8787 35.6168
      vertex 192.598 -47.5302 39.5
    endloop
  endfacet
  facet normal -0.10239 -0.985919 -0.132215
    outer loop
      vertex 192.598 -47.5302 39.5
      vertex 191.339 -46.8787 35.6168
      vertex 192.819 -47.4896 39.0261
    endloop
  endfacet
  facet normal -0.105562 -0.985484 -0.13296
    outer loop
      vertex 192.819 -47.4896 39.0261
      vertex 192.967 -47.4175 38.3742
      vertex 192.954 -47.4359 38.5209
    endloop
  endfacet
  facet normal -0.10228 -0.985923 -0.132263
    outer loop
      vertex 192.819 -47.4896 39.0261
      vertex 191.339 -46.8787 35.6168
      vertex 192.967 -47.4175 38.3742
    endloop
  endfacet
  facet normal -0.0627695 -0.985808 -0.155699
    outer loop
      vertex 192.967 -47.4175 38.3742
      vertex 192.954 -47.2753 37.4791
      vertex 193 -47.3605 38
    endloop
  endfacet
  facet normal -0.0625443 -0.985822 -0.155704
    outer loop
      vertex 191.339 -46.8787 35.6168
      vertex 192.954 -47.2753 37.4791
      vertex 192.967 -47.4175 38.3742
    endloop
  endfacet
  facet normal -0.0627337 -0.985835 -0.155543
    outer loop
      vertex 192.954 -47.2753 37.4791
      vertex 191.339 -46.8787 35.6168
      vertex 192.819 -47.187 36.9739
    endloop
  endfacet
  facet normal -0.0625129 -0.985812 -0.155778
    outer loop
      vertex 192.819 -47.187 36.9739
      vertex 191.339 -46.8787 35.6168
      vertex 192.598 -47.0981 36.5
    endloop
  endfacet
  facet normal -0.062576 -0.985822 -0.155691
    outer loop
      vertex 192.598 -47.0981 36.5
      vertex 191.339 -46.8787 35.6168
      vertex 192.298 -47.0114 36.0716
    endloop
  endfacet
  facet normal -0.0624932 -0.9858 -0.155859
    outer loop
      vertex 192.298 -47.0114 36.0716
      vertex 191.339 -46.8787 35.6168
      vertex 191.943 -46.9328 35.7168
    endloop
  endfacet
  facet normal -0.0432212 -0.964449 -0.260711
    outer loop
      vertex 191.339 -46.8787 35.6168
      vertex 191.928 -46.9281 35.7019
      vertex 191.943 -46.9328 35.7168
    endloop
  endfacet
  facet normal -0.0435845 -0.96502 -0.258528
    outer loop
      vertex 191.339 -46.8787 35.6168
      vertex 191.5 -46.8284 35.4019
      vertex 191.928 -46.9281 35.7019
    endloop
  endfacet
  facet normal -0.0435392 -0.965031 -0.258496
    outer loop
      vertex 191.5 -46.8284 35.4019
      vertex 191.339 -46.8787 35.6168
      vertex 191.339 -46.8011 35.3271
    endloop
  endfacet
  facet normal 0.187732 0.976254 0.108093
    outer loop
      vertex 182.836 -45.2062 47.8648
      vertex 178.025 -43.759 43.1498
      vertex 181.321 -45.0544 49.125
    endloop
  endfacet
  facet normal 0.18777 0.976252 0.108053
    outer loop
      vertex 178.025 -43.759 43.1498
      vertex 182.836 -45.2062 47.8648
      vertex 182.836 -44.2896 39.5834
    endloop
  endfacet
  facet normal 0.157968 0.978681 0.131259
    outer loop
      vertex 191.339 -45.909 40.7882
      vertex 184.322 -44.467 38.4813
      vertex 187.537 -45.7197 43.9524
    endloop
  endfacet
  facet normal 0.157954 0.978678 0.131297
    outer loop
      vertex 191.339 -45.909 40.7882
      vertex 187.773 -44.6808 35.9233
      vertex 184.322 -44.467 38.4813
    endloop
  endfacet
  facet normal 0.157967 0.978678 0.131288
    outer loop
      vertex 187.773 -44.6808 35.9233
      vertex 191.339 -45.909 40.7882
      vertex 191.339 -45.2537 35.9033
    endloop
  endfacet
  facet normal 0.196234 0.974606 0.107871
    outer loop
      vertex 187.537 -45.7197 43.9524
      vertex 182.836 -44.2896 39.5834
      vertex 182.836 -45.2062 47.8648
    endloop
  endfacet
  facet normal 0.196299 0.9746 0.107799
    outer loop
      vertex 182.836 -44.2896 39.5834
      vertex 187.537 -45.7197 43.9524
      vertex 184.322 -44.467 38.4813
    endloop
  endfacet
  facet normal 0.154738 0.954225 0.255951
    outer loop
      vertex 191.339 -45.2537 35.9033
      vertex 188.072 -44.6699 35.7019
      vertex 187.773 -44.6808 35.9233
    endloop
  endfacet
  facet normal 0.154786 0.954338 0.255502
    outer loop
      vertex 191.339 -45.2537 35.9033
      vertex 188.5 -44.659 35.4019
      vertex 188.072 -44.6699 35.7019
    endloop
  endfacet
  facet normal 0.154651 0.954302 0.255717
    outer loop
      vertex 191.026 -45.0094 35.1809
      vertex 191.339 -45.2537 35.9033
      vertex 191.339 -45.0993 35.3271
    endloop
  endfacet
  facet normal 0.154876 0.954292 0.255617
    outer loop
      vertex 191.339 -45.2537 35.9033
      vertex 191.026 -45.0094 35.1809
      vertex 190.521 -44.8912 35.0456
    endloop
  endfacet
  facet normal 0.154712 0.954262 0.25583
    outer loop
      vertex 191.339 -45.2537 35.9033
      vertex 188.974 -44.6766 35.1809
      vertex 188.5 -44.659 35.4019
    endloop
  endfacet
  facet normal 0.154735 0.95428 0.255746
    outer loop
      vertex 190 -44.7945 35
      vertex 191.339 -45.2537 35.9033
      vertex 190.521 -44.8912 35.0456
    endloop
  endfacet
  facet normal 0.15471 0.954261 0.255834
    outer loop
      vertex 191.339 -45.2537 35.9033
      vertex 189.479 -44.7222 35.0456
      vertex 188.974 -44.6766 35.1809
    endloop
  endfacet
  facet normal 0.154805 0.954295 0.25565
    outer loop
      vertex 191.339 -45.2537 35.9033
      vertex 190 -44.7945 35
      vertex 189.479 -44.7222 35.0456
    endloop
  endfacet
  facet normal 0.0696186 0.985249 0.156328
    outer loop
      vertex 193 -45.6903 38
      vertex 192.933 -45.7811 38.6021
      vertex 192.954 -45.7697 38.5209
    endloop
  endfacet
  facet normal 0.0628301 0.985834 0.155508
    outer loop
      vertex 191.339 -45.2537 35.9033
      vertex 193 -45.6903 38
      vertex 192.954 -45.6052 37.4791
    endloop
  endfacet
  facet normal 0.0625598 0.985809 0.15578
    outer loop
      vertex 191.339 -45.2537 35.9033
      vertex 192.954 -45.6052 37.4791
      vertex 192.819 -45.5168 36.9739
    endloop
  endfacet
  facet normal 0.0625862 0.985813 0.155744
    outer loop
      vertex 191.339 -45.2537 35.9033
      vertex 192.819 -45.5168 36.9739
      vertex 192.598 -45.4279 36.5
    endloop
  endfacet
  facet normal 0.0626312 0.985824 0.155653
    outer loop
      vertex 191.339 -45.2537 35.9033
      vertex 192.598 -45.4279 36.5
      vertex 192.298 -45.3412 36.0716
    endloop
  endfacet
  facet normal 0.0623014 0.985568 0.157399
    outer loop
      vertex 191.339 -45.2537 35.9033
      vertex 192.298 -45.3412 36.0716
      vertex 192.287 -45.3387 36.0603
    endloop
  endfacet
  facet normal 0.0626608 0.985824 0.15564
    outer loop
      vertex 193 -45.6903 38
      vertex 191.339 -45.2537 35.9033
      vertex 192.933 -45.7811 38.6021
    endloop
  endfacet
  facet normal 0.0436969 0.964996 0.258599
    outer loop
      vertex 191.928 -45.2264 35.7019
      vertex 191.339 -45.2537 35.9033
      vertex 192.287 -45.3387 36.0603
    endloop
  endfacet
  facet normal 0.0436437 0.965038 0.258449
    outer loop
      vertex 191.5 -45.1267 35.4019
      vertex 191.339 -45.2537 35.9033
      vertex 191.928 -45.2264 35.7019
    endloop
  endfacet
  facet normal 0.044092 0.964983 0.258579
    outer loop
      vertex 191.339 -45.2537 35.9033
      vertex 191.5 -45.1267 35.4019
      vertex 191.339 -45.0993 35.3271
    endloop
  endfacet
  facet normal 0.102313 0.98592 0.132264
    outer loop
      vertex 191.339 -45.2537 35.9033
      vertex 191.928 -45.9044 40.2981
      vertex 192.298 -45.8932 39.9284
    endloop
  endfacet
  facet normal 0.102165 0.98593 0.132301
    outer loop
      vertex 191.339 -45.2537 35.9033
      vertex 192.298 -45.8932 39.9284
      vertex 192.598 -45.8668 39.5
    endloop
  endfacet
  facet normal 0.102397 0.985917 0.132218
    outer loop
      vertex 191.339 -45.2537 35.9033
      vertex 192.598 -45.8668 39.5
      vertex 192.819 -45.8262 39.0261
    endloop
  endfacet
  facet normal 0.102151 0.985927 0.132336
    outer loop
      vertex 191.339 -45.2537 35.9033
      vertex 192.819 -45.8262 39.0261
      vertex 192.933 -45.7811 38.6021
    endloop
  endfacet
  facet normal 0.102351 0.985917 0.132259
    outer loop
      vertex 191.928 -45.9044 40.2981
      vertex 191.339 -45.2537 35.9033
      vertex 191.339 -45.909 40.7882
    endloop
  endfacet
  facet normal 0.966102 0 -0.258163
    outer loop
      vertex 192.954 -45.6052 37.4791
      vertex 192.819 -47.187 36.9739
      vertex 192.819 -45.5168 36.9739
    endloop
  endfacet
  facet normal 0.966102 0 -0.258163
    outer loop
      vertex 192.819 -47.187 36.9739
      vertex 192.954 -45.6052 37.4791
      vertex 192.954 -47.2753 37.4791
    endloop
  endfacet
  facet normal 0.639619 0 0.768692
    outer loop
      vertex 191.339 -45.909 40.7882
      vertex 191.928 -47.5677 40.2981
      vertex 191.928 -45.9044 40.2981
    endloop
  endfacet
  facet normal 0.639619 0 0.768692
    outer loop
      vertex 191.339 -45.909 40.7882
      vertex 191.339 -47.5723 40.7882
      vertex 191.928 -47.5677 40.2981
    endloop
  endfacet
  facet normal 0.639697 0 0.768628
    outer loop
      vertex 191.339 -45.909 40.7882
      vertex 187.65 -47.3887 43.8584
      vertex 191.339 -47.5723 40.7882
    endloop
  endfacet
  facet normal 0.639692 2.02484e-05 0.768632
    outer loop
      vertex 187.537 -45.7197 43.9524
      vertex 187.65 -47.3887 43.8584
      vertex 191.339 -45.909 40.7882
    endloop
  endfacet
  facet normal 0.639692 -0 0.768631
    outer loop
      vertex 182.836 -46.8628 47.8648
      vertex 187.537 -45.7197 43.9524
      vertex 182.836 -45.2062 47.8648
    endloop
  endfacet
  facet normal 0.639689 1.99697e-05 0.768634
    outer loop
      vertex 187.537 -45.7197 43.9524
      vertex 182.836 -46.8628 47.8648
      vertex 187.65 -47.3887 43.8584
    endloop
  endfacet
  facet normal 0.639679 0 0.768642
    outer loop
      vertex 182.836 -45.2062 47.8648
      vertex 181.43 -46.7219 49.0349
      vertex 182.836 -46.8628 47.8648
    endloop
  endfacet
  facet normal 0.639511 0.000263529 0.768782
    outer loop
      vertex 181.321 -45.0544 49.125
      vertex 181.43 -46.7219 49.0349
      vertex 182.836 -45.2062 47.8648
    endloop
  endfacet
  facet normal 0.639746 -0 0.768586
    outer loop
      vertex 178.25 -46.2176 51.6812
      vertex 181.321 -45.0544 49.125
      vertex 178.25 -44.5673 51.6812
    endloop
  endfacet
  facet normal 0.639683 0.000282501 0.768639
    outer loop
      vertex 181.321 -45.0544 49.125
      vertex 178.25 -46.2176 51.6812
      vertex 181.43 -46.7219 49.0349
    endloop
  endfacet
  facet normal -0.0871907 0 -0.996192
    outer loop
      vertex 189.479 -46.4239 35.0456
      vertex 190 -44.7945 35
      vertex 190 -46.4962 35
    endloop
  endfacet
  facet normal -0.0871907 0 -0.996192
    outer loop
      vertex 190 -44.7945 35
      vertex 189.479 -46.4239 35.0456
      vertex 189.479 -44.7222 35.0456
    endloop
  endfacet
  facet normal 0.906295 0 0.422645
    outer loop
      vertex 192.598 -45.8668 39.5
      vertex 192.819 -47.4896 39.0261
      vertex 192.819 -45.8262 39.0261
    endloop
  endfacet
  facet normal 0.906295 0 0.422645
    outer loop
      vertex 192.819 -47.4896 39.0261
      vertex 192.598 -45.8668 39.5
      vertex 192.598 -47.5302 39.5
    endloop
  endfacet
  facet normal 0.996123 0 -0.0879664
    outer loop
      vertex 193 -45.6903 38
      vertex 192.954 -47.2753 37.4791
      vertex 192.954 -45.6052 37.4791
    endloop
  endfacet
  facet normal 0.996123 0 -0.0879664
    outer loop
      vertex 192.954 -47.2753 37.4791
      vertex 193 -45.6903 38
      vertex 193 -47.3605 38
    endloop
  endfacet
  facet normal 0.0871907 0 -0.996192
    outer loop
      vertex 190 -46.4962 35
      vertex 190.521 -44.8912 35.0456
      vertex 190.521 -46.5929 35.0456
    endloop
  endfacet
  facet normal 0.0871907 0 -0.996192
    outer loop
      vertex 190.521 -44.8912 35.0456
      vertex 190 -46.4962 35
      vertex 190 -44.7945 35
    endloop
  endfacet
  facet normal 0.258793 0 -0.965933
    outer loop
      vertex 190.521 -46.5929 35.0456
      vertex 191.026 -45.0094 35.1809
      vertex 191.026 -46.7111 35.1809
    endloop
  endfacet
  facet normal 0.258793 0 -0.965933
    outer loop
      vertex 191.026 -45.0094 35.1809
      vertex 190.521 -46.5929 35.0456
      vertex 190.521 -44.8912 35.0456
    endloop
  endfacet
  facet normal 0.573976 0 -0.818872
    outer loop
      vertex 191.5 -46.8284 35.4019
      vertex 191.928 -45.2264 35.7019
      vertex 191.928 -46.9281 35.7019
    endloop
  endfacet
  facet normal 0.573976 0 -0.818872
    outer loop
      vertex 191.928 -45.2264 35.7019
      vertex 191.5 -46.8284 35.4019
      vertex 191.5 -45.1267 35.4019
    endloop
  endfacet
  facet normal 0.706515 0 -0.707698
    outer loop
      vertex 192.287 -45.3387 36.0603
      vertex 191.928 -46.9281 35.7019
      vertex 191.928 -45.2264 35.7019
    endloop
  endfacet
  facet normal 0.716068 -0.00434056 -0.698017
    outer loop
      vertex 192.298 -45.3412 36.0716
      vertex 191.928 -46.9281 35.7019
      vertex 192.287 -45.3387 36.0603
    endloop
  endfacet
  facet normal 0.70488 0.000902539 -0.709326
    outer loop
      vertex 192.298 -45.3412 36.0716
      vertex 191.943 -46.9328 35.7168
      vertex 191.928 -46.9281 35.7019
    endloop
  endfacet
  facet normal 0.706908 0 -0.707306
    outer loop
      vertex 191.943 -46.9328 35.7168
      vertex 192.298 -45.3412 36.0716
      vertex 192.298 -47.0114 36.0716
    endloop
  endfacet
  facet normal -0.573959 0 -0.818884
    outer loop
      vertex 188.168 -46.3691 35.6346
      vertex 188.5 -44.659 35.4019
      vertex 188.5 -46.3607 35.4019
    endloop
  endfacet
  facet normal -0.574035 -0 -0.818831
    outer loop
      vertex 188.072 -44.6699 35.7019
      vertex 188.168 -46.3691 35.6346
      vertex 188.072 -46.3626 35.7019
    endloop
  endfacet
  facet normal -0.573976 4.94716e-06 -0.818872
    outer loop
      vertex 188.168 -46.3691 35.6346
      vertex 188.072 -44.6699 35.7019
      vertex 188.5 -44.659 35.4019
    endloop
  endfacet
  facet normal -0.595086 0 -0.803662
    outer loop
      vertex 188.072 -46.3626 35.7019
      vertex 187.773 -44.6808 35.9233
      vertex 188.072 -44.6699 35.7019
    endloop
  endfacet
  facet normal -0.595537 -0.000124029 -0.803328
    outer loop
      vertex 184.44 -46.1376 38.3944
      vertex 187.773 -44.6808 35.9233
      vertex 188.072 -46.3626 35.7019
    endloop
  endfacet
  facet normal -0.595495 -0.000273212 -0.803359
    outer loop
      vertex 184.44 -46.1376 38.3944
      vertex 184.322 -44.467 38.4813
      vertex 187.773 -44.6808 35.9233
    endloop
  endfacet
  facet normal -0.595524 -0.000276459 -0.803337
    outer loop
      vertex 182.836 -45.9463 39.5834
      vertex 184.322 -44.467 38.4813
      vertex 184.44 -46.1376 38.3944
    endloop
  endfacet
  facet normal -0.595702 0 -0.803206
    outer loop
      vertex 182.836 -45.9463 39.5834
      vertex 182.836 -44.2896 39.5834
      vertex 184.322 -44.467 38.4813
    endloop
  endfacet
  facet normal -0.59551 0 -0.803348
    outer loop
      vertex 178.137 -45.428 43.0667
      vertex 182.836 -44.2896 39.5834
      vertex 182.836 -45.9463 39.5834
    endloop
  endfacet
  facet normal -0.595516 3.60138e-05 -0.803344
    outer loop
      vertex 178.137 -45.428 43.0667
      vertex 178.025 -43.759 43.1498
      vertex 182.836 -44.2896 39.5834
    endloop
  endfacet
  facet normal -0.595534 3.41011e-05 -0.80333
    outer loop
      vertex 174.223 -44.7758 45.9683
      vertex 178.025 -43.759 43.1498
      vertex 178.137 -45.428 43.0667
    endloop
  endfacet
  facet normal -0.595528 0 -0.803334
    outer loop
      vertex 174.223 -44.7758 45.9683
      vertex 174.223 -43.1255 45.9683
      vertex 178.025 -43.759 43.1498
    endloop
  endfacet
  facet normal -0.59179 0 -0.806092
    outer loop
      vertex 174.182 -44.7701 45.9984
      vertex 174.223 -43.1255 45.9683
      vertex 174.223 -44.7758 45.9683
    endloop
  endfacet
  facet normal -0.59179 0 -0.806092
    outer loop
      vertex 174.223 -43.1255 45.9683
      vertex 174.182 -44.7701 45.9984
      vertex 174.182 -43.1198 45.9984
    endloop
  endfacet
  facet normal 0.70682 0 0.707394
    outer loop
      vertex 191.928 -45.9044 40.2981
      vertex 192.298 -47.5565 39.9284
      vertex 192.298 -45.8932 39.9284
    endloop
  endfacet
  facet normal 0.70682 0 0.707394
    outer loop
      vertex 192.298 -47.5565 39.9284
      vertex 191.928 -45.9044 40.2981
      vertex 191.928 -47.5677 40.2981
    endloop
  endfacet
  facet normal 0.996123 0 0.0879664
    outer loop
      vertex 192.954 -45.7697 38.5209
      vertex 193 -47.3605 38
      vertex 193 -45.6903 38
    endloop
  endfacet
  facet normal 0.996133 3.74565e-05 0.0878529
    outer loop
      vertex 192.954 -45.7697 38.5209
      vertex 192.967 -47.4175 38.3742
      vertex 193 -47.3605 38
    endloop
  endfacet
  facet normal 0.996097 0 0.0882703
    outer loop
      vertex 192.967 -47.4175 38.3742
      vertex 192.954 -45.7697 38.5209
      vertex 192.954 -47.4359 38.5209
    endloop
  endfacet
  facet normal 0.906295 0 -0.422645
    outer loop
      vertex 192.819 -45.5168 36.9739
      vertex 192.598 -47.0981 36.5
      vertex 192.598 -45.4279 36.5
    endloop
  endfacet
  facet normal 0.906295 0 -0.422645
    outer loop
      vertex 192.598 -47.0981 36.5
      vertex 192.819 -45.5168 36.9739
      vertex 192.819 -47.187 36.9739
    endloop
  endfacet
  facet normal 0.968147 0 0.250383
    outer loop
      vertex 192.933 -45.7811 38.6021
      vertex 192.954 -47.4359 38.5209
      vertex 192.954 -45.7697 38.5209
    endloop
  endfacet
  facet normal 0.965716 -0.000483065 0.259599
    outer loop
      vertex 192.819 -45.8262 39.0261
      vertex 192.954 -47.4359 38.5209
      vertex 192.933 -45.7811 38.6021
    endloop
  endfacet
  facet normal 0.966102 0 0.258163
    outer loop
      vertex 192.954 -47.4359 38.5209
      vertex 192.819 -45.8262 39.0261
      vertex 192.819 -47.4896 39.0261
    endloop
  endfacet
  facet normal 0.819124 0 0.573616
    outer loop
      vertex 192.298 -45.8932 39.9284
      vertex 192.598 -47.5302 39.5
      vertex 192.598 -45.8668 39.5
    endloop
  endfacet
  facet normal 0.819124 0 0.573616
    outer loop
      vertex 192.598 -47.5302 39.5
      vertex 192.298 -45.8932 39.9284
      vertex 192.298 -47.5565 39.9284
    endloop
  endfacet
  facet normal -0.258793 0 -0.965933
    outer loop
      vertex 188.974 -46.3783 35.1809
      vertex 189.479 -44.7222 35.0456
      vertex 189.479 -46.4239 35.0456
    endloop
  endfacet
  facet normal -0.258793 0 -0.965933
    outer loop
      vertex 189.479 -44.7222 35.0456
      vertex 188.974 -46.3783 35.1809
      vertex 188.974 -44.6766 35.1809
    endloop
  endfacet
  facet normal 0.819124 0 -0.573616
    outer loop
      vertex 192.598 -45.4279 36.5
      vertex 192.298 -47.0114 36.0716
      vertex 192.298 -45.3412 36.0716
    endloop
  endfacet
  facet normal 0.819124 0 -0.573616
    outer loop
      vertex 192.298 -47.0114 36.0716
      vertex 192.598 -45.4279 36.5
      vertex 192.598 -47.0981 36.5
    endloop
  endfacet
  facet normal 0.421343 0 -0.906901
    outer loop
      vertex 191.339 -46.8011 35.3271
      vertex 191.5 -45.1267 35.4019
      vertex 191.5 -46.8284 35.4019
    endloop
  endfacet
  facet normal 0.423152 -0.000211636 -0.906058
    outer loop
      vertex 191.026 -46.7111 35.1809
      vertex 191.5 -45.1267 35.4019
      vertex 191.339 -46.8011 35.3271
    endloop
  endfacet
  facet normal 0.421403 0.000425568 -0.906874
    outer loop
      vertex 191.5 -45.1267 35.4019
      vertex 191.026 -46.7111 35.1809
      vertex 191.339 -45.0993 35.3271
    endloop
  endfacet
  facet normal 0.423202 0 -0.906035
    outer loop
      vertex 191.339 -45.0993 35.3271
      vertex 191.026 -46.7111 35.1809
      vertex 191.026 -45.0094 35.1809
    endloop
  endfacet
  facet normal -0.422571 0 -0.90633
    outer loop
      vertex 188.5 -46.3607 35.4019
      vertex 188.974 -44.6766 35.1809
      vertex 188.974 -46.3783 35.1809
    endloop
  endfacet
  facet normal -0.422571 0 -0.90633
    outer loop
      vertex 188.974 -44.6766 35.1809
      vertex 188.5 -46.3607 35.4019
      vertex 188.5 -44.659 35.4019
    endloop
  endfacet
  facet normal -0.332114 -0.938646 -0.0929709
    outer loop
      vertex 28.3188 -34.8989 77.7502
      vertex 30.8041 -35.9755 79.7416
      vertex 28.0207 -34.8356 78.176
    endloop
  endfacet
  facet normal -0.332016 -0.938668 -0.0931058
    outer loop
      vertex 28.7502 -35.0087 77.3188
      vertex 30.8041 -35.9755 79.7416
      vertex 28.3188 -34.8989 77.7502
    endloop
  endfacet
  facet normal -0.33204 -0.938661 -0.0930829
    outer loop
      vertex 29.25 -35.1508 76.9689
      vertex 30.8041 -35.9755 79.7416
      vertex 28.7502 -35.0087 77.3188
    endloop
  endfacet
  facet normal -0.332142 -0.938632 -0.0930171
    outer loop
      vertex 29.8029 -35.3209 76.7111
      vertex 30.8041 -35.9755 79.7416
      vertex 29.25 -35.1508 76.9689
    endloop
  endfacet
  facet normal -0.332081 -0.938651 -0.093041
    outer loop
      vertex 30.8041 -35.9755 79.7416
      vertex 29.8029 -35.3209 76.7111
      vertex 30.8041 -35.63 76.256
    endloop
  endfacet
  facet normal -0.415781 -0.906008 0.0792152
    outer loop
      vertex 30.8041 -36.1578 81.8253
      vertex 30.3922 -35.827 83.4468
      vertex 30.2636 -35.771 83.4123
    endloop
  endfacet
  facet normal -0.415654 -0.906063 0.0792586
    outer loop
      vertex 30.3922 -35.827 83.4468
      vertex 30.8041 -36.1578 81.8253
      vertex 30.8041 -36.0128 83.4829
    endloop
  endfacet
  facet normal -0.415657 -0.906061 0.0792702
    outer loop
      vertex 27.6647 -34.7877 81.024
      vertex 30.8041 -36.1578 81.8253
      vertex 30.2636 -35.771 83.4123
    endloop
  endfacet
  facet normal -0.415673 -0.906046 0.0793576
    outer loop
      vertex 27.5532 -34.773 80.6078
      vertex 30.8041 -36.1578 81.8253
      vertex 27.6647 -34.7877 81.024
    endloop
  endfacet
  facet normal -0.408816 -0.909203 0.0788648
    outer loop
      vertex 27.5028 -34.8058 79.9684
      vertex 27.5532 -34.773 80.6078
      vertex 27.5 -34.8018 80
    endloop
  endfacet
  facet normal -0.41564 -0.906071 0.0792421
    outer loop
      vertex 27.5532 -34.773 80.6078
      vertex 27.5028 -34.8058 79.9684
      vertex 30.8041 -36.1578 81.8253
    endloop
  endfacet
  facet normal -0.337848 -0.937619 -0.082031
    outer loop
      vertex 27.5028 -34.8058 79.9684
      vertex 30.8041 -35.9755 79.7416
      vertex 30.8041 -36.1578 81.8253
    endloop
  endfacet
  facet normal -0.337845 -0.937627 -0.081949
    outer loop
      vertex 27.5532 -34.7736 79.3922
      vertex 30.8041 -35.9755 79.7416
      vertex 27.5028 -34.8058 79.9684
    endloop
  endfacet
  facet normal -0.337817 -0.937617 -0.0821785
    outer loop
      vertex 30.8041 -35.9755 79.7416
      vertex 27.5532 -34.7736 79.3922
      vertex 27.6345 -34.7763 79.0888
    endloop
  endfacet
  facet normal -0.337856 -0.93762 -0.0819935
    outer loop
      vertex 27.7111 -34.7789 78.8029
      vertex 30.8041 -35.9755 79.7416
      vertex 27.6345 -34.7763 79.0888
    endloop
  endfacet
  facet normal -0.337837 -0.937621 -0.0820585
    outer loop
      vertex 27.9689 -34.8234 78.25
      vertex 30.8041 -35.9755 79.7416
      vertex 27.7111 -34.7789 78.8029
    endloop
  endfacet
  facet normal -0.337892 -0.937611 -0.0819454
    outer loop
      vertex 30.8041 -35.9755 79.7416
      vertex 27.9689 -34.8234 78.25
      vertex 28.0207 -34.8356 78.176
    endloop
  endfacet
  facet normal -0.415462 -0.9062 0.0786897
    outer loop
      vertex 29.25 -35.3394 83.0311
      vertex 30.2636 -35.771 83.4123
      vertex 29.8029 -35.5705 83.2889
    endloop
  endfacet
  facet normal -0.415553 -0.906131 0.079008
    outer loop
      vertex 28.7502 -35.1407 82.6812
      vertex 30.2636 -35.771 83.4123
      vertex 29.25 -35.3394 83.0311
    endloop
  endfacet
  facet normal -0.41574 -0.906002 0.0795066
    outer loop
      vertex 28.3188 -34.9806 82.2498
      vertex 30.2636 -35.771 83.4123
      vertex 28.7502 -35.1407 82.6812
    endloop
  endfacet
  facet normal -0.415595 -0.906095 0.0792011
    outer loop
      vertex 27.9689 -34.8638 81.75
      vertex 30.2636 -35.771 83.4123
      vertex 28.3188 -34.9806 82.2498
    endloop
  endfacet
  facet normal -0.41445 -0.90667 0.0786201
    outer loop
      vertex 27.6647 -34.7877 81.024
      vertex 27.9689 -34.8638 81.75
      vertex 27.7111 -34.7939 81.1971
    endloop
  endfacet
  facet normal -0.415561 -0.906115 0.0791438
    outer loop
      vertex 27.9689 -34.8638 81.75
      vertex 27.6647 -34.7877 81.024
      vertex 30.2636 -35.771 83.4123
    endloop
  endfacet
  facet normal -0.143903 -0.985827 0.0862361
    outer loop
      vertex 30.8041 -36.1578 81.8253
      vertex 31 -36.0399 83.5
      vertex 30.8041 -36.0128 83.4829
    endloop
  endfacet
  facet normal -0.144256 -0.985772 0.0862735
    outer loop
      vertex 31 -36.0399 83.5
      vertex 30.8041 -36.1578 81.8253
      vertex 31.6078 -36.1335 83.4468
    endloop
  endfacet
  facet normal -0.144175 -0.985788 0.0862339
    outer loop
      vertex 31.6078 -36.1335 83.4468
      vertex 30.8041 -36.1578 81.8253
      vertex 32.1971 -36.2335 83.2889
    endloop
  endfacet
  facet normal -0.144191 -0.985784 0.0862495
    outer loop
      vertex 32.1971 -36.2335 83.2889
      vertex 30.8041 -36.1578 81.8253
      vertex 34.6514 -36.6901 82.1733
    endloop
  endfacet
  facet normal -0.16818 -0.980949 -0.0972337
    outer loop
      vertex 31.9197 -35.771 75.7489
      vertex 30.8041 -35.9755 79.7416
      vertex 30.8041 -35.63 76.256
    endloop
  endfacet
  facet normal -0.128863 -0.987889 -0.086429
    outer loop
      vertex 30.8041 -35.9755 79.7416
      vertex 34.6514 -36.6901 82.1733
      vertex 30.8041 -36.1578 81.8253
    endloop
  endfacet
  facet normal -0.128868 -0.987889 -0.0864213
    outer loop
      vertex 34.6514 -36.6901 82.1733
      vertex 30.8041 -35.9755 79.7416
      vertex 35.5402 -36.7707 81.7693
    endloop
  endfacet
  facet normal -0.128806 -0.987901 -0.0863719
    outer loop
      vertex 35.5402 -36.7707 81.7693
      vertex 36.9744 -36.8292 80.2996
      vertex 36.9744 -36.9007 81.1174
    endloop
  endfacet
  facet normal -0.128864 -0.987889 -0.0864299
    outer loop
      vertex 36.9744 -36.8292 80.2996
      vertex 35.5402 -36.7707 81.7693
      vertex 30.8041 -35.9755 79.7416
    endloop
  endfacet
  facet normal -0.128847 -0.987876 -0.0865988
    outer loop
      vertex 31.9197 -35.771 75.7489
      vertex 36.9744 -36.8292 80.2996
      vertex 30.8041 -35.9755 79.7416
    endloop
  endfacet
  facet normal -0.128839 -0.987876 -0.0866085
    outer loop
      vertex 36.9744 -36.8292 80.2996
      vertex 31.9197 -35.771 75.7489
      vertex 36.9744 -36.2288 73.4513
    endloop
  endfacet
  facet normal -0.0451252 -0.995185 -0.0870087
    outer loop
      vertex 39.9542 -36.9174 79.763
      vertex 36.9744 -36.9007 81.1174
      vertex 36.9744 -36.8292 80.2996
    endloop
  endfacet
  facet normal -0.0393032 -0.995253 -0.0890319
    outer loop
      vertex 41.1679 -36.2521 71.5452
      vertex 43.459 -36.9352 78.1699
      vertex 43.2036 -36.9355 78.286
    endloop
  endfacet
  facet normal -0.0393344 -0.995253 -0.0890211
    outer loop
      vertex 43.459 -36.9352 78.1699
      vertex 41.1679 -36.2521 71.5452
      vertex 43.459 -36.2495 70.5038
    endloop
  endfacet
  facet normal -0.0451675 -0.995162 -0.0872473
    outer loop
      vertex 36.9744 -36.2288 73.4513
      vertex 39.9542 -36.9174 79.763
      vertex 36.9744 -36.8292 80.2996
    endloop
  endfacet
  facet normal -0.0451952 -0.995162 -0.0872342
    outer loop
      vertex 39.9542 -36.9174 79.763
      vertex 36.9744 -36.2288 73.4513
      vertex 43.2036 -36.9355 78.286
    endloop
  endfacet
  facet normal -0.0451859 -0.995161 -0.0872461
    outer loop
      vertex 43.2036 -36.9355 78.286
      vertex 36.9744 -36.2288 73.4513
      vertex 41.1679 -36.2521 71.5452
    endloop
  endfacet
  facet normal -0.00114049 -0.996023 -0.08909
    outer loop
      vertex 43.459 -36.2495 70.5038
      vertex 43.469 -36.9348 78.1653
      vertex 43.459 -36.9352 78.1699
    endloop
  endfacet
  facet normal -0.00114049 -0.996023 -0.08909
    outer loop
      vertex 43.469 -36.9348 78.1653
      vertex 43.459 -36.2495 70.5038
      vertex 43.469 -36.2491 70.4992
    endloop
  endfacet
  facet normal 0.019528 -0.995834 -0.0890731
    outer loop
      vertex 43.469 -36.2491 70.4992
      vertex 49.7577 -36.5558 75.3068
      vertex 43.469 -36.9348 78.1653
    endloop
  endfacet
  facet normal 0.0195286 -0.995834 -0.0890739
    outer loop
      vertex 49.7577 -36.5558 75.3068
      vertex 43.469 -36.2491 70.4992
      vertex 47.5093 -36.0056 68.6627
    endloop
  endfacet
  facet normal 0.475996 0.849204 -0.22865
    outer loop
      vertex 30.5099 -34.2301 83.4571
      vertex 29.8029 -33.8791 83.2889
      vertex 30.3922 -34.1669 83.4468
    endloop
  endfacet
  facet normal 0.47591 0.849537 -0.22759
    outer loop
      vertex 28.8802 -33.5627 82.5405
      vertex 29.8029 -33.8791 83.2889
      vertex 30.5099 -34.2301 83.4571
    endloop
  endfacet
  facet normal 0.47598 0.849466 -0.227706
    outer loop
      vertex 29.8029 -33.8791 83.2889
      vertex 28.8802 -33.5627 82.5405
      vertex 29.25 -33.6384 83.0311
    endloop
  endfacet
  facet normal 0.476071 0.849394 -0.227786
    outer loop
      vertex 29.25 -33.6384 83.0311
      vertex 28.8802 -33.5627 82.5405
      vertex 28.7799 -33.4632 82.7019
    endloop
  endfacet
  facet normal 0.331871 0.938731 0.0929867
    outer loop
      vertex 30.8041 -34.3505 80.0281
      vertex 30.8041 -34.2928 79.4456
      vertex 30.5358 -34.2407 79.8772
    endloop
  endfacet
  facet normal 0.415637 0.90607 -0.0792593
    outer loop
      vertex 30.8041 -34.5078 81.8253
      vertex 30.5099 -34.2301 83.4571
      vertex 30.8041 -34.3628 83.4829
    endloop
  endfacet
  facet normal 0.415636 0.906071 -0.0792597
    outer loop
      vertex 30.5099 -34.2301 83.4571
      vertex 30.8041 -34.5078 81.8253
      vertex 28.8802 -33.5627 82.5405
    endloop
  endfacet
  facet normal 0.415643 0.90607 -0.0792393
    outer loop
      vertex 28.8802 -33.5627 82.5405
      vertex 30.8041 -34.5078 81.8253
      vertex 29.708 -34.0589 81.2088
    endloop
  endfacet
  facet normal 0.337838 0.93762 0.0820652
    outer loop
      vertex 30.8041 -34.3505 80.0281
      vertex 29.708 -34.0589 81.2088
      vertex 30.8041 -34.5078 81.8253
    endloop
  endfacet
  facet normal 0.33768 0.937691 0.0819011
    outer loop
      vertex 29.708 -34.0589 81.2088
      vertex 30.8041 -34.3505 80.0281
      vertex 30.5358 -34.2407 79.8772
    endloop
  endfacet
  facet normal 0.144192 0.985783 -0.0862561
    outer loop
      vertex 33.3114 -34.7908 82.7824
      vertex 34.6514 -35.0401 82.1733
      vertex 30.8041 -34.5078 81.8253
    endloop
  endfacet
  facet normal 0.128861 0.987874 0.0866026
    outer loop
      vertex 36.9744 -35.2043 80.5862
      vertex 31.0997 -34.2963 78.97
      vertex 30.8041 -34.3505 80.0281
    endloop
  endfacet
  facet normal 0.128862 0.987874 0.0865992
    outer loop
      vertex 36.9744 -35.2043 80.5862
      vertex 33.5677 -34.2702 74.9998
      vertex 31.0997 -34.2963 78.97
    endloop
  endfacet
  facet normal 0.128854 0.987875 0.0866047
    outer loop
      vertex 33.5677 -34.2702 74.9998
      vertex 36.9744 -35.2043 80.5862
      vertex 36.9744 -34.5788 73.4513
    endloop
  endfacet
  facet normal 0.144256 0.985772 -0.0862735
    outer loop
      vertex 30.8041 -34.5078 81.8253
      vertex 31 -34.3899 83.5
      vertex 31.6078 -34.4835 83.4468
    endloop
  endfacet
  facet normal 0.144175 0.985788 -0.0862339
    outer loop
      vertex 30.8041 -34.5078 81.8253
      vertex 31.6078 -34.4835 83.4468
      vertex 32.1971 -34.5835 83.2889
    endloop
  endfacet
  facet normal 0.144188 0.985785 -0.0862467
    outer loop
      vertex 30.8041 -34.5078 81.8253
      vertex 32.1971 -34.5835 83.2889
      vertex 33.3114 -34.7908 82.7824
    endloop
  endfacet
  facet normal 0.143903 0.985827 -0.0862361
    outer loop
      vertex 31 -34.3899 83.5
      vertex 30.8041 -34.5078 81.8253
      vertex 30.8041 -34.3628 83.4829
    endloop
  endfacet
  facet normal 0.16796 0.980993 0.097173
    outer loop
      vertex 31.0997 -34.2963 78.97
      vertex 30.8041 -34.2928 79.4456
      vertex 30.8041 -34.3505 80.0281
    endloop
  endfacet
  facet normal 0.128787 0.987911 0.0862934
    outer loop
      vertex 36.9744 -35.2043 80.5862
      vertex 34.6514 -35.0401 82.1733
      vertex 36.9744 -35.2507 81.1174
    endloop
  endfacet
  facet normal 0.128879 0.987887 0.0864308
    outer loop
      vertex 34.6514 -35.0401 82.1733
      vertex 36.9744 -35.2043 80.5862
      vertex 30.8041 -34.3505 80.0281
    endloop
  endfacet
  facet normal 0.12886 0.987886 0.0864648
    outer loop
      vertex 34.6514 -35.0401 82.1733
      vertex 30.8041 -34.3505 80.0281
      vertex 30.8041 -34.5078 81.8253
    endloop
  endfacet
  facet normal 0.00114049 0.996023 0.08909
    outer loop
      vertex 43.469 -35.2842 78.1653
      vertex 43.459 -34.5989 70.5038
      vertex 43.459 -35.2846 78.1699
    endloop
  endfacet
  facet normal 0.00114049 0.996023 0.08909
    outer loop
      vertex 43.459 -34.5989 70.5038
      vertex 43.469 -35.2842 78.1653
      vertex 43.469 -34.5985 70.4992
    endloop
  endfacet
  facet normal 0.0392538 0.995253 0.0890488
    outer loop
      vertex 43.459 -35.2846 78.1699
      vertex 41.0919 -34.6016 71.5798
      vertex 43.1275 -35.285 78.3205
    endloop
  endfacet
  facet normal 0.0393306 0.995253 0.0890211
    outer loop
      vertex 41.0919 -34.6016 71.5798
      vertex 43.459 -35.2846 78.1699
      vertex 43.459 -34.5989 70.5038
    endloop
  endfacet
  facet normal 0.0451167 0.995192 0.0869294
    outer loop
      vertex 38.9102 -35.2616 80.2375
      vertex 36.9744 -35.2043 80.5862
      vertex 36.9744 -35.2507 81.1174
    endloop
  endfacet
  facet normal 0.0451781 0.995162 0.0872419
    outer loop
      vertex 36.9744 -34.5788 73.4513
      vertex 38.9102 -35.2616 80.2375
      vertex 43.1275 -35.285 78.3205
    endloop
  endfacet
  facet normal 0.0451723 0.995162 0.0872436
    outer loop
      vertex 38.9102 -35.2616 80.2375
      vertex 36.9744 -34.5788 73.4513
      vertex 36.9744 -35.2043 80.5862
    endloop
  endfacet
  facet normal 0.0451691 0.995162 0.0872531
    outer loop
      vertex 36.9744 -34.5788 73.4513
      vertex 43.1275 -35.285 78.3205
      vertex 41.0919 -34.6016 71.5798
    endloop
  endfacet
  facet normal -0.0195225 0.995834 0.0890731
    outer loop
      vertex 49.6736 -34.9103 75.345
      vertex 43.469 -34.5985 70.4992
      vertex 43.469 -35.2842 78.1653
    endloop
  endfacet
  facet normal -0.0195209 0.995834 0.089071
    outer loop
      vertex 43.469 -34.5985 70.4992
      vertex 49.6736 -34.9103 75.345
      vertex 47.4253 -34.3601 68.7009
    endloop
  endfacet
  facet normal -0.996191 0 0.0871954
    outer loop
      vertex 27.5 -34.4018 80
      vertex 27.5532 -34.773 80.6078
      vertex 27.5532 -34.373 80.6078
    endloop
  endfacet
  facet normal -0.996191 0 0.0871954
    outer loop
      vertex 27.5532 -34.773 80.6078
      vertex 27.5 -34.4018 80
      vertex 27.5 -34.8018 80
    endloop
  endfacet
  facet normal -0.0869719 -9.52754e-05 0.996211
    outer loop
      vertex 30.3922 -35.827 83.4468
      vertex 31 -34.3899 83.5
      vertex 30.8041 -34.3628 83.4829
    endloop
  endfacet
  facet normal -0.0869588 0 0.996212
    outer loop
      vertex 31 -34.3899 83.5
      vertex 30.8041 -36.0128 83.4829
      vertex 31 -36.0399 83.5
    endloop
  endfacet
  facet normal -0.0873543 1.31339e-05 0.996177
    outer loop
      vertex 30.3922 -35.827 83.4468
      vertex 30.8041 -34.3628 83.4829
      vertex 30.5099 -34.2301 83.4571
    endloop
  endfacet
  facet normal -0.0871774 0 0.996193
    outer loop
      vertex 30.3922 -35.827 83.4468
      vertex 30.5099 -34.2301 83.4571
      vertex 30.3922 -34.1669 83.4468
    endloop
  endfacet
  facet normal -0.0872899 4.02786e-05 0.996183
    outer loop
      vertex 31 -34.3899 83.5
      vertex 30.3922 -35.827 83.4468
      vertex 30.8041 -36.0128 83.4829
    endloop
  endfacet
  facet normal -0.422589 0 -0.906321
    outer loop
      vertex 29.25 -35.1508 76.9689
      vertex 29.8029 -34.9201 76.7111
      vertex 29.8029 -35.3209 76.7111
    endloop
  endfacet
  facet normal -0.422589 0 -0.906321
    outer loop
      vertex 29.8029 -34.9201 76.7111
      vertex 29.25 -35.1508 76.9689
      vertex 29.25 -34.75 76.9689
    endloop
  endfacet
  facet normal -0.707107 0 0.707107
    outer loop
      vertex 28.3188 -34.9806 82.2498
      vertex 28.7502 -34.7407 82.6812
      vertex 28.3188 -34.5806 82.2498
    endloop
  endfacet
  facet normal -0.707107 0 0.707107
    outer loop
      vertex 28.7502 -34.7407 82.6812
      vertex 28.3188 -34.9806 82.2498
      vertex 28.7502 -35.1407 82.6812
    endloop
  endfacet
  facet normal -0.707107 0 -0.707107
    outer loop
      vertex 28.3188 -34.8989 77.7502
      vertex 28.7502 -34.6079 77.3188
      vertex 28.7502 -35.0087 77.3188
    endloop
  endfacet
  facet normal -0.707107 0 -0.707107
    outer loop
      vertex 28.7502 -34.6079 77.3188
      vertex 28.3188 -34.8989 77.7502
      vertex 28.3188 -34.4981 77.7502
    endloop
  endfacet
  facet normal -0.906321 0 -0.422589
    outer loop
      vertex 27.9689 -34.4234 78.25
      vertex 27.7111 -34.7789 78.8029
      vertex 27.7111 -34.3789 78.8029
    endloop
  endfacet
  facet normal -0.906321 0 -0.422589
    outer loop
      vertex 27.7111 -34.7789 78.8029
      vertex 27.9689 -34.4234 78.25
      vertex 27.9689 -34.8234 78.25
    endloop
  endfacet
  facet normal -0.259111 0 0.965847
    outer loop
      vertex 30.3922 -34.1669 83.4468
      vertex 30.2636 -35.771 83.4123
      vertex 30.3922 -35.827 83.4468
    endloop
  endfacet
  facet normal -0.258815 0 0.965927
    outer loop
      vertex 29.8029 -35.5705 83.2889
      vertex 30.3922 -34.1669 83.4468
      vertex 29.8029 -33.8791 83.2889
    endloop
  endfacet
  facet normal -0.258745 -3.14617e-05 0.965946
    outer loop
      vertex 30.3922 -34.1669 83.4468
      vertex 29.8029 -35.5705 83.2889
      vertex 30.2636 -35.771 83.4123
    endloop
  endfacet
  facet normal 0.258815 -0 0.965927
    outer loop
      vertex 31.6078 -36.1335 83.4468
      vertex 32.1971 -34.5835 83.2889
      vertex 31.6078 -34.4835 83.4468
    endloop
  endfacet
  facet normal 0.258815 0 0.965927
    outer loop
      vertex 32.1971 -34.5835 83.2889
      vertex 31.6078 -36.1335 83.4468
      vertex 32.1971 -36.2335 83.2889
    endloop
  endfacet
  facet normal -0.965947 0 0.25874
    outer loop
      vertex 27.5532 -34.773 80.6078
      vertex 27.6533 -34.3862 80.9815
      vertex 27.5532 -34.373 80.6078
    endloop
  endfacet
  facet normal -0.965938 -3.44067e-05 0.258774
    outer loop
      vertex 27.6647 -34.7877 81.024
      vertex 27.6533 -34.3862 80.9815
      vertex 27.5532 -34.773 80.6078
    endloop
  endfacet
  facet normal -0.965892 -1.50087e-05 0.258945
    outer loop
      vertex 27.6533 -34.3862 80.9815
      vertex 27.6647 -34.7877 81.024
      vertex 27.7111 -34.3939 81.1971
    endloop
  endfacet
  facet normal -0.965901 0 0.258913
    outer loop
      vertex 27.7111 -34.3939 81.1971
      vertex 27.6647 -34.7877 81.024
      vertex 27.7111 -34.7939 81.1971
    endloop
  endfacet
  facet normal 0.413808 0 0.910364
    outer loop
      vertex 50.2519 -34.8609 75.0822
      vertex 54.1971 -36.3887 73.2889
      vertex 54.1971 -34.736 73.2889
    endloop
  endfacet
  facet normal 0.413808 0 0.910364
    outer loop
      vertex 50.2519 -34.8609 75.0822
      vertex 50.2519 -36.5136 75.0822
      vertex 54.1971 -36.3887 73.2889
    endloop
  endfacet
  facet normal 0.41372 0 0.910404
    outer loop
      vertex 49.6736 -34.9103 75.345
      vertex 50.2519 -36.5136 75.0822
      vertex 50.2519 -34.8609 75.0822
    endloop
  endfacet
  facet normal 0.413747 1.16146e-05 0.910392
    outer loop
      vertex 50.2519 -36.5136 75.0822
      vertex 49.6736 -34.9103 75.345
      vertex 49.7577 -36.5558 75.3068
    endloop
  endfacet
  facet normal 0.413805 1.52461e-05 0.910365
    outer loop
      vertex 43.469 -35.2842 78.1653
      vertex 49.7577 -36.5558 75.3068
      vertex 49.6736 -34.9103 75.345
    endloop
  endfacet
  facet normal 0.413803 0 0.910366
    outer loop
      vertex 43.469 -35.2842 78.1653
      vertex 43.469 -36.9348 78.1653
      vertex 49.7577 -36.5558 75.3068
    endloop
  endfacet
  facet normal 0.417906 0 0.90849
    outer loop
      vertex 43.459 -35.2846 78.1699
      vertex 43.469 -36.9348 78.1653
      vertex 43.469 -35.2842 78.1653
    endloop
  endfacet
  facet normal 0.417906 0 0.90849
    outer loop
      vertex 43.459 -35.2846 78.1699
      vertex 43.459 -36.9352 78.1699
      vertex 43.469 -36.9348 78.1653
    endloop
  endfacet
  facet normal 0.41383 0 0.910354
    outer loop
      vertex 43.459 -35.2846 78.1699
      vertex 43.2036 -36.9355 78.286
      vertex 43.459 -36.9352 78.1699
    endloop
  endfacet
  facet normal 0.413617 3.97844e-05 0.910451
    outer loop
      vertex 43.1275 -35.285 78.3205
      vertex 43.2036 -36.9355 78.286
      vertex 43.459 -35.2846 78.1699
    endloop
  endfacet
  facet normal 0.413803 5.01556e-05 0.910366
    outer loop
      vertex 43.1275 -35.285 78.3205
      vertex 39.9542 -36.9174 79.763
      vertex 43.2036 -36.9355 78.286
    endloop
  endfacet
  facet normal 0.413811 3.1287e-05 0.910363
    outer loop
      vertex 38.9102 -35.2616 80.2375
      vertex 39.9542 -36.9174 79.763
      vertex 43.1275 -35.285 78.3205
    endloop
  endfacet
  facet normal 0.413799 -0 0.910368
    outer loop
      vertex 36.9744 -36.9007 81.1174
      vertex 38.9102 -35.2616 80.2375
      vertex 36.9744 -35.2507 81.1174
    endloop
  endfacet
  facet normal 0.413789 1.45355e-05 0.910373
    outer loop
      vertex 38.9102 -35.2616 80.2375
      vertex 36.9744 -36.9007 81.1174
      vertex 39.9542 -36.9174 79.763
    endloop
  endfacet
  facet normal 0.413798 0 0.910369
    outer loop
      vertex 36.9744 -35.2507 81.1174
      vertex 35.5402 -36.7707 81.7693
      vertex 36.9744 -36.9007 81.1174
    endloop
  endfacet
  facet normal 0.4138 -1.91906e-06 0.910368
    outer loop
      vertex 34.6514 -35.0401 82.1733
      vertex 35.5402 -36.7707 81.7693
      vertex 36.9744 -35.2507 81.1174
    endloop
  endfacet
  facet normal 0.413803 0 0.910366
    outer loop
      vertex 34.6514 -35.0401 82.1733
      vertex 34.6514 -36.6901 82.1733
      vertex 35.5402 -36.7707 81.7693
    endloop
  endfacet
  facet normal 0.413808 0 0.910364
    outer loop
      vertex 33.3114 -34.7908 82.7824
      vertex 34.6514 -36.6901 82.1733
      vertex 34.6514 -35.0401 82.1733
    endloop
  endfacet
  facet normal 0.413803 -0 0.910366
    outer loop
      vertex 32.1971 -36.2335 83.2889
      vertex 33.3114 -34.7908 82.7824
      vertex 32.1971 -34.5835 83.2889
    endloop
  endfacet
  facet normal 0.413805 -2.27726e-06 0.910365
    outer loop
      vertex 33.3114 -34.7908 82.7824
      vertex 32.1971 -36.2335 83.2889
      vertex 34.6514 -36.6901 82.1733
    endloop
  endfacet
  facet normal -0.422589 0 0.906321
    outer loop
      vertex 29.25 -35.3394 83.0311
      vertex 29.8029 -33.8791 83.2889
      vertex 29.25 -33.6384 83.0311
    endloop
  endfacet
  facet normal -0.422589 0 0.906321
    outer loop
      vertex 29.8029 -33.8791 83.2889
      vertex 29.25 -35.3394 83.0311
      vertex 29.8029 -35.5705 83.2889
    endloop
  endfacet
  facet normal -0.996196 -0 -0.0871369
    outer loop
      vertex 27.5532 -34.3736 79.3922
      vertex 27.5532 -34.7736 79.3922
      vertex 27.5028 -34.4058 79.9684
    endloop
  endfacet
  facet normal -0.996196 0 -0.0871369
    outer loop
      vertex 27.5028 -34.8058 79.9684
      vertex 27.5028 -34.4058 79.9684
      vertex 27.5532 -34.7736 79.3922
    endloop
  endfacet
  facet normal -0.996097 0 -0.0882618
    outer loop
      vertex 27.5 -34.8018 80
      vertex 27.5028 -34.4058 79.9684
      vertex 27.5028 -34.8058 79.9684
    endloop
  endfacet
  facet normal -0.996097 0 -0.0882618
    outer loop
      vertex 27.5028 -34.4058 79.9684
      vertex 27.5 -34.8018 80
      vertex 27.5 -34.4018 80
    endloop
  endfacet
  facet normal 0.0871954 -0 0.996191
    outer loop
      vertex 31 -36.0399 83.5
      vertex 31.6078 -34.4835 83.4468
      vertex 31 -34.3899 83.5
    endloop
  endfacet
  facet normal 0.0871954 0 0.996191
    outer loop
      vertex 31.6078 -34.4835 83.4468
      vertex 31 -36.0399 83.5
      vertex 31.6078 -36.1335 83.4468
    endloop
  endfacet
  facet normal -0.573614 0 0.819125
    outer loop
      vertex 28.7799 -34.7524 82.7019
      vertex 29.25 -33.6384 83.0311
      vertex 28.7799 -33.4632 82.7019
    endloop
  endfacet
  facet normal -0.573614 0 0.819125
    outer loop
      vertex 29.25 -33.6384 83.0311
      vertex 28.7799 -34.7524 82.7019
      vertex 29.25 -35.3394 83.0311
    endloop
  endfacet
  facet normal -0.570688 -0.000125459 0.821167
    outer loop
      vertex 28.7502 -35.1407 82.6812
      vertex 28.7799 -34.7524 82.7019
      vertex 28.774 -34.7502 82.6978
    endloop
  endfacet
  facet normal -0.572074 0 0.820202
    outer loop
      vertex 28.7502 -35.1407 82.6812
      vertex 28.774 -34.7502 82.6978
      vertex 28.7502 -34.7407 82.6812
    endloop
  endfacet
  facet normal -0.573456 0.000189146 0.819236
    outer loop
      vertex 28.7799 -34.7524 82.7019
      vertex 28.7502 -35.1407 82.6812
      vertex 29.25 -35.3394 83.0311
    endloop
  endfacet
  facet normal -0.819201 0 0.573506
    outer loop
      vertex 27.9689 -34.8638 81.75
      vertex 28.3188 -34.5806 82.2498
      vertex 27.9689 -34.4638 81.75
    endloop
  endfacet
  facet normal -0.819201 0 0.573506
    outer loop
      vertex 28.3188 -34.5806 82.2498
      vertex 27.9689 -34.8638 81.75
      vertex 28.3188 -34.9806 82.2498
    endloop
  endfacet
  facet normal -0.906321 0 0.422589
    outer loop
      vertex 27.7111 -34.7939 81.1971
      vertex 27.9689 -34.4638 81.75
      vertex 27.7111 -34.3939 81.1971
    endloop
  endfacet
  facet normal -0.906321 0 0.422589
    outer loop
      vertex 27.9689 -34.4638 81.75
      vertex 27.7111 -34.7939 81.1971
      vertex 27.9689 -34.8638 81.75
    endloop
  endfacet
  facet normal -0.573506 0 -0.819201
    outer loop
      vertex 28.7502 -35.0087 77.3188
      vertex 29.25 -34.75 76.9689
      vertex 29.25 -35.1508 76.9689
    endloop
  endfacet
  facet normal -0.573506 0 -0.819201
    outer loop
      vertex 29.25 -34.75 76.9689
      vertex 28.7502 -35.0087 77.3188
      vertex 28.7502 -34.6079 77.3188
    endloop
  endfacet
  facet normal -0.413803 0 -0.910366
    outer loop
      vertex 51.8029 -35.7223 66.7111
      vertex 50.2519 -34.1187 67.4161
      vertex 51.8029 -34.0696 66.7111
    endloop
  endfacet
  facet normal -0.413803 0 -0.910366
    outer loop
      vertex 50.2519 -35.7714 67.4161
      vertex 50.2519 -34.1187 67.4161
      vertex 51.8029 -35.7223 66.7111
    endloop
  endfacet
  facet normal -0.413794 1.06289e-05 -0.910371
    outer loop
      vertex 47.4253 -34.3601 68.7009
      vertex 50.2519 -35.7714 67.4161
      vertex 47.5093 -36.0056 68.6627
    endloop
  endfacet
  facet normal -0.413798 0 -0.910369
    outer loop
      vertex 50.2519 -35.7714 67.4161
      vertex 47.4253 -34.3601 68.7009
      vertex 50.2519 -34.1187 67.4161
    endloop
  endfacet
  facet normal -0.413803 -0 -0.910366
    outer loop
      vertex 43.469 -34.5985 70.4992
      vertex 47.5093 -36.0056 68.6627
      vertex 43.469 -36.2491 70.4992
    endloop
  endfacet
  facet normal -0.4138 1.02411e-05 -0.910368
    outer loop
      vertex 47.5093 -36.0056 68.6627
      vertex 43.469 -34.5985 70.4992
      vertex 47.4253 -34.3601 68.7009
    endloop
  endfacet
  facet normal -0.417906 -0 -0.90849
    outer loop
      vertex 43.459 -34.5989 70.5038
      vertex 43.469 -36.2491 70.4992
      vertex 43.459 -36.2495 70.5038
    endloop
  endfacet
  facet normal -0.417906 0 -0.90849
    outer loop
      vertex 43.469 -36.2491 70.4992
      vertex 43.459 -34.5989 70.5038
      vertex 43.469 -34.5985 70.4992
    endloop
  endfacet
  facet normal -0.4138 0 -0.910368
    outer loop
      vertex 41.1679 -36.2521 71.5452
      vertex 43.459 -34.5989 70.5038
      vertex 43.459 -36.2495 70.5038
    endloop
  endfacet
  facet normal -0.413817 2.92789e-05 -0.91036
    outer loop
      vertex 41.1679 -36.2521 71.5452
      vertex 41.0919 -34.6016 71.5798
      vertex 43.459 -34.5989 70.5038
    endloop
  endfacet
  facet normal -0.413796 3.0457e-05 -0.91037
    outer loop
      vertex 36.9744 -36.2288 73.4513
      vertex 41.0919 -34.6016 71.5798
      vertex 41.1679 -36.2521 71.5452
    endloop
  endfacet
  facet normal -0.413786 0 -0.910374
    outer loop
      vertex 36.9744 -36.2288 73.4513
      vertex 36.9744 -34.5788 73.4513
      vertex 41.0919 -34.6016 71.5798
    endloop
  endfacet
  facet normal -0.413803 0 -0.910366
    outer loop
      vertex 36.9744 -36.2288 73.4513
      vertex 33.5677 -35.5202 74.9998
      vertex 36.9744 -34.5788 73.4513
    endloop
  endfacet
  facet normal -0.413805 -1.39424e-05 -0.910365
    outer loop
      vertex 31.9197 -35.771 75.7489
      vertex 33.5677 -35.5202 74.9998
      vertex 36.9744 -36.2288 73.4513
    endloop
  endfacet
  facet normal -0.413804 -2.06896e-05 -0.910366
    outer loop
      vertex 33.5677 -35.5202 74.9998
      vertex 31.9197 -35.771 75.7489
      vertex 31.9419 -35.373 75.7388
    endloop
  endfacet
  facet normal -0.413811 -2.02376e-05 -0.910363
    outer loop
      vertex 30.8041 -35.63 76.256
      vertex 31.9419 -35.373 75.7388
      vertex 31.9197 -35.771 75.7489
    endloop
  endfacet
  facet normal -0.413815 0 -0.910361
    outer loop
      vertex 30.8041 -35.63 76.256
      vertex 30.8041 -35.2292 76.256
      vertex 31.9419 -35.373 75.7388
    endloop
  endfacet
  facet normal -0.41381 0 -0.910363
    outer loop
      vertex 29.8029 -35.3209 76.7111
      vertex 30.8041 -35.2292 76.256
      vertex 30.8041 -35.63 76.256
    endloop
  endfacet
  facet normal -0.41381 0 -0.910363
    outer loop
      vertex 30.8041 -35.2292 76.256
      vertex 29.8029 -35.3209 76.7111
      vertex 29.8029 -34.9201 76.7111
    endloop
  endfacet
  facet normal -0.413803 0 -0.910366
    outer loop
      vertex 36.9744 -34.5788 73.4513
      vertex 33.5677 -35.5202 74.9998
      vertex 33.5677 -34.2702 74.9998
    endloop
  endfacet
  facet normal -0.965953 0 -0.258718
    outer loop
      vertex 27.6264 -34.376 79.1189
      vertex 27.5532 -34.7736 79.3922
      vertex 27.5532 -34.3736 79.3922
    endloop
  endfacet
  facet normal -0.965905 -7.74053e-05 -0.258898
    outer loop
      vertex 27.6345 -34.7763 79.0888
      vertex 27.6264 -34.376 79.1189
      vertex 27.7111 -34.3789 78.8029
    endloop
  endfacet
  facet normal -0.965923 -8.28481e-05 -0.258831
    outer loop
      vertex 27.6264 -34.376 79.1189
      vertex 27.6345 -34.7763 79.0888
      vertex 27.5532 -34.7736 79.3922
    endloop
  endfacet
  facet normal -0.965931 0 -0.258798
    outer loop
      vertex 27.6345 -34.7763 79.0888
      vertex 27.7111 -34.3789 78.8029
      vertex 27.7111 -34.7789 78.8029
    endloop
  endfacet
  facet normal -0.819868 0 -0.572552
    outer loop
      vertex 27.9858 -34.4274 78.2258
      vertex 27.9689 -34.8234 78.25
      vertex 27.9689 -34.4234 78.25
    endloop
  endfacet
  facet normal -0.819172 -6.46333e-05 -0.573548
    outer loop
      vertex 28.0207 -34.8356 78.176
      vertex 27.9858 -34.4274 78.2258
      vertex 28.3188 -34.4981 77.7502
    endloop
  endfacet
  facet normal -0.819238 -8.19259e-05 -0.573453
    outer loop
      vertex 27.9858 -34.4274 78.2258
      vertex 28.0207 -34.8356 78.176
      vertex 27.9689 -34.8234 78.25
    endloop
  endfacet
  facet normal -0.819196 0 -0.573514
    outer loop
      vertex 28.0207 -34.8356 78.176
      vertex 28.3188 -34.4981 77.7502
      vertex 28.3188 -34.8989 77.7502
    endloop
  endfacet
  facet normal 0.0411624 -0.994502 -0.0962846
    outer loop
      vertex 47.5093 -36.0056 68.6627
      vertex 50.2519 -36.5136 75.0822
      vertex 49.7577 -36.5558 75.3068
    endloop
  endfacet
  facet normal 0.04116 -0.994503 -0.0962836
    outer loop
      vertex 50.2519 -36.5136 75.0822
      vertex 47.5093 -36.0056 68.6627
      vertex 50.2519 -35.7714 67.4161
    endloop
  endfacet
  facet normal -0.00250716 -0.994913 -0.100708
    outer loop
      vertex 54.3662 -35.6388 65.521
      vertex 57.3148 -36.286 71.8414
      vertex 57.2226 -36.2901 71.8842
    endloop
  endfacet
  facet normal -0.00249158 -0.994912 -0.100715
    outer loop
      vertex 57.3148 -36.286 71.8414
      vertex 54.3662 -35.6388 65.521
      vertex 57.3148 -35.5076 64.152
    endloop
  endfacet
  facet normal -0.0122907 -0.995271 -0.096358
    outer loop
      vertex 50.2519 -35.7714 67.4161
      vertex 54.1971 -36.3887 73.2889
      vertex 50.2519 -36.5136 75.0822
    endloop
  endfacet
  facet normal -0.0122916 -0.995271 -0.0963575
    outer loop
      vertex 51.8029 -35.7223 66.7111
      vertex 54.1971 -36.3887 73.2889
      vertex 50.2519 -35.7714 67.4161
    endloop
  endfacet
  facet normal -0.0123005 -0.995271 -0.0963542
    outer loop
      vertex 54.1971 -36.3887 73.2889
      vertex 51.8029 -35.7223 66.7111
      vertex 57.2226 -36.2901 71.8842
    endloop
  endfacet
  facet normal -0.01231 -0.995272 -0.0963443
    outer loop
      vertex 57.2226 -36.2901 71.8842
      vertex 51.8029 -35.7223 66.7111
      vertex 54.3662 -35.6388 65.521
    endloop
  endfacet
  facet normal -0.0411934 0.9945 0.0962943
    outer loop
      vertex 50.2519 -34.8609 75.0822
      vertex 47.4253 -34.3601 68.7009
      vertex 49.6736 -34.9103 75.345
    endloop
  endfacet
  facet normal -0.0411688 0.994502 0.0962836
    outer loop
      vertex 47.4253 -34.3601 68.7009
      vertex 50.2519 -34.8609 75.0822
      vertex 50.2519 -34.1187 67.4161
    endloop
  endfacet
  facet normal 0.0123103 0.995271 0.0963507
    outer loop
      vertex 51.8029 -34.0696 66.7111
      vertex 54.1971 -34.736 73.2889
      vertex 57.1161 -34.6409 71.9336
    endloop
  endfacet
  facet normal 0.0122907 0.995271 0.096358
    outer loop
      vertex 54.1971 -34.736 73.2889
      vertex 50.2519 -34.1187 67.4161
      vertex 50.2519 -34.8609 75.0822
    endloop
  endfacet
  facet normal 0.0122916 0.995271 0.0963575
    outer loop
      vertex 54.1971 -34.736 73.2889
      vertex 51.8029 -34.0696 66.7111
      vertex 50.2519 -34.1187 67.4161
    endloop
  endfacet
  facet normal 0.0123215 0.995272 0.0963394
    outer loop
      vertex 51.8029 -34.0696 66.7111
      vertex 57.1161 -34.6409 71.9336
      vertex 54.2598 -33.9896 65.5704
    endloop
  endfacet
  facet normal 0.00222551 0.994901 0.100833
    outer loop
      vertex 57.3148 -34.632 71.8414
      vertex 54.2598 -33.9896 65.5704
      vertex 57.1161 -34.6409 71.9336
    endloop
  endfacet
  facet normal 0.00247019 0.994912 0.100715
    outer loop
      vertex 54.2598 -33.9896 65.5704
      vertex 57.3148 -34.632 71.8414
      vertex 57.3148 -33.8536 64.152
    endloop
  endfacet
  facet normal -0.0385897 -0.995454 -0.0870742
    outer loop
      vertex 62.1858 -35.6078 61.8905
      vertex 58.6125 -36.287 71.2389
      vertex 58.4483 -36.2873 71.3151
    endloop
  endfacet
  facet normal -0.0387718 -0.995441 -0.0871429
    outer loop
      vertex 58.6125 -36.287 71.2389
      vertex 62.1858 -35.6078 61.8905
      vertex 62.8913 -35.6066 61.5629
    endloop
  endfacet
  facet normal -0.0386355 -0.995451 -0.0870934
    outer loop
      vertex 61.7907 -35.6085 62.0739
      vertex 58.4483 -36.2873 71.3151
      vertex 57.4548 -36.2891 71.7764
    endloop
  endfacet
  facet normal -0.0386695 -0.995448 -0.0871055
    outer loop
      vertex 58.4483 -36.2873 71.3151
      vertex 61.7907 -35.6085 62.0739
      vertex 62.1858 -35.6078 61.8905
    endloop
  endfacet
  facet normal -0.0686289 -0.99257 -0.100478
    outer loop
      vertex 57.3148 -35.5076 64.152
      vertex 57.4548 -36.2891 71.7764
      vertex 57.3148 -36.286 71.8414
    endloop
  endfacet
  facet normal -0.0690209 -0.992543 -0.100468
    outer loop
      vertex 57.4548 -36.2891 71.7764
      vertex 57.3148 -35.5076 64.152
      vertex 61.7907 -35.6085 62.0739
    endloop
  endfacet
  facet normal -0.0377248 -0.995521 -0.0866856
    outer loop
      vertex 62.8913 -35.6066 61.5629
      vertex 64.6535 -36.2717 68.4342
      vertex 58.6125 -36.287 71.2389
    endloop
  endfacet
  facet normal -0.0377084 -0.995521 -0.0866898
    outer loop
      vertex 64.6535 -36.2717 68.4342
      vertex 62.8913 -35.6066 61.5629
      vertex 64.6535 -35.6021 60.7447
    endloop
  endfacet
  facet normal -0.0533746 -0.99481 -0.0866278
    outer loop
      vertex 64.6535 -35.6021 60.7447
      vertex 66.8318 -36.3005 67.4228
      vertex 64.6535 -36.2717 68.4342
    endloop
  endfacet
  facet normal -0.0533723 -0.99481 -0.0866286
    outer loop
      vertex 65.8029 -35.6173 60.2111
      vertex 66.8318 -36.3005 67.4228
      vertex 64.6535 -35.6021 60.7447
    endloop
  endfacet
  facet normal -0.0533682 -0.99481 -0.0866292
    outer loop
      vertex 66.8318 -36.3005 67.4228
      vertex 65.8029 -35.6173 60.2111
      vertex 71.5303 -35.7306 57.9838
    endloop
  endfacet
  facet normal -0.00950775 -0.997841 -0.0649823
    outer loop
      vertex 71.5303 -35.7306 57.9838
      vertex 72.2416 -36.552 70.4928
      vertex 67.3062 -36.2907 67.2025
    endloop
  endfacet
  facet normal -0.00955647 -0.997841 -0.0649795
    outer loop
      vertex 72.2416 -36.552 70.4928
      vertex 71.5303 -35.7306 57.9838
      vertex 72.2416 -35.7194 57.7072
    endloop
  endfacet
  facet normal -0.00957811 -0.997838 -0.0650144
    outer loop
      vertex 66.8318 -36.3005 67.4228
      vertex 71.5303 -35.7306 57.9838
      vertex 67.3062 -36.2907 67.2025
    endloop
  endfacet
  facet normal 0.0690408 0.992541 0.100475
    outer loop
      vertex 57.6163 -34.6388 71.7014
      vertex 57.3148 -33.8536 64.152
      vertex 57.3148 -34.632 71.8414
    endloop
  endfacet
  facet normal 0.0690373 0.992541 0.100475
    outer loop
      vertex 57.3148 -33.8536 64.152
      vertex 57.6163 -34.6388 71.7014
      vertex 61.9522 -33.9582 61.9989
    endloop
  endfacet
  facet normal 0.0409924 0.995265 0.0881336
    outer loop
      vertex 57.6593 -34.6388 71.6814
      vertex 61.9522 -33.9582 61.9989
      vertex 57.6163 -34.6388 71.7014
    endloop
  endfacet
  facet normal 0.0388224 0.995436 0.0871835
    outer loop
      vertex 61.9522 -33.9582 61.9989
      vertex 57.6593 -34.6388 71.6814
      vertex 62.6132 -33.9571 61.692
    endloop
  endfacet
  facet normal 0.0385254 0.99546 0.0870379
    outer loop
      vertex 58.6125 -34.637 71.2389
      vertex 62.6132 -33.9571 61.692
      vertex 57.6593 -34.6388 71.6814
    endloop
  endfacet
  facet normal 0.0386364 0.995451 0.0870838
    outer loop
      vertex 62.6132 -33.9571 61.692
      vertex 58.6125 -34.637 71.2389
      vertex 62.8913 -33.9566 61.5629
    endloop
  endfacet
  facet normal 0.0377248 0.995521 0.0866856
    outer loop
      vertex 64.6535 -34.6217 68.4342
      vertex 62.8913 -33.9566 61.5629
      vertex 58.6125 -34.637 71.2389
    endloop
  endfacet
  facet normal 0.0377084 0.995521 0.0866898
    outer loop
      vertex 62.8913 -33.9566 61.5629
      vertex 64.6535 -34.6217 68.4342
      vertex 64.6535 -33.9521 60.7447
    endloop
  endfacet
  facet normal 0.00950775 0.997841 0.0649823
    outer loop
      vertex 72.2416 -34.902 70.4928
      vertex 71.5303 -34.0806 57.9838
      vertex 67.3062 -34.6407 67.2025
    endloop
  endfacet
  facet normal 0.00955647 0.997841 0.0649795
    outer loop
      vertex 71.5303 -34.0806 57.9838
      vertex 72.2416 -34.902 70.4928
      vertex 72.2416 -34.0694 57.7072
    endloop
  endfacet
  facet normal 0.00957811 0.997838 0.0650144
    outer loop
      vertex 66.8318 -34.6505 67.4228
      vertex 67.3062 -34.6407 67.2025
      vertex 71.5303 -34.0806 57.9838
    endloop
  endfacet
  facet normal 0.0533746 0.99481 0.0866278
    outer loop
      vertex 66.8318 -34.6505 67.4228
      vertex 64.6535 -33.9521 60.7447
      vertex 64.6535 -34.6217 68.4342
    endloop
  endfacet
  facet normal 0.0533723 0.99481 0.0866286
    outer loop
      vertex 66.8318 -34.6505 67.4228
      vertex 65.8029 -33.9673 60.2111
      vertex 64.6535 -33.9521 60.7447
    endloop
  endfacet
  facet normal 0.0533682 0.99481 0.0866292
    outer loop
      vertex 65.8029 -33.9673 60.2111
      vertex 66.8318 -34.6505 67.4228
      vertex 71.5303 -34.0806 57.9838
    endloop
  endfacet
  facet normal 0.421179 0 0.906978
    outer loop
      vertex 66.8318 -34.6505 67.4228
      vertex 67.3062 -36.2907 67.2025
      vertex 67.3062 -34.6407 67.2025
    endloop
  endfacet
  facet normal 0.421179 0 0.906978
    outer loop
      vertex 66.8318 -34.6505 67.4228
      vertex 66.8318 -36.3005 67.4228
      vertex 67.3062 -36.2907 67.2025
    endloop
  endfacet
  facet normal 0.421127 -0 0.907002
    outer loop
      vertex 64.6535 -36.2717 68.4342
      vertex 66.8318 -34.6505 67.4228
      vertex 64.6535 -34.6217 68.4342
    endloop
  endfacet
  facet normal 0.421127 0 0.907002
    outer loop
      vertex 66.8318 -34.6505 67.4228
      vertex 64.6535 -36.2717 68.4342
      vertex 66.8318 -36.3005 67.4228
    endloop
  endfacet
  facet normal 0.421105 0 0.907012
    outer loop
      vertex 58.6125 -34.637 71.2389
      vertex 64.6535 -36.2717 68.4342
      vertex 64.6535 -34.6217 68.4342
    endloop
  endfacet
  facet normal 0.421105 0 0.907012
    outer loop
      vertex 58.6125 -34.637 71.2389
      vertex 58.6125 -36.287 71.2389
      vertex 64.6535 -36.2717 68.4342
    endloop
  endfacet
  facet normal 0.420949 0 0.907084
    outer loop
      vertex 58.6125 -34.637 71.2389
      vertex 58.4483 -36.2873 71.3151
      vertex 58.6125 -36.287 71.2389
    endloop
  endfacet
  facet normal 0.421067 -1.42216e-05 0.90703
    outer loop
      vertex 57.6593 -34.6388 71.6814
      vertex 58.4483 -36.2873 71.3151
      vertex 58.6125 -34.637 71.2389
    endloop
  endfacet
  facet normal 0.421731 -6.3887e-05 0.906721
    outer loop
      vertex 57.4548 -36.2891 71.7764
      vertex 57.6593 -34.6388 71.6814
      vertex 57.6163 -34.6388 71.7014
    endloop
  endfacet
  facet normal 0.421135 2.58122e-05 0.906998
    outer loop
      vertex 57.6593 -34.6388 71.6814
      vertex 57.4548 -36.2891 71.7764
      vertex 58.4483 -36.2873 71.3151
    endloop
  endfacet
  facet normal 0.421156 4.5471e-06 0.906988
    outer loop
      vertex 57.3148 -34.632 71.8414
      vertex 57.4548 -36.2891 71.7764
      vertex 57.6163 -34.6388 71.7014
    endloop
  endfacet
  facet normal 0.421111 0 0.907009
    outer loop
      vertex 57.3148 -34.632 71.8414
      vertex 57.3148 -36.286 71.8414
      vertex 57.4548 -36.2891 71.7764
    endloop
  endfacet
  facet normal 0.42091 0 0.907102
    outer loop
      vertex 57.1161 -34.6409 71.9336
      vertex 57.3148 -36.286 71.8414
      vertex 57.3148 -34.632 71.8414
    endloop
  endfacet
  facet normal 0.421053 2.09372e-05 0.907036
    outer loop
      vertex 57.3148 -36.286 71.8414
      vertex 57.1161 -34.6409 71.9336
      vertex 57.2226 -36.2901 71.8842
    endloop
  endfacet
  facet normal 0.421123 2.64817e-05 0.907003
    outer loop
      vertex 54.1971 -34.736 73.2889
      vertex 57.2226 -36.2901 71.8842
      vertex 57.1161 -34.6409 71.9336
    endloop
  endfacet
  facet normal 0.421112 0 0.907009
    outer loop
      vertex 57.2226 -36.2901 71.8842
      vertex 54.1971 -34.736 73.2889
      vertex 54.1971 -36.3887 73.2889
    endloop
  endfacet
  facet normal -0.421079 0 -0.907024
    outer loop
      vertex 64.6535 -35.6021 60.7447
      vertex 65.8029 -33.9673 60.2111
      vertex 65.8029 -35.6173 60.2111
    endloop
  endfacet
  facet normal -0.421079 0 -0.907024
    outer loop
      vertex 64.6535 -35.6021 60.7447
      vertex 64.6535 -33.9521 60.7447
      vertex 65.8029 -33.9673 60.2111
    endloop
  endfacet
  facet normal -0.421126 0 -0.907002
    outer loop
      vertex 62.8913 -35.6066 61.5629
      vertex 64.6535 -33.9521 60.7447
      vertex 64.6535 -35.6021 60.7447
    endloop
  endfacet
  facet normal -0.421126 0 -0.907002
    outer loop
      vertex 62.8913 -35.6066 61.5629
      vertex 62.8913 -33.9566 61.5629
      vertex 64.6535 -33.9521 60.7447
    endloop
  endfacet
  facet normal -0.421063 0 -0.907031
    outer loop
      vertex 62.8913 -35.6066 61.5629
      vertex 62.6132 -33.9571 61.692
      vertex 62.8913 -33.9566 61.5629
    endloop
  endfacet
  facet normal -0.42116 -1.98764e-05 -0.906986
    outer loop
      vertex 62.1858 -35.6078 61.8905
      vertex 62.6132 -33.9571 61.692
      vertex 62.8913 -35.6066 61.5629
    endloop
  endfacet
  facet normal -0.421119 -3.27993e-05 -0.907005
    outer loop
      vertex 62.1858 -35.6078 61.8905
      vertex 61.9522 -33.9582 61.9989
      vertex 62.6132 -33.9571 61.692
    endloop
  endfacet
  facet normal -0.421037 -1.8644e-05 -0.907043
    outer loop
      vertex 61.7907 -35.6085 62.0739
      vertex 61.9522 -33.9582 61.9989
      vertex 62.1858 -35.6078 61.8905
    endloop
  endfacet
  facet normal -0.421112 -0 -0.907009
    outer loop
      vertex 57.3148 -33.8536 64.152
      vertex 61.7907 -35.6085 62.0739
      vertex 57.3148 -35.5076 64.152
    endloop
  endfacet
  facet normal -0.421115 -9.38345e-06 -0.907007
    outer loop
      vertex 61.7907 -35.6085 62.0739
      vertex 57.3148 -33.8536 64.152
      vertex 61.9522 -33.9582 61.9989
    endloop
  endfacet
  facet normal -0.421113 -1.41348e-07 -0.907008
    outer loop
      vertex 54.2598 -33.9896 65.5704
      vertex 57.3148 -35.5076 64.152
      vertex 54.3662 -35.6388 65.521
    endloop
  endfacet
  facet normal -0.421113 0 -0.907008
    outer loop
      vertex 57.3148 -35.5076 64.152
      vertex 54.2598 -33.9896 65.5704
      vertex 57.3148 -33.8536 64.152
    endloop
  endfacet
  facet normal -0.42111 8.136e-08 -0.907009
    outer loop
      vertex 51.8029 -35.7223 66.7111
      vertex 54.2598 -33.9896 65.5704
      vertex 54.3662 -35.6388 65.521
    endloop
  endfacet
  facet normal -0.42111 0 -0.907009
    outer loop
      vertex 54.2598 -33.9896 65.5704
      vertex 51.8029 -35.7223 66.7111
      vertex 51.8029 -34.0696 66.7111
    endloop
  endfacet
  facet normal -0.00871037 -0.997849 -0.0649807
    outer loop
      vertex 72.2416 -36.552 70.4928
      vertex 74.7005 -36.2897 66.1353
      vertex 72.6079 -36.5711 70.737
    endloop
  endfacet
  facet normal -0.00869212 -0.997849 -0.0649705
    outer loop
      vertex 72.2416 -36.552 70.4928
      vertex 72.9238 -36.1971 64.9508
      vertex 74.7005 -36.2897 66.1353
    endloop
  endfacet
  facet normal -0.00876999 -0.997848 -0.06498
    outer loop
      vertex 72.2416 -35.7194 57.7072
      vertex 72.9238 -36.1971 64.9508
      vertex 72.2416 -36.552 70.4928
    endloop
  endfacet
  facet normal -0.00870616 -0.997848 -0.064986
    outer loop
      vertex 72.2416 -35.7194 57.7072
      vertex 75.7366 -36.1504 63.8569
      vertex 72.9238 -36.1971 64.9508
    endloop
  endfacet
  facet normal -0.00871414 -0.997848 -0.0649815
    outer loop
      vertex 74.8029 -35.6769 56.7111
      vertex 75.7366 -36.1504 63.8569
      vertex 72.2416 -35.7194 57.7072
    endloop
  endfacet
  facet normal -0.00872081 -0.997848 -0.0649806
    outer loop
      vertex 75.7366 -36.1504 63.8569
      vertex 74.8029 -35.6769 56.7111
      vertex 79.9423 -35.5849 54.6086
    endloop
  endfacet
  facet normal 0.00053178 -0.996193 0.087173
    outer loop
      vertex 80.0687 -36.568 72.0938
      vertex 75.7552 -36.5152 72.7235
      vertex 74.75 -36.5646 72.1651
    endloop
  endfacet
  facet normal 0.000528624 -0.996195 0.0871515
    outer loop
      vertex 75.7552 -36.5152 72.7235
      vertex 80.0687 -36.568 72.0938
      vertex 80.0687 -36.3857 74.1776
    endloop
  endfacet
  facet normal 0.000532001 -0.996192 0.0871894
    outer loop
      vertex 80.0687 -36.568 72.0938
      vertex 74.75 -36.5646 72.1651
      vertex 74.0012 -36.6087 71.6658
    endloop
  endfacet
  facet normal 0.00119463 -0.998168 -0.060496
    outer loop
      vertex 72.6079 -36.5711 70.737
      vertex 74.7082 -36.29 66.1404
      vertex 72.6155 -36.5714 70.7421
    endloop
  endfacet
  facet normal 0.00118272 -0.998167 -0.0605014
    outer loop
      vertex 74.7082 -36.29 66.1404
      vertex 72.6079 -36.5711 70.737
      vertex 74.7005 -36.2897 66.1353
    endloop
  endfacet
  facet normal 0.000647429 -0.998153 -0.060739
    outer loop
      vertex 79.9423 -35.5849 54.6086
      vertex 75.7488 -36.1501 63.8521
      vertex 75.7366 -36.1504 63.8569
    endloop
  endfacet
  facet normal 0.00938184 -0.998342 -0.056788
    outer loop
      vertex 75.7488 -36.1501 63.8521
      vertex 79.9423 -35.5849 54.6086
      vertex 79.9546 -35.5845 54.6036
    endloop
  endfacet
  facet normal 0.0106213 -0.99836 -0.0562486
    outer loop
      vertex 77.25 -36.3583 67.8349
      vertex 74.0012 -36.6087 71.6658
      vertex 72.6155 -36.5714 70.7421
    endloop
  endfacet
  facet normal 0.0106622 -0.998362 -0.0562141
    outer loop
      vertex 74.0012 -36.6087 71.6658
      vertex 77.25 -36.3583 67.8349
      vertex 80.0687 -36.568 72.0938
    endloop
  endfacet
  facet normal 0.010647 -0.998363 -0.056204
    outer loop
      vertex 80.0687 -36.568 72.0938
      vertex 77.25 -36.3583 67.8349
      vertex 80.0687 -36.4164 69.4009
    endloop
  endfacet
  facet normal 0.0106458 -0.998362 -0.0562098
    outer loop
      vertex 77.25 -36.3583 67.8349
      vertex 72.6155 -36.5714 70.7421
      vertex 74.7082 -36.29 66.1404
    endloop
  endfacet
  facet normal 0.010683 -0.998363 -0.0561976
    outer loop
      vertex 79.9546 -35.5845 54.6036
      vertex 77.1971 -36.1029 63.2889
      vertex 75.7488 -36.1501 63.8521
    endloop
  endfacet
  facet normal 0.0106226 -0.998362 -0.0562167
    outer loop
      vertex 77.1971 -36.1029 63.2889
      vertex 79.9546 -35.5845 54.6036
      vertex 80.0687 -36.0062 62.1142
    endloop
  endfacet
  facet normal 0.010243 -0.998366 -0.0562112
    outer loop
      vertex 80.0687 -36.0062 62.1142
      vertex 79.9546 -35.5845 54.6036
      vertex 80.0687 -35.5807 54.5569
    endloop
  endfacet
  facet normal -0.0106686 0.998362 0.0562035
    outer loop
      vertex 73.9102 -34.9225 71.0074
      vertex 72.6155 -34.9214 70.7421
      vertex 73.3644 -34.9415 71.2413
    endloop
  endfacet
  facet normal -0.0106183 0.998361 0.0562289
    outer loop
      vertex 77.25 -34.7083 67.8349
      vertex 73.9102 -34.9225 71.0074
      vertex 78.2762 -34.7295 68.4051
    endloop
  endfacet
  facet normal -0.0106419 0.998363 0.0562041
    outer loop
      vertex 74.7082 -34.64 66.1404
      vertex 73.9102 -34.9225 71.0074
      vertex 77.25 -34.7083 67.8349
    endloop
  endfacet
  facet normal -0.0106678 0.998363 0.0561998
    outer loop
      vertex 73.9102 -34.9225 71.0074
      vertex 74.7082 -34.64 66.1404
      vertex 72.6155 -34.9214 70.7421
    endloop
  endfacet
  facet normal -0.010628 0.998363 0.0562036
    outer loop
      vertex 79.9546 -33.9346 54.6036
      vertex 77.1971 -34.4529 63.2889
      vertex 80.0687 -34.3562 62.1142
    endloop
  endfacet
  facet normal -0.0106881 0.998363 0.0561845
    outer loop
      vertex 77.1971 -34.4529 63.2889
      vertex 79.9546 -33.9346 54.6036
      vertex 75.7488 -34.5001 63.8521
    endloop
  endfacet
  facet normal -0.0111179 0.998357 0.0562107
    outer loop
      vertex 79.9546 -33.9346 54.6036
      vertex 80.0687 -34.3562 62.1142
      vertex 80.0687 -33.9307 54.5569
    endloop
  endfacet
  facet normal 0.00871037 0.997849 0.0649807
    outer loop
      vertex 74.7005 -34.6397 66.1353
      vertex 72.2416 -34.902 70.4928
      vertex 72.6079 -34.9211 70.737
    endloop
  endfacet
  facet normal 0.00869212 0.997849 0.0649705
    outer loop
      vertex 72.9238 -34.5471 64.9508
      vertex 72.2416 -34.902 70.4928
      vertex 74.7005 -34.6397 66.1353
    endloop
  endfacet
  facet normal 0.00876999 0.997848 0.06498
    outer loop
      vertex 72.9238 -34.5471 64.9508
      vertex 72.2416 -34.0694 57.7072
      vertex 72.2416 -34.902 70.4928
    endloop
  endfacet
  facet normal 0.00870616 0.997848 0.064986
    outer loop
      vertex 75.7366 -34.5004 63.8569
      vertex 72.2416 -34.0694 57.7072
      vertex 72.9238 -34.5471 64.9508
    endloop
  endfacet
  facet normal 0.00871414 0.997848 0.0649815
    outer loop
      vertex 75.7366 -34.5004 63.8569
      vertex 74.8029 -34.0269 56.7111
      vertex 72.2416 -34.0694 57.7072
    endloop
  endfacet
  facet normal 0.00872081 0.997848 0.0649806
    outer loop
      vertex 74.8029 -34.0269 56.7111
      vertex 75.7366 -34.5004 63.8569
      vertex 79.9423 -33.9349 54.6086
    endloop
  endfacet
  facet normal -0.00119463 0.998168 0.060496
    outer loop
      vertex 74.7082 -34.64 66.1404
      vertex 72.6079 -34.9211 70.737
      vertex 72.6155 -34.9214 70.7421
    endloop
  endfacet
  facet normal -0.00118272 0.998167 0.0605014
    outer loop
      vertex 72.6079 -34.9211 70.737
      vertex 74.7082 -34.64 66.1404
      vertex 74.7005 -34.6397 66.1353
    endloop
  endfacet
  facet normal -0.000647429 0.998153 0.060739
    outer loop
      vertex 75.7488 -34.5001 63.8521
      vertex 79.9423 -33.9349 54.6086
      vertex 75.7366 -34.5004 63.8569
    endloop
  endfacet
  facet normal 0.000569954 0.99812 0.0612893
    outer loop
      vertex 79.9423 -33.9349 54.6086
      vertex 75.7488 -34.5001 63.8521
      vertex 79.9546 -33.9346 54.6036
    endloop
  endfacet
  facet normal 0.362431 0 0.932011
    outer loop
      vertex 75.7488 -34.5001 63.8521
      vertex 77.1971 -36.1029 63.2889
      vertex 77.1971 -34.4529 63.2889
    endloop
  endfacet
  facet normal 0.362431 0 0.932011
    outer loop
      vertex 75.7488 -34.5001 63.8521
      vertex 75.7488 -36.1501 63.8521
      vertex 77.1971 -36.1029 63.2889
    endloop
  endfacet
  facet normal 0.366124 0 0.930566
    outer loop
      vertex 75.7366 -34.5004 63.8569
      vertex 75.7488 -36.1501 63.8521
      vertex 75.7488 -34.5001 63.8521
    endloop
  endfacet
  facet normal 0.366124 0 0.930566
    outer loop
      vertex 75.7366 -34.5004 63.8569
      vertex 75.7366 -36.1504 63.8569
      vertex 75.7488 -36.1501 63.8521
    endloop
  endfacet
  facet normal 0.362456 0 0.932001
    outer loop
      vertex 72.9238 -34.5471 64.9508
      vertex 75.7366 -36.1504 63.8569
      vertex 75.7366 -34.5004 63.8569
    endloop
  endfacet
  facet normal 0.362456 0 0.932001
    outer loop
      vertex 75.7366 -36.1504 63.8569
      vertex 72.9238 -34.5471 64.9508
      vertex 72.9238 -36.1971 64.9508
    endloop
  endfacet
  facet normal -0.362459 -0 -0.932
    outer loop
      vertex 72.2416 -34.0694 57.7072
      vertex 74.8029 -35.6769 56.7111
      vertex 72.2416 -35.7194 57.7072
    endloop
  endfacet
  facet normal -0.362459 0 -0.932
    outer loop
      vertex 74.8029 -35.6769 56.7111
      vertex 72.2416 -34.0694 57.7072
      vertex 74.8029 -34.0269 56.7111
    endloop
  endfacet
  facet normal -0.362427 -0 -0.932012
    outer loop
      vertex 71.5303 -34.0806 57.9838
      vertex 72.2416 -35.7194 57.7072
      vertex 71.5303 -35.7306 57.9838
    endloop
  endfacet
  facet normal -0.362427 0 -0.932012
    outer loop
      vertex 72.2416 -35.7194 57.7072
      vertex 71.5303 -34.0806 57.9838
      vertex 72.2416 -34.0694 57.7072
    endloop
  endfacet
  facet normal -0.362443 0 -0.932006
    outer loop
      vertex 65.8029 -35.6173 60.2111
      vertex 71.5303 -34.0806 57.9838
      vertex 71.5303 -35.7306 57.9838
    endloop
  endfacet
  facet normal -0.362443 0 -0.932006
    outer loop
      vertex 71.5303 -34.0806 57.9838
      vertex 65.8029 -35.6173 60.2111
      vertex 65.8029 -33.9673 60.2111
    endloop
  endfacet
  facet normal 0 -0.965923 0.258831
    outer loop
      vertex 80.0687 -36.3857 74.1776
      vertex 80.0587 -36.1347 75.1143
      vertex 80.0587 -36.3857 74.1776
    endloop
  endfacet
  facet normal -5.63788e-05 -0.965923 0.25883
    outer loop
      vertex 80.0587 -36.1347 75.1143
      vertex 80.0687 -36.3857 74.1776
      vertex 80.0687 -36.1332 75.1199
    endloop
  endfacet
  facet normal -0.00241632 -0.991746 0.128197
    outer loop
      vertex 78.1259 -36.3987 74.0406
      vertex 80.0587 -36.3857 74.1776
      vertex 78.1273 -36.3986 74.0414
    endloop
  endfacet
  facet normal 0 -0.995528 0.0944662
    outer loop
      vertex 80.0587 -36.3857 74.1776
      vertex 78.1259 -36.3987 74.0406
      vertex 80.0687 -36.3857 74.1776
    endloop
  endfacet
  facet normal -0.0118001 -0.965855 0.258813
    outer loop
      vertex 80.0587 -36.1347 75.1143
      vertex 78.1273 -36.3986 74.0414
      vertex 80.0587 -36.3857 74.1776
    endloop
  endfacet
  facet normal 0.000518056 -0.996192 0.0871826
    outer loop
      vertex 78.1259 -36.3987 74.0406
      vertex 75.7552 -36.5152 72.7235
      vertex 80.0687 -36.3857 74.1776
    endloop
  endfacet
  facet normal 0.0584215 -0.997691 -0.0346449
    outer loop
      vertex 84.8029 -36.2886 72.031
      vertex 80.0687 -36.568 72.0938
      vertex 80.9623 -36.4394 69.8973
    endloop
  endfacet
  facet normal 0.058394 -0.997692 -0.0346427
    outer loop
      vertex 88.0931 -35.6377 58.8315
      vertex 84.9391 -35.8671 60.1217
      vertex 88.0931 -35.4133 52.3689
    endloop
  endfacet
  facet normal 0.0602593 -0.954692 0.291432
    outer loop
      vertex 84.5659 -35.1722 77.462
      vertex 85.4341 -35.1174 77.462
      vertex 85 -35.1332 77.5
    endloop
  endfacet
  facet normal 0.0602296 -0.954221 0.292976
    outer loop
      vertex 84.145 -35.2334 77.3492
      vertex 85.4341 -35.1174 77.462
      vertex 84.5659 -35.1722 77.462
    endloop
  endfacet
  facet normal 0.0602071 -0.954162 0.293173
    outer loop
      vertex 84.145 -35.2334 77.3492
      vertex 85.855 -35.1255 77.3492
      vertex 85.4341 -35.1174 77.462
    endloop
  endfacet
  facet normal 0.0602062 -0.954148 0.293219
    outer loop
      vertex 83.75 -35.3149 77.1651
      vertex 85.855 -35.1255 77.3492
      vertex 84.145 -35.2334 77.3492
    endloop
  endfacet
  facet normal 0.060184 -0.95409 0.293413
    outer loop
      vertex 83.75 -35.3149 77.1651
      vertex 86.25 -35.1572 77.1651
      vertex 85.855 -35.1255 77.3492
    endloop
  endfacet
  facet normal 0.0601882 -0.954157 0.293192
    outer loop
      vertex 83.75 -35.3149 77.1651
      vertex 86.607 -35.2115 76.9151
      vertex 86.25 -35.1572 77.1651
    endloop
  endfacet
  facet normal 0.0601869 -0.954162 0.293175
    outer loop
      vertex 87.2336 -35.4215 76.103
      vertex 86.607 -35.2115 76.9151
      vertex 83.75 -35.3149 77.1651
    endloop
  endfacet
  facet normal 0.0606134 -0.954044 0.293473
    outer loop
      vertex 86.607 -35.2115 76.9151
      vertex 87.2336 -35.4215 76.103
      vertex 86.9151 -35.2867 76.607
    endloop
  endfacet
  facet normal 0.0601845 -0.954165 0.293167
    outer loop
      vertex 87.2336 -35.4215 76.103
      vertex 83.75 -35.3149 77.1651
      vertex 81.9641 -35.7324 76.1729
    endloop
  endfacet
  facet normal 0.0618992 -0.953736 0.294203
    outer loop
      vertex 86.9151 -35.2867 76.607
      vertex 87.2336 -35.4215 76.103
      vertex 87.1651 -35.3806 76.25
    endloop
  endfacet
  facet normal 0.0603128 -0.964168 0.258345
    outer loop
      vertex 87.3196 -35.9578 74.0814
      vertex 87.2336 -35.4215 76.103
      vertex 81.9641 -35.7324 76.1729
    endloop
  endfacet
  facet normal 0.060513 -0.964154 0.25835
    outer loop
      vertex 87.462 -35.5864 75.4341
      vertex 87.2336 -35.4215 76.103
      vertex 87.3196 -35.9578 74.0814
    endloop
  endfacet
  facet normal 0.0603487 -0.964162 0.258358
    outer loop
      vertex 80.0687 -36.3857 74.1776
      vertex 81.9641 -35.7324 76.1729
      vertex 80.0687 -36.1332 75.1199
    endloop
  endfacet
  facet normal 0.0604337 -0.964166 0.258326
    outer loop
      vertex 87.2336 -35.4215 76.103
      vertex 87.462 -35.5864 75.4341
      vertex 87.3492 -35.4807 75.855
    endloop
  endfacet
  facet normal 0.0609065 -0.964142 0.258305
    outer loop
      vertex 87.462 -35.5864 75.4341
      vertex 87.3196 -35.9578 74.0814
      vertex 87.5 -35.7003 75
    endloop
  endfacet
  facet normal 0.0603262 -0.964158 0.258378
    outer loop
      vertex 81.9641 -35.7324 76.1729
      vertex 80.0687 -36.3857 74.1776
      vertex 87.3196 -35.9578 74.0814
    endloop
  endfacet
  facet normal 0.060928 -0.964141 0.258301
    outer loop
      vertex 87.5 -35.7003 75
      vertex 87.3196 -35.9578 74.0814
      vertex 87.462 -35.819 74.5659
    endloop
  endfacet
  facet normal 0.0600911 -0.964129 0.258543
    outer loop
      vertex 87.462 -35.819 74.5659
      vertex 87.3196 -35.9578 74.0814
      vertex 87.3492 -35.9389 74.145
    endloop
  endfacet
  facet normal 0.0598415 -0.99441 0.0869953
    outer loop
      vertex 84.8029 -36.2886 72.031
      vertex 80.0687 -36.3857 74.1776
      vertex 80.0687 -36.568 72.0938
    endloop
  endfacet
  facet normal 0.0598495 -0.994408 0.0870131
    outer loop
      vertex 80.0687 -36.3857 74.1776
      vertex 84.8029 -36.2886 72.031
      vertex 85.8342 -36.1764 72.6039
    endloop
  endfacet
  facet normal 0.00552544 -0.998404 -0.0562063
    outer loop
      vertex 80.9623 -36.4394 69.8973
      vertex 80.0687 -36.568 72.0938
      vertex 80.0687 -36.4164 69.4009
    endloop
  endfacet
  facet normal 0.00551761 -0.998404 -0.0562133
    outer loop
      vertex 80.0687 -35.5807 54.5569
      vertex 84.9391 -35.8671 60.1217
      vertex 80.0687 -36.0062 62.1142
    endloop
  endfacet
  facet normal 0.00550457 -0.998404 -0.0562019
    outer loop
      vertex 81.3299 -35.5447 54.0409
      vertex 84.9391 -35.8671 60.1217
      vertex 80.0687 -35.5807 54.5569
    endloop
  endfacet
  facet normal 0.00550356 -0.998404 -0.0562013
    outer loop
      vertex 84.9391 -35.8671 60.1217
      vertex 81.3299 -35.5447 54.0409
      vertex 88.0931 -35.4133 52.3689
    endloop
  endfacet
  facet normal 0 -0.996196 -0.0871389
    outer loop
      vertex 88.0831 -35.3247 51.356
      vertex 88.0931 -35.4133 52.3689
      vertex 88.0831 -35.4133 52.3689
    endloop
  endfacet
  facet normal 0.00757851 -0.996161 -0.0872106
    outer loop
      vertex 88.0931 -35.4133 52.3689
      vertex 88.0831 -35.3247 51.356
      vertex 88.0931 -35.3243 51.3523
    endloop
  endfacet
  facet normal 0.0598375 -0.994412 0.0869685
    outer loop
      vertex 85.8342 -36.1764 72.6039
      vertex 87.3196 -35.9578 74.0814
      vertex 80.0687 -36.3857 74.1776
    endloop
  endfacet
  facet normal 0.0597136 -0.994409 0.0870926
    outer loop
      vertex 86.25 -36.1312 72.8349
      vertex 87.3196 -35.9578 74.0814
      vertex 85.8342 -36.1764 72.6039
    endloop
  endfacet
  facet normal 0.0601495 -0.994415 0.0867194
    outer loop
      vertex 86.9151 -36.0423 73.393
      vertex 87.3196 -35.9578 74.0814
      vertex 86.25 -36.1312 72.8349
    endloop
  endfacet
  facet normal 0.0602243 -0.994418 0.0866308
    outer loop
      vertex 86.9151 -36.0423 73.393
      vertex 86.25 -36.1312 72.8349
      vertex 86.607 -36.0878 73.0849
    endloop
  endfacet
  facet normal 0.0588027 -0.994426 0.0875121
    outer loop
      vertex 87.3196 -35.9578 74.0814
      vertex 86.9151 -36.0423 73.393
      vertex 87.1651 -35.9961 73.75
    endloop
  endfacet
  facet normal -0 -0.996927 -0.0783394
    outer loop
      vertex 88.0931 -35.4133 52.3689
      vertex 81.3452 -35.5442 54.0347
      vertex 88.0831 -35.4133 52.3689
    endloop
  endfacet
  facet normal -0.00129939 -0.996501 -0.0835696
    outer loop
      vertex 81.3452 -35.5442 54.0347
      vertex 88.0931 -35.4133 52.3689
      vertex 81.3299 -35.5447 54.0409
    endloop
  endfacet
  facet normal -0.00218456 -0.996196 -0.0871181
    outer loop
      vertex 85.8029 -35.3945 52.2111
      vertex 88.0831 -35.4133 52.3689
      vertex 81.3452 -35.5442 54.0347
    endloop
  endfacet
  facet normal -0.00218312 -0.996194 -0.0871387
    outer loop
      vertex 88.0831 -35.4133 52.3689
      vertex 85.8029 -35.3945 52.2111
      vertex 88.0831 -35.3247 51.356
    endloop
  endfacet
  facet normal 0.0157506 -0.996066 -0.0872023
    outer loop
      vertex 92.5705 -35.1065 49.6732
      vertex 88.0931 -35.4133 52.3689
      vertex 88.0931 -35.3243 51.3523
    endloop
  endfacet
  facet normal 0.0158094 -0.996074 -0.0871055
    outer loop
      vertex 92.5705 -35.1065 49.6732
      vertex 96.2947 -34.9904 49.0215
      vertex 88.0931 -35.4133 52.3689
    endloop
  endfacet
  facet normal 0.00922844 -0.992236 -0.124029
    outer loop
      vertex 96.2947 -34.9904 49.0215
      vertex 92.5705 -35.1065 49.6732
      vertex 96.2947 -34.9902 49.0199
    endloop
  endfacet
  facet normal 0.0141508 -0.995246 -0.0963583
    outer loop
      vertex 88.0931 -35.4133 52.3689
      vertex 96.2947 -35.1572 50.9282
      vertex 96.2972 -35.1573 50.9296
    endloop
  endfacet
  facet normal 0.0157963 -0.996071 -0.0871373
    outer loop
      vertex 96.2947 -35.1572 50.9282
      vertex 88.0931 -35.4133 52.3689
      vertex 96.2947 -34.9904 49.0215
    endloop
  endfacet
  facet normal 0.0251769 -0.999081 -0.034691
    outer loop
      vertex 88.0931 -35.4133 52.3689
      vertex 88.1971 -35.6336 58.7889
      vertex 88.0931 -35.6377 58.8315
    endloop
  endfacet
  facet normal 0.0251018 -0.999083 -0.0346898
    outer loop
      vertex 88.0931 -35.4133 52.3689
      vertex 94.1008 -35.4084 56.575
      vertex 88.1971 -35.6336 58.7889
    endloop
  endfacet
  facet normal 0.0250953 -0.999083 -0.0346805
    outer loop
      vertex 88.0931 -35.4133 52.3689
      vertex 96.2993 -35.1574 50.935
      vertex 94.1008 -35.4084 56.575
    endloop
  endfacet
  facet normal 0.0261499 -0.999247 -0.028674
    outer loop
      vertex 96.2993 -35.1574 50.935
      vertex 88.0931 -35.4133 52.3689
      vertex 96.2972 -35.1573 50.9296
    endloop
  endfacet
  facet normal 0.00218456 0.996196 0.0871181
    outer loop
      vertex 88.0831 -33.7633 52.3689
      vertex 85.8029 -33.7445 52.2111
      vertex 81.3452 -33.8942 54.0347
    endloop
  endfacet
  facet normal 0.00218312 0.996194 0.0871387
    outer loop
      vertex 85.8029 -33.7445 52.2111
      vertex 88.0831 -33.7633 52.3689
      vertex 88.0831 -33.6747 51.356
    endloop
  endfacet
  facet normal 0 0.996196 0.0871389
    outer loop
      vertex 88.0931 -33.7633 52.3689
      vertex 88.0831 -33.6747 51.356
      vertex 88.0831 -33.7633 52.3689
    endloop
  endfacet
  facet normal 0.00234693 0.996195 0.0871157
    outer loop
      vertex 88.0831 -33.6747 51.356
      vertex 88.0931 -33.7633 52.3689
      vertex 88.0931 -33.6744 51.3523
    endloop
  endfacet
  facet normal -0.0602996 0.96416 -0.258378
    outer loop
      vertex 85.5235 -34.2893 74.3767
      vertex 87.4347 -33.8591 75.536
      vertex 87.462 -33.8847 75.4341
    endloop
  endfacet
  facet normal -0.0603641 0.964185 -0.258269
    outer loop
      vertex 85.5235 -34.2893 74.3767
      vertex 87.462 -33.8847 75.4341
      vertex 87.5 -33.9986 75
    endloop
  endfacet
  facet normal -0.0603325 0.964163 -0.258359
    outer loop
      vertex 85.5235 -34.2893 74.3767
      vertex 87.5 -33.9986 75
      vertex 87.462 -34.1173 74.5659
    endloop
  endfacet
  facet normal -0.0603198 0.964167 -0.258347
    outer loop
      vertex 87.4347 -33.8591 75.536
      vertex 85.5235 -34.2893 74.3767
      vertex 83.5758 -34.0868 75.5872
    endloop
  endfacet
  facet normal -0.0603175 0.964131 -0.258483
    outer loop
      vertex 87.3492 -34.2372 74.145
      vertex 85.5235 -34.2893 74.3767
      vertex 87.462 -34.1173 74.5659
    endloop
  endfacet
  facet normal -0.0602949 0.964183 -0.258293
    outer loop
      vertex 85.5235 -34.2893 74.3767
      vertex 87.3492 -34.2372 74.145
      vertex 87.2697 -34.2879 73.9743
    endloop
  endfacet
  facet normal -0.0598251 0.994378 -0.0873699
    outer loop
      vertex 87.1651 -34.3461 73.75
      vertex 86.441 -34.3847 73.8065
      vertex 87.1868 -34.3407 73.7966
    endloop
  endfacet
  facet normal -0.0597893 0.994423 -0.0868799
    outer loop
      vertex 86.441 -34.3847 73.8065
      vertex 87.1651 -34.3461 73.75
      vertex 86.9731 -34.3816 73.4758
    endloop
  endfacet
  facet normal -0.0603098 0.964165 -0.258358
    outer loop
      vertex 87.2697 -34.2879 73.9743
      vertex 86.441 -34.3847 73.8065
      vertex 85.5235 -34.2893 74.3767
    endloop
  endfacet
  facet normal -0.0603124 0.964168 -0.258346
    outer loop
      vertex 86.441 -34.3847 73.8065
      vertex 87.2697 -34.2879 73.9743
      vertex 87.1868 -34.3407 73.7966
    endloop
  endfacet
  facet normal 0.00129939 0.996501 0.0835696
    outer loop
      vertex 88.0931 -33.7633 52.3689
      vertex 81.3452 -33.8942 54.0347
      vertex 81.3299 -33.8947 54.0409
    endloop
  endfacet
  facet normal 0 0.996927 0.0783394
    outer loop
      vertex 81.3452 -33.8942 54.0347
      vertex 88.0931 -33.7633 52.3689
      vertex 88.0831 -33.7633 52.3689
    endloop
  endfacet
  facet normal -0.0603798 0.9542 -0.293014
    outer loop
      vertex 83.5758 -34.0868 75.5872
      vertex 85 -33.4093 77.5
      vertex 85.4341 -33.3935 77.462
    endloop
  endfacet
  facet normal -0.0602068 0.954162 -0.293172
    outer loop
      vertex 83.5758 -34.0868 75.5872
      vertex 85.4341 -33.3935 77.462
      vertex 85.855 -33.4016 77.3492
    endloop
  endfacet
  facet normal -0.0600524 0.954151 -0.293241
    outer loop
      vertex 85 -33.4093 77.5
      vertex 83.5758 -34.0868 75.5872
      vertex 84.5659 -33.4483 77.462
    endloop
  endfacet
  facet normal -0.0601171 0.954135 -0.293277
    outer loop
      vertex 83.5758 -34.0868 75.5872
      vertex 85.855 -33.4016 77.3492
      vertex 86.25 -33.4333 77.1651
    endloop
  endfacet
  facet normal -0.060165 0.954161 -0.293185
    outer loop
      vertex 84.5659 -33.4483 77.462
      vertex 83.5758 -34.0868 75.5872
      vertex 84.145 -33.5095 77.3492
    endloop
  endfacet
  facet normal -0.0601802 0.954161 -0.293181
    outer loop
      vertex 83.5758 -34.0868 75.5872
      vertex 86.25 -33.4333 77.1651
      vertex 86.607 -33.4876 76.9151
    endloop
  endfacet
  facet normal -0.0602157 0.954181 -0.293109
    outer loop
      vertex 83.5758 -34.0868 75.5872
      vertex 86.607 -33.4876 76.9151
      vertex 86.9151 -33.5628 76.607
    endloop
  endfacet
  facet normal -0.0602357 0.954163 -0.293162
    outer loop
      vertex 84.145 -33.5095 77.3492
      vertex 83.5758 -34.0868 75.5872
      vertex 83.75 -33.591 77.1651
    endloop
  endfacet
  facet normal -0.0602071 0.954174 -0.293134
    outer loop
      vertex 83.5758 -34.0868 75.5872
      vertex 86.9151 -33.5628 76.607
      vertex 87.1651 -33.6567 76.25
    endloop
  endfacet
  facet normal -0.0601767 0.954133 -0.293272
    outer loop
      vertex 83.5758 -34.0868 75.5872
      vertex 87.1651 -33.6567 76.25
      vertex 87.3492 -33.7665 75.855
    endloop
  endfacet
  facet normal -0.0601864 0.954165 -0.293168
    outer loop
      vertex 83.75 -33.591 77.1651
      vertex 83.5758 -34.0868 75.5872
      vertex 82.3175 -33.9259 76.3692
    endloop
  endfacet
  facet normal -0.0601919 0.954181 -0.293115
    outer loop
      vertex 83.5758 -34.0868 75.5872
      vertex 87.3492 -33.7665 75.855
      vertex 87.4347 -33.8591 75.536
    endloop
  endfacet
  facet normal -0.00551761 0.998404 0.0562133
    outer loop
      vertex 84.9391 -34.2171 60.1217
      vertex 80.0687 -33.9307 54.5569
      vertex 80.0687 -34.3562 62.1142
    endloop
  endfacet
  facet normal -0.00550457 0.998404 0.0562019
    outer loop
      vertex 84.9391 -34.2171 60.1217
      vertex 81.3299 -33.8947 54.0409
      vertex 80.0687 -33.9307 54.5569
    endloop
  endfacet
  facet normal -0.00550356 0.998404 0.0562013
    outer loop
      vertex 81.3299 -33.8947 54.0409
      vertex 84.9391 -34.2171 60.1217
      vertex 88.0931 -33.7633 52.3689
    endloop
  endfacet
  facet normal -0.058394 0.997692 0.0346427
    outer loop
      vertex 88.0931 -33.9877 58.8315
      vertex 88.0931 -33.7633 52.3689
      vertex 84.9391 -34.2171 60.1217
    endloop
  endfacet
  facet normal -0.0251769 0.999081 0.034691
    outer loop
      vertex 88.1971 -33.9836 58.7889
      vertex 88.0931 -33.7633 52.3689
      vertex 88.0931 -33.9877 58.8315
    endloop
  endfacet
  facet normal -0.0251018 0.999083 0.0346898
    outer loop
      vertex 94.1008 -33.7584 56.575
      vertex 88.0931 -33.7633 52.3689
      vertex 88.1971 -33.9836 58.7889
    endloop
  endfacet
  facet normal -0.0250953 0.999083 0.0346805
    outer loop
      vertex 96.2993 -33.5074 50.935
      vertex 88.0931 -33.7633 52.3689
      vertex 94.1008 -33.7584 56.575
    endloop
  endfacet
  facet normal -0.0261499 0.999247 0.028674
    outer loop
      vertex 88.0931 -33.7633 52.3689
      vertex 96.2993 -33.5074 50.935
      vertex 96.2972 -33.5073 50.9296
    endloop
  endfacet
  facet normal -0.0141508 0.995246 0.0963583
    outer loop
      vertex 96.2947 -33.5072 50.9282
      vertex 88.0931 -33.7633 52.3689
      vertex 96.2972 -33.5073 50.9296
    endloop
  endfacet
  facet normal -0.015792 0.996069 0.0871617
    outer loop
      vertex 88.0931 -33.7633 52.3689
      vertex 96.2947 -33.5072 50.9282
      vertex 91.1348 -33.5263 50.2116
    endloop
  endfacet
  facet normal -0.0158325 0.996073 0.087105
    outer loop
      vertex 88.0931 -33.7633 52.3689
      vertex 91.1348 -33.5263 50.2116
      vertex 88.0931 -33.6744 51.3523
    endloop
  endfacet
  facet normal -0.0157906 0.99607 0.0871515
    outer loop
      vertex 91.1348 -33.5263 50.2116
      vertex 96.2947 -33.5072 50.9282
      vertex 96.2947 -33.3653 49.3064
    endloop
  endfacet
  facet normal -0.378632 -0 -0.925547
    outer loop
      vertex 81.3452 -33.8942 54.0347
      vertex 85.8029 -35.3945 52.2111
      vertex 81.3452 -35.5442 54.0347
    endloop
  endfacet
  facet normal -0.378632 0 -0.925547
    outer loop
      vertex 85.8029 -35.3945 52.2111
      vertex 81.3452 -33.8942 54.0347
      vertex 85.8029 -33.7445 52.2111
    endloop
  endfacet
  facet normal -0.375564 -0 -0.926796
    outer loop
      vertex 81.3299 -33.8947 54.0409
      vertex 81.3452 -35.5442 54.0347
      vertex 81.3299 -35.5447 54.0409
    endloop
  endfacet
  facet normal -0.375564 0 -0.926796
    outer loop
      vertex 81.3452 -35.5442 54.0347
      vertex 81.3299 -33.8947 54.0409
      vertex 81.3452 -33.8942 54.0347
    endloop
  endfacet
  facet normal -0.378667 -0 -0.925533
    outer loop
      vertex 80.0687 -33.9307 54.5569
      vertex 81.3299 -35.5447 54.0409
      vertex 80.0687 -35.5807 54.5569
    endloop
  endfacet
  facet normal -0.378667 0 -0.925533
    outer loop
      vertex 81.3299 -35.5447 54.0409
      vertex 80.0687 -33.9307 54.5569
      vertex 81.3299 -33.8947 54.0409
    endloop
  endfacet
  facet normal -0.378791 -0 -0.925482
    outer loop
      vertex 79.9546 -33.9346 54.6036
      vertex 80.0687 -35.5807 54.5569
      vertex 79.9546 -35.5845 54.6036
    endloop
  endfacet
  facet normal -0.378791 0 -0.925482
    outer loop
      vertex 80.0687 -35.5807 54.5569
      vertex 79.9546 -33.9346 54.6036
      vertex 80.0687 -33.9307 54.5569
    endloop
  endfacet
  facet normal -0.376579 -0 -0.926384
    outer loop
      vertex 79.9423 -33.9349 54.6086
      vertex 79.9546 -35.5845 54.6036
      vertex 79.9423 -35.5849 54.6086
    endloop
  endfacet
  facet normal -0.376579 0 -0.926384
    outer loop
      vertex 79.9546 -35.5845 54.6036
      vertex 79.9423 -33.9349 54.6086
      vertex 79.9546 -33.9346 54.6036
    endloop
  endfacet
  facet normal -0.378636 -0 -0.925546
    outer loop
      vertex 74.8029 -34.0269 56.7111
      vertex 79.9423 -35.5849 54.6086
      vertex 74.8029 -35.6769 56.7111
    endloop
  endfacet
  facet normal -0.378636 0 -0.925546
    outer loop
      vertex 79.9423 -35.5849 54.6086
      vertex 74.8029 -34.0269 56.7111
      vertex 79.9423 -33.9349 54.6086
    endloop
  endfacet
  facet normal 0.379049 0 0.925377
    outer loop
      vertex 88.0931 -33.9877 58.8315
      vertex 88.1971 -35.6336 58.7889
      vertex 88.1971 -33.9836 58.7889
    endloop
  endfacet
  facet normal 0.379049 0 0.925377
    outer loop
      vertex 88.0931 -33.9877 58.8315
      vertex 88.0931 -35.6377 58.8315
      vertex 88.1971 -35.6336 58.7889
    endloop
  endfacet
  facet normal 0.378615 0 0.925554
    outer loop
      vertex 84.9391 -34.2171 60.1217
      vertex 88.0931 -35.6377 58.8315
      vertex 88.0931 -33.9877 58.8315
    endloop
  endfacet
  facet normal 0.378615 0 0.925554
    outer loop
      vertex 84.9391 -34.2171 60.1217
      vertex 84.9391 -35.8671 60.1217
      vertex 88.0931 -35.6377 58.8315
    endloop
  endfacet
  facet normal 0.378643 0 0.925543
    outer loop
      vertex 80.0687 -34.3562 62.1142
      vertex 84.9391 -35.8671 60.1217
      vertex 84.9391 -34.2171 60.1217
    endloop
  endfacet
  facet normal 0.378643 0 0.925543
    outer loop
      vertex 80.0687 -34.3562 62.1142
      vertex 80.0687 -36.0062 62.1142
      vertex 84.9391 -35.8671 60.1217
    endloop
  endfacet
  facet normal 0.37862 0 0.925552
    outer loop
      vertex 77.1971 -34.4529 63.2889
      vertex 80.0687 -36.0062 62.1142
      vertex 80.0687 -34.3562 62.1142
    endloop
  endfacet
  facet normal 0.37862 0 0.925552
    outer loop
      vertex 80.0687 -36.0062 62.1142
      vertex 77.1971 -34.4529 63.2889
      vertex 77.1971 -36.1029 63.2889
    endloop
  endfacet
  facet normal -0.0152326 -0.965813 -0.258793
    outer loop
      vertex 96.2917 -34.99 49.0186
      vertex 94.5493 -34.9391 48.9312
      vertex 96.2917 -34.7915 48.2778
    endloop
  endfacet
  facet normal -0.0152368 -0.965832 -0.258721
    outer loop
      vertex 96.2917 -34.99 49.0186
      vertex 92.5793 -35.1059 49.6699
      vertex 94.5493 -34.9391 48.9312
    endloop
  endfacet
  facet normal 0.0737906 -0.997152 -0.0156128
    outer loop
      vertex 96.2993 -35.2328 55.7506
      vertex 94.1008 -35.4084 56.575
      vertex 96.2993 -35.1574 50.935
    endloop
  endfacet
  facet normal -0.00123121 -0.983286 -0.182063
    outer loop
      vertex 92.5793 -35.1059 49.6699
      vertex 96.2947 -34.9902 49.0199
      vertex 92.5705 -35.1065 49.6732
    endloop
  endfacet
  facet normal 0.00297213 -0.987314 -0.158753
    outer loop
      vertex 96.2947 -34.9902 49.0199
      vertex 92.5793 -35.1059 49.6699
      vertex 96.2917 -34.99 49.0186
    endloop
  endfacet
  facet normal -0.0235651 -0.9996 -0.0156512
    outer loop
      vertex 96.2993 -35.1574 50.935
      vertex 100.197 -35.3018 54.2889
      vertex 96.2993 -35.2328 55.7506
    endloop
  endfacet
  facet normal -0.0235606 -0.9996 -0.0156564
    outer loop
      vertex 96.2993 -35.1574 50.935
      vertex 103.246 -35.3563 53.1802
      vertex 100.197 -35.3018 54.2889
    endloop
  endfacet
  facet normal -0.0223798 -0.999701 -0.00980972
    outer loop
      vertex 104.661 -35.3278 49.224
      vertex 96.2993 -35.1574 50.935
      vertex 96.2972 -35.1573 50.9296
    endloop
  endfacet
  facet normal -0.0256046 -0.999343 -0.0256591
    outer loop
      vertex 104.661 -35.3278 49.224
      vertex 96.2972 -35.1573 50.9296
      vertex 96.2947 -35.1572 50.9282
    endloop
  endfacet
  facet normal -0.0235689 -0.9996 -0.0156308
    outer loop
      vertex 96.2993 -35.1574 50.935
      vertex 104.661 -35.3278 49.224
      vertex 103.246 -35.3563 53.1802
    endloop
  endfacet
  facet normal -0.0380381 -0.995474 -0.0870851
    outer loop
      vertex 96.2947 -34.9904 49.0215
      vertex 104.661 -35.3278 49.224
      vertex 96.2947 -35.1572 50.9282
    endloop
  endfacet
  facet normal -0.0369895 -0.991599 -0.12395
    outer loop
      vertex 96.2947 -34.9902 49.0199
      vertex 104.661 -35.3278 49.224
      vertex 96.2947 -34.9904 49.0215
    endloop
  endfacet
  facet normal -0.0350774 -0.996759 -0.0723996
    outer loop
      vertex 104.661 -35.1607 47.3138
      vertex 96.2947 -34.9902 49.0199
      vertex 96.2917 -34.99 49.0186
    endloop
  endfacet
  facet normal -0.0380453 -0.995474 -0.0870819
    outer loop
      vertex 96.2947 -34.9902 49.0199
      vertex 104.661 -35.1607 47.3138
      vertex 104.661 -35.3278 49.224
    endloop
  endfacet
  facet normal -0.0722609 -0.9634 -0.258146
    outer loop
      vertex 97.8029 -34.753 47.7111
      vertex 96.2917 -34.99 49.0186
      vertex 96.2917 -34.7915 48.2778
    endloop
  endfacet
  facet normal -0.0722255 -0.963413 -0.258108
    outer loop
      vertex 97.8029 -34.753 47.7111
      vertex 104.661 -35.1607 47.3138
      vertex 96.2917 -34.99 49.0186
    endloop
  endfacet
  facet normal -0.0722267 -0.963405 -0.258137
    outer loop
      vertex 103.133 -34.6333 45.773
      vertex 104.661 -35.1607 47.3138
      vertex 97.8029 -34.753 47.7111
    endloop
  endfacet
  facet normal -0.0722032 -0.963401 -0.258159
    outer loop
      vertex 104.661 -35.1607 47.3138
      vertex 103.133 -34.6333 45.773
      vertex 104.661 -34.6644 45.4617
    endloop
  endfacet
  facet normal 0.00128253 0.983262 0.182195
    outer loop
      vertex 96.2947 -33.3653 49.3064
      vertex 91.1436 -33.5257 50.2083
      vertex 91.1348 -33.5263 50.2116
    endloop
  endfacet
  facet normal -0.00134226 0.985843 0.167663
    outer loop
      vertex 91.1436 -33.5257 50.2083
      vertex 96.2947 -33.3653 49.3064
      vertex 96.2917 -33.3651 49.3052
    endloop
  endfacet
  facet normal -0.0738434 0.997148 0.0155921
    outer loop
      vertex 96.2993 -33.5827 55.7506
      vertex 96.2993 -33.5074 50.935
      vertex 94.1008 -33.7584 56.575
    endloop
  endfacet
  facet normal 0.0152697 0.965811 0.258797
    outer loop
      vertex 96.2917 -33.3651 49.3052
      vertex 96.2917 -33.0898 48.2778
      vertex 91.1436 -33.5257 50.2083
    endloop
  endfacet
  facet normal 0.023583 0.9996 0.0156304
    outer loop
      vertex 100.197 -33.6518 54.2889
      vertex 96.2993 -33.5074 50.935
      vertex 96.2993 -33.5827 55.7506
    endloop
  endfacet
  facet normal 0.0235606 0.9996 0.0156564
    outer loop
      vertex 103.246 -33.7063 53.1802
      vertex 96.2993 -33.5074 50.935
      vertex 100.197 -33.6518 54.2889
    endloop
  endfacet
  facet normal 0.0235689 0.9996 0.0156308
    outer loop
      vertex 104.661 -33.6778 49.224
      vertex 96.2993 -33.5074 50.935
      vertex 103.246 -33.7063 53.1802
    endloop
  endfacet
  facet normal 0.0223798 0.999701 0.00980972
    outer loop
      vertex 96.2993 -33.5074 50.935
      vertex 104.661 -33.6778 49.224
      vertex 96.2972 -33.5073 50.9296
    endloop
  endfacet
  facet normal 0.0256046 0.999343 0.0256591
    outer loop
      vertex 96.2972 -33.5073 50.9296
      vertex 104.661 -33.6778 49.224
      vertex 96.2947 -33.5072 50.9282
    endloop
  endfacet
  facet normal 0.038041 0.995473 0.0870993
    outer loop
      vertex 104.661 -33.6778 49.224
      vertex 96.2947 -33.3653 49.3064
      vertex 96.2947 -33.5072 50.9282
    endloop
  endfacet
  facet normal 0.0380407 0.995477 0.087059
    outer loop
      vertex 104.661 -33.5358 47.6003
      vertex 96.2947 -33.3653 49.3064
      vertex 104.661 -33.6778 49.224
    endloop
  endfacet
  facet normal 0.0358806 0.996434 0.0763707
    outer loop
      vertex 96.2947 -33.3653 49.3064
      vertex 104.661 -33.5358 47.6003
      vertex 96.2917 -33.3651 49.3052
    endloop
  endfacet
  facet normal 0.0722624 0.963398 0.25815
    outer loop
      vertex 96.2917 -33.3651 49.3052
      vertex 97.8029 -33.0513 47.7111
      vertex 96.2917 -33.0898 48.2778
    endloop
  endfacet
  facet normal 0.0722367 0.963401 0.258149
    outer loop
      vertex 99.604 -33.0108 47.0561
      vertex 96.2917 -33.3651 49.3052
      vertex 104.661 -33.5358 47.6003
    endloop
  endfacet
  facet normal 0.0721953 0.963419 0.258091
    outer loop
      vertex 96.2917 -33.3651 49.3052
      vertex 99.604 -33.0108 47.0561
      vertex 97.8029 -33.0513 47.7111
    endloop
  endfacet
  facet normal 0.0722302 0.963388 0.258197
    outer loop
      vertex 99.604 -33.0108 47.0561
      vertex 104.661 -33.5358 47.6003
      vertex 104.661 -33.1139 46.0261
    endloop
  endfacet
  facet normal -0.351123 -0 -0.936329
    outer loop
      vertex 96.2917 -33.0898 48.2778
      vertex 97.8029 -34.753 47.7111
      vertex 96.2917 -34.7915 48.2778
    endloop
  endfacet
  facet normal -0.351123 0 -0.936329
    outer loop
      vertex 97.8029 -34.753 47.7111
      vertex 96.2917 -33.0898 48.2778
      vertex 97.8029 -33.0513 47.7111
    endloop
  endfacet
  facet normal -0.351123 0 -0.936329
    outer loop
      vertex 94.5493 -34.9391 48.9312
      vertex 96.2917 -33.0898 48.2778
      vertex 96.2917 -34.7915 48.2778
    endloop
  endfacet
  facet normal -0.351105 2.69271e-05 -0.936336
    outer loop
      vertex 91.1436 -33.5257 50.2083
      vertex 94.5493 -34.9391 48.9312
      vertex 92.5793 -35.1059 49.6699
    endloop
  endfacet
  facet normal -0.351124 6.97467e-06 -0.936329
    outer loop
      vertex 91.1436 -33.5257 50.2083
      vertex 92.5793 -35.1059 49.6699
      vertex 92.5705 -35.1065 49.6732
    endloop
  endfacet
  facet normal -0.351117 -6.98331e-06 -0.936332
    outer loop
      vertex 94.5493 -34.9391 48.9312
      vertex 91.1436 -33.5257 50.2083
      vertex 96.2917 -33.0898 48.2778
    endloop
  endfacet
  facet normal -0.351124 6.97467e-06 -0.936329
    outer loop
      vertex 92.5705 -35.1065 49.6732
      vertex 91.1348 -33.5263 50.2116
      vertex 91.1436 -33.5257 50.2083
    endloop
  endfacet
  facet normal -0.351137 -6.55361e-06 -0.936324
    outer loop
      vertex 88.0931 -35.3243 51.3523
      vertex 91.1348 -33.5263 50.2116
      vertex 92.5705 -35.1065 49.6732
    endloop
  endfacet
  facet normal -0.35114 0 -0.936323
    outer loop
      vertex 88.0931 -35.3243 51.3523
      vertex 88.0931 -33.6744 51.3523
      vertex 91.1348 -33.5263 50.2116
    endloop
  endfacet
  facet normal -0.347009 -0 -0.937862
    outer loop
      vertex 88.0831 -33.6747 51.356
      vertex 88.0931 -35.3243 51.3523
      vertex 88.0831 -35.3247 51.356
    endloop
  endfacet
  facet normal -0.347009 0 -0.937862
    outer loop
      vertex 88.0931 -35.3243 51.3523
      vertex 88.0831 -33.6747 51.356
      vertex 88.0931 -33.6744 51.3523
    endloop
  endfacet
  facet normal -0.351132 -0 -0.936326
    outer loop
      vertex 85.8029 -33.7445 52.2111
      vertex 88.0831 -35.3247 51.356
      vertex 85.8029 -35.3945 52.2111
    endloop
  endfacet
  facet normal -0.351132 0 -0.936326
    outer loop
      vertex 88.0831 -35.3247 51.356
      vertex 85.8029 -33.7445 52.2111
      vertex 88.0831 -33.6747 51.356
    endloop
  endfacet
  facet normal 0.351137 -0 0.936324
    outer loop
      vertex 96.2993 -35.2328 55.7506
      vertex 100.197 -33.6518 54.2889
      vertex 96.2993 -33.5827 55.7506
    endloop
  endfacet
  facet normal 0.351137 0 0.936324
    outer loop
      vertex 100.197 -33.6518 54.2889
      vertex 96.2993 -35.2328 55.7506
      vertex 100.197 -35.3018 54.2889
    endloop
  endfacet
  facet normal 0.351109 0 0.936334
    outer loop
      vertex 94.1008 -33.7584 56.575
      vertex 96.2993 -35.2328 55.7506
      vertex 96.2993 -33.5827 55.7506
    endloop
  endfacet
  facet normal 0.351109 0 0.936334
    outer loop
      vertex 94.1008 -33.7584 56.575
      vertex 94.1008 -35.4084 56.575
      vertex 96.2993 -35.2328 55.7506
    endloop
  endfacet
  facet normal 0.351125 0 0.936329
    outer loop
      vertex 88.1971 -33.9836 58.7889
      vertex 94.1008 -35.4084 56.575
      vertex 94.1008 -33.7584 56.575
    endloop
  endfacet
  facet normal 0.351125 0 0.936329
    outer loop
      vertex 94.1008 -35.4084 56.575
      vertex 88.1971 -33.9836 58.7889
      vertex 88.1971 -35.6336 58.7889
    endloop
  endfacet
  facet normal 0.0156409 -0.999876 -0.00160775
    outer loop
      vertex 104.663 -35.3335 52.6649
      vertex 103.258 -35.3563 53.176
      vertex 104.663 -35.328 49.2444
    endloop
  endfacet
  facet normal -0.00287938 -0.999962 -0.00822679
    outer loop
      vertex 103.246 -35.3563 53.1802
      vertex 104.663 -35.328 49.2444
      vertex 103.258 -35.3563 53.176
    endloop
  endfacet
  facet normal -0.00570519 -0.999941 -0.00924401
    outer loop
      vertex 104.663 -35.328 49.2444
      vertex 103.246 -35.3563 53.1802
      vertex 104.661 -35.3278 49.224
    endloop
  endfacet
  facet normal -0.103969 -0.901423 -0.42027
    outer loop
      vertex 104.661 -34.6644 45.4617
      vertex 103.133 -34.6333 45.773
      vertex 104.661 -34.5505 45.2174
    endloop
  endfacet
  facet normal -0.117833 -0.900021 -0.419617
    outer loop
      vertex 108.803 -34.3905 43.7111
      vertex 104.661 -34.6644 45.4617
      vertex 104.661 -34.5505 45.2174
    endloop
  endfacet
  facet normal -0.117877 -0.899971 -0.419712
    outer loop
      vertex 104.661 -34.6644 45.4617
      vertex 108.803 -34.3905 43.7111
      vertex 112.697 -34.9661 43.8517
    endloop
  endfacet
  facet normal -0.117802 -0.900359 -0.418898
    outer loop
      vertex 110.608 -34.5532 43.5532
      vertex 108.803 -34.3905 43.7111
      vertex 109.392 -34.3941 43.5532
    endloop
  endfacet
  facet normal -0.11785 -0.899854 -0.419969
    outer loop
      vertex 108.803 -34.3905 43.7111
      vertex 110.608 -34.5532 43.5532
      vertex 112.697 -34.9661 43.8517
    endloop
  endfacet
  facet normal -0.117803 -0.90037 -0.418875
    outer loop
      vertex 110.608 -34.5532 43.5532
      vertex 109.392 -34.3941 43.5532
      vertex 110 -34.4489 43.5
    endloop
  endfacet
  facet normal -0.0877751 -0.962194 -0.257833
    outer loop
      vertex 112.879 -34.9896 43.8776
      vertex 113.164 -35.4799 45.6103
      vertex 104.661 -35.1607 47.3138
    endloop
  endfacet
  facet normal -0.0880102 -0.962184 -0.257792
    outer loop
      vertex 113.164 -35.4799 45.6103
      vertex 112.879 -34.9896 43.8776
      vertex 113.164 -35.0266 43.9184
    endloop
  endfacet
  facet normal -0.038154 -0.999267 -0.00314402
    outer loop
      vertex 105.778 -35.38 52.2595
      vertex 104.661 -35.3278 49.224
      vertex 110.376 -35.5503 50.5874
    endloop
  endfacet
  facet normal -0.0381475 -0.999267 -0.00317125
    outer loop
      vertex 113.164 -35.647 47.5204
      vertex 110.376 -35.5503 50.5874
      vertex 104.661 -35.3278 49.224
    endloop
  endfacet
  facet normal -0.0381167 -0.999268 -0.00314317
    outer loop
      vertex 110.376 -35.5503 50.5874
      vertex 113.164 -35.647 47.5204
      vertex 113.164 -35.6579 50.9857
    endloop
  endfacet
  facet normal -0.0422509 -0.999106 -0.00160651
    outer loop
      vertex 104.663 -35.328 49.2444
      vertex 105.778 -35.38 52.2595
      vertex 104.663 -35.3335 52.6649
    endloop
  endfacet
  facet normal -0.0273751 -0.9996 -0.00711616
    outer loop
      vertex 105.778 -35.38 52.2595
      vertex 104.663 -35.328 49.2444
      vertex 104.661 -35.3278 49.224
    endloop
  endfacet
  facet normal -0.087781 -0.962193 -0.257835
    outer loop
      vertex 112.697 -34.9661 43.8517
      vertex 104.661 -35.1607 47.3138
      vertex 104.661 -34.6644 45.4617
    endloop
  endfacet
  facet normal -0.0876159 -0.962309 -0.257458
    outer loop
      vertex 104.661 -35.1607 47.3138
      vertex 112.697 -34.9661 43.8517
      vertex 112.879 -34.9896 43.8776
    endloop
  endfacet
  facet normal -0.0547743 -0.9947 -0.0870141
    outer loop
      vertex 104.661 -35.1607 47.3138
      vertex 113.164 -35.647 47.5204
      vertex 104.661 -35.3278 49.224
    endloop
  endfacet
  facet normal -0.0547741 -0.9947 -0.0870187
    outer loop
      vertex 113.164 -35.647 47.5204
      vertex 104.661 -35.1607 47.3138
      vertex 113.164 -35.4799 45.6103
    endloop
  endfacet
  facet normal -0.111291 -0.959725 -0.257958
    outer loop
      vertex 113.164 -35.4799 45.6103
      vertex 117.608 -35.7111 44.5532
      vertex 117.802 -35.7476 44.6053
    endloop
  endfacet
  facet normal -0.11112 -0.95995 -0.257193
    outer loop
      vertex 117.608 -35.7111 44.5532
      vertex 113.164 -35.4799 45.6103
      vertex 113.164 -35.0266 43.9184
    endloop
  endfacet
  facet normal -0.0938817 -0.995582 -0.00133984
    outer loop
      vertex 113.164 -35.6936 62.2977
      vertex 113.75 -35.7485 62.0311
      vertex 113.197 -35.6967 62.2889
    endloop
  endfacet
  facet normal -0.0949014 -0.99548 -0.0036022
    outer loop
      vertex 113.164 -35.6936 62.2977
      vertex 114.25 -35.7949 61.6812
      vertex 113.75 -35.7485 62.0311
    endloop
  endfacet
  facet normal -0.0946399 -0.995507 -0.00313719
    outer loop
      vertex 113.164 -35.664 52.9049
      vertex 114.25 -35.7949 61.6812
      vertex 113.164 -35.6936 62.2977
    endloop
  endfacet
  facet normal -0.0946102 -0.995509 -0.0031409
    outer loop
      vertex 114.25 -35.7949 61.6812
      vertex 113.164 -35.664 52.9049
      vertex 117.465 -36.0903 58.4661
    endloop
  endfacet
  facet normal -0.0944894 -0.995521 -0.00323522
    outer loop
      vertex 113.5 -35.6948 52.5691
      vertex 117.465 -36.0903 58.4661
      vertex 113.164 -35.664 52.9049
    endloop
  endfacet
  facet normal -0.094671 -0.995504 -0.00311196
    outer loop
      vertex 113.5 -35.69 51.0336
      vertex 117.465 -36.0903 58.4661
      vertex 113.5 -35.6948 52.5691
    endloop
  endfacet
  facet normal -0.0946296 -0.995508 -0.00313426
    outer loop
      vertex 113.5 -35.69 51.0336
      vertex 113.164 -35.647 47.5204
      vertex 117.465 -36.0903 58.4661
    endloop
  endfacet
  facet normal -0.0946599 -0.995505 -0.00313133
    outer loop
      vertex 113.164 -35.647 47.5204
      vertex 113.5 -35.69 51.0336
      vertex 113.164 -35.6579 50.9857
    endloop
  endfacet
  facet normal -0.0761517 -0.993304 -0.0868805
    outer loop
      vertex 117.802 -35.7476 44.6053
      vertex 119.899 -36.0357 46.0611
      vertex 113.164 -35.647 47.5204
    endloop
  endfacet
  facet normal -0.0761616 -0.993302 -0.0868964
    outer loop
      vertex 117.802 -35.7476 44.6053
      vertex 113.164 -35.647 47.5204
      vertex 113.164 -35.4799 45.6103
    endloop
  endfacet
  facet normal -0.0761086 -0.993302 -0.0869423
    outer loop
      vertex 119.25 -35.921 45.3188
      vertex 119.899 -36.0357 46.0611
      vertex 117.802 -35.7476 44.6053
    endloop
  endfacet
  facet normal -0.0764072 -0.993302 -0.0866812
    outer loop
      vertex 119.899 -36.0357 46.0611
      vertex 119.25 -35.921 45.3188
      vertex 119.681 -35.9918 45.7502
    endloop
  endfacet
  facet normal -0.0762855 -0.993319 -0.0865874
    outer loop
      vertex 119.25 -35.921 45.3188
      vertex 117.802 -35.7476 44.6053
      vertex 118.75 -35.8521 44.9689
    endloop
  endfacet
  facet normal -0.0757964 -0.993247 -0.0878418
    outer loop
      vertex 118.75 -35.8521 44.9689
      vertex 117.802 -35.7476 44.6053
      vertex 118.197 -35.7871 44.7111
    endloop
  endfacet
  facet normal -0.0611559 -0.997994 -0.0163881
    outer loop
      vertex 113.164 -35.647 47.5204
      vertex 119.681 -36.1897 56.2498
      vertex 117.465 -36.0903 58.4661
    endloop
  endfacet
  facet normal -0.0609741 -0.998006 -0.0163411
    outer loop
      vertex 119.681 -36.1897 56.2498
      vertex 120.5 -36.2029 54
      vertex 120.031 -36.2029 55.75
    endloop
  endfacet
  facet normal -0.0617911 -0.997952 -0.01656
    outer loop
      vertex 120.031 -36.2029 55.75
      vertex 120.5 -36.2029 54
      vertex 120.289 -36.2097 55.1971
    endloop
  endfacet
  facet normal -0.0617142 -0.997957 -0.0165465
    outer loop
      vertex 120.289 -36.2097 55.1971
      vertex 120.5 -36.2029 54
      vertex 120.447 -36.2097 54.6078
    endloop
  endfacet
  facet normal -0.0611386 -0.997995 -0.016401
    outer loop
      vertex 119.681 -36.1897 56.2498
      vertex 113.164 -35.647 47.5204
      vertex 120.5 -36.2029 54
    endloop
  endfacet
  facet normal -0.0611539 -0.997994 -0.0163837
    outer loop
      vertex 120.5 -36.2029 54
      vertex 113.164 -35.647 47.5204
      vertex 120.5 -36.1044 48
    endloop
  endfacet
  facet normal -0.0611524 -0.997994 -0.016406
    outer loop
      vertex 119.899 -36.0357 46.0611
      vertex 120.5 -36.1044 48
      vertex 113.164 -35.647 47.5204
    endloop
  endfacet
  facet normal -0.0614403 -0.997977 -0.0163162
    outer loop
      vertex 120.5 -36.1044 48
      vertex 119.899 -36.0357 46.0611
      vertex 120.447 -36.0912 47.3922
    endloop
  endfacet
  facet normal -0.0609918 -0.998002 -0.0165018
    outer loop
      vertex 120.447 -36.0912 47.3922
      vertex 119.899 -36.0357 46.0611
      vertex 120.289 -36.0718 46.8029
    endloop
  endfacet
  facet normal -0.0612817 -0.997987 -0.0163487
    outer loop
      vertex 120.289 -36.0718 46.8029
      vertex 119.899 -36.0357 46.0611
      vertex 120.031 -36.0469 46.25
    endloop
  endfacet
  facet normal -0.015712 0.999875 0.00160775
    outer loop
      vertex 104.663 -33.6834 52.6649
      vertex 104.663 -33.6779 49.2444
      vertex 103.258 -33.7063 53.176
    endloop
  endfacet
  facet normal 0.103988 0.901396 0.420324
    outer loop
      vertex 104.661 -33.1139 46.0261
      vertex 104.661 -32.7368 45.2174
      vertex 99.604 -33.0108 47.0561
    endloop
  endfacet
  facet normal 0.00288955 0.999962 0.00825586
    outer loop
      vertex 104.663 -33.6779 49.2444
      vertex 103.246 -33.7063 53.1802
      vertex 103.258 -33.7063 53.176
    endloop
  endfacet
  facet normal -0.0050512 0.999973 0.00539704
    outer loop
      vertex 103.246 -33.7063 53.1802
      vertex 104.663 -33.6779 49.2444
      vertex 104.661 -33.6778 49.224
    endloop
  endfacet
  facet normal 0.117931 0.899985 0.419666
    outer loop
      vertex 104.661 -33.1139 46.0261
      vertex 106.644 -32.6603 44.4961
      vertex 104.661 -32.7368 45.2174
    endloop
  endfacet
  facet normal 0.117851 0.900036 0.419578
    outer loop
      vertex 106.644 -32.6603 44.4961
      vertex 104.661 -33.1139 46.0261
      vertex 113.164 -33.4331 44.3225
    endloop
  endfacet
  facet normal 0.0423403 0.999102 0.00160651
    outer loop
      vertex 105.778 -33.73 52.2595
      vertex 104.663 -33.6779 49.2444
      vertex 104.663 -33.6834 52.6649
    endloop
  endfacet
  facet normal 0.0454984 0.998964 0.00043626
    outer loop
      vertex 104.663 -33.6779 49.2444
      vertex 105.778 -33.73 52.2595
      vertex 104.661 -33.6778 49.224
    endloop
  endfacet
  facet normal 0.143843 0.811706 0.566077
    outer loop
      vertex 109.817 -32.6187 43.5161
      vertex 108.803 -32.575 43.7111
      vertex 108.754 -32.5788 43.729
    endloop
  endfacet
  facet normal 0.143957 0.81119 0.566786
    outer loop
      vertex 108.803 -32.575 43.7111
      vertex 109.817 -32.6187 43.5161
      vertex 109.392 -32.5692 43.5532
    endloop
  endfacet
  facet normal 0.0547698 0.994702 0.0869913
    outer loop
      vertex 113.164 -33.997 47.5204
      vertex 104.661 -33.5358 47.6003
      vertex 104.661 -33.6778 49.224
    endloop
  endfacet
  facet normal 0.0547698 0.994702 0.0869966
    outer loop
      vertex 104.661 -33.5358 47.6003
      vertex 113.164 -33.997 47.5204
      vertex 113.164 -33.855 45.8968
    endloop
  endfacet
  facet normal 0.0381533 0.999267 0.0031443
    outer loop
      vertex 109.774 -33.878 50.8064
      vertex 104.661 -33.6778 49.224
      vertex 105.778 -33.73 52.2595
    endloop
  endfacet
  facet normal 0.0383401 0.999259 0.00336613
    outer loop
      vertex 113.164 -33.997 47.5204
      vertex 109.774 -33.878 50.8064
      vertex 113.164 -33.9977 47.7282
    endloop
  endfacet
  facet normal 0.0381465 0.999267 0.00316614
    outer loop
      vertex 109.774 -33.878 50.8064
      vertex 113.164 -33.997 47.5204
      vertex 104.661 -33.6778 49.224
    endloop
  endfacet
  facet normal 0.117902 0.900016 0.419607
    outer loop
      vertex 110.608 -32.7396 43.5532
      vertex 113.164 -33.4331 44.3225
      vertex 113.164 -33.2447 43.9184
    endloop
  endfacet
  facet normal 0.117854 0.899969 0.419722
    outer loop
      vertex 108.754 -32.5788 43.729
      vertex 113.164 -33.4331 44.3225
      vertex 110.608 -32.7396 43.5532
    endloop
  endfacet
  facet normal 0.117846 0.899951 0.419763
    outer loop
      vertex 113.164 -33.4331 44.3225
      vertex 108.754 -32.5788 43.729
      vertex 106.644 -32.6603 44.4961
    endloop
  endfacet
  facet normal 0.117859 0.899928 0.419807
    outer loop
      vertex 110.608 -32.7396 43.5532
      vertex 109.817 -32.6187 43.5161
      vertex 108.754 -32.5788 43.729
    endloop
  endfacet
  facet normal 0.118012 0.900525 0.418484
    outer loop
      vertex 109.817 -32.6187 43.5161
      vertex 110.608 -32.7396 43.5532
      vertex 110 -32.6352 43.5
    endloop
  endfacet
  facet normal 0.0877827 0.962183 0.257874
    outer loop
      vertex 113.164 -33.855 45.8968
      vertex 104.661 -33.1139 46.0261
      vertex 104.661 -33.5358 47.6003
    endloop
  endfacet
  facet normal 0.0877829 0.962187 0.257858
    outer loop
      vertex 104.661 -33.1139 46.0261
      vertex 113.164 -33.855 45.8968
      vertex 113.164 -33.4331 44.3225
    endloop
  endfacet
  facet normal 0.111181 0.959885 0.257409
    outer loop
      vertex 115.813 -34.0079 45.3228
      vertex 116.766 -33.8864 44.4581
      vertex 113.164 -33.855 45.8968
    endloop
  endfacet
  facet normal 0.076209 0.9933 0.086874
    outer loop
      vertex 113.465 -34.0144 47.4553
      vertex 113.164 -33.855 45.8968
      vertex 113.164 -33.997 47.5204
    endloop
  endfacet
  facet normal 0.0761088 0.993306 0.086894
    outer loop
      vertex 113.164 -33.855 45.8968
      vertex 113.465 -34.0144 47.4553
      vertex 115.246 -34.0094 45.8382
    endloop
  endfacet
  facet normal 0.0761027 0.993331 0.0866128
    outer loop
      vertex 115.246 -34.0094 45.8382
      vertex 115.813 -34.0079 45.3228
      vertex 113.164 -33.855 45.8968
    endloop
  endfacet
  facet normal 0.0938817 0.995582 0.00133984
    outer loop
      vertex 113.75 -34.0985 62.0311
      vertex 113.164 -34.0436 62.2977
      vertex 113.197 -34.0467 62.2889
    endloop
  endfacet
  facet normal 0.0945922 0.995511 0.00315628
    outer loop
      vertex 113.164 -34.0315 58.461
      vertex 113.75 -34.0985 62.0311
      vertex 114.25 -34.1449 61.6812
    endloop
  endfacet
  facet normal 0.094617 0.995509 0.00314781
    outer loop
      vertex 113.164 -34.0315 58.461
      vertex 114.25 -34.1449 61.6812
      vertex 117.465 -34.4403 58.4661
    endloop
  endfacet
  facet normal 0.0946929 0.995502 0.00313957
    outer loop
      vertex 113.75 -34.0985 62.0311
      vertex 113.164 -34.0315 58.461
      vertex 113.164 -34.0436 62.2977
    endloop
  endfacet
  facet normal 0.0946171 0.995509 0.00314126
    outer loop
      vertex 113.164 -34.0315 58.461
      vertex 117.465 -34.4403 58.4661
      vertex 116.165 -34.3063 55.1566
    endloop
  endfacet
  facet normal 0.0943094 0.995537 0.00335359
    outer loop
      vertex 113.224 -34.0032 47.6736
      vertex 113.164 -33.997 47.5204
      vertex 113.164 -33.9977 47.7282
    endloop
  endfacet
  facet normal 0.0611335 0.997994 0.016453
    outer loop
      vertex 116.165 -34.3063 55.1566
      vertex 119.681 -34.5397 56.2498
      vertex 120.031 -34.5529 55.75
    endloop
  endfacet
  facet normal 0.0611623 0.997995 0.0162661
    outer loop
      vertex 116.165 -34.3063 55.1566
      vertex 120.031 -34.5529 55.75
      vertex 120.289 -34.5597 55.1971
    endloop
  endfacet
  facet normal 0.0611542 0.997994 0.0163864
    outer loop
      vertex 119.681 -34.5397 56.2498
      vertex 116.165 -34.3063 55.1566
      vertex 117.465 -34.4403 58.4661
    endloop
  endfacet
  facet normal 0.0611609 0.997993 0.0163981
    outer loop
      vertex 120.447 -34.5597 54.6078
      vertex 116.165 -34.3063 55.1566
      vertex 120.289 -34.5597 55.1971
    endloop
  endfacet
  facet normal 0.0611737 0.997991 0.0164997
    outer loop
      vertex 120.5 -34.5529 54
      vertex 116.165 -34.3063 55.1566
      vertex 120.447 -34.5597 54.6078
    endloop
  endfacet
  facet normal 0.061143 0.997995 0.0163836
    outer loop
      vertex 116.165 -34.3063 55.1566
      vertex 120.5 -34.5529 54
      vertex 120.5 -34.4935 50.3817
    endloop
  endfacet
  facet normal 0.061239 0.997988 0.0164046
    outer loop
      vertex 113.224 -34.0032 47.6736
      vertex 113.465 -34.0144 47.4553
      vertex 113.164 -33.997 47.5204
    endloop
  endfacet
  facet normal 0.11154 0.960493 0.254974
    outer loop
      vertex 114.288 -33.498 44.079
      vertex 116.766 -33.8864 44.4581
      vertex 116.79 -33.8834 44.4363
    endloop
  endfacet
  facet normal 0.111109 0.959942 0.257226
    outer loop
      vertex 116.766 -33.8864 44.4581
      vertex 114.288 -33.498 44.079
      vertex 113.164 -33.855 45.8968
    endloop
  endfacet
  facet normal 0.111157 0.95993 0.257254
    outer loop
      vertex 113.164 -33.855 45.8968
      vertex 114.288 -33.498 44.079
      vertex 113.164 -33.4331 44.3225
    endloop
  endfacet
  facet normal -0.258938 0 -0.965894
    outer loop
      vertex 108.803 -34.3905 43.7111
      vertex 109.392 -32.5692 43.5532
      vertex 109.392 -34.3941 43.5532
    endloop
  endfacet
  facet normal -0.258938 0 -0.965894
    outer loop
      vertex 109.392 -32.5692 43.5532
      vertex 108.803 -34.3905 43.7111
      vertex 108.803 -32.575 43.7111
    endloop
  endfacet
  facet normal -0.343128 0 -0.939289
    outer loop
      vertex 108.803 -34.3905 43.7111
      vertex 108.754 -32.5788 43.729
      vertex 108.803 -32.575 43.7111
    endloop
  endfacet
  facet normal -0.341677 4.44774e-05 -0.939818
    outer loop
      vertex 108.803 -34.3905 43.7111
      vertex 106.644 -32.6603 44.4961
      vertex 108.754 -32.5788 43.729
    endloop
  endfacet
  facet normal -0.341764 -7.90293e-05 -0.939786
    outer loop
      vertex 104.661 -34.5505 45.2174
      vertex 106.644 -32.6603 44.4961
      vertex 108.803 -34.3905 43.7111
    endloop
  endfacet
  facet normal -0.341831 0 -0.939762
    outer loop
      vertex 104.661 -34.5505 45.2174
      vertex 104.661 -32.7368 45.2174
      vertex 106.644 -32.6603 44.4961
    endloop
  endfacet
  facet normal -0.341723 0 -0.939801
    outer loop
      vertex 103.133 -34.6333 45.773
      vertex 104.661 -32.7368 45.2174
      vertex 104.661 -34.5505 45.2174
    endloop
  endfacet
  facet normal -0.341708 -1.38943e-05 -0.939806
    outer loop
      vertex 103.133 -34.6333 45.773
      vertex 99.604 -33.0108 47.0561
      vertex 104.661 -32.7368 45.2174
    endloop
  endfacet
  facet normal -0.341724 -5.21772e-05 -0.9398
    outer loop
      vertex 97.8029 -34.753 47.7111
      vertex 99.604 -33.0108 47.0561
      vertex 103.133 -34.6333 45.773
    endloop
  endfacet
  facet normal -0.341768 0 -0.939784
    outer loop
      vertex 99.604 -33.0108 47.0561
      vertex 97.8029 -34.753 47.7111
      vertex 97.8029 -33.0513 47.7111
    endloop
  endfacet
  facet normal 0.341745 0 0.939793
    outer loop
      vertex 109.774 -33.878 50.8064
      vertex 105.778 -33.73 52.2595
      vertex 109.774 -35.128 50.8064
    endloop
  endfacet
  facet normal 0.341868 0 0.939748
    outer loop
      vertex 109.774 -35.128 50.8064
      vertex 110.376 -35.5503 50.5874
      vertex 110.376 -35.1503 50.5874
    endloop
  endfacet
  facet normal 0.341745 -0 0.939793
    outer loop
      vertex 105.778 -35.38 52.2595
      vertex 109.774 -35.128 50.8064
      vertex 105.778 -33.73 52.2595
    endloop
  endfacet
  facet normal 0.341755 -0.000182826 0.939789
    outer loop
      vertex 109.774 -35.128 50.8064
      vertex 105.778 -35.38 52.2595
      vertex 110.376 -35.5503 50.5874
    endloop
  endfacet
  facet normal 0.341702 -0 0.939808
    outer loop
      vertex 104.663 -35.3335 52.6649
      vertex 105.778 -33.73 52.2595
      vertex 104.663 -33.6834 52.6649
    endloop
  endfacet
  facet normal 0.341702 0 0.939808
    outer loop
      vertex 105.778 -33.73 52.2595
      vertex 104.663 -35.3335 52.6649
      vertex 105.778 -35.38 52.2595
    endloop
  endfacet
  facet normal 0.341856 0 0.939752
    outer loop
      vertex 103.258 -33.7063 53.176
      vertex 104.663 -35.3335 52.6649
      vertex 104.663 -33.6834 52.6649
    endloop
  endfacet
  facet normal 0.341856 0 0.939752
    outer loop
      vertex 103.258 -33.7063 53.176
      vertex 103.258 -35.3563 53.176
      vertex 104.663 -35.3335 52.6649
    endloop
  endfacet
  facet normal 0.33035 0 0.943858
    outer loop
      vertex 103.246 -33.7063 53.1802
      vertex 103.258 -35.3563 53.176
      vertex 103.258 -33.7063 53.176
    endloop
  endfacet
  facet normal 0.33035 0 0.943858
    outer loop
      vertex 103.246 -33.7063 53.1802
      vertex 103.246 -35.3563 53.1802
      vertex 103.258 -35.3563 53.176
    endloop
  endfacet
  facet normal 0.341736 -0 0.939796
    outer loop
      vertex 100.197 -35.3018 54.2889
      vertex 103.246 -33.7063 53.1802
      vertex 100.197 -33.6518 54.2889
    endloop
  endfacet
  facet normal 0.341736 0 0.939796
    outer loop
      vertex 103.246 -33.7063 53.1802
      vertex 100.197 -35.3018 54.2889
      vertex 103.246 -35.3563 53.1802
    endloop
  endfacet
  facet normal 0.087167 0 -0.996194
    outer loop
      vertex 110 -34.4489 43.5
      vertex 110.608 -32.7396 43.5532
      vertex 110.608 -34.5532 43.5532
    endloop
  endfacet
  facet normal 0.087167 0 -0.996194
    outer loop
      vertex 110.608 -32.7396 43.5532
      vertex 110 -34.4489 43.5
      vertex 110 -32.6352 43.5
    endloop
  endfacet
  facet normal -0.0876396 0 -0.996152
    outer loop
      vertex 110 -34.4489 43.5
      vertex 109.817 -32.6187 43.5161
      vertex 110 -32.6352 43.5
    endloop
  endfacet
  facet normal -0.0871627 4.80602e-05 -0.996194
    outer loop
      vertex 109.392 -34.3941 43.5532
      vertex 109.817 -32.6187 43.5161
      vertex 110 -34.4489 43.5
    endloop
  endfacet
  facet normal -0.0869634 0 -0.996212
    outer loop
      vertex 109.817 -32.6187 43.5161
      vertex 109.392 -34.3941 43.5532
      vertex 109.392 -32.5692 43.5532
    endloop
  endfacet
  facet normal 0.142407 0.897101 0.418247
    outer loop
      vertex 114.288 -33.498 44.079
      vertex 113.164 -33.2447 43.9184
      vertex 113.164 -33.4331 44.3225
    endloop
  endfacet
  facet normal -0.141133 0 0.989991
    outer loop
      vertex 113.164 -35.6579 50.9857
      vertex 113.5 -35.29 51.0336
      vertex 113.164 -35.2579 50.9857
    endloop
  endfacet
  facet normal -0.141133 0 0.989991
    outer loop
      vertex 113.5 -35.29 51.0336
      vertex 113.164 -35.6579 50.9857
      vertex 113.5 -35.69 51.0336
    endloop
  endfacet
  facet normal -0.141426 0 0.989949
    outer loop
      vertex 110.376 -35.5503 50.5874
      vertex 113.164 -35.2579 50.9857
      vertex 110.376 -35.1503 50.5874
    endloop
  endfacet
  facet normal -0.141426 0 0.989949
    outer loop
      vertex 113.164 -35.2579 50.9857
      vertex 110.376 -35.5503 50.5874
      vertex 113.164 -35.6579 50.9857
    endloop
  endfacet
  facet normal 0.141472 0 -0.989942
    outer loop
      vertex 117.608 -35.7111 44.5532
      vertex 116.79 -35.1726 44.4363
      vertex 117.608 -35.2986 44.5532
    endloop
  endfacet
  facet normal 0.141372 0 -0.989957
    outer loop
      vertex 116.79 -35.1726 44.4363
      vertex 114.288 -33.498 44.079
      vertex 116.79 -33.8834 44.4363
    endloop
  endfacet
  facet normal 0.14139 -0.000128093 -0.989954
    outer loop
      vertex 113.164 -35.0266 43.9184
      vertex 116.79 -35.1726 44.4363
      vertex 117.608 -35.7111 44.5532
    endloop
  endfacet
  facet normal 0.141396 3.74693e-05 -0.989953
    outer loop
      vertex 113.164 -35.0266 43.9184
      vertex 114.288 -33.498 44.079
      vertex 116.79 -35.1726 44.4363
    endloop
  endfacet
  facet normal 0.141446 0 -0.989946
    outer loop
      vertex 113.164 -35.0266 43.9184
      vertex 113.164 -33.2447 43.9184
      vertex 114.288 -33.498 44.079
    endloop
  endfacet
  facet normal 0.141713 0 -0.989908
    outer loop
      vertex 112.879 -34.9896 43.8776
      vertex 113.164 -33.2447 43.9184
      vertex 113.164 -35.0266 43.9184
    endloop
  endfacet
  facet normal 0.140905 0.000134641 -0.990023
    outer loop
      vertex 112.697 -34.9661 43.8517
      vertex 113.164 -33.2447 43.9184
      vertex 112.879 -34.9896 43.8776
    endloop
  endfacet
  facet normal 0.141451 -1.65129e-05 -0.989945
    outer loop
      vertex 110.608 -34.5532 43.5532
      vertex 113.164 -33.2447 43.9184
      vertex 112.697 -34.9661 43.8517
    endloop
  endfacet
  facet normal 0.141443 0 -0.989946
    outer loop
      vertex 113.164 -33.2447 43.9184
      vertex 110.608 -34.5532 43.5532
      vertex 110.608 -32.7396 43.5532
    endloop
  endfacet
  facet normal 0.906196 0 -0.422859
    outer loop
      vertex 120.289 -35.6718 46.8029
      vertex 120.031 -36.0469 46.25
      vertex 120.031 -35.6469 46.25
    endloop
  endfacet
  facet normal 0.906196 0 -0.422859
    outer loop
      vertex 120.031 -36.0469 46.25
      vertex 120.289 -35.6718 46.8029
      vertex 120.289 -36.0718 46.8029
    endloop
  endfacet
  facet normal 0.818774 0 -0.574116
    outer loop
      vertex 119.899 -35.6357 46.0611
      vertex 119.681 -35.9918 45.7502
      vertex 119.681 -35.5918 45.7502
    endloop
  endfacet
  facet normal 0.819701 0 -0.572792
    outer loop
      vertex 119.899 -36.0357 46.0611
      vertex 119.899 -35.6357 46.0611
      vertex 120.031 -35.6469 46.25
    endloop
  endfacet
  facet normal 0.818774 0 -0.574116
    outer loop
      vertex 119.899 -35.6357 46.0611
      vertex 119.899 -36.0357 46.0611
      vertex 119.681 -35.9918 45.7502
    endloop
  endfacet
  facet normal 0.819701 0 -0.572792
    outer loop
      vertex 119.899 -36.0357 46.0611
      vertex 120.031 -35.6469 46.25
      vertex 120.031 -36.0469 46.25
    endloop
  endfacet
  facet normal 0.707435 0 -0.706779
    outer loop
      vertex 119.681 -35.5918 45.7502
      vertex 119.25 -35.921 45.3188
      vertex 119.25 -35.521 45.3188
    endloop
  endfacet
  facet normal 0.707435 0 -0.706779
    outer loop
      vertex 119.25 -35.921 45.3188
      vertex 119.681 -35.5918 45.7502
      vertex 119.681 -35.9918 45.7502
    endloop
  endfacet
  facet normal 0.572867 0 -0.819648
    outer loop
      vertex 119.25 -35.921 45.3188
      vertex 118.88 -35.4701 45.0602
      vertex 119.25 -35.521 45.3188
    endloop
  endfacet
  facet normal 0.573414 0.000667845 -0.819265
    outer loop
      vertex 118.75 -35.8521 44.9689
      vertex 118.88 -35.4701 45.0602
      vertex 119.25 -35.921 45.3188
    endloop
  endfacet
  facet normal 0.574729 0 -0.818344
    outer loop
      vertex 118.88 -35.4701 45.0602
      vertex 118.75 -35.8521 44.9689
      vertex 118.75 -35.4521 44.9689
    endloop
  endfacet
  facet normal 0.99622 0 -0.0868701
    outer loop
      vertex 120.5 -35.7044 48
      vertex 120.447 -36.0912 47.3922
      vertex 120.447 -35.6912 47.3922
    endloop
  endfacet
  facet normal 0.99622 0 -0.0868701
    outer loop
      vertex 120.447 -36.0912 47.3922
      vertex 120.5 -35.7044 48
      vertex 120.5 -36.1044 48
    endloop
  endfacet
  facet normal 0.965886 0 -0.258968
    outer loop
      vertex 120.447 -35.6912 47.3922
      vertex 120.289 -36.0718 46.8029
      vertex 120.289 -35.6718 46.8029
    endloop
  endfacet
  facet normal 0.965886 0 -0.258968
    outer loop
      vertex 120.289 -36.0718 46.8029
      vertex 120.447 -35.6912 47.3922
      vertex 120.447 -36.0912 47.3922
    endloop
  endfacet
  facet normal 0.259339 0 -0.965786
    outer loop
      vertex 118.197 -35.7871 44.7111
      vertex 117.946 -35.3619 44.6437
      vertex 118.197 -35.3871 44.7111
    endloop
  endfacet
  facet normal 0.25869 -0.000410736 -0.96596
    outer loop
      vertex 117.802 -35.7476 44.6053
      vertex 117.946 -35.3619 44.6437
      vertex 118.197 -35.7871 44.7111
    endloop
  endfacet
  facet normal 0.259255 -0.000636783 -0.965809
    outer loop
      vertex 117.608 -35.7111 44.5532
      vertex 117.946 -35.3619 44.6437
      vertex 117.802 -35.7476 44.6053
    endloop
  endfacet
  facet normal 0.258641 0 -0.965974
    outer loop
      vertex 117.946 -35.3619 44.6437
      vertex 117.608 -35.7111 44.5532
      vertex 117.608 -35.2986 44.5532
    endloop
  endfacet
  facet normal 0.422527 0 -0.906351
    outer loop
      vertex 118.197 -35.7871 44.7111
      vertex 118.75 -35.4521 44.9689
      vertex 118.75 -35.8521 44.9689
    endloop
  endfacet
  facet normal 0.422527 0 -0.906351
    outer loop
      vertex 118.75 -35.4521 44.9689
      vertex 118.197 -35.7871 44.7111
      vertex 118.197 -35.3871 44.7111
    endloop
  endfacet
  facet normal -0.0381301 -0.999271 -0.00187833
    outer loop
      vertex 111.392 -35.6265 62.4468
      vertex 112.608 -35.6729 62.4468
      vertex 112 -35.6498 62.5
    endloop
  endfacet
  facet normal -0.0381299 -0.999267 -0.00345682
    outer loop
      vertex 111.392 -35.6265 62.4468
      vertex 113.164 -35.6936 62.2977
      vertex 112.608 -35.6729 62.4468
    endloop
  endfacet
  facet normal -0.0381213 -0.999267 -0.00335455
    outer loop
      vertex 110.803 -35.6035 62.2889
      vertex 113.164 -35.6936 62.2977
      vertex 111.392 -35.6265 62.4468
    endloop
  endfacet
  facet normal -0.0381223 -0.999268 -0.00311233
    outer loop
      vertex 110.25 -35.5816 62.0311
      vertex 113.164 -35.6936 62.2977
      vertex 110.803 -35.6035 62.2889
    endloop
  endfacet
  facet normal -0.0381117 -0.999268 -0.00322766
    outer loop
      vertex 109.75 -35.5614 61.6812
      vertex 113.164 -35.6936 62.2977
      vertex 110.25 -35.5816 62.0311
    endloop
  endfacet
  facet normal -0.0381278 -0.999268 -0.00313832
    outer loop
      vertex 109.319 -35.5436 61.2498
      vertex 113.164 -35.6936 62.2977
      vertex 109.75 -35.5614 61.6812
    endloop
  endfacet
  facet normal -0.0380768 -0.999269 -0.00332562
    outer loop
      vertex 108.969 -35.5286 60.75
      vertex 113.164 -35.6936 62.2977
      vertex 109.319 -35.5436 61.2498
    endloop
  endfacet
  facet normal -0.038134 -0.999268 -0.00317041
    outer loop
      vertex 108.711 -35.517 60.1971
      vertex 113.164 -35.6936 62.2977
      vertex 108.969 -35.5286 60.75
    endloop
  endfacet
  facet normal -0.0381334 -0.999268 -0.00317179
    outer loop
      vertex 108.553 -35.5091 59.6078
      vertex 113.164 -35.6936 62.2977
      vertex 108.711 -35.517 60.1971
    endloop
  endfacet
  facet normal -0.0381856 -0.999266 -0.0030821
    outer loop
      vertex 108.5 -35.5052 59
      vertex 113.164 -35.6936 62.2977
      vertex 108.553 -35.5091 59.6078
    endloop
  endfacet
  facet normal -0.0381303 -0.999268 -0.00316054
    outer loop
      vertex 108.553 -35.5053 58.3922
      vertex 113.164 -35.6936 62.2977
      vertex 108.5 -35.5052 59
    endloop
  endfacet
  facet normal -0.038171 -0.999266 -0.00311234
    outer loop
      vertex 108.711 -35.5095 57.8029
      vertex 113.164 -35.6936 62.2977
      vertex 108.553 -35.5053 58.3922
    endloop
  endfacet
  facet normal -0.0381298 -0.999268 -0.00315323
    outer loop
      vertex 108.969 -35.5176 57.25
      vertex 113.164 -35.6936 62.2977
      vertex 108.711 -35.5095 57.8029
    endloop
  endfacet
  facet normal -0.0381584 -0.999267 -0.00312944
    outer loop
      vertex 109.319 -35.5294 56.7502
      vertex 113.164 -35.6936 62.2977
      vertex 108.969 -35.5176 57.25
    endloop
  endfacet
  facet normal -0.0381302 -0.999268 -0.00314904
    outer loop
      vertex 113.164 -35.6936 62.2977
      vertex 109.319 -35.5294 56.7502
      vertex 113.164 -35.664 52.9049
    endloop
  endfacet
  facet normal 0.0382391 0.999264 0.00312692
    outer loop
      vertex 112 -33.9903 59.4641
      vertex 112 -33.9998 62.5
      vertex 112.608 -34.0229 62.4468
    endloop
  endfacet
  facet normal 0.0380519 0.999271 0.00316515
    outer loop
      vertex 112 -33.9903 59.4641
      vertex 112.608 -34.0229 62.4468
      vertex 113.164 -34.0436 62.2977
    endloop
  endfacet
  facet normal 0.0380209 0.999272 0.00312694
    outer loop
      vertex 112 -33.9998 62.5
      vertex 112 -33.9903 59.4641
      vertex 111.392 -33.9765 62.4468
    endloop
  endfacet
  facet normal 0.0381739 0.999266 0.00315817
    outer loop
      vertex 111.392 -33.9765 62.4468
      vertex 112 -33.9903 59.4641
      vertex 110.803 -33.9535 62.2889
    endloop
  endfacet
  facet normal 0.038113 0.999269 0.00313231
    outer loop
      vertex 110.803 -33.9535 62.2889
      vertex 112 -33.9903 59.4641
      vertex 110.25 -33.9316 62.0311
    endloop
  endfacet
  facet normal 0.0381572 0.999267 0.00316253
    outer loop
      vertex 110.25 -33.9316 62.0311
      vertex 112 -33.9903 59.4641
      vertex 109.75 -33.9114 61.6812
    endloop
  endfacet
  facet normal 0.0381307 0.999268 0.00313551
    outer loop
      vertex 109.75 -33.9114 61.6812
      vertex 112 -33.9903 59.4641
      vertex 109.319 -33.8936 61.2498
    endloop
  endfacet
  facet normal 0.0381657 0.999266 0.00318817
    outer loop
      vertex 109.319 -33.8936 61.2498
      vertex 112 -33.9903 59.4641
      vertex 109.057 -33.8824 60.8758
    endloop
  endfacet
  facet normal 0.0380833 0.99927 0.00315219
    outer loop
      vertex 113.164 -34.0436 62.2977
      vertex 112.571 -34.0108 59.0642
      vertex 112 -33.9903 59.4641
    endloop
  endfacet
  facet normal 0.0381968 0.999265 0.00313134
    outer loop
      vertex 113.164 -34.0436 62.2977
      vertex 113.064 -34.0281 58.5712
      vertex 112.571 -34.0108 59.0642
    endloop
  endfacet
  facet normal 0.037449 0.999294 0.00315152
    outer loop
      vertex 113.064 -34.0281 58.5712
      vertex 113.164 -34.0436 62.2977
      vertex 113.164 -34.0315 58.461
    endloop
  endfacet
  facet normal -1 0 0
    outer loop
      vertex 113.5 -35.69 51.0336
      vertex 113.5 -35.2949 52.5691
      vertex 113.5 -35.29 51.0336
    endloop
  endfacet
  facet normal -1 -0 0
    outer loop
      vertex 113.5 -35.2949 52.5691
      vertex 113.5 -35.69 51.0336
      vertex 113.5 -35.6948 52.5691
    endloop
  endfacet
  facet normal 0.707118 -0 0.707096
    outer loop
      vertex 114.25 -35.7949 61.6812
      vertex 117.465 -34.4403 58.4661
      vertex 114.25 -34.1449 61.6812
    endloop
  endfacet
  facet normal 0.707118 -0 0.707096
    outer loop
      vertex 117.465 -36.0903 58.4661
      vertex 117.465 -34.4403 58.4661
      vertex 114.25 -35.7949 61.6812
    endloop
  endfacet
  facet normal 0.707155 0 0.707059
    outer loop
      vertex 117.465 -34.4403 58.4661
      vertex 117.465 -36.0903 58.4661
      vertex 119.681 -34.5397 56.2498
    endloop
  endfacet
  facet normal 0.707155 0 0.707059
    outer loop
      vertex 119.681 -34.5397 56.2498
      vertex 117.465 -36.0903 58.4661
      vertex 119.681 -36.1897 56.2498
    endloop
  endfacet
  facet normal 1 0 0
    outer loop
      vertex 120.5 -34.5529 54
      vertex 120.5 -35.7435 50.3817
      vertex 120.5 -34.4935 50.3817
    endloop
  endfacet
  facet normal 1 0 0
    outer loop
      vertex 120.5 -35.7435 50.3817
      vertex 120.5 -36.2029 54
      vertex 120.5 -36.1044 48
    endloop
  endfacet
  facet normal 1 -0 0
    outer loop
      vertex 120.5 -36.2029 54
      vertex 120.5 -35.7435 50.3817
      vertex 120.5 -34.5529 54
    endloop
  endfacet
  facet normal 1 0 0
    outer loop
      vertex 120.5 -35.7044 48
      vertex 120.5 -35.7435 50.3817
      vertex 120.5 -36.1044 48
    endloop
  endfacet
  facet normal 0.819124 -0 0.573616
    outer loop
      vertex 119.681 -36.1897 56.2498
      vertex 120.031 -34.5529 55.75
      vertex 119.681 -34.5397 56.2498
    endloop
  endfacet
  facet normal 0.819124 0 0.573616
    outer loop
      vertex 120.031 -34.5529 55.75
      vertex 119.681 -36.1897 56.2498
      vertex 120.031 -36.2029 55.75
    endloop
  endfacet
  facet normal 0.906196 -0 0.422859
    outer loop
      vertex 120.031 -36.2029 55.75
      vertex 120.289 -34.5597 55.1971
      vertex 120.031 -34.5529 55.75
    endloop
  endfacet
  facet normal 0.906196 0 0.422859
    outer loop
      vertex 120.289 -34.5597 55.1971
      vertex 120.031 -36.2029 55.75
      vertex 120.289 -36.2097 55.1971
    endloop
  endfacet
  facet normal 0.99622 0 0.0868701
    outer loop
      vertex 120.447 -34.5597 54.6078
      vertex 120.5 -36.2029 54
      vertex 120.5 -34.5529 54
    endloop
  endfacet
  facet normal 0.99622 0 0.0868701
    outer loop
      vertex 120.5 -36.2029 54
      vertex 120.447 -34.5597 54.6078
      vertex 120.447 -36.2097 54.6078
    endloop
  endfacet
  facet normal 0.965886 -0 0.258968
    outer loop
      vertex 120.289 -36.2097 55.1971
      vertex 120.447 -34.5597 54.6078
      vertex 120.289 -34.5597 55.1971
    endloop
  endfacet
  facet normal 0.965886 0 0.258968
    outer loop
      vertex 120.447 -34.5597 54.6078
      vertex 120.289 -36.2097 55.1971
      vertex 120.447 -36.2097 54.6078
    endloop
  endfacet
  facet normal -0.965886 0 -0.258968
    outer loop
      vertex 108.711 -35.1095 57.8029
      vertex 108.553 -35.5053 58.3922
      vertex 108.553 -35.1053 58.3922
    endloop
  endfacet
  facet normal -0.965886 0 -0.258968
    outer loop
      vertex 108.553 -35.5053 58.3922
      vertex 108.711 -35.1095 57.8029
      vertex 108.711 -35.5095 57.8029
    endloop
  endfacet
  facet normal -0.99622 0 -0.0868701
    outer loop
      vertex 108.553 -35.1053 58.3922
      vertex 108.5 -35.5052 59
      vertex 108.5 -35.1052 59
    endloop
  endfacet
  facet normal -0.99622 0 -0.0868701
    outer loop
      vertex 108.5 -35.5052 59
      vertex 108.553 -35.1053 58.3922
      vertex 108.553 -35.5053 58.3922
    endloop
  endfacet
  facet normal -0.99622 0 0.0868701
    outer loop
      vertex 108.5 -35.5052 59
      vertex 108.553 -35.1091 59.6078
      vertex 108.5 -35.1052 59
    endloop
  endfacet
  facet normal -0.99622 0 0.0868701
    outer loop
      vertex 108.553 -35.1091 59.6078
      vertex 108.5 -35.5052 59
      vertex 108.553 -35.5091 59.6078
    endloop
  endfacet
  facet normal -0.087167 0 0.996194
    outer loop
      vertex 111.392 -35.6265 62.4468
      vertex 112 -33.9998 62.5
      vertex 111.392 -33.9765 62.4468
    endloop
  endfacet
  facet normal -0.087167 0 0.996194
    outer loop
      vertex 112 -33.9998 62.5
      vertex 111.392 -35.6265 62.4468
      vertex 112 -35.6498 62.5
    endloop
  endfacet
  facet normal -0.573352 0 0.819309
    outer loop
      vertex 109.75 -35.5614 61.6812
      vertex 110.25 -33.9316 62.0311
      vertex 109.75 -33.9114 61.6812
    endloop
  endfacet
  facet normal -0.573352 0 0.819309
    outer loop
      vertex 110.25 -33.9316 62.0311
      vertex 109.75 -35.5614 61.6812
      vertex 110.25 -35.5816 62.0311
    endloop
  endfacet
  facet normal -0.707435 0 0.706779
    outer loop
      vertex 109.319 -35.5436 61.2498
      vertex 109.75 -33.9114 61.6812
      vertex 109.319 -33.8936 61.2498
    endloop
  endfacet
  facet normal -0.707435 0 0.706779
    outer loop
      vertex 109.75 -33.9114 61.6812
      vertex 109.319 -35.5436 61.2498
      vertex 109.75 -35.5614 61.6812
    endloop
  endfacet
  facet normal -0.819124 0 -0.573616
    outer loop
      vertex 109.319 -35.1294 56.7502
      vertex 108.969 -35.5176 57.25
      vertex 108.969 -35.1176 57.25
    endloop
  endfacet
  facet normal -0.819124 0 -0.573616
    outer loop
      vertex 108.969 -35.5176 57.25
      vertex 109.319 -35.1294 56.7502
      vertex 109.319 -35.5294 56.7502
    endloop
  endfacet
  facet normal 0.257663 -0 0.966235
    outer loop
      vertex 113.164 -35.6936 62.2977
      vertex 113.197 -34.0467 62.2889
      vertex 113.164 -34.0436 62.2977
    endloop
  endfacet
  facet normal 0.257663 0 0.966235
    outer loop
      vertex 113.197 -34.0467 62.2889
      vertex 113.164 -35.6936 62.2977
      vertex 113.197 -35.6967 62.2889
    endloop
  endfacet
  facet normal 0.259014 -0 0.965874
    outer loop
      vertex 112.608 -35.6729 62.4468
      vertex 113.164 -34.0436 62.2977
      vertex 112.608 -34.0229 62.4468
    endloop
  endfacet
  facet normal 0.259014 0 0.965874
    outer loop
      vertex 113.164 -34.0436 62.2977
      vertex 112.608 -35.6729 62.4468
      vertex 113.164 -35.6936 62.2977
    endloop
  endfacet
  facet normal -0.706896 0 -0.707317
    outer loop
      vertex 113.164 -35.664 52.9049
      vertex 113.164 -35.264 52.9049
      vertex 113.5 -35.2949 52.5691
    endloop
  endfacet
  facet normal -0.707134 0 -0.707079
    outer loop
      vertex 109.319 -35.5294 56.7502
      vertex 113.164 -35.264 52.9049
      vertex 113.164 -35.664 52.9049
    endloop
  endfacet
  facet normal -0.707134 0 -0.707079
    outer loop
      vertex 113.164 -35.264 52.9049
      vertex 109.319 -35.5294 56.7502
      vertex 109.319 -35.1294 56.7502
    endloop
  endfacet
  facet normal -0.706896 0 -0.707317
    outer loop
      vertex 113.164 -35.664 52.9049
      vertex 113.5 -35.2949 52.5691
      vertex 113.5 -35.6948 52.5691
    endloop
  endfacet
  facet normal 0.087167 -0 0.996194
    outer loop
      vertex 112 -35.6498 62.5
      vertex 112.608 -34.0229 62.4468
      vertex 112 -33.9998 62.5
    endloop
  endfacet
  facet normal 0.087167 0 0.996194
    outer loop
      vertex 112.608 -34.0229 62.4468
      vertex 112 -35.6498 62.5
      vertex 112.608 -35.6729 62.4468
    endloop
  endfacet
  facet normal -0.906196 0 0.422859
    outer loop
      vertex 108.711 -35.517 60.1971
      vertex 108.969 -35.1286 60.75
      vertex 108.711 -35.117 60.1971
    endloop
  endfacet
  facet normal -0.906196 0 0.422859
    outer loop
      vertex 108.969 -35.1286 60.75
      vertex 108.711 -35.517 60.1971
      vertex 108.969 -35.5286 60.75
    endloop
  endfacet
  facet normal 0.573352 -0 0.819309
    outer loop
      vertex 113.75 -35.7485 62.0311
      vertex 114.25 -34.1449 61.6812
      vertex 113.75 -34.0985 62.0311
    endloop
  endfacet
  facet normal 0.573352 0 0.819309
    outer loop
      vertex 114.25 -34.1449 61.6812
      vertex 113.75 -35.7485 62.0311
      vertex 114.25 -35.7949 61.6812
    endloop
  endfacet
  facet normal -0.819415 0 0.5732
    outer loop
      vertex 108.969 -35.1286 60.75
      vertex 108.969 -35.5286 60.75
      vertex 109.057 -35.1324 60.8758
    endloop
  endfacet
  facet normal -0.819026 0 0.573756
    outer loop
      vertex 109.057 -35.1324 60.8758
      vertex 109.319 -33.8936 61.2498
      vertex 109.057 -33.8824 60.8758
    endloop
  endfacet
  facet normal -0.819026 0 0.573756
    outer loop
      vertex 109.057 -35.1324 60.8758
      vertex 109.319 -35.5436 61.2498
      vertex 109.319 -33.8936 61.2498
    endloop
  endfacet
  facet normal -0.819127 -0.000195042 0.573612
    outer loop
      vertex 109.319 -35.5436 61.2498
      vertex 109.057 -35.1324 60.8758
      vertex 108.969 -35.5286 60.75
    endloop
  endfacet
  facet normal -0.965886 0 0.258968
    outer loop
      vertex 108.553 -35.5091 59.6078
      vertex 108.711 -35.117 60.1971
      vertex 108.553 -35.1091 59.6078
    endloop
  endfacet
  facet normal -0.965886 0 0.258968
    outer loop
      vertex 108.711 -35.117 60.1971
      vertex 108.553 -35.5091 59.6078
      vertex 108.711 -35.517 60.1971
    endloop
  endfacet
  facet normal -0.422527 0 0.906351
    outer loop
      vertex 110.25 -35.5816 62.0311
      vertex 110.803 -33.9535 62.2889
      vertex 110.25 -33.9316 62.0311
    endloop
  endfacet
  facet normal -0.422527 0 0.906351
    outer loop
      vertex 110.803 -33.9535 62.2889
      vertex 110.25 -35.5816 62.0311
      vertex 110.803 -35.6035 62.2889
    endloop
  endfacet
  facet normal 0.422527 -0 0.906351
    outer loop
      vertex 113.197 -35.6967 62.2889
      vertex 113.75 -34.0985 62.0311
      vertex 113.197 -34.0467 62.2889
    endloop
  endfacet
  facet normal 0.422527 0 0.906351
    outer loop
      vertex 113.75 -34.0985 62.0311
      vertex 113.197 -35.6967 62.2889
      vertex 113.75 -35.7485 62.0311
    endloop
  endfacet
  facet normal -0.258938 0 0.965894
    outer loop
      vertex 110.803 -35.6035 62.2889
      vertex 111.392 -33.9765 62.4468
      vertex 110.803 -33.9535 62.2889
    endloop
  endfacet
  facet normal -0.258938 0 0.965894
    outer loop
      vertex 111.392 -33.9765 62.4468
      vertex 110.803 -35.6035 62.2889
      vertex 111.392 -35.6265 62.4468
    endloop
  endfacet
  facet normal -0.906196 0 -0.422859
    outer loop
      vertex 108.969 -35.1176 57.25
      vertex 108.711 -35.5095 57.8029
      vertex 108.711 -35.1095 57.8029
    endloop
  endfacet
  facet normal -0.906196 0 -0.422859
    outer loop
      vertex 108.711 -35.5095 57.8029
      vertex 108.969 -35.1176 57.25
      vertex 108.969 -35.5176 57.25
    endloop
  endfacet
  facet normal -0.554649 0 0.832084
    outer loop
      vertex 73.3644 -34.9415 71.2413
      vertex 72.6155 -34.9214 70.7421
      vertex 73.3644 -36.1915 71.2413
    endloop
  endfacet
  facet normal -0.554777 0 0.831999
    outer loop
      vertex 74.0012 -36.2086 71.6658
      vertex 74.75 -36.5646 72.1651
      vertex 74.75 -36.1646 72.1651
    endloop
  endfacet
  facet normal -0.554777 0 0.831999
    outer loop
      vertex 74.0012 -36.2086 71.6658
      vertex 74.0012 -36.6087 71.6658
      vertex 74.75 -36.5646 72.1651
    endloop
  endfacet
  facet normal -0.55467 0 0.83207
    outer loop
      vertex 73.3644 -36.1915 71.2413
      vertex 74.0012 -36.6087 71.6658
      vertex 74.0012 -36.2086 71.6658
    endloop
  endfacet
  facet normal -0.554658 2.62519e-05 0.832078
    outer loop
      vertex 73.3644 -36.1915 71.2413
      vertex 72.6155 -36.5714 70.7421
      vertex 74.0012 -36.6087 71.6658
    endloop
  endfacet
  facet normal -0.554649 0 0.832084
    outer loop
      vertex 72.6155 -34.9214 70.7421
      vertex 72.6155 -36.5714 70.7421
      vertex 73.3644 -36.1915 71.2413
    endloop
  endfacet
  facet normal -0.557219 0 0.830366
    outer loop
      vertex 72.6079 -36.5711 70.737
      vertex 72.6155 -34.9214 70.7421
      vertex 72.6079 -34.9211 70.737
    endloop
  endfacet
  facet normal -0.557219 0 0.830366
    outer loop
      vertex 72.6155 -34.9214 70.7421
      vertex 72.6079 -36.5711 70.737
      vertex 72.6155 -36.5714 70.7421
    endloop
  endfacet
  facet normal -0.5547 0 0.83205
    outer loop
      vertex 72.2416 -36.552 70.4928
      vertex 72.6079 -34.9211 70.737
      vertex 72.2416 -34.902 70.4928
    endloop
  endfacet
  facet normal -0.5547 0 0.83205
    outer loop
      vertex 72.6079 -34.9211 70.737
      vertex 72.2416 -36.552 70.4928
      vertex 72.6079 -36.5711 70.737
    endloop
  endfacet
  facet normal -0.554704 0 0.832048
    outer loop
      vertex 67.3062 -36.2907 67.2025
      vertex 72.2416 -34.902 70.4928
      vertex 67.3062 -34.6407 67.2025
    endloop
  endfacet
  facet normal -0.554704 0 0.832048
    outer loop
      vertex 72.2416 -34.902 70.4928
      vertex 67.3062 -36.2907 67.2025
      vertex 72.2416 -36.552 70.4928
    endloop
  endfacet
  facet normal 0.554693 0 -0.832055
    outer loop
      vertex 74.7082 -36.29 66.1404
      vertex 77.25 -34.7083 67.8349
      vertex 77.25 -36.3583 67.8349
    endloop
  endfacet
  facet normal 0.554693 0 -0.832055
    outer loop
      vertex 74.7082 -36.29 66.1404
      vertex 74.7082 -34.64 66.1404
      vertex 77.25 -34.7083 67.8349
    endloop
  endfacet
  facet normal 0.552199 0 -0.833712
    outer loop
      vertex 74.7005 -36.2897 66.1353
      vertex 74.7082 -34.64 66.1404
      vertex 74.7082 -36.29 66.1404
    endloop
  endfacet
  facet normal 0.552199 0 -0.833712
    outer loop
      vertex 74.7005 -36.2897 66.1353
      vertex 74.7005 -34.6397 66.1353
      vertex 74.7082 -34.64 66.1404
    endloop
  endfacet
  facet normal 0.554711 0 -0.832043
    outer loop
      vertex 72.9238 -36.1971 64.9508
      vertex 74.7005 -34.6397 66.1353
      vertex 74.7005 -36.2897 66.1353
    endloop
  endfacet
  facet normal 0.554711 0 -0.832043
    outer loop
      vertex 74.7005 -34.6397 66.1353
      vertex 72.9238 -36.1971 64.9508
      vertex 72.9238 -34.5471 64.9508
    endloop
  endfacet
  facet normal 0.485629 0.000169977 -0.874165
    outer loop
      vertex 85.8103 -35.779 72.5907
      vertex 86.25 -36.1312 72.8349
      vertex 85.8342 -36.1764 72.6039
    endloop
  endfacet
  facet normal 0.485525 0 -0.874223
    outer loop
      vertex 86.25 -36.1312 72.8349
      vertex 85.8103 -35.779 72.5907
      vertex 86.25 -35.7312 72.8349
    endloop
  endfacet
  facet normal 0.485614 0 -0.874173
    outer loop
      vertex 84.8029 -35.8886 72.031
      vertex 85.8342 -36.1764 72.6039
      vertex 84.8029 -36.2886 72.031
    endloop
  endfacet
  facet normal 0.485651 0.000171702 -0.874153
    outer loop
      vertex 85.8342 -36.1764 72.6039
      vertex 84.8029 -35.8886 72.031
      vertex 85.8103 -35.779 72.5907
    endloop
  endfacet
  facet normal 0.485649 0 -0.874154
    outer loop
      vertex 80.9623 -36.0394 69.8973
      vertex 84.8029 -36.2886 72.031
      vertex 80.9623 -36.4394 69.8973
    endloop
  endfacet
  facet normal 0.485649 0 -0.874154
    outer loop
      vertex 84.8029 -36.2886 72.031
      vertex 80.9623 -36.0394 69.8973
      vertex 84.8029 -35.8886 72.031
    endloop
  endfacet
  facet normal 0.48561 0 -0.874176
    outer loop
      vertex 80.0687 -36.4164 69.4009
      vertex 80.9623 -36.0394 69.8973
      vertex 80.9623 -36.4394 69.8973
    endloop
  endfacet
  facet normal 0.48561 0 -0.874176
    outer loop
      vertex 80.0687 -36.4164 69.4009
      vertex 80.0687 -36.0164 69.4009
      vertex 80.9623 -36.0394 69.8973
    endloop
  endfacet
  facet normal 0.485631 0 -0.874164
    outer loop
      vertex 80.0687 -36.4164 69.4009
      vertex 78.2762 -35.9795 68.4051
      vertex 80.0687 -36.0164 69.4009
    endloop
  endfacet
  facet normal 0.485658 0.000150072 -0.874149
    outer loop
      vertex 77.25 -36.3583 67.8349
      vertex 78.2762 -35.9795 68.4051
      vertex 80.0687 -36.4164 69.4009
    endloop
  endfacet
  facet normal 0.485701 0 -0.874125
    outer loop
      vertex 77.25 -34.7083 67.8349
      vertex 78.2762 -35.9795 68.4051
      vertex 77.25 -36.3583 67.8349
    endloop
  endfacet
  facet normal 0.485701 0 -0.874125
    outer loop
      vertex 78.2762 -35.9795 68.4051
      vertex 77.25 -34.7083 67.8349
      vertex 78.2762 -34.7295 68.4051
    endloop
  endfacet
  facet normal -0.422446 0 0.906388
    outer loop
      vertex 83.75 -33.591 77.1651
      vertex 84.145 -35.2334 77.3492
      vertex 84.145 -33.5095 77.3492
    endloop
  endfacet
  facet normal -0.422446 0 0.906388
    outer loop
      vertex 84.145 -35.2334 77.3492
      vertex 83.75 -33.591 77.1651
      vertex 83.75 -35.3149 77.1651
    endloop
  endfacet
  facet normal 0.965914 0 -0.258862
    outer loop
      vertex 87.462 -35.819 74.5659
      vertex 87.3492 -34.2372 74.145
      vertex 87.462 -34.1173 74.5659
    endloop
  endfacet
  facet normal 0.965914 0 -0.258862
    outer loop
      vertex 87.3492 -34.2372 74.145
      vertex 87.462 -35.819 74.5659
      vertex 87.3492 -35.9389 74.145
    endloop
  endfacet
  facet normal 0.258862 -0 0.965914
    outer loop
      vertex 85.4341 -35.1174 77.462
      vertex 85.855 -33.4016 77.3492
      vertex 85.4341 -33.3935 77.462
    endloop
  endfacet
  facet normal 0.258862 0 0.965914
    outer loop
      vertex 85.855 -33.4016 77.3492
      vertex 85.4341 -35.1174 77.462
      vertex 85.855 -35.1255 77.3492
    endloop
  endfacet
  facet normal 0.707107 0 -0.707107
    outer loop
      vertex 86.9151 -36.0423 73.393
      vertex 86.607 -35.6878 73.0849
      vertex 86.9151 -35.6423 73.393
    endloop
  endfacet
  facet normal 0.707107 0 -0.707107
    outer loop
      vertex 86.607 -35.6878 73.0849
      vertex 86.9151 -36.0423 73.393
      vertex 86.607 -36.0878 73.0849
    endloop
  endfacet
  facet normal 0.99619 -0 0.087204
    outer loop
      vertex 87.462 -35.5864 75.4341
      vertex 87.5 -33.9986 75
      vertex 87.462 -33.8847 75.4341
    endloop
  endfacet
  facet normal 0.99619 0 0.087204
    outer loop
      vertex 87.5 -33.9986 75
      vertex 87.462 -35.5864 75.4341
      vertex 87.5 -35.7003 75
    endloop
  endfacet
  facet normal -0.258862 0 0.965914
    outer loop
      vertex 84.145 -33.5095 77.3492
      vertex 84.5659 -35.1722 77.462
      vertex 84.5659 -33.4483 77.462
    endloop
  endfacet
  facet normal -0.258862 0 0.965914
    outer loop
      vertex 84.5659 -35.1722 77.462
      vertex 84.145 -33.5095 77.3492
      vertex 84.145 -35.2334 77.3492
    endloop
  endfacet
  facet normal 0.087204 0 0.99619
    outer loop
      vertex 85 -33.4093 77.5
      vertex 85.4341 -35.1174 77.462
      vertex 85.4341 -33.3935 77.462
    endloop
  endfacet
  facet normal 0.087204 0 0.99619
    outer loop
      vertex 85.4341 -35.1174 77.462
      vertex 85 -33.4093 77.5
      vertex 85 -35.1332 77.5
    endloop
  endfacet
  facet normal 0.819148 0 -0.573583
    outer loop
      vertex 87.1651 -34.3461 73.75
      vertex 86.9731 -35.6316 73.4758
      vertex 86.9731 -34.3816 73.4758
    endloop
  endfacet
  facet normal 0.819148 0 -0.573583
    outer loop
      vertex 87.1651 -35.9961 73.75
      vertex 86.9731 -35.6316 73.4758
      vertex 87.1651 -34.3461 73.75
    endloop
  endfacet
  facet normal 0.819126 -3.44184e-05 -0.573613
    outer loop
      vertex 86.9151 -36.0423 73.393
      vertex 86.9731 -35.6316 73.4758
      vertex 87.1651 -35.9961 73.75
    endloop
  endfacet
  facet normal 0.819046 0 -0.573728
    outer loop
      vertex 86.9731 -35.6316 73.4758
      vertex 86.9151 -36.0423 73.393
      vertex 86.9151 -35.6423 73.393
    endloop
  endfacet
  facet normal -0.485674 0 0.87414
    outer loop
      vertex 82.3175 -33.9259 76.3692
      vertex 83.75 -35.3149 77.1651
      vertex 83.75 -33.591 77.1651
    endloop
  endfacet
  facet normal -0.485674 0 0.87414
    outer loop
      vertex 82.3175 -35.2319 76.3692
      vertex 83.75 -35.3149 77.1651
      vertex 82.3175 -33.9259 76.3692
    endloop
  endfacet
  facet normal -0.48567 8.35257e-05 0.874142
    outer loop
      vertex 82.3175 -35.2319 76.3692
      vertex 81.9641 -35.7324 76.1729
      vertex 83.75 -35.3149 77.1651
    endloop
  endfacet
  facet normal -0.485596 1.44077e-05 0.874184
    outer loop
      vertex 81.7236 -35.3708 76.0393
      vertex 81.9641 -35.7324 76.1729
      vertex 82.3175 -35.2319 76.3692
    endloop
  endfacet
  facet normal -0.485647 0 0.874155
    outer loop
      vertex 80.0687 -36.1332 75.1199
      vertex 81.7236 -35.3708 76.0393
      vertex 80.0687 -35.7207 75.1199
    endloop
  endfacet
  facet normal -0.485639 -2.35489e-05 0.874159
    outer loop
      vertex 81.7236 -35.3708 76.0393
      vertex 80.0687 -36.1332 75.1199
      vertex 81.9641 -35.7324 76.1729
    endloop
  endfacet
  facet normal -0.488603 0 0.872506
    outer loop
      vertex 80.0587 -35.7221 75.1143
      vertex 80.0687 -36.1332 75.1199
      vertex 80.0687 -35.7207 75.1199
    endloop
  endfacet
  facet normal -0.488603 0 0.872506
    outer loop
      vertex 80.0587 -35.7221 75.1143
      vertex 80.0587 -36.1347 75.1143
      vertex 80.0687 -36.1332 75.1199
    endloop
  endfacet
  facet normal -0.48561 0 0.874175
    outer loop
      vertex 78.6895 -35.9093 74.3537
      vertex 80.0587 -36.1347 75.1143
      vertex 80.0587 -35.7221 75.1143
    endloop
  endfacet
  facet normal -0.485609 8.95387e-06 0.874176
    outer loop
      vertex 78.6895 -35.9093 74.3537
      vertex 78.1273 -36.3986 74.0414
      vertex 80.0587 -36.1347 75.1143
    endloop
  endfacet
  facet normal -0.485663 8.94107e-05 0.874146
    outer loop
      vertex 77.9841 -36.0057 73.9618
      vertex 78.1273 -36.3986 74.0414
      vertex 78.6895 -35.9093 74.3537
    endloop
  endfacet
  facet normal -0.495875 -0.00480057 0.868381
    outer loop
      vertex 78.1273 -36.3986 74.0414
      vertex 77.9841 -36.0057 73.9618
      vertex 78.1259 -36.3987 74.0406
    endloop
  endfacet
  facet normal -0.496133 -0.00492346 0.868233
    outer loop
      vertex 77.9827 -36.0057 73.961
      vertex 78.1259 -36.3987 74.0406
      vertex 77.9841 -36.0057 73.9618
    endloop
  endfacet
  facet normal -0.485659 9.12522e-05 0.874148
    outer loop
      vertex 77.9827 -36.0057 73.961
      vertex 75.7552 -36.5152 72.7235
      vertex 78.1259 -36.3987 74.0406
    endloop
  endfacet
  facet normal -0.485659 9.14974e-05 0.874148
    outer loop
      vertex 75.6183 -36.1219 72.6474
      vertex 75.7552 -36.5152 72.7235
      vertex 77.9827 -36.0057 73.961
    endloop
  endfacet
  facet normal -0.485575 0 0.874195
    outer loop
      vertex 74.75 -36.5646 72.1651
      vertex 75.6183 -36.1219 72.6474
      vertex 74.75 -36.1646 72.1651
    endloop
  endfacet
  facet normal -0.485618 0.000110351 0.874171
    outer loop
      vertex 75.6183 -36.1219 72.6474
      vertex 74.75 -36.5646 72.1651
      vertex 75.7552 -36.5152 72.7235
    endloop
  endfacet
  facet normal 0.906388 -0 0.422446
    outer loop
      vertex 87.1651 -35.3806 76.25
      vertex 87.3492 -33.7665 75.855
      vertex 87.1651 -33.6567 76.25
    endloop
  endfacet
  facet normal 0.906417 -1.85984e-05 0.422383
    outer loop
      vertex 87.2336 -35.4215 76.103
      vertex 87.3492 -33.7665 75.855
      vertex 87.1651 -35.3806 76.25
    endloop
  endfacet
  facet normal 0.90637 0 0.422485
    outer loop
      vertex 87.3492 -33.7665 75.855
      vertex 87.2336 -35.4215 76.103
      vertex 87.3492 -35.4807 75.855
    endloop
  endfacet
  facet normal -0.087204 0 0.99619
    outer loop
      vertex 84.5659 -33.4483 77.462
      vertex 85 -35.1332 77.5
      vertex 85 -33.4093 77.5
    endloop
  endfacet
  facet normal -0.087204 0 0.99619
    outer loop
      vertex 85 -35.1332 77.5
      vertex 84.5659 -33.4483 77.462
      vertex 84.5659 -35.1722 77.462
    endloop
  endfacet
  facet normal 0.819124 -0 0.573616
    outer loop
      vertex 86.9151 -35.2867 76.607
      vertex 87.1651 -33.6567 76.25
      vertex 86.9151 -33.5628 76.607
    endloop
  endfacet
  facet normal 0.819124 0 0.573616
    outer loop
      vertex 87.1651 -33.6567 76.25
      vertex 86.9151 -35.2867 76.607
      vertex 87.1651 -35.3806 76.25
    endloop
  endfacet
  facet normal 0.422446 -0 0.906388
    outer loop
      vertex 85.855 -35.1255 77.3492
      vertex 86.25 -33.4333 77.1651
      vertex 85.855 -33.4016 77.3492
    endloop
  endfacet
  facet normal 0.422446 0 0.906388
    outer loop
      vertex 86.25 -33.4333 77.1651
      vertex 85.855 -35.1255 77.3492
      vertex 86.25 -35.1572 77.1651
    endloop
  endfacet
  facet normal 0.99619 0 -0.087204
    outer loop
      vertex 87.5 -35.7003 75
      vertex 87.462 -34.1173 74.5659
      vertex 87.5 -33.9986 75
    endloop
  endfacet
  facet normal 0.99619 0 -0.087204
    outer loop
      vertex 87.462 -34.1173 74.5659
      vertex 87.5 -35.7003 75
      vertex 87.462 -35.819 74.5659
    endloop
  endfacet
  facet normal 0.965907 -0 0.258887
    outer loop
      vertex 87.3492 -35.4807 75.855
      vertex 87.4347 -33.8591 75.536
      vertex 87.3492 -33.7665 75.855
    endloop
  endfacet
  facet normal 0.965934 -2.08887e-05 0.258788
    outer loop
      vertex 87.3492 -35.4807 75.855
      vertex 87.462 -33.8847 75.4341
      vertex 87.4347 -33.8591 75.536
    endloop
  endfacet
  facet normal 0.965914 0 0.258862
    outer loop
      vertex 87.462 -33.8847 75.4341
      vertex 87.3492 -35.4807 75.855
      vertex 87.462 -35.5864 75.4341
    endloop
  endfacet
  facet normal 0.707107 -0 0.707107
    outer loop
      vertex 86.607 -35.2115 76.9151
      vertex 86.9151 -33.5628 76.607
      vertex 86.607 -33.4876 76.9151
    endloop
  endfacet
  facet normal 0.707107 0 0.707107
    outer loop
      vertex 86.9151 -33.5628 76.607
      vertex 86.607 -35.2115 76.9151
      vertex 86.9151 -35.2867 76.607
    endloop
  endfacet
  facet normal 0.906508 0 -0.422188
    outer loop
      vertex 87.3492 -35.9389 74.145
      vertex 87.2697 -34.2879 73.9743
      vertex 87.3492 -34.2372 74.145
    endloop
  endfacet
  facet normal 0.906243 -7.15655e-05 -0.422756
    outer loop
      vertex 87.3492 -35.9389 74.145
      vertex 87.1868 -34.3407 73.7966
      vertex 87.2697 -34.2879 73.9743
    endloop
  endfacet
  facet normal 0.906604 0.000134026 -0.421982
    outer loop
      vertex 87.3196 -35.9578 74.0814
      vertex 87.1868 -34.3407 73.7966
      vertex 87.3492 -35.9389 74.145
    endloop
  endfacet
  facet normal 0.906526 9.8086e-05 -0.422149
    outer loop
      vertex 87.1868 -34.3407 73.7966
      vertex 87.3196 -35.9578 74.0814
      vertex 87.1651 -34.3461 73.75
    endloop
  endfacet
  facet normal 0.906344 0 -0.422541
    outer loop
      vertex 87.1651 -34.3461 73.75
      vertex 87.3196 -35.9578 74.0814
      vertex 87.1651 -35.9961 73.75
    endloop
  endfacet
  facet normal 0.573616 -0 0.819124
    outer loop
      vertex 86.25 -35.1572 77.1651
      vertex 86.607 -33.4876 76.9151
      vertex 86.25 -33.4333 77.1651
    endloop
  endfacet
  facet normal 0.573616 0 0.819124
    outer loop
      vertex 86.607 -33.4876 76.9151
      vertex 86.25 -35.1572 77.1651
      vertex 86.607 -35.2115 76.9151
    endloop
  endfacet
  facet normal 0.573616 0 -0.819124
    outer loop
      vertex 86.25 -35.7312 72.8349
      vertex 86.607 -36.0878 73.0849
      vertex 86.25 -36.1312 72.8349
    endloop
  endfacet
  facet normal 0.573616 0 -0.819124
    outer loop
      vertex 86.607 -36.0878 73.0849
      vertex 86.25 -35.7312 72.8349
      vertex 86.607 -35.6878 73.0849
    endloop
  endfacet
endsolid OpenSCAD_Model
