solid OpenSCAD_Model
  facet normal -0.120985 -0.991915 -0.038303
    outer loop
      vertex 155.212 -41.9491 59.8611
      vertex 155.201 -41.9534 60.0072
      vertex 155.2 -41.953 60
    endloop
  endfacet
  facet normal -0.195668 -0.979702 -0.0435665
    outer loop
      vertex 155.248 -41.9503 59.7264
      vertex 155.201 -41.9534 60.0072
      vertex 155.212 -41.9491 59.8611
    endloop
  endfacet
  facet normal -0.194109 -0.980024 -0.043309
    outer loop
      vertex 155.307 -41.9564 59.6
      vertex 155.201 -41.9534 60.0072
      vertex 155.248 -41.9503 59.7264
    endloop
  endfacet
  facet normal -0.196383 -0.979544 -0.0439046
    outer loop
      vertex 156.274 -42.1345 59.2482
      vertex 155.201 -41.9534 60.0072
      vertex 155.307 -41.9564 59.6
    endloop
  endfacet
  facet normal -0.196462 -0.979518 -0.044135
    outer loop
      vertex 156.274 -42.1345 59.2482
      vertex 155.307 -41.9564 59.6
      vertex 155.387 -41.9673 59.4858
    endloop
  endfacet
  facet normal -0.196631 -0.979477 -0.0442715
    outer loop
      vertex 155.201 -41.9534 60.0072
      vertex 156.274 -42.1345 59.2482
      vertex 156.778 -42.2504 59.5739
    endloop
  endfacet
  facet normal -0.196508 -0.9795 -0.0443209
    outer loop
      vertex 156.274 -42.1345 59.2482
      vertex 155.387 -41.9673 59.4858
      vertex 155.486 -41.9827 59.3872
    endloop
  endfacet
  facet normal -0.196379 -0.979562 -0.0435213
    outer loop
      vertex 156.274 -42.1345 59.2482
      vertex 155.486 -41.9827 59.3872
      vertex 155.6 -42.002 59.3072
    endloop
  endfacet
  facet normal -0.196285 -0.979635 -0.0422735
    outer loop
      vertex 156.274 -42.1345 59.2482
      vertex 155.6 -42.002 59.3072
      vertex 155.726 -42.0247 59.2482
    endloop
  endfacet
  facet normal -0.197097 -0.979417 -0.0435288
    outer loop
      vertex 156.778 -42.2504 59.5739
      vertex 156.274 -42.1345 59.2482
      vertex 156.699 -42.227 59.4051
    endloop
  endfacet
  facet normal -0.196262 -0.979524 -0.044875
    outer loop
      vertex 155.861 -42.0501 59.2122
      vertex 156.274 -42.1345 59.2482
      vertex 155.726 -42.0247 59.2482
    endloop
  endfacet
  facet normal -0.19663 -0.979625 -0.040896
    outer loop
      vertex 155.861 -42.0501 59.2122
      vertex 156.139 -42.1059 59.2122
      vertex 156.274 -42.1345 59.2482
    endloop
  endfacet
  facet normal -0.196566 -0.979307 -0.0481626
    outer loop
      vertex 156.139 -42.1059 59.2122
      vertex 155.861 -42.0501 59.2122
      vertex 156 -42.0774 59.2
    endloop
  endfacet
  facet normal -0.162124 -0.982987 0.0863226
    outer loop
      vertex 155.201 -41.9534 60.0072
      vertex 155.726 -41.9746 60.7518
      vertex 155.6 -41.959 60.6928
    endloop
  endfacet
  facet normal -0.161044 -0.98322 0.0856924
    outer loop
      vertex 155.201 -41.9534 60.0072
      vertex 155.6 -41.959 60.6928
      vertex 155.486 -41.9473 60.6128
    endloop
  endfacet
  facet normal -0.160646 -0.983301 0.0855057
    outer loop
      vertex 155.201 -41.9534 60.0072
      vertex 155.486 -41.9473 60.6128
      vertex 155.387 -41.9397 60.5142
    endloop
  endfacet
  facet normal -0.159662 -0.983493 0.0851497
    outer loop
      vertex 155.201 -41.9534 60.0072
      vertex 155.387 -41.9397 60.5142
      vertex 155.307 -41.9366 60.4
    endloop
  endfacet
  facet normal -0.16217 -0.983025 0.0858066
    outer loop
      vertex 155.201 -41.9534 60.0072
      vertex 155.307 -41.9366 60.4
      vertex 155.248 -41.9379 60.2736
    endloop
  endfacet
  facet normal -0.155823 -0.984142 0.0847519
    outer loop
      vertex 155.201 -41.9534 60.0072
      vertex 155.248 -41.9379 60.2736
      vertex 155.212 -41.9438 60.1389
    endloop
  endfacet
  facet normal -0.161547 -0.983118 0.0859123
    outer loop
      vertex 155.726 -41.9746 60.7518
      vertex 155.201 -41.9534 60.0072
      vertex 156.778 -42.2504 59.5739
    endloop
  endfacet
  facet normal -0.161464 -0.983125 0.0859889
    outer loop
      vertex 155.726 -41.9746 60.7518
      vertex 156.778 -42.2504 59.5739
      vertex 156.778 -42.1135 61.1391
    endloop
  endfacet
  facet normal -0.17117 -0.983635 -0.0562479
    outer loop
      vertex 156.778 -42.2504 59.5739
      vertex 156.699 -42.227 59.4051
      vertex 156.778 -42.2424 59.434
    endloop
  endfacet
  facet normal -0.171819 -0.981442 0.0851425
    outer loop
      vertex 159.406 -42.637 60.4022
      vertex 157.695 -42.2442 61.4772
      vertex 157.437 -42.2073 61.3819
    endloop
  endfacet
  facet normal -0.171444 -0.981455 0.0857444
    outer loop
      vertex 157.695 -42.2442 61.4772
      vertex 159.406 -42.637 60.4022
      vertex 160.437 -42.7839 60.7822
    endloop
  endfacet
  facet normal -0.206483 -0.976854 -0.0558601
    outer loop
      vertex 157.003 -42.2947 59.5169
      vertex 156.778 -42.2504 59.5739
      vertex 156.778 -42.2424 59.434
    endloop
  endfacet
  facet normal -0.171335 -0.981464 0.0858655
    outer loop
      vertex 157.003 -42.2947 59.5169
      vertex 157.437 -42.2073 61.3819
      vertex 156.778 -42.1135 61.1391
    endloop
  endfacet
  facet normal -0.171488 -0.981439 0.0858415
    outer loop
      vertex 157.003 -42.2947 59.5169
      vertex 156.778 -42.1135 61.1391
      vertex 156.778 -42.2504 59.5739
    endloop
  endfacet
  facet normal -0.171447 -0.981442 0.0858906
    outer loop
      vertex 157.437 -42.2073 61.3819
      vertex 157.003 -42.2947 59.5169
      vertex 159.406 -42.637 60.4022
    endloop
  endfacet
  facet normal -0.123574 -0.958531 0.256804
    outer loop
      vertex 160.437 -42.7839 60.7822
      vertex 161.025 -42.3448 62.7041
      vertex 157.695 -42.2442 61.4772
    endloop
  endfacet
  facet normal -0.123574 -0.958531 0.256804
    outer loop
      vertex 161.025 -42.3448 62.7041
      vertex 160.437 -42.7839 60.7822
      vertex 163.767 -42.8845 62.0091
    endloop
  endfacet
  facet normal 0.0771069 -0.903758 0.421042
    outer loop
      vertex 164.788 -42.1175 64.0903
      vertex 165.266 -42.789 62.5614
      vertex 164.845 -42.1029 64.1112
    endloop
  endfacet
  facet normal 0.0808246 -0.903038 0.421888
    outer loop
      vertex 165.266 -42.789 62.5614
      vertex 164.788 -42.1175 64.0903
      vertex 165.244 -42.7948 62.5532
    endloop
  endfacet
  facet normal -0.0847964 -0.920866 0.380546
    outer loop
      vertex 163.767 -42.8845 62.0091
      vertex 164.779 -42.119 64.087
      vertex 161.025 -42.3448 62.7041
    endloop
  endfacet
  facet normal -0.0848011 -0.920865 0.380548
    outer loop
      vertex 164.779 -42.119 64.087
      vertex 163.767 -42.8845 62.0091
      vertex 165.235 -42.7962 62.5499
    endloop
  endfacet
  facet normal 0.0783805 -0.903502 0.421355
    outer loop
      vertex 164.845 -42.1029 64.1112
      vertex 165.533 -42.3172 63.5237
      vertex 165.313 -41.9819 64.2836
    endloop
  endfacet
  facet normal 0.0780923 -0.903658 0.421075
    outer loop
      vertex 164.845 -42.1029 64.1112
      vertex 165.532 -42.326 63.505
      vertex 165.533 -42.3172 63.5237
    endloop
  endfacet
  facet normal 0.026183 -0.928158 0.371263
    outer loop
      vertex 164.845 -42.1029 64.1112
      vertex 165.532 -42.3264 63.504
      vertex 165.532 -42.326 63.505
    endloop
  endfacet
  facet normal 0.0784165 -0.903527 0.421295
    outer loop
      vertex 165.266 -42.789 62.5614
      vertex 165.532 -42.3264 63.504
      vertex 164.845 -42.1029 64.1112
    endloop
  endfacet
  facet normal 0.0782849 -0.903522 0.42133
    outer loop
      vertex 165.532 -42.3264 63.504
      vertex 165.266 -42.789 62.5614
      vertex 165.532 -42.7203 62.6593
    endloop
  endfacet
  facet normal 0.0987023 -0.89956 0.425499
    outer loop
      vertex 165.533 -41.9194 64.3647
      vertex 165.313 -41.9819 64.2836
      vertex 165.533 -42.3172 63.5237
    endloop
  endfacet
  facet normal 0.00420742 -0.914631 0.404267
    outer loop
      vertex 164.779 -42.119 64.087
      vertex 165.244 -42.7948 62.5532
      vertex 164.788 -42.1175 64.0903
    endloop
  endfacet
  facet normal -0.00494398 -0.915652 0.401942
    outer loop
      vertex 165.244 -42.7948 62.5532
      vertex 164.779 -42.119 64.087
      vertex 165.235 -42.7962 62.5499
    endloop
  endfacet
  facet normal -0.10653 -0.901146 0.420222
    outer loop
      vertex 165.532 -42.3264 63.504
      vertex 165.532 -42.7203 62.6593
      vertex 166.567 -42.6648 63.0407
    endloop
  endfacet
  facet normal 0.140494 -0.863648 0.484121
    outer loop
      vertex 172.544 -41.5147 66.9478
      vertex 174.229 -41.8484 65.8635
      vertex 174.229 -40.8926 67.5686
    endloop
  endfacet
  facet normal 0.140496 -0.863647 0.484123
    outer loop
      vertex 174.229 -41.8484 65.8635
      vertex 172.544 -41.5147 66.9478
      vertex 173.023 -42.2937 65.4191
    endloop
  endfacet
  facet normal 0.00163126 -0.890778 0.454437
    outer loop
      vertex 172.535 -41.5164 66.9445
      vertex 173.023 -42.2937 65.4191
      vertex 172.544 -41.5147 66.9478
    endloop
  endfacet
  facet normal 0.00163126 -0.890778 0.454437
    outer loop
      vertex 173.023 -42.2937 65.4191
      vertex 172.535 -41.5164 66.9445
      vertex 173.014 -42.2954 65.4158
    endloop
  endfacet
  facet normal -0.104928 -0.898984 0.425226
    outer loop
      vertex 166.959 -42.6438 63.1851
      vertex 172.535 -41.5164 66.9445
      vertex 165.533 -41.9194 64.3647
    endloop
  endfacet
  facet normal -0.104927 -0.898984 0.425227
    outer loop
      vertex 166.959 -42.6438 63.1851
      vertex 165.533 -41.9194 64.3647
      vertex 165.533 -42.3172 63.5237
    endloop
  endfacet
  facet normal -0.10398 -0.89776 0.428036
    outer loop
      vertex 166.959 -42.6438 63.1851
      vertex 165.533 -42.3172 63.5237
      vertex 165.532 -42.326 63.505
    endloop
  endfacet
  facet normal -0.10493 -0.898983 0.425228
    outer loop
      vertex 172.535 -41.5164 66.9445
      vertex 166.959 -42.6438 63.1851
      vertex 173.014 -42.2954 65.4158
    endloop
  endfacet
  facet normal -0.136048 -0.919844 0.367938
    outer loop
      vertex 166.567 -42.6648 63.0407
      vertex 165.532 -42.326 63.505
      vertex 165.532 -42.3264 63.504
    endloop
  endfacet
  facet normal -0.106502 -0.901171 0.420175
    outer loop
      vertex 165.532 -42.326 63.505
      vertex 166.567 -42.6648 63.0407
      vertex 166.959 -42.6438 63.1851
    endloop
  endfacet
  facet normal -0.0879453 -0.868919 0.487078
    outer loop
      vertex 174.726 -40.8403 67.7518
      vertex 180.055 -41.2546 67.9749
      vertex 179.539 -40.3533 69.4896
    endloop
  endfacet
  facet normal -0.0880681 -0.868957 0.486988
    outer loop
      vertex 175.274 -41.7385 66.2482
      vertex 174.726 -40.8403 67.7518
      vertex 174.229 -40.8926 67.5686
    endloop
  endfacet
  facet normal -0.0879454 -0.868948 0.487028
    outer loop
      vertex 174.726 -40.8403 67.7518
      vertex 175.274 -41.7385 66.2482
      vertex 180.055 -41.2546 67.9749
    endloop
  endfacet
  facet normal -0.0879274 -0.868922 0.487077
    outer loop
      vertex 175.274 -41.7385 66.2482
      vertex 174.229 -40.8926 67.5686
      vertex 174.229 -41.8484 65.8635
    endloop
  endfacet
  facet normal 0.161464 0.983125 -0.0859889
    outer loop
      vertex 156.778 -40.6004 59.5739
      vertex 155.726 -40.3246 60.7518
      vertex 156.778 -40.4635 61.1391
    endloop
  endfacet
  facet normal 0.161547 0.983118 -0.0859123
    outer loop
      vertex 155.201 -40.3034 60.0072
      vertex 155.726 -40.3246 60.7518
      vertex 156.778 -40.6004 59.5739
    endloop
  endfacet
  facet normal 0.162124 0.982987 -0.0863226
    outer loop
      vertex 155.726 -40.3246 60.7518
      vertex 155.201 -40.3034 60.0072
      vertex 155.6 -40.309 60.6928
    endloop
  endfacet
  facet normal 0.161044 0.98322 -0.0856924
    outer loop
      vertex 155.6 -40.309 60.6928
      vertex 155.201 -40.3034 60.0072
      vertex 155.486 -40.2973 60.6128
    endloop
  endfacet
  facet normal 0.160646 0.983301 -0.0855057
    outer loop
      vertex 155.486 -40.2973 60.6128
      vertex 155.201 -40.3034 60.0072
      vertex 155.387 -40.2897 60.5142
    endloop
  endfacet
  facet normal 0.162162 0.983005 -0.0860539
    outer loop
      vertex 155.387 -40.2897 60.5142
      vertex 155.201 -40.3034 60.0072
      vertex 155.307 -40.2865 60.4
    endloop
  endfacet
  facet normal 0.159566 0.983489 -0.0853742
    outer loop
      vertex 155.307 -40.2865 60.4
      vertex 155.201 -40.3034 60.0072
      vertex 155.248 -40.2879 60.2736
    endloop
  endfacet
  facet normal 0.155823 0.984142 -0.0847519
    outer loop
      vertex 155.248 -40.2879 60.2736
      vertex 155.201 -40.3034 60.0072
      vertex 155.212 -40.2938 60.1389
    endloop
  endfacet
  facet normal 0.183473 0.982096 0.0427188
    outer loop
      vertex 155.201 -40.3034 60.0072
      vertex 155.212 -40.2991 59.8611
      vertex 155.2 -40.3029 60
    endloop
  endfacet
  facet normal 0.195668 0.979702 0.0435665
    outer loop
      vertex 155.201 -40.3034 60.0072
      vertex 155.248 -40.3003 59.7264
      vertex 155.212 -40.2991 59.8611
    endloop
  endfacet
  facet normal 0.194109 0.980024 0.043309
    outer loop
      vertex 155.201 -40.3034 60.0072
      vertex 155.307 -40.3064 59.6
      vertex 155.248 -40.3003 59.7264
    endloop
  endfacet
  facet normal 0.196631 0.979477 0.0442715
    outer loop
      vertex 156.274 -40.4845 59.2482
      vertex 155.201 -40.3034 60.0072
      vertex 156.778 -40.6004 59.5739
    endloop
  endfacet
  facet normal 0.196383 0.979544 0.0439046
    outer loop
      vertex 155.201 -40.3034 60.0072
      vertex 156.274 -40.4845 59.2482
      vertex 155.307 -40.3064 59.6
    endloop
  endfacet
  facet normal 0.197097 0.979417 0.0435288
    outer loop
      vertex 156.274 -40.4845 59.2482
      vertex 156.778 -40.6004 59.5739
      vertex 156.699 -40.577 59.4051
    endloop
  endfacet
  facet normal 0.196462 0.979518 0.044135
    outer loop
      vertex 155.307 -40.3064 59.6
      vertex 156.274 -40.4845 59.2482
      vertex 155.387 -40.3173 59.4858
    endloop
  endfacet
  facet normal 0.196508 0.9795 0.0443209
    outer loop
      vertex 155.387 -40.3173 59.4858
      vertex 156.274 -40.4845 59.2482
      vertex 155.486 -40.3327 59.3872
    endloop
  endfacet
  facet normal 0.196379 0.979562 0.0435213
    outer loop
      vertex 155.486 -40.3327 59.3872
      vertex 156.274 -40.4845 59.2482
      vertex 155.6 -40.352 59.3072
    endloop
  endfacet
  facet normal 0.196285 0.979635 0.0422735
    outer loop
      vertex 156.274 -40.4845 59.2482
      vertex 155.726 -40.3747 59.2482
      vertex 155.6 -40.352 59.3072
    endloop
  endfacet
  facet normal 0.196285 0.979638 0.0421987
    outer loop
      vertex 156.139 -40.4559 59.2122
      vertex 155.726 -40.3747 59.2482
      vertex 156.274 -40.4845 59.2482
    endloop
  endfacet
  facet normal 0.196584 0.979399 0.0461711
    outer loop
      vertex 156.139 -40.4559 59.2122
      vertex 155.861 -40.4001 59.2122
      vertex 155.726 -40.3747 59.2482
    endloop
  endfacet
  facet normal 0.196566 0.979307 0.0481626
    outer loop
      vertex 155.861 -40.4001 59.2122
      vertex 156.139 -40.4559 59.2122
      vertex 156 -40.4274 59.2
    endloop
  endfacet
  facet normal 0.17117 0.983635 0.0562479
    outer loop
      vertex 156.778 -40.6004 59.5739
      vertex 156.778 -40.5924 59.434
      vertex 156.699 -40.577 59.4051
    endloop
  endfacet
  facet normal 0.171498 0.981431 -0.0859144
    outer loop
      vertex 157.003 -40.6447 59.5169
      vertex 157.235 -40.5285 61.3074
      vertex 159.976 -41.0683 60.6125
    endloop
  endfacet
  facet normal 0.171226 0.981481 -0.0858825
    outer loop
      vertex 157.235 -40.5285 61.3074
      vertex 157.003 -40.6447 59.5169
      vertex 156.778 -40.4635 61.1391
    endloop
  endfacet
  facet normal 0.171488 0.981439 -0.0858415
    outer loop
      vertex 156.778 -40.4635 61.1391
      vertex 157.003 -40.6447 59.5169
      vertex 156.778 -40.6004 59.5739
    endloop
  endfacet
  facet normal 0.206483 0.976854 0.0558601
    outer loop
      vertex 157.003 -40.6447 59.5169
      vertex 156.778 -40.5924 59.434
      vertex 156.778 -40.6004 59.5739
    endloop
  endfacet
  facet normal 0.123555 0.958516 -0.256868
    outer loop
      vertex 159.976 -41.0683 60.6125
      vertex 160.118 -40.6157 62.3697
      vertex 162.86 -41.1554 61.6747
    endloop
  endfacet
  facet normal 0.123641 0.958504 -0.256872
    outer loop
      vertex 160.118 -40.6157 62.3697
      vertex 159.976 -41.0683 60.6125
      vertex 157.235 -40.5285 61.3074
    endloop
  endfacet
  facet normal -0.0987005 0.899567 -0.425485
    outer loop
      vertex 165.533 -40.1002 64.3647
      vertex 165.533 -40.8882 62.6987
      vertex 165.097 -40.224 64.2041
    endloop
  endfacet
  facet normal 0.0848368 0.920866 -0.380538
    outer loop
      vertex 162.86 -41.1554 61.6747
      vertex 164.628 -40.3444 64.0314
      vertex 165.084 -41.0216 62.4943
    endloop
  endfacet
  facet normal 0.0848056 0.920877 -0.380518
    outer loop
      vertex 164.628 -40.3444 64.0314
      vertex 162.86 -41.1554 61.6747
      vertex 160.118 -40.6157 62.3697
    endloop
  endfacet
  facet normal -0.00422719 0.914651 -0.404222
    outer loop
      vertex 165.093 -41.0201 62.4976
      vertex 164.628 -40.3444 64.0314
      vertex 164.637 -40.3429 64.0347
    endloop
  endfacet
  facet normal -0.00422719 0.914651 -0.404222
    outer loop
      vertex 164.628 -40.3444 64.0314
      vertex 165.093 -41.0201 62.4976
      vertex 165.084 -41.0216 62.4943
    endloop
  endfacet
  facet normal -0.0782529 0.903553 -0.42127
    outer loop
      vertex 165.533 -40.8888 62.6974
      vertex 164.637 -40.3429 64.0347
      vertex 165.063 -40.2329 64.1915
    endloop
  endfacet
  facet normal -0.078313 0.903533 -0.421302
    outer loop
      vertex 165.093 -41.0201 62.4976
      vertex 165.533 -40.8888 62.6974
      vertex 165.532 -40.897 62.68
    endloop
  endfacet
  facet normal -0.079327 0.904329 -0.419399
    outer loop
      vertex 165.093 -41.0201 62.4976
      vertex 165.532 -40.897 62.68
      vertex 165.532 -40.9066 62.6593
    endloop
  endfacet
  facet normal -0.078313 0.903533 -0.421302
    outer loop
      vertex 165.533 -40.8888 62.6974
      vertex 165.093 -41.0201 62.4976
      vertex 164.637 -40.3429 64.0347
    endloop
  endfacet
  facet normal -0.0801422 0.903184 -0.421706
    outer loop
      vertex 165.533 -40.8882 62.6987
      vertex 165.063 -40.2329 64.1915
      vertex 165.097 -40.224 64.2041
    endloop
  endfacet
  facet normal -0.0649356 0.906043 -0.418174
    outer loop
      vertex 165.063 -40.2329 64.1915
      vertex 165.533 -40.8882 62.6987
      vertex 165.533 -40.8888 62.6974
    endloop
  endfacet
  facet normal 0.104945 0.898957 -0.425279
    outer loop
      vertex 172.782 -40.4896 65.3304
      vertex 165.533 -40.1002 64.3647
      vertex 172.304 -39.7106 66.8591
    endloop
  endfacet
  facet normal 0.104942 0.898969 -0.425254
    outer loop
      vertex 165.567 -40.9048 62.6722
      vertex 165.533 -40.1002 64.3647
      vertex 172.782 -40.4896 65.3304
    endloop
  endfacet
  facet normal 0.107474 0.898745 -0.425097
    outer loop
      vertex 165.533 -40.1002 64.3647
      vertex 165.567 -40.9048 62.6722
      vertex 165.533 -40.8882 62.6987
    endloop
  endfacet
  facet normal 0.115893 0.901841 -0.416234
    outer loop
      vertex 165.533 -40.8882 62.6987
      vertex 165.567 -40.9048 62.6722
      vertex 165.533 -40.8888 62.6974
    endloop
  endfacet
  facet normal 0.104396 0.897313 -0.428871
    outer loop
      vertex 165.533 -40.8888 62.6974
      vertex 165.567 -40.9048 62.6722
      vertex 165.532 -40.897 62.68
    endloop
  endfacet
  facet normal 0.10778 0.901904 -0.418274
    outer loop
      vertex 165.532 -40.897 62.68
      vertex 165.567 -40.9048 62.6722
      vertex 165.532 -40.9066 62.6593
    endloop
  endfacet
  facet normal -0.00163161 0.890778 -0.454436
    outer loop
      vertex 172.791 -40.4879 65.3337
      vertex 172.304 -39.7106 66.8591
      vertex 172.313 -39.7089 66.8624
    endloop
  endfacet
  facet normal -0.00163161 0.890778 -0.454436
    outer loop
      vertex 172.304 -39.7106 66.8591
      vertex 172.791 -40.4879 65.3337
      vertex 172.782 -40.4896 65.3304
    endloop
  endfacet
  facet normal -0.140561 0.86364 -0.484116
    outer loop
      vertex 174.229 -39.957 65.8635
      vertex 172.313 -39.7089 66.8624
      vertex 174.229 -39.0012 67.5686
    endloop
  endfacet
  facet normal -0.140525 0.863679 -0.484056
    outer loop
      vertex 172.313 -39.7089 66.8624
      vertex 174.229 -39.957 65.8635
      vertex 172.791 -40.4879 65.3337
    endloop
  endfacet
  facet normal 0.0879512 0.868944 -0.487033
    outer loop
      vertex 179.805 -39.3886 67.8845
      vertex 174.726 -38.9489 67.7518
      vertex 179.288 -38.4873 69.3992
    endloop
  endfacet
  facet normal 0.0879513 0.868948 -0.487026
    outer loop
      vertex 175.274 -39.8471 66.2482
      vertex 174.726 -38.9489 67.7518
      vertex 179.805 -39.3886 67.8845
    endloop
  endfacet
  facet normal 0.0880681 0.868957 -0.486988
    outer loop
      vertex 174.726 -38.9489 67.7518
      vertex 175.274 -39.8471 66.2482
      vertex 174.229 -39.0012 67.5686
    endloop
  endfacet
  facet normal 0.0879274 0.868922 -0.487077
    outer loop
      vertex 174.229 -39.0012 67.5686
      vertex 175.274 -39.8471 66.2482
      vertex 174.229 -39.957 65.8635
    endloop
  endfacet
  facet normal -0.574426 0 0.818557
    outer loop
      vertex 155.486 -41.9473 60.6128
      vertex 155.6 -40.309 60.6928
      vertex 155.486 -40.2973 60.6128
    endloop
  endfacet
  facet normal -0.574426 0 0.818557
    outer loop
      vertex 155.6 -40.309 60.6928
      vertex 155.486 -41.9473 60.6128
      vertex 155.6 -41.959 60.6928
    endloop
  endfacet
  facet normal -0.990492 0 0.137568
    outer loop
      vertex 155.2 -41.953 60
      vertex 155.201 -40.3034 60.0072
      vertex 155.2 -40.3029 60
    endloop
  endfacet
  facet normal -0.99629 0.000228344 0.0860575
    outer loop
      vertex 155.201 -40.3034 60.0072
      vertex 155.2 -41.953 60
      vertex 155.212 -41.9438 60.1389
    endloop
  endfacet
  facet normal -0.913251 -0.393642 0.104971
    outer loop
      vertex 155.212 -41.9438 60.1389
      vertex 155.2 -41.953 60
      vertex 155.201 -41.9534 60.0072
    endloop
  endfacet
  facet normal -0.99653 0 0.0832333
    outer loop
      vertex 155.212 -40.2938 60.1389
      vertex 155.201 -40.3034 60.0072
      vertex 155.212 -41.9438 60.1389
    endloop
  endfacet
  facet normal -0.705674 0 0.708537
    outer loop
      vertex 155.387 -41.9397 60.5142
      vertex 155.486 -40.2973 60.6128
      vertex 155.387 -40.2897 60.5142
    endloop
  endfacet
  facet normal -0.705674 0 0.708537
    outer loop
      vertex 155.486 -40.2973 60.6128
      vertex 155.387 -41.9397 60.5142
      vertex 155.486 -41.9473 60.6128
    endloop
  endfacet
  facet normal 0.345468 0 -0.93843
    outer loop
      vertex 174.229 -39.957 65.8635
      vertex 175.274 -41.7385 66.2482
      vertex 174.229 -41.8484 65.8635
    endloop
  endfacet
  facet normal 0.345468 0 -0.93843
    outer loop
      vertex 175.274 -41.7385 66.2482
      vertex 174.229 -39.957 65.8635
      vertex 175.274 -39.8471 66.2482
    endloop
  endfacet
  facet normal 0.345749 4.45901e-05 -0.938327
    outer loop
      vertex 172.791 -40.4879 65.3337
      vertex 174.229 -41.8484 65.8635
      vertex 173.023 -42.2937 65.4191
    endloop
  endfacet
  facet normal 0.344283 -0.0001692 -0.938866
    outer loop
      vertex 172.782 -40.4896 65.3304
      vertex 173.023 -42.2937 65.4191
      vertex 173.014 -42.2954 65.4158
    endloop
  endfacet
  facet normal 0.345711 0 -0.938341
    outer loop
      vertex 174.229 -41.8484 65.8635
      vertex 172.791 -40.4879 65.3337
      vertex 174.229 -39.957 65.8635
    endloop
  endfacet
  facet normal 0.344283 -0.0001692 -0.938866
    outer loop
      vertex 173.023 -42.2937 65.4191
      vertex 172.782 -40.4896 65.3304
      vertex 172.791 -40.4879 65.3337
    endloop
  endfacet
  facet normal 0.345691 3.62392e-05 -0.938348
    outer loop
      vertex 166.959 -42.6438 63.1851
      vertex 172.782 -40.4896 65.3304
      vertex 173.014 -42.2954 65.4158
    endloop
  endfacet
  facet normal 0.345664 -6.86359e-05 -0.938358
    outer loop
      vertex 165.567 -40.9048 62.6722
      vertex 166.959 -42.6438 63.1851
      vertex 166.567 -42.6648 63.0407
    endloop
  endfacet
  facet normal 0.345711 -2.56733e-05 -0.938341
    outer loop
      vertex 166.959 -42.6438 63.1851
      vertex 165.567 -40.9048 62.6722
      vertex 172.782 -40.4896 65.3304
    endloop
  endfacet
  facet normal 0.345773 1.24969e-06 -0.938318
    outer loop
      vertex 165.532 -42.7203 62.6593
      vertex 165.567 -40.9048 62.6722
      vertex 166.567 -42.6648 63.0407
    endloop
  endfacet
  facet normal 0.34583 0 -0.938297
    outer loop
      vertex 165.532 -42.7203 62.6593
      vertex 165.532 -40.9066 62.6593
      vertex 165.567 -40.9048 62.6722
    endloop
  endfacet
  facet normal 0.345408 -5.9889e-05 -0.938452
    outer loop
      vertex 165.084 -41.0216 62.4943
      vertex 165.532 -42.7203 62.6593
      vertex 165.266 -42.789 62.5614
    endloop
  endfacet
  facet normal 0.336537 0.0527211 -0.940193
    outer loop
      vertex 165.235 -42.7962 62.5499
      vertex 165.266 -42.789 62.5614
      vertex 165.244 -42.7948 62.5532
    endloop
  endfacet
  facet normal 0.347763 0.000215595 -0.937583
    outer loop
      vertex 165.266 -42.789 62.5614
      vertex 165.235 -42.7962 62.5499
      vertex 165.084 -41.0216 62.4943
    endloop
  endfacet
  facet normal 0.345636 0 -0.938369
    outer loop
      vertex 165.532 -42.7203 62.6593
      vertex 165.093 -41.0201 62.4976
      vertex 165.532 -40.9066 62.6593
    endloop
  endfacet
  facet normal 0.344312 -0.000388241 -0.938855
    outer loop
      vertex 165.532 -42.7203 62.6593
      vertex 165.084 -41.0216 62.4943
      vertex 165.093 -41.0201 62.4976
    endloop
  endfacet
  facet normal 0.345681 1.43345e-05 -0.938352
    outer loop
      vertex 163.767 -42.8845 62.0091
      vertex 165.084 -41.0216 62.4943
      vertex 165.235 -42.7962 62.5499
    endloop
  endfacet
  facet normal 0.345795 -7.76785e-05 -0.93831
    outer loop
      vertex 163.767 -42.8845 62.0091
      vertex 162.86 -41.1554 61.6747
      vertex 165.084 -41.0216 62.4943
    endloop
  endfacet
  facet normal 0.345716 -0.000124805 -0.938339
    outer loop
      vertex 160.437 -42.7839 60.7822
      vertex 162.86 -41.1554 61.6747
      vertex 163.767 -42.8845 62.0091
    endloop
  endfacet
  facet normal 0.345613 4.95992e-05 -0.938377
    outer loop
      vertex 160.437 -42.7839 60.7822
      vertex 159.976 -41.0683 60.6125
      vertex 162.86 -41.1554 61.6747
    endloop
  endfacet
  facet normal 0.345847 0.000120964 -0.938291
    outer loop
      vertex 159.406 -42.637 60.4022
      vertex 159.976 -41.0683 60.6125
      vertex 160.437 -42.7839 60.7822
    endloop
  endfacet
  facet normal 0.3457 0 -0.938345
    outer loop
      vertex 157.003 -40.6447 59.5169
      vertex 159.406 -42.637 60.4022
      vertex 157.003 -42.2947 59.5169
    endloop
  endfacet
  facet normal 0.345802 0.000139621 -0.938308
    outer loop
      vertex 159.406 -42.637 60.4022
      vertex 157.003 -40.6447 59.5169
      vertex 159.976 -41.0683 60.6125
    endloop
  endfacet
  facet normal 0.345725 0 -0.938336
    outer loop
      vertex 156.778 -42.2424 59.434
      vertex 157.003 -40.6447 59.5169
      vertex 157.003 -42.2947 59.5169
    endloop
  endfacet
  facet normal 0.343614 0.000337457 -0.939111
    outer loop
      vertex 156.699 -42.227 59.4051
      vertex 157.003 -40.6447 59.5169
      vertex 156.778 -42.2424 59.434
    endloop
  endfacet
  facet normal 0.345701 -0.000117572 -0.938345
    outer loop
      vertex 157.003 -40.6447 59.5169
      vertex 156.699 -42.227 59.4051
      vertex 156.778 -40.5924 59.434
    endloop
  endfacet
  facet normal 0.3463 -0.000150471 -0.938124
    outer loop
      vertex 156.274 -42.1345 59.2482
      vertex 156.778 -40.5924 59.434
      vertex 156.699 -42.227 59.4051
    endloop
  endfacet
  facet normal 0.343696 0.000815977 -0.939081
    outer loop
      vertex 156.778 -40.5924 59.434
      vertex 156.274 -42.1345 59.2482
      vertex 156.699 -40.577 59.4051
    endloop
  endfacet
  facet normal 0.346329 0 -0.938113
    outer loop
      vertex 156.699 -40.577 59.4051
      vertex 156.274 -42.1345 59.2482
      vertex 156.274 -40.4845 59.2482
    endloop
  endfacet
  facet normal -0.966092 0 0.258198
    outer loop
      vertex 155.212 -40.2938 60.1389
      vertex 155.248 -41.9379 60.2736
      vertex 155.248 -40.2879 60.2736
    endloop
  endfacet
  facet normal -0.966092 0 0.258198
    outer loop
      vertex 155.248 -41.9379 60.2736
      vertex 155.212 -40.2938 60.1389
      vertex 155.212 -41.9438 60.1389
    endloop
  endfacet
  facet normal -0.345863 0 0.938285
    outer loop
      vertex 174.229 -39.0012 67.5686
      vertex 174.726 -40.8403 67.7518
      vertex 174.726 -38.9489 67.7518
    endloop
  endfacet
  facet normal -0.345863 0 0.938285
    outer loop
      vertex 174.229 -39.0012 67.5686
      vertex 174.229 -40.8926 67.5686
      vertex 174.726 -40.8403 67.7518
    endloop
  endfacet
  facet normal -0.345837 0 0.938295
    outer loop
      vertex 172.313 -39.7089 66.8624
      vertex 174.229 -40.8926 67.5686
      vertex 174.229 -39.0012 67.5686
    endloop
  endfacet
  facet normal -0.345758 0.000145527 0.938324
    outer loop
      vertex 174.229 -40.8926 67.5686
      vertex 172.313 -39.7089 66.8624
      vertex 172.544 -41.5147 66.9478
    endloop
  endfacet
  facet normal -0.344314 0.000355351 0.938855
    outer loop
      vertex 172.304 -39.7106 66.8591
      vertex 172.544 -41.5147 66.9478
      vertex 172.313 -39.7089 66.8624
    endloop
  endfacet
  facet normal -0.344314 0.000355351 0.938855
    outer loop
      vertex 172.544 -41.5147 66.9478
      vertex 172.304 -39.7106 66.8591
      vertex 172.535 -41.5164 66.9445
    endloop
  endfacet
  facet normal -0.345684 0 0.938351
    outer loop
      vertex 165.533 -41.9194 64.3647
      vertex 172.304 -39.7106 66.8591
      vertex 165.533 -40.1002 64.3647
    endloop
  endfacet
  facet normal -0.345727 0.000150062 0.938335
    outer loop
      vertex 172.304 -39.7106 66.8591
      vertex 165.533 -41.9194 64.3647
      vertex 172.535 -41.5164 66.9445
    endloop
  endfacet
  facet normal -0.345646 0 0.938365
    outer loop
      vertex 165.097 -40.224 64.2041
      vertex 165.533 -41.9194 64.3647
      vertex 165.533 -40.1002 64.3647
    endloop
  endfacet
  facet normal -0.347377 -0.000506022 0.937725
    outer loop
      vertex 165.063 -40.2329 64.1915
      vertex 165.533 -41.9194 64.3647
      vertex 165.097 -40.224 64.2041
    endloop
  endfacet
  facet normal -0.345876 -3.04633e-05 0.93828
    outer loop
      vertex 165.533 -41.9194 64.3647
      vertex 165.063 -40.2329 64.1915
      vertex 165.313 -41.9819 64.2836
    endloop
  endfacet
  facet normal -0.345429 4.20286e-05 0.938445
    outer loop
      vertex 164.637 -40.3429 64.0347
      vertex 165.313 -41.9819 64.2836
      vertex 165.063 -40.2329 64.1915
    endloop
  endfacet
  facet normal -0.345654 -6.32319e-05 0.938362
    outer loop
      vertex 165.313 -41.9819 64.2836
      vertex 164.637 -40.3429 64.0347
      vertex 164.845 -42.1029 64.1112
    endloop
  endfacet
  facet normal -0.344273 0.000122067 0.93887
    outer loop
      vertex 164.628 -40.3444 64.0314
      vertex 164.845 -42.1029 64.1112
      vertex 164.637 -40.3429 64.0347
    endloop
  endfacet
  facet normal -0.344281 0.000120937 0.938867
    outer loop
      vertex 164.779 -42.119 64.087
      vertex 164.845 -42.1029 64.1112
      vertex 164.628 -40.3444 64.0314
    endloop
  endfacet
  facet normal -0.344255 -1.13946e-11 0.938876
    outer loop
      vertex 164.845 -42.1029 64.1112
      vertex 164.779 -42.119 64.087
      vertex 164.788 -42.1175 64.0903
    endloop
  endfacet
  facet normal -0.345671 -1.33832e-05 0.938356
    outer loop
      vertex 164.628 -40.3444 64.0314
      vertex 161.025 -42.3448 62.7041
      vertex 164.779 -42.119 64.087
    endloop
  endfacet
  facet normal -0.345734 0.000114558 0.938333
    outer loop
      vertex 160.118 -40.6157 62.3697
      vertex 161.025 -42.3448 62.7041
      vertex 164.628 -40.3444 64.0314
    endloop
  endfacet
  facet normal -0.345716 0.000124805 0.938339
    outer loop
      vertex 160.118 -40.6157 62.3697
      vertex 157.695 -42.2442 61.4772
      vertex 161.025 -42.3448 62.7041
    endloop
  endfacet
  facet normal -0.345742 0.000167422 0.93833
    outer loop
      vertex 157.235 -40.5285 61.3074
      vertex 157.695 -42.2442 61.4772
      vertex 160.118 -40.6157 62.3697
    endloop
  endfacet
  facet normal -0.346505 -6.52284e-05 0.938048
    outer loop
      vertex 157.695 -42.2442 61.4772
      vertex 157.235 -40.5285 61.3074
      vertex 157.437 -42.2073 61.3819
    endloop
  endfacet
  facet normal -0.345582 0 0.938389
    outer loop
      vertex 156.778 -42.1135 61.1391
      vertex 157.235 -40.5285 61.3074
      vertex 156.778 -40.4635 61.1391
    endloop
  endfacet
  facet normal -0.345713 4.30605e-05 0.93834
    outer loop
      vertex 157.235 -40.5285 61.3074
      vertex 156.778 -42.1135 61.1391
      vertex 157.437 -42.2073 61.3819
    endloop
  endfacet
  facet normal -0.345486 0 0.938424
    outer loop
      vertex 155.726 -41.9746 60.7518
      vertex 156.778 -40.4635 61.1391
      vertex 155.726 -40.3246 60.7518
    endloop
  endfacet
  facet normal -0.345486 0 0.938424
    outer loop
      vertex 156.778 -40.4635 61.1391
      vertex 155.726 -41.9746 60.7518
      vertex 156.778 -42.1135 61.1391
    endloop
  endfacet
  facet normal -0.966092 0 -0.258198
    outer loop
      vertex 155.248 -40.3003 59.7264
      vertex 155.212 -41.9491 59.8611
      vertex 155.212 -40.2991 59.8611
    endloop
  endfacet
  facet normal -0.966092 0 -0.258198
    outer loop
      vertex 155.212 -41.9491 59.8611
      vertex 155.248 -40.3003 59.7264
      vertex 155.248 -41.9503 59.7264
    endloop
  endfacet
  facet normal -0.996289 0 -0.0860725
    outer loop
      vertex 155.212 -41.9491 59.8611
      vertex 155.2 -40.3029 60
      vertex 155.212 -40.2991 59.8611
    endloop
  endfacet
  facet normal -0.996289 -0 -0.0860725
    outer loop
      vertex 155.2 -40.3029 60
      vertex 155.212 -41.9491 59.8611
      vertex 155.2 -41.953 60
    endloop
  endfacet
  facet normal -0.81903 0 -0.573751
    outer loop
      vertex 155.387 -40.3173 59.4858
      vertex 155.307 -41.9564 59.6
      vertex 155.307 -40.3064 59.6
    endloop
  endfacet
  facet normal -0.81903 0 -0.573751
    outer loop
      vertex 155.307 -41.9564 59.6
      vertex 155.387 -40.3173 59.4858
      vertex 155.387 -41.9673 59.4858
    endloop
  endfacet
  facet normal -0.906147 0 0.422964
    outer loop
      vertex 155.248 -40.2879 60.2736
      vertex 155.307 -41.9366 60.4
      vertex 155.307 -40.2865 60.4
    endloop
  endfacet
  facet normal -0.906147 0 0.422964
    outer loop
      vertex 155.307 -41.9366 60.4
      vertex 155.248 -40.2879 60.2736
      vertex 155.248 -41.9379 60.2736
    endloop
  endfacet
  facet normal -0.81903 0 0.573751
    outer loop
      vertex 155.307 -41.9366 60.4
      vertex 155.387 -40.2897 60.5142
      vertex 155.307 -40.2865 60.4
    endloop
  endfacet
  facet normal -0.81903 0 0.573751
    outer loop
      vertex 155.387 -40.2897 60.5142
      vertex 155.307 -41.9366 60.4
      vertex 155.387 -41.9397 60.5142
    endloop
  endfacet
  facet normal -0.424066 0 0.905632
    outer loop
      vertex 155.6 -41.959 60.6928
      vertex 155.726 -40.3246 60.7518
      vertex 155.6 -40.309 60.6928
    endloop
  endfacet
  facet normal -0.424066 0 0.905632
    outer loop
      vertex 155.726 -40.3246 60.7518
      vertex 155.6 -41.959 60.6928
      vertex 155.726 -41.9746 60.7518
    endloop
  endfacet
  facet normal -0.424066 0 -0.905632
    outer loop
      vertex 155.6 -42.002 59.3072
      vertex 155.726 -40.3747 59.2482
      vertex 155.726 -42.0247 59.2482
    endloop
  endfacet
  facet normal -0.424066 0 -0.905632
    outer loop
      vertex 155.726 -40.3747 59.2482
      vertex 155.6 -42.002 59.3072
      vertex 155.6 -40.352 59.3072
    endloop
  endfacet
  facet normal -0.906147 0 -0.422964
    outer loop
      vertex 155.307 -40.3064 59.6
      vertex 155.248 -41.9503 59.7264
      vertex 155.248 -40.3003 59.7264
    endloop
  endfacet
  facet normal -0.906147 0 -0.422964
    outer loop
      vertex 155.248 -41.9503 59.7264
      vertex 155.307 -40.3064 59.6
      vertex 155.307 -41.9564 59.6
    endloop
  endfacet
  facet normal -0.257663 0 -0.966235
    outer loop
      vertex 155.726 -42.0247 59.2482
      vertex 155.861 -40.4001 59.2122
      vertex 155.861 -42.0501 59.2122
    endloop
  endfacet
  facet normal -0.257663 0 -0.966235
    outer loop
      vertex 155.861 -40.4001 59.2122
      vertex 155.726 -42.0247 59.2482
      vertex 155.726 -40.3747 59.2482
    endloop
  endfacet
  facet normal -0.705674 0 -0.708537
    outer loop
      vertex 155.486 -40.3327 59.3872
      vertex 155.387 -41.9673 59.4858
      vertex 155.387 -40.3173 59.4858
    endloop
  endfacet
  facet normal -0.705674 0 -0.708537
    outer loop
      vertex 155.387 -41.9673 59.4858
      vertex 155.486 -40.3327 59.3872
      vertex 155.486 -41.9827 59.3872
    endloop
  endfacet
  facet normal -0.574426 0 -0.818557
    outer loop
      vertex 155.486 -41.9827 59.3872
      vertex 155.6 -40.352 59.3072
      vertex 155.6 -42.002 59.3072
    endloop
  endfacet
  facet normal -0.574426 0 -0.818557
    outer loop
      vertex 155.6 -40.352 59.3072
      vertex 155.486 -41.9827 59.3872
      vertex 155.486 -40.3327 59.3872
    endloop
  endfacet
  facet normal 0.257663 0 -0.966235
    outer loop
      vertex 156.139 -42.1059 59.2122
      vertex 156.274 -40.4845 59.2482
      vertex 156.274 -42.1345 59.2482
    endloop
  endfacet
  facet normal 0.257663 0 -0.966235
    outer loop
      vertex 156.274 -40.4845 59.2482
      vertex 156.139 -42.1059 59.2122
      vertex 156.139 -40.4559 59.2122
    endloop
  endfacet
  facet normal -0.0874337 0 -0.99617
    outer loop
      vertex 155.861 -42.0501 59.2122
      vertex 156 -40.4274 59.2
      vertex 156 -42.0774 59.2
    endloop
  endfacet
  facet normal -0.0874337 0 -0.99617
    outer loop
      vertex 156 -40.4274 59.2
      vertex 155.861 -42.0501 59.2122
      vertex 155.861 -40.4001 59.2122
    endloop
  endfacet
  facet normal 0.0874337 0 -0.99617
    outer loop
      vertex 156 -42.0774 59.2
      vertex 156.139 -40.4559 59.2122
      vertex 156.139 -42.1059 59.2122
    endloop
  endfacet
  facet normal 0.0874337 0 -0.99617
    outer loop
      vertex 156.139 -40.4559 59.2122
      vertex 156 -42.0774 59.2
      vertex 156 -40.4274 59.2
    endloop
  endfacet
  facet normal 0.184398 -0.815733 0.54825
    outer loop
      vertex 179.548 -40.3514 69.4928
      vertex 182.843 -39.95 68.9818
      vertex 182.843 -38.8067 70.6829
    endloop
  endfacet
  facet normal 0.184396 -0.815754 0.548219
    outer loop
      vertex 182.843 -39.95 68.9818
      vertex 179.548 -40.3514 69.4928
      vertex 180.064 -41.2527 67.9781
    endloop
  endfacet
  facet normal -0.000350325 -0.859422 0.511267
    outer loop
      vertex 179.539 -40.3533 69.4896
      vertex 180.064 -41.2527 67.9781
      vertex 179.548 -40.3514 69.4928
    endloop
  endfacet
  facet normal -0.000350325 -0.859422 0.511267
    outer loop
      vertex 180.064 -41.2527 67.9781
      vertex 179.539 -40.3533 69.4896
      vertex 180.055 -41.2546 67.9749
    endloop
  endfacet
  facet normal 0.00530764 -0.819135 0.573577
    outer loop
      vertex 187.11 -39.1801 70.5224
      vertex 187.005 -38.0161 72.1857
      vertex 186.505 -38.1458 72.0051
    endloop
  endfacet
  facet normal 0.00524026 -0.819137 0.573574
    outer loop
      vertex 187.005 -38.0161 72.1857
      vertex 187.11 -39.1801 70.5224
      vertex 187.547 -39.0666 70.6805
    endloop
  endfacet
  facet normal -0.0565182 -0.828638 0.556925
    outer loop
      vertex 182.843 -38.8067 70.6829
      vertex 186.809 -39.258 70.4139
      vertex 186.246 -38.213 71.9116
    endloop
  endfacet
  facet normal -0.0565185 -0.828639 0.556923
    outer loop
      vertex 186.809 -39.258 70.4139
      vertex 182.843 -38.8067 70.6829
      vertex 182.843 -39.95 68.9818
    endloop
  endfacet
  facet normal 0.216731 -0.762191 0.609994
    outer loop
      vertex 187.005 -38.0161 72.1857
      vertex 191.348 -36.8876 72.0527
      vertex 191.348 -35.5261 73.7539
    endloop
  endfacet
  facet normal 0.216732 -0.762195 0.609988
    outer loop
      vertex 191.348 -36.8876 72.0527
      vertex 187.005 -38.0161 72.1857
      vertex 187.547 -39.0666 70.6805
    endloop
  endfacet
  facet normal 0.00298445 -0.819573 0.572968
    outer loop
      vertex 186.809 -39.258 70.4139
      vertex 186.255 -38.2108 71.9147
      vertex 186.246 -38.213 71.9116
    endloop
  endfacet
  facet normal -0.00264638 -0.820549 0.57157
    outer loop
      vertex 186.255 -38.2108 71.9147
      vertex 186.809 -39.258 70.4139
      vertex 186.818 -39.2558 70.4171
    endloop
  endfacet
  facet normal 0.00553901 -0.819094 0.573632
    outer loop
      vertex 186.818 -39.2558 70.4171
      vertex 186.505 -38.1458 72.0051
      vertex 186.255 -38.2108 71.9147
    endloop
  endfacet
  facet normal 0.00548963 -0.819099 0.573626
    outer loop
      vertex 186.505 -38.1458 72.0051
      vertex 186.818 -39.2558 70.4171
      vertex 187.11 -39.1801 70.5224
    endloop
  endfacet
  facet normal -0.0507954 -0.780173 0.623499
    outer loop
      vertex 193.361 -39.4722 68.9878
      vertex 193.639 -39.4903 68.9878
      vertex 193.5 -39.4715 69
    endloop
  endfacet
  facet normal -0.0507823 -0.779972 0.623751
    outer loop
      vertex 193.226 -39.4922 68.9518
      vertex 193.639 -39.4903 68.9878
      vertex 193.361 -39.4722 68.9878
    endloop
  endfacet
  facet normal -0.0508912 -0.779005 0.624949
    outer loop
      vertex 193.226 -39.4922 68.9518
      vertex 193.774 -39.528 68.9518
      vertex 193.639 -39.4903 68.9878
    endloop
  endfacet
  facet normal -0.0509755 -0.780296 0.623329
    outer loop
      vertex 193.1 -39.5311 68.8928
      vertex 193.774 -39.528 68.9518
      vertex 193.226 -39.4922 68.9518
    endloop
  endfacet
  facet normal -0.0510603 -0.779547 0.624259
    outer loop
      vertex 193.1 -39.5311 68.8928
      vertex 193.9 -39.5835 68.8928
      vertex 193.774 -39.528 68.9518
    endloop
  endfacet
  facet normal -0.0510593 -0.779532 0.624278
    outer loop
      vertex 192.986 -39.5877 68.8128
      vertex 193.9 -39.5835 68.8928
      vertex 193.1 -39.5311 68.8928
    endloop
  endfacet
  facet normal -0.0509949 -0.780101 0.623572
    outer loop
      vertex 192.986 -39.5877 68.8128
      vertex 194.014 -39.6549 68.8128
      vertex 193.9 -39.5835 68.8928
    endloop
  endfacet
  facet normal -0.0509666 -0.779667 0.624117
    outer loop
      vertex 192.986 -39.5877 68.8128
      vertex 194.113 -39.7403 68.7142
      vertex 194.014 -39.6549 68.8128
    endloop
  endfacet
  facet normal -0.0509195 -0.779476 0.624359
    outer loop
      vertex 192.986 -39.5877 68.8128
      vertex 194.193 -39.837 68.6
      vertex 194.113 -39.7403 68.7142
    endloop
  endfacet
  facet normal -0.0510596 -0.7798 0.623943
    outer loop
      vertex 192.986 -39.5877 68.8128
      vertex 194.252 -39.942 68.4736
      vertex 194.193 -39.837 68.6
    endloop
  endfacet
  facet normal -0.0511251 -0.779904 0.623808
    outer loop
      vertex 192.986 -39.5877 68.8128
      vertex 194.288 -40.0521 68.3389
      vertex 194.252 -39.942 68.4736
    endloop
  endfacet
  facet normal -0.0508644 -0.779592 0.624219
    outer loop
      vertex 192.986 -39.5877 68.8128
      vertex 194.3 -40.1641 68.2
      vertex 194.288 -40.0521 68.3389
    endloop
  endfacet
  facet normal -0.0509559 -0.779678 0.624103
    outer loop
      vertex 192.986 -39.5877 68.8128
      vertex 194.288 -40.2745 68.0611
      vertex 194.3 -40.1641 68.2
    endloop
  endfacet
  facet normal -0.0511678 -0.77984 0.623884
    outer loop
      vertex 192.986 -39.5877 68.8128
      vertex 194.252 -40.3799 67.9264
      vertex 194.288 -40.2745 68.0611
    endloop
  endfacet
  facet normal -0.0510007 -0.779735 0.624029
    outer loop
      vertex 192.986 -39.5877 68.8128
      vertex 194.193 -40.4772 67.8
      vertex 194.252 -40.3799 67.9264
    endloop
  endfacet
  facet normal -0.0508612 -0.779662 0.624131
    outer loop
      vertex 192.986 -39.5877 68.8128
      vertex 194.113 -40.5634 67.6858
      vertex 194.193 -40.4772 67.8
    endloop
  endfacet
  facet normal -0.0507496 -0.779614 0.624201
    outer loop
      vertex 192.986 -39.5877 68.8128
      vertex 194.014 -40.6359 67.5872
      vertex 194.113 -40.5634 67.6858
    endloop
  endfacet
  facet normal -0.0510248 -0.779713 0.624055
    outer loop
      vertex 191.348 -40.7346 67.2459
      vertex 194.014 -40.6359 67.5872
      vertex 192.986 -39.5877 68.8128
    endloop
  endfacet
  facet normal -0.0510174 -0.779751 0.624008
    outer loop
      vertex 191.348 -40.7346 67.2459
      vertex 192 -42.046 65.6605
      vertex 194.014 -40.6359 67.5872
    endloop
  endfacet
  facet normal -0.0509314 -0.779737 0.624032
    outer loop
      vertex 191.348 -45.1684 61.7058
      vertex 192 -42.046 65.6605
      vertex 191.348 -40.7346 67.2459
    endloop
  endfacet
  facet normal -0.0510034 -0.779729 0.624037
    outer loop
      vertex 192 -42.046 65.6605
      vertex 191.348 -45.1684 61.7058
      vertex 192 -44.0112 63.205
    endloop
  endfacet
  facet normal -0.051001 -0.779729 0.624036
    outer loop
      vertex 191.348 -45.1684 61.7058
      vertex 194.746 -45.7889 61.2082
      vertex 192 -44.0112 63.205
    endloop
  endfacet
  facet normal -0.0509951 -0.779713 0.624057
    outer loop
      vertex 194.746 -45.7889 61.2082
      vertex 191.348 -45.1684 61.7058
      vertex 193.648 -46.658 60.0326
    endloop
  endfacet
  facet normal -0.0510035 -0.779709 0.624062
    outer loop
      vertex 199.708 -47.2537 59.7836
      vertex 194.746 -45.7889 61.2082
      vertex 193.648 -46.658 60.0326
    endloop
  endfacet
  facet normal -0.0510098 -0.779718 0.624049
    outer loop
      vertex 194.746 -45.7889 61.2082
      vertex 199.708 -47.2537 59.7836
      vertex 199.061 -45.9561 61.352
    endloop
  endfacet
  facet normal -0.0510038 -0.779732 0.624033
    outer loop
      vertex 191.348 -35.5261 73.7539
      vertex 191.348 -36.8876 72.0527
      vertex 193.013 -36.5152 72.6541
    endloop
  endfacet
  facet normal -0.0511772 -0.781717 0.621529
    outer loop
      vertex 192.861 -35.1978 74.2878
      vertex 193.139 -35.216 74.2878
      vertex 193 -35.1972 74.3
    endloop
  endfacet
  facet normal -0.0509597 -0.778395 0.625703
    outer loop
      vertex 192.726 -35.2179 74.2518
      vertex 193.139 -35.216 74.2878
      vertex 192.861 -35.1978 74.2878
    endloop
  endfacet
  facet normal -0.0508912 -0.779005 0.624949
    outer loop
      vertex 192.726 -35.2179 74.2518
      vertex 193.274 -35.2537 74.2518
      vertex 193.139 -35.216 74.2878
    endloop
  endfacet
  facet normal -0.0509407 -0.779762 0.624
    outer loop
      vertex 193.013 -36.5152 72.6541
      vertex 193.274 -35.2537 74.2518
      vertex 192.726 -35.2179 74.2518
    endloop
  endfacet
  facet normal -0.0510575 -0.779768 0.623984
    outer loop
      vertex 193.013 -36.5152 72.6541
      vertex 192.726 -35.2179 74.2518
      vertex 191.348 -35.5261 73.7539
    endloop
  endfacet
  facet normal -0.0509322 -0.779763 0.624
    outer loop
      vertex 193.274 -35.2537 74.2518
      vertex 193.013 -36.5152 72.6541
      vertex 193.815 -35.4314 74.0739
    endloop
  endfacet
  facet normal -0.0510194 -0.779735 0.624028
    outer loop
      vertex 193.815 -35.4314 74.0739
      vertex 193.013 -36.5152 72.6541
      vertex 194.618 -37.0423 72.1267
    endloop
  endfacet
  facet normal -0.184354 0.81574 -0.548254
    outer loop
      vertex 182.843 -37.9666 68.9818
      vertex 179.297 -38.4853 69.4024
      vertex 182.843 -36.8233 70.6829
    endloop
  endfacet
  facet normal -0.184356 0.815683 -0.548338
    outer loop
      vertex 179.297 -38.4853 69.4024
      vertex 182.843 -37.9666 68.9818
      vertex 179.814 -39.3867 67.8877
    endloop
  endfacet
  facet normal -0.00813484 0.858093 -0.513429
    outer loop
      vertex 179.814 -39.3867 67.8877
      vertex 179.288 -38.4873 69.3992
      vertex 179.297 -38.4853 69.4024
    endloop
  endfacet
  facet normal 0.000350252 0.859422 -0.511267
    outer loop
      vertex 179.288 -38.4873 69.3992
      vertex 179.814 -39.3867 67.8877
      vertex 179.805 -39.3886 67.8845
    endloop
  endfacet
  facet normal -0.216742 0.762189 -0.609993
    outer loop
      vertex 191.348 -34.7748 72.0527
      vertex 186.667 -36.0972 72.0636
      vertex 191.348 -33.4133 73.7539
    endloop
  endfacet
  facet normal -0.216748 0.76221 -0.609964
    outer loop
      vertex 186.667 -36.0972 72.0636
      vertex 191.348 -34.7748 72.0527
      vertex 187.209 -37.1477 70.5583
    endloop
  endfacet
  facet normal 0.00263391 0.820565 -0.571547
    outer loop
      vertex 186.536 -37.3222 70.3152
      vertex 185.981 -36.275 71.8161
      vertex 186.545 -37.32 70.3184
    endloop
  endfacet
  facet normal 0.0029209 0.820614 -0.571475
    outer loop
      vertex 185.981 -36.275 71.8161
      vertex 186.536 -37.3222 70.3152
      vertex 185.973 -36.2772 71.8129
    endloop
  endfacet
  facet normal 0.056491 0.828634 -0.556933
    outer loop
      vertex 186.536 -37.3222 70.3152
      vertex 182.843 -36.8233 70.6829
      vertex 185.973 -36.2772 71.8129
    endloop
  endfacet
  facet normal 0.0564926 0.82864 -0.556924
    outer loop
      vertex 182.843 -36.8233 70.6829
      vertex 186.536 -37.3222 70.3152
      vertex 182.843 -37.9666 68.9818
    endloop
  endfacet
  facet normal -0.00529205 0.819156 -0.573546
    outer loop
      vertex 186.974 -37.2087 70.4734
      vertex 185.981 -36.275 71.8161
      vertex 186.461 -36.1507 71.9892
    endloop
  endfacet
  facet normal -0.00529582 0.819155 -0.573548
    outer loop
      vertex 185.981 -36.275 71.8161
      vertex 186.974 -37.2087 70.4734
      vertex 186.545 -37.32 70.3184
    endloop
  endfacet
  facet normal -0.00555473 0.8191 -0.573624
    outer loop
      vertex 187.209 -37.1477 70.5583
      vertex 186.461 -36.1507 71.9892
      vertex 186.667 -36.0972 72.0636
    endloop
  endfacet
  facet normal -0.00540864 0.819137 -0.573573
    outer loop
      vertex 186.461 -36.1507 71.9892
      vertex 187.209 -37.1477 70.5583
      vertex 186.974 -37.2087 70.4734
    endloop
  endfacet
  facet normal -0.0039395 0.769705 -0.638388
    outer loop
      vertex 199.281 -45.1323 59.7594
      vertex 198.64 -43.8263 61.338
      vertex 199.291 -45.132 59.7597
    endloop
  endfacet
  facet normal -0.0039395 0.769705 -0.638388
    outer loop
      vertex 198.64 -43.8263 61.338
      vertex 199.281 -45.1323 59.7594
      vertex 198.63 -43.8266 61.3377
    endloop
  endfacet
  facet normal 0.00416217 0.771342 -0.636407
    outer loop
      vertex 193.321 -33.1557 74.2363
      vertex 194.112 -34.7634 72.2929
      vertex 193.309 -33.1525 74.2401
    endloop
  endfacet
  facet normal -0.00321061 0.769871 -0.638191
    outer loop
      vertex 194.112 -34.7634 72.2929
      vertex 193.321 -33.1557 74.2363
      vertex 194.124 -34.7665 72.2891
    endloop
  endfacet
  facet normal -0.229257 0.701516 -0.674771
    outer loop
      vertex 199.291 -45.132 59.7597
      vertex 199.714 -43.4412 61.3738
      vertex 199.714 -44.9802 59.7738
    endloop
  endfacet
  facet normal -0.229048 0.701524 -0.674834
    outer loop
      vertex 199.714 -43.4412 61.3738
      vertex 199.291 -45.132 59.7597
      vertex 198.64 -43.8263 61.338
    endloop
  endfacet
  facet normal -0.228978 0.701579 -0.674801
    outer loop
      vertex 199.714 -33.0898 72.1355
      vertex 194.124 -34.7665 72.2891
      vertex 193.321 -33.1557 74.2363
    endloop
  endfacet
  facet normal -0.22897 0.701549 -0.674834
    outer loop
      vertex 194.124 -34.7665 72.2891
      vertex 199.714 -33.0898 72.1355
      vertex 199.714 -34.709 70.4522
    endloop
  endfacet
  facet normal 0.05102 0.779725 -0.62404
    outer loop
      vertex 194.5 -44.9471 59.6
      vertex 194.746 -43.6761 61.2082
      vertex 198.63 -43.8266 61.3377
    endloop
  endfacet
  facet normal 0.0510096 0.779738 -0.624024
    outer loop
      vertex 194.5 -44.9471 59.6
      vertex 198.63 -43.8266 61.3377
      vertex 199.281 -45.1323 59.7594
    endloop
  endfacet
  facet normal 0.0509413 0.779734 -0.624035
    outer loop
      vertex 194.746 -43.6761 61.2082
      vertex 194.5 -44.9471 59.6
      vertex 193.986 -44.7637 59.7872
    endloop
  endfacet
  facet normal 0.0507272 0.779478 -0.624372
    outer loop
      vertex 193.986 -44.7637 59.7872
      vertex 194.5 -44.9471 59.6
      vertex 194.1 -44.8352 59.7072
    endloop
  endfacet
  facet normal 0.0512789 0.780356 -0.62323
    outer loop
      vertex 194.1 -44.8352 59.7072
      vertex 194.5 -44.9471 59.6
      vertex 194.226 -44.8906 59.6482
    endloop
  endfacet
  facet normal 0.0502577 0.777991 -0.626263
    outer loop
      vertex 194.226 -44.8906 59.6482
      vertex 194.5 -44.9471 59.6
      vertex 194.361 -44.9283 59.6122
    endloop
  endfacet
  facet normal 0.0509735 0.778607 -0.625438
    outer loop
      vertex 193.639 -37.3776 68.9878
      vertex 193.361 -37.3594 68.9878
      vertex 193.5 -37.3587 69
    endloop
  endfacet
  facet normal 0.0510813 0.780252 -0.623375
    outer loop
      vertex 193.774 -37.4152 68.9518
      vertex 193.361 -37.3594 68.9878
      vertex 193.639 -37.3776 68.9878
    endloop
  endfacet
  facet normal 0.0509334 0.779651 -0.62414
    outer loop
      vertex 193.774 -37.4152 68.9518
      vertex 193.226 -37.3794 68.9518
      vertex 193.361 -37.3594 68.9878
    endloop
  endfacet
  facet normal 0.0509179 0.779414 -0.624437
    outer loop
      vertex 193.9 -37.4707 68.8928
      vertex 193.226 -37.3794 68.9518
      vertex 193.774 -37.4152 68.9518
    endloop
  endfacet
  facet normal 0.0510999 0.780152 -0.6235
    outer loop
      vertex 193.9 -37.4707 68.8928
      vertex 193.1 -37.4183 68.8928
      vertex 193.226 -37.3794 68.9518
    endloop
  endfacet
  facet normal 0.0510699 0.779693 -0.624076
    outer loop
      vertex 194.014 -37.5422 68.8128
      vertex 193.1 -37.4183 68.8928
      vertex 193.9 -37.4707 68.8928
    endloop
  endfacet
  facet normal 0.0510348 0.779551 -0.624257
    outer loop
      vertex 194.014 -37.5422 68.8128
      vertex 192.986 -37.4749 68.8128
      vertex 193.1 -37.4183 68.8928
    endloop
  endfacet
  facet normal 0.0510698 0.780086 -0.623584
    outer loop
      vertex 194.113 -37.6275 68.7142
      vertex 192.986 -37.4749 68.8128
      vertex 194.014 -37.5422 68.8128
    endloop
  endfacet
  facet normal 0.0509195 0.779476 -0.624359
    outer loop
      vertex 194.193 -37.7242 68.6
      vertex 192.986 -37.4749 68.8128
      vertex 194.113 -37.6275 68.7142
    endloop
  endfacet
  facet normal 0.0510596 0.7798 -0.623943
    outer loop
      vertex 194.252 -37.8292 68.4736
      vertex 192.986 -37.4749 68.8128
      vertex 194.193 -37.7242 68.6
    endloop
  endfacet
  facet normal 0.0511251 0.779904 -0.623808
    outer loop
      vertex 194.288 -37.9393 68.3389
      vertex 192.986 -37.4749 68.8128
      vertex 194.252 -37.8292 68.4736
    endloop
  endfacet
  facet normal 0.0508644 0.779592 -0.624219
    outer loop
      vertex 194.3 -38.0513 68.2
      vertex 192.986 -37.4749 68.8128
      vertex 194.288 -37.9393 68.3389
    endloop
  endfacet
  facet normal 0.0509559 0.779678 -0.624103
    outer loop
      vertex 194.288 -38.1617 68.0611
      vertex 192.986 -37.4749 68.8128
      vertex 194.3 -38.0513 68.2
    endloop
  endfacet
  facet normal 0.0511678 0.77984 -0.623884
    outer loop
      vertex 194.252 -38.2671 67.9264
      vertex 192.986 -37.4749 68.8128
      vertex 194.288 -38.1617 68.0611
    endloop
  endfacet
  facet normal 0.0510007 0.779735 -0.624029
    outer loop
      vertex 194.193 -38.3644 67.8
      vertex 192.986 -37.4749 68.8128
      vertex 194.252 -38.2671 67.9264
    endloop
  endfacet
  facet normal 0.0508612 0.779662 -0.624131
    outer loop
      vertex 194.113 -38.4506 67.6858
      vertex 192.986 -37.4749 68.8128
      vertex 194.193 -38.3644 67.8
    endloop
  endfacet
  facet normal 0.0507496 0.779614 -0.624201
    outer loop
      vertex 194.014 -38.5231 67.5872
      vertex 192.986 -37.4749 68.8128
      vertex 194.113 -38.4506 67.6858
    endloop
  endfacet
  facet normal 0.0510248 0.779713 -0.624055
    outer loop
      vertex 194.014 -38.5231 67.5872
      vertex 191.348 -38.6218 67.2459
      vertex 192.986 -37.4749 68.8128
    endloop
  endfacet
  facet normal 0.0510219 0.779728 -0.624036
    outer loop
      vertex 192 -39.9333 65.6605
      vertex 191.348 -38.6218 67.2459
      vertex 194.014 -38.5231 67.5872
    endloop
  endfacet
  facet normal 0.0509316 0.779747 -0.62402
    outer loop
      vertex 191.348 -43.0556 61.7058
      vertex 192 -39.9333 65.6605
      vertex 192 -41.8984 63.205
    endloop
  endfacet
  facet normal 0.0510507 0.779733 -0.624028
    outer loop
      vertex 192 -39.9333 65.6605
      vertex 191.348 -43.0556 61.7058
      vertex 191.348 -38.6218 67.2459
    endloop
  endfacet
  facet normal 0.051001 0.779729 -0.624036
    outer loop
      vertex 194.746 -43.6761 61.2082
      vertex 191.348 -43.0556 61.7058
      vertex 192 -41.8984 63.205
    endloop
  endfacet
  facet normal 0.0509965 0.779717 -0.624052
    outer loop
      vertex 191.348 -43.0556 61.7058
      vertex 194.746 -43.6761 61.2082
      vertex 193.986 -44.7637 59.7872
    endloop
  endfacet
  facet normal 0.0511772 0.781717 -0.621529
    outer loop
      vertex 193.139 -33.1032 74.2878
      vertex 192.861 -33.085 74.2878
      vertex 193 -33.0844 74.3
    endloop
  endfacet
  facet normal 0.0510123 0.779198 -0.624698
    outer loop
      vertex 193.274 -33.1409 74.2518
      vertex 192.861 -33.085 74.2878
      vertex 193.139 -33.1032 74.2878
    endloop
  endfacet
  facet normal 0.0508646 0.778597 -0.625459
    outer loop
      vertex 193.274 -33.1409 74.2518
      vertex 192.726 -33.1051 74.2518
      vertex 192.861 -33.085 74.2878
    endloop
  endfacet
  facet normal 0.0499059 0.779886 -0.623929
    outer loop
      vertex 193.013 -34.4024 72.6541
      vertex 193.274 -33.1409 74.2518
      vertex 193.309 -33.1525 74.2401
    endloop
  endfacet
  facet normal 0.0509407 0.779762 -0.624
    outer loop
      vertex 193.274 -33.1409 74.2518
      vertex 193.013 -34.4024 72.6541
      vertex 192.726 -33.1051 74.2518
    endloop
  endfacet
  facet normal 0.0510575 0.779768 -0.623984
    outer loop
      vertex 192.726 -33.1051 74.2518
      vertex 193.013 -34.4024 72.6541
      vertex 191.348 -33.4133 73.7539
    endloop
  endfacet
  facet normal 0.0510356 0.779738 -0.624023
    outer loop
      vertex 193.013 -34.4024 72.6541
      vertex 193.309 -33.1525 74.2401
      vertex 194.112 -34.7634 72.2929
    endloop
  endfacet
  facet normal 0.0510038 0.779732 -0.624033
    outer loop
      vertex 191.348 -33.4133 73.7539
      vertex 193.013 -34.4024 72.6541
      vertex 191.348 -34.7748 72.0527
    endloop
  endfacet
  facet normal 0.339719 0 -0.940527
    outer loop
      vertex 191.348 -34.7748 72.0527
      vertex 193.013 -36.5152 72.6541
      vertex 191.348 -36.8876 72.0527
    endloop
  endfacet
  facet normal 0.339719 0 -0.940527
    outer loop
      vertex 193.013 -36.5152 72.6541
      vertex 191.348 -34.7748 72.0527
      vertex 193.013 -34.4024 72.6541
    endloop
  endfacet
  facet normal 0.339601 -7.94834e-05 -0.94057
    outer loop
      vertex 187.209 -37.1477 70.5583
      vertex 191.348 -36.8876 72.0527
      vertex 187.547 -39.0666 70.6805
    endloop
  endfacet
  facet normal 0.339596 0 -0.940571
    outer loop
      vertex 191.348 -36.8876 72.0527
      vertex 187.209 -37.1477 70.5583
      vertex 191.348 -34.7748 72.0527
    endloop
  endfacet
  facet normal 0.340183 9.50077e-05 -0.940359
    outer loop
      vertex 186.974 -37.2087 70.4734
      vertex 187.547 -39.0666 70.6805
      vertex 187.11 -39.1801 70.5224
    endloop
  endfacet
  facet normal 0.339792 -4.14845e-05 -0.940501
    outer loop
      vertex 187.547 -39.0666 70.6805
      vertex 186.974 -37.2087 70.4734
      vertex 187.209 -37.1477 70.5583
    endloop
  endfacet
  facet normal 0.339255 -9.66447e-05 -0.940694
    outer loop
      vertex 186.536 -37.3222 70.3152
      vertex 187.11 -39.1801 70.5224
      vertex 186.818 -39.2558 70.4171
    endloop
  endfacet
  facet normal 0.335176 -0.000768453 -0.942155
    outer loop
      vertex 186.536 -37.3222 70.3152
      vertex 186.818 -39.2558 70.4171
      vertex 186.809 -39.258 70.4139
    endloop
  endfacet
  facet normal 0.339791 6.44577e-05 -0.940501
    outer loop
      vertex 187.11 -39.1801 70.5224
      vertex 186.545 -37.32 70.3184
      vertex 186.974 -37.2087 70.4734
    endloop
  endfacet
  facet normal 0.335328 -0.0014668 -0.9421
    outer loop
      vertex 187.11 -39.1801 70.5224
      vertex 186.536 -37.3222 70.3152
      vertex 186.545 -37.32 70.3184
    endloop
  endfacet
  facet normal 0.33963 0 -0.940559
    outer loop
      vertex 182.843 -37.9666 68.9818
      vertex 186.809 -39.258 70.4139
      vertex 182.843 -39.95 68.9818
    endloop
  endfacet
  facet normal 0.339613 -6.17513e-05 -0.940565
    outer loop
      vertex 186.809 -39.258 70.4139
      vertex 182.843 -37.9666 68.9818
      vertex 186.536 -37.3222 70.3152
    endloop
  endfacet
  facet normal 0.339717 -5.06162e-05 -0.940528
    outer loop
      vertex 179.814 -39.3867 67.8877
      vertex 182.843 -39.95 68.9818
      vertex 180.064 -41.2527 67.9781
    endloop
  endfacet
  facet normal 0.335149 -0.000741991 -0.942165
    outer loop
      vertex 179.805 -39.3886 67.8845
      vertex 180.064 -41.2527 67.9781
      vertex 180.055 -41.2546 67.9749
    endloop
  endfacet
  facet normal 0.339725 0 -0.940525
    outer loop
      vertex 182.843 -39.95 68.9818
      vertex 179.814 -39.3867 67.8877
      vertex 182.843 -37.9666 68.9818
    endloop
  endfacet
  facet normal 0.335149 -0.000741991 -0.942165
    outer loop
      vertex 180.064 -41.2527 67.9781
      vertex 179.805 -39.3886 67.8845
      vertex 179.814 -39.3867 67.8877
    endloop
  endfacet
  facet normal 0.339684 0 -0.94054
    outer loop
      vertex 175.274 -39.8471 66.2482
      vertex 180.055 -41.2546 67.9749
      vertex 175.274 -41.7385 66.2482
    endloop
  endfacet
  facet normal 0.339669 -5.7885e-05 -0.940545
    outer loop
      vertex 180.055 -41.2546 67.9749
      vertex 175.274 -39.8471 66.2482
      vertex 179.805 -39.3886 67.8845
    endloop
  endfacet
  facet normal -0.339819 0 0.940491
    outer loop
      vertex 191.348 -33.4133 73.7539
      vertex 192.726 -35.2179 74.2518
      vertex 192.726 -33.1051 74.2518
    endloop
  endfacet
  facet normal -0.339819 0 0.940491
    outer loop
      vertex 191.348 -33.4133 73.7539
      vertex 191.348 -35.5261 73.7539
      vertex 192.726 -35.2179 74.2518
    endloop
  endfacet
  facet normal -0.339634 0 0.940558
    outer loop
      vertex 186.667 -36.0972 72.0636
      vertex 191.348 -35.5261 73.7539
      vertex 191.348 -33.4133 73.7539
    endloop
  endfacet
  facet normal -0.339636 2.34437e-05 0.940557
    outer loop
      vertex 191.348 -35.5261 73.7539
      vertex 186.667 -36.0972 72.0636
      vertex 187.005 -38.0161 72.1857
    endloop
  endfacet
  facet normal -0.339692 1.22864e-05 0.940537
    outer loop
      vertex 186.461 -36.1507 71.9892
      vertex 187.005 -38.0161 72.1857
      vertex 186.667 -36.0972 72.0636
    endloop
  endfacet
  facet normal -0.339719 3.37491e-06 0.940527
    outer loop
      vertex 187.005 -38.0161 72.1857
      vertex 186.461 -36.1507 71.9892
      vertex 186.505 -38.1458 72.0051
    endloop
  endfacet
  facet normal -0.339243 1.52369e-05 0.940699
    outer loop
      vertex 185.981 -36.275 71.8161
      vertex 186.505 -38.1458 72.0051
      vertex 186.461 -36.1507 71.9892
    endloop
  endfacet
  facet normal -0.36912 -0.00950135 0.929333
    outer loop
      vertex 185.973 -36.2772 71.8129
      vertex 186.505 -38.1458 72.0051
      vertex 185.981 -36.275 71.8161
    endloop
  endfacet
  facet normal -0.340033 -8.02218e-05 0.940414
    outer loop
      vertex 186.505 -38.1458 72.0051
      vertex 185.973 -36.2772 71.8129
      vertex 186.255 -38.2108 71.9147
    endloop
  endfacet
  facet normal -0.326147 0.00220295 0.945316
    outer loop
      vertex 186.255 -38.2108 71.9147
      vertex 185.973 -36.2772 71.8129
      vertex 186.246 -38.213 71.9116
    endloop
  endfacet
  facet normal -0.339581 6.68146e-05 0.940577
    outer loop
      vertex 182.843 -36.8233 70.6829
      vertex 186.246 -38.213 71.9116
      vertex 185.973 -36.2772 71.8129
    endloop
  endfacet
  facet normal -0.339605 0 0.940568
    outer loop
      vertex 182.843 -36.8233 70.6829
      vertex 182.843 -38.8067 70.6829
      vertex 186.246 -38.213 71.9116
    endloop
  endfacet
  facet normal -0.339644 0 0.940554
    outer loop
      vertex 179.297 -38.4853 69.4024
      vertex 182.843 -38.8067 70.6829
      vertex 182.843 -36.8233 70.6829
    endloop
  endfacet
  facet normal -0.339654 -0.000121891 0.94055
    outer loop
      vertex 182.843 -38.8067 70.6829
      vertex 179.297 -38.4853 69.4024
      vertex 179.548 -40.3514 69.4928
    endloop
  endfacet
  facet normal -0.335121 0.000566496 0.942175
    outer loop
      vertex 179.288 -38.4873 69.3992
      vertex 179.548 -40.3514 69.4928
      vertex 179.297 -38.4853 69.4024
    endloop
  endfacet
  facet normal -0.335116 0.00056735 0.942177
    outer loop
      vertex 179.548 -40.3514 69.4928
      vertex 179.288 -38.4873 69.3992
      vertex 179.539 -40.3533 69.4896
    endloop
  endfacet
  facet normal -0.339636 -0.000119099 0.940557
    outer loop
      vertex 174.726 -38.9489 67.7518
      vertex 179.539 -40.3533 69.4896
      vertex 179.288 -38.4873 69.3992
    endloop
  endfacet
  facet normal -0.339605 0 0.940568
    outer loop
      vertex 179.539 -40.3533 69.4896
      vertex 174.726 -38.9489 67.7518
      vertex 174.726 -40.8403 67.7518
    endloop
  endfacet
  facet normal -0.257663 0 0.966235
    outer loop
      vertex 192.726 -33.1051 74.2518
      vertex 192.861 -35.1978 74.2878
      vertex 192.861 -33.085 74.2878
    endloop
  endfacet
  facet normal -0.257663 0 0.966235
    outer loop
      vertex 192.861 -35.1978 74.2878
      vertex 192.726 -33.1051 74.2518
      vertex 192.726 -35.2179 74.2518
    endloop
  endfacet
  facet normal 0.257663 -0 0.966235
    outer loop
      vertex 193.139 -35.216 74.2878
      vertex 193.274 -33.1409 74.2518
      vertex 193.139 -33.1032 74.2878
    endloop
  endfacet
  facet normal 0.257663 0 0.966235
    outer loop
      vertex 193.274 -33.1409 74.2518
      vertex 193.139 -35.216 74.2878
      vertex 193.274 -35.2537 74.2518
    endloop
  endfacet
  facet normal 0.0874337 -0 0.99617
    outer loop
      vertex 193 -35.1972 74.3
      vertex 193.139 -33.1032 74.2878
      vertex 193 -33.0844 74.3
    endloop
  endfacet
  facet normal 0.0874337 0 0.99617
    outer loop
      vertex 193.139 -33.1032 74.2878
      vertex 193 -35.1972 74.3
      vertex 193.139 -35.216 74.2878
    endloop
  endfacet
  facet normal -0.0874337 0 0.99617
    outer loop
      vertex 192.861 -33.085 74.2878
      vertex 193 -35.1972 74.3
      vertex 193 -33.0844 74.3
    endloop
  endfacet
  facet normal -0.0874337 0 0.99617
    outer loop
      vertex 193 -35.1972 74.3
      vertex 192.861 -33.085 74.2878
      vertex 192.861 -35.1978 74.2878
    endloop
  endfacet
  facet normal -0.0568909 -0.81789 0.572555
    outer loop
      vertex 194.5 -47.0201 59.6
      vertex 193.648 -46.658 60.0326
      vertex 193.986 -46.8533 59.7872
    endloop
  endfacet
  facet normal -0.0568704 -0.817874 0.572581
    outer loop
      vertex 193.648 -46.658 60.0326
      vertex 194.5 -47.0201 59.6
      vertex 199.708 -47.2537 59.7836
    endloop
  endfacet
  facet normal -0.0571657 -0.818204 0.572079
    outer loop
      vertex 194.5 -47.0201 59.6
      vertex 193.986 -46.8533 59.7872
      vertex 194.1 -46.9172 59.7072
    endloop
  endfacet
  facet normal -0.0567328 -0.817545 0.573063
    outer loop
      vertex 194.5 -47.0201 59.6
      vertex 194.1 -46.9172 59.7072
      vertex 194.226 -46.9673 59.6482
    endloop
  endfacet
  facet normal -0.0567685 -0.817625 0.572946
    outer loop
      vertex 194.5 -47.0201 59.6
      vertex 194.226 -46.9673 59.6482
      vertex 194.361 -47.0019 59.6122
    endloop
  endfacet
  facet normal -0.0568477 -0.821749 0.567007
    outer loop
      vertex 199.708 -47.2537 59.7836
      vertex 194.5 -47.0201 59.6
      vertex 199.708 -47.2606 59.7736
    endloop
  endfacet
  facet normal 0.229034 -0.70156 0.674802
    outer loop
      vertex 199.714 -45.7253 61.3738
      vertex 199.071 -45.9558 61.3524
      vertex 199.714 -47.246 59.7928
    endloop
  endfacet
  facet normal 0.228995 -0.701552 0.674822
    outer loop
      vertex 194.63 -37.0455 72.1229
      vertex 199.714 -35.3739 72.1355
      vertex 193.827 -35.4346 74.0701
    endloop
  endfacet
  facet normal 0.228993 -0.701545 0.674831
    outer loop
      vertex 199.714 -35.3739 72.1355
      vertex 194.63 -37.0455 72.1229
      vertex 199.714 -36.9931 70.4522
    endloop
  endfacet
  facet normal -0.00234411 -0.770989 0.636844
    outer loop
      vertex 199.061 -45.9561 61.352
      vertex 199.714 -47.246 59.7928
      vertex 199.071 -45.9558 61.3524
    endloop
  endfacet
  facet normal 0.00694631 -0.76906 0.639139
    outer loop
      vertex 199.714 -47.246 59.7928
      vertex 199.061 -45.9561 61.352
      vertex 199.708 -47.2537 59.7836
    endloop
  endfacet
  facet normal -0.00416217 -0.771342 0.636407
    outer loop
      vertex 194.618 -37.0423 72.1267
      vertex 193.827 -35.4346 74.0701
      vertex 193.815 -35.4314 74.0739
    endloop
  endfacet
  facet normal -0.00416217 -0.771342 0.636407
    outer loop
      vertex 193.827 -35.4346 74.0701
      vertex 194.618 -37.0423 72.1267
      vertex 194.63 -37.0455 72.1229
    endloop
  endfacet
  facet normal -0.14435 -0.713113 0.686027
    outer loop
      vertex 201.887 -41.7287 65.9858
      vertex 202.5 -40.5885 67.3
      vertex 202.361 -40.5721 67.2878
    endloop
  endfacet
  facet normal -0.141797 -0.718097 0.681344
    outer loop
      vertex 202.1 -40.6107 67.1928
      vertex 202.361 -40.5721 67.2878
      vertex 202.226 -40.5796 67.2518
    endloop
  endfacet
  facet normal -0.144377 -0.71418 0.68491
    outer loop
      vertex 200.861 -38.2488 69.3878
      vertex 201.139 -38.305 69.3878
      vertex 201 -38.2652 69.4
    endloop
  endfacet
  facet normal -0.144051 -0.712563 0.686661
    outer loop
      vertex 200.726 -38.2562 69.3518
      vertex 201.139 -38.305 69.3878
      vertex 200.861 -38.2488 69.3878
    endloop
  endfacet
  facet normal -0.144067 -0.713178 0.686018
    outer loop
      vertex 200.726 -38.2562 69.3518
      vertex 201.274 -38.3669 69.3518
      vertex 201.139 -38.305 69.3878
    endloop
  endfacet
  facet normal -0.144187 -0.713771 0.685377
    outer loop
      vertex 200.6 -38.2874 69.2928
      vertex 201.274 -38.3669 69.3518
      vertex 200.726 -38.2562 69.3518
    endloop
  endfacet
  facet normal -0.144185 -0.713714 0.685437
    outer loop
      vertex 200.486 -38.3412 69.2128
      vertex 201.274 -38.3669 69.3518
      vertex 200.6 -38.2874 69.2928
    endloop
  endfacet
  facet normal -0.144319 -0.712792 0.686367
    outer loop
      vertex 200.387 -38.4161 69.1142
      vertex 201.274 -38.3669 69.3518
      vertex 200.486 -38.3412 69.2128
    endloop
  endfacet
  facet normal -0.144233 -0.713065 0.686102
    outer loop
      vertex 200.307 -38.5098 69
      vertex 201.274 -38.3669 69.3518
      vertex 200.387 -38.4161 69.1142
    endloop
  endfacet
  facet normal -0.144082 -0.713374 0.685812
    outer loop
      vertex 200.248 -38.6194 68.8736
      vertex 201.274 -38.3669 69.3518
      vertex 200.307 -38.5098 69
    endloop
  endfacet
  facet normal -0.144245 -0.713129 0.686032
    outer loop
      vertex 200.212 -38.7417 68.7389
      vertex 201.274 -38.3669 69.3518
      vertex 200.248 -38.6194 68.8736
    endloop
  endfacet
  facet normal -0.144211 -0.71317 0.685997
    outer loop
      vertex 200.726 -39.7024 67.8482
      vertex 201.274 -38.3669 69.3518
      vertex 200.212 -38.7417 68.7389
    endloop
  endfacet
  facet normal -0.144862 -0.713282 0.685743
    outer loop
      vertex 200.726 -39.7024 67.8482
      vertex 200.212 -38.7417 68.7389
      vertex 200.2 -38.8728 68.6
    endloop
  endfacet
  facet normal -0.143758 -0.71303 0.686237
    outer loop
      vertex 200.726 -39.7024 67.8482
      vertex 200.2 -38.8728 68.6
      vertex 200.212 -39.0089 68.4611
    endloop
  endfacet
  facet normal -0.143725 -0.713021 0.686254
    outer loop
      vertex 200.726 -39.7024 67.8482
      vertex 200.212 -39.0089 68.4611
      vertex 200.248 -39.1458 68.3264
    endloop
  endfacet
  facet normal -0.14427 -0.713216 0.685937
    outer loop
      vertex 200.726 -39.7024 67.8482
      vertex 200.248 -39.1458 68.3264
      vertex 200.307 -39.2793 68.2
    endloop
  endfacet
  facet normal -0.144473 -0.713305 0.685802
    outer loop
      vertex 200.726 -39.7024 67.8482
      vertex 200.307 -39.2793 68.2
      vertex 200.387 -39.4053 68.0858
    endloop
  endfacet
  facet normal -0.145428 -0.713811 0.685073
    outer loop
      vertex 200.726 -39.7024 67.8482
      vertex 200.387 -39.4053 68.0858
      vertex 200.486 -39.5201 67.9872
    endloop
  endfacet
  facet normal -0.142196 -0.711725 0.687916
    outer loop
      vertex 200.726 -39.7024 67.8482
      vertex 200.486 -39.5201 67.9872
      vertex 200.6 -39.6202 67.9072
    endloop
  endfacet
  facet normal -0.144281 -0.713149 0.686004
    outer loop
      vertex 202.689 -40.639 67.2874
      vertex 201.274 -38.3669 69.3518
      vertex 200.726 -39.7024 67.8482
    endloop
  endfacet
  facet normal -0.144266 -0.713145 0.686011
    outer loop
      vertex 201.274 -38.3669 69.3518
      vertex 202.689 -40.639 67.2874
      vertex 203.792 -39.5685 68.6322
    endloop
  endfacet
  facet normal -0.14375 -0.714129 0.685095
    outer loop
      vertex 201.986 -40.6645 67.1128
      vertex 202.361 -40.5721 67.2878
      vertex 202.1 -40.6107 67.1928
    endloop
  endfacet
  facet normal -0.144903 -0.712398 0.686653
    outer loop
      vertex 201.887 -40.7394 67.0142
      vertex 202.361 -40.5721 67.2878
      vertex 201.986 -40.6645 67.1128
    endloop
  endfacet
  facet normal -0.144411 -0.712978 0.686155
    outer loop
      vertex 201.807 -40.8331 66.9
      vertex 202.361 -40.5721 67.2878
      vertex 201.887 -40.7394 67.0142
    endloop
  endfacet
  facet normal -0.144438 -0.712952 0.686176
    outer loop
      vertex 201.748 -40.9428 66.7736
      vertex 202.361 -40.5721 67.2878
      vertex 201.807 -40.8331 66.9
    endloop
  endfacet
  facet normal -0.143709 -0.713533 0.685725
    outer loop
      vertex 201.712 -41.065 66.6389
      vertex 202.361 -40.5721 67.2878
      vertex 201.748 -40.9428 66.7736
    endloop
  endfacet
  facet normal -0.144352 -0.7131 0.68604
    outer loop
      vertex 201.7 -41.1962 66.5
      vertex 202.361 -40.5721 67.2878
      vertex 201.712 -41.065 66.6389
    endloop
  endfacet
  facet normal -0.144559 -0.712981 0.68612
    outer loop
      vertex 201.712 -41.3323 66.3611
      vertex 202.361 -40.5721 67.2878
      vertex 201.7 -41.1962 66.5
    endloop
  endfacet
  facet normal -0.14394 -0.713284 0.685935
    outer loop
      vertex 201.748 -41.4691 66.2264
      vertex 202.361 -40.5721 67.2878
      vertex 201.712 -41.3323 66.3611
    endloop
  endfacet
  facet normal -0.144141 -0.7132 0.68598
    outer loop
      vertex 201.807 -41.6026 66.1
      vertex 202.361 -40.5721 67.2878
      vertex 201.748 -41.4691 66.2264
    endloop
  endfacet
  facet normal -0.144592 -0.71304 0.686051
    outer loop
      vertex 201.887 -41.7287 65.9858
      vertex 202.361 -40.5721 67.2878
      vertex 201.807 -41.6026 66.1
    endloop
  endfacet
  facet normal -0.144762 -0.712966 0.686093
    outer loop
      vertex 202.5 -40.5885 67.3
      vertex 201.887 -41.7287 65.9858
      vertex 202.689 -40.639 67.2874
    endloop
  endfacet
  facet normal -0.14423 -0.7132 0.685961
    outer loop
      vertex 204.565 -42.6775 65.5624
      vertex 202.689 -40.639 67.2874
      vertex 201.887 -41.7287 65.9858
    endloop
  endfacet
  facet normal -0.144194 -0.713186 0.685984
    outer loop
      vertex 202.689 -40.639 67.2874
      vertex 204.565 -42.6775 65.5624
      vertex 203.792 -39.5685 68.6322
    endloop
  endfacet
  facet normal -0.144263 -0.713187 0.685968
    outer loop
      vertex 203.792 -39.5685 68.6322
      vertex 204.565 -42.6775 65.5624
      vertex 205.303 -42.8742 65.5131
    endloop
  endfacet
  facet normal -0.14421 -0.713163 0.686005
    outer loop
      vertex 203.841 -44.0037 64.0315
      vertex 204.565 -42.6775 65.5624
      vertex 201.887 -41.7287 65.9858
    endloop
  endfacet
  facet normal -0.14418 -0.713173 0.686
    outer loop
      vertex 204.565 -42.6775 65.5624
      vertex 203.841 -44.0037 64.0315
      vertex 205.113 -43.3156 65.0142
    endloop
  endfacet
  facet normal -0.144388 -0.712994 0.686143
    outer loop
      vertex 205.113 -43.3156 65.0142
      vertex 203.841 -44.0037 64.0315
      vertex 205.193 -43.4417 64.9
    endloop
  endfacet
  facet normal -0.14422 -0.71317 0.685995
    outer loop
      vertex 204.39 -45.1704 62.934
      vertex 205.193 -43.4417 64.9
      vertex 203.841 -44.0037 64.0315
    endloop
  endfacet
  facet normal -0.144215 -0.713172 0.685994
    outer loop
      vertex 204.39 -45.1704 62.934
      vertex 206.193 -45.5677 62.9
      vertex 205.193 -43.4417 64.9
    endloop
  endfacet
  facet normal -0.144228 -0.713225 0.685936
    outer loop
      vertex 205.774 -46.5907 61.7482
      vertex 206.193 -45.5677 62.9
      vertex 204.39 -45.1704 62.934
    endloop
  endfacet
  facet normal -0.144262 -0.713215 0.685939
    outer loop
      vertex 206.193 -45.5677 62.9
      vertex 205.774 -46.5907 61.7482
      vertex 206.252 -45.7012 62.7736
    endloop
  endfacet
  facet normal -0.144058 -0.713288 0.685907
    outer loop
      vertex 206.252 -45.7012 62.7736
      vertex 205.774 -46.5907 61.7482
      vertex 206.288 -45.838 62.6389
    endloop
  endfacet
  facet normal -0.144831 -0.712965 0.68608
    outer loop
      vertex 206.288 -45.838 62.6389
      vertex 205.774 -46.5907 61.7482
      vertex 206.3 -45.9741 62.5
    endloop
  endfacet
  facet normal -0.144643 -0.713056 0.686024
    outer loop
      vertex 206.3 -45.9741 62.5
      vertex 205.774 -46.5907 61.7482
      vertex 206.288 -46.1053 62.3611
    endloop
  endfacet
  facet normal -0.143888 -0.713489 0.685733
    outer loop
      vertex 206.288 -46.1053 62.3611
      vertex 205.774 -46.5907 61.7482
      vertex 206.252 -46.2275 62.2264
    endloop
  endfacet
  facet normal -0.144965 -0.712764 0.686259
    outer loop
      vertex 206.252 -46.2275 62.2264
      vertex 205.774 -46.5907 61.7482
      vertex 206.193 -46.3372 62.1
    endloop
  endfacet
  facet normal -0.145155 -0.712613 0.686377
    outer loop
      vertex 206.193 -46.3372 62.1
      vertex 205.774 -46.5907 61.7482
      vertex 206.113 -46.4309 61.9858
    endloop
  endfacet
  facet normal -0.146524 -0.7113 0.687447
    outer loop
      vertex 206.113 -46.4309 61.9858
      vertex 205.774 -46.5907 61.7482
      vertex 206.014 -46.5058 61.8872
    endloop
  endfacet
  facet normal -0.14572 -0.712247 0.686637
    outer loop
      vertex 206.014 -46.5058 61.8872
      vertex 205.774 -46.5907 61.7482
      vertex 205.9 -46.5596 61.8072
    endloop
  endfacet
  facet normal -0.144257 -0.713203 0.685953
    outer loop
      vertex 200.774 -47.4069 59.8482
      vertex 204.39 -45.1704 62.934
      vertex 200.339 -45.8316 61.3946
    endloop
  endfacet
  facet normal -0.144228 -0.713226 0.685935
    outer loop
      vertex 204.39 -45.1704 62.934
      vertex 200.774 -47.4069 59.8482
      vertex 205.774 -46.5907 61.7482
    endloop
  endfacet
  facet normal -0.14413 -0.713192 0.685991
    outer loop
      vertex 199.714 -47.246 59.7928
      vertex 200.339 -45.8316 61.3946
      vertex 199.714 -45.7253 61.3738
    endloop
  endfacet
  facet normal -0.143034 -0.71316 0.686253
    outer loop
      vertex 200.339 -45.8316 61.3946
      vertex 200.68 -47.4122 59.8231
      vertex 200.774 -47.4069 59.8482
    endloop
  endfacet
  facet normal -0.144217 -0.713165 0.686001
    outer loop
      vertex 200.339 -45.8316 61.3946
      vertex 199.714 -47.246 59.7928
      vertex 200.68 -47.4122 59.8231
    endloop
  endfacet
  facet normal -0.143873 -0.710684 0.688642
    outer loop
      vertex 200.68 -47.4122 59.8231
      vertex 199.714 -47.246 59.7928
      vertex 199.708 -47.2537 59.7836
    endloop
  endfacet
  facet normal -0.144187 -0.713165 0.686007
    outer loop
      vertex 199.714 -36.9931 70.4522
      vertex 200.208 -35.6298 71.9733
      vertex 199.714 -35.3739 72.1355
    endloop
  endfacet
  facet normal -0.140431 -0.714197 0.685713
    outer loop
      vertex 199.726 -36.9993 70.4482
      vertex 200.208 -35.6298 71.9733
      vertex 199.714 -36.9931 70.4522
    endloop
  endfacet
  facet normal -0.144091 -0.713209 0.685982
    outer loop
      vertex 200.208 -35.6298 71.9733
      vertex 199.726 -36.9993 70.4482
      vertex 199.861 -37.0612 70.4122
    endloop
  endfacet
  facet normal -0.144253 -0.713173 0.685985
    outer loop
      vertex 200.208 -35.6298 71.9733
      vertex 199.861 -37.0612 70.4122
      vertex 202.397 -36.5158 71.5125
    endloop
  endfacet
  facet normal -0.144261 -0.71316 0.685997
    outer loop
      vertex 202.397 -36.5158 71.5125
      vertex 199.861 -37.0612 70.4122
      vertex 203.278 -38.4445 69.6927
    endloop
  endfacet
  facet normal -0.155102 -0.807868 0.568588
    outer loop
      vertex 200.68 -47.4122 59.8231
      vertex 200.5 -47.3939 59.8
      vertex 200.639 -47.412 59.8122
    endloop
  endfacet
  facet normal -0.154991 -0.809279 0.566609
    outer loop
      vertex 199.708 -47.2537 59.7836
      vertex 200.5 -47.3939 59.8
      vertex 200.68 -47.4122 59.8231
    endloop
  endfacet
  facet normal -0.155545 -0.813062 0.561013
    outer loop
      vertex 200.5 -47.3939 59.8
      vertex 199.708 -47.2537 59.7836
      vertex 199.708 -47.2606 59.7736
    endloop
  endfacet
  facet normal 0.144377 0.71418 -0.68491
    outer loop
      vertex 201.139 -36.0208 69.3878
      vertex 200.861 -35.9646 69.3878
      vertex 201 -35.981 69.4
    endloop
  endfacet
  facet normal 0.144017 0.712396 -0.686841
    outer loop
      vertex 201.274 -36.0828 69.3518
      vertex 200.861 -35.9646 69.3878
      vertex 201.139 -36.0208 69.3878
    endloop
  endfacet
  facet normal 0.143789 0.711803 -0.687503
    outer loop
      vertex 201.274 -36.0828 69.3518
      vertex 200.726 -35.9721 69.3518
      vertex 200.861 -35.9646 69.3878
    endloop
  endfacet
  facet normal 0.144307 0.714363 -0.684734
    outer loop
      vertex 201.274 -36.0828 69.3518
      vertex 200.6 -36.0032 69.2928
      vertex 200.726 -35.9721 69.3518
    endloop
  endfacet
  facet normal 0.144273 0.713109 -0.686047
    outer loop
      vertex 201.274 -36.0828 69.3518
      vertex 200.486 -36.0571 69.2128
      vertex 200.6 -36.0032 69.2928
    endloop
  endfacet
  facet normal 0.144319 0.712792 -0.686367
    outer loop
      vertex 201.274 -36.0828 69.3518
      vertex 200.387 -36.132 69.1142
      vertex 200.486 -36.0571 69.2128
    endloop
  endfacet
  facet normal 0.144233 0.713065 -0.686102
    outer loop
      vertex 201.274 -36.0828 69.3518
      vertex 200.307 -36.2257 69
      vertex 200.387 -36.132 69.1142
    endloop
  endfacet
  facet normal 0.144082 0.713374 -0.685812
    outer loop
      vertex 201.274 -36.0828 69.3518
      vertex 200.248 -36.3353 68.8736
      vertex 200.307 -36.2257 69
    endloop
  endfacet
  facet normal 0.144212 0.713133 -0.686035
    outer loop
      vertex 202.689 -38.3549 67.2874
      vertex 201.274 -36.0828 69.3518
      vertex 203.196 -36.9999 68.8025
    endloop
  endfacet
  facet normal 0.14422 0.713167 -0.685998
    outer loop
      vertex 201.274 -36.0828 69.3518
      vertex 200.726 -37.4183 67.8482
      vertex 200.248 -36.3353 68.8736
    endloop
  endfacet
  facet normal 0.144134 0.713156 -0.686027
    outer loop
      vertex 200.248 -36.3353 68.8736
      vertex 200.726 -37.4183 67.8482
      vertex 200.212 -36.4576 68.7389
    endloop
  endfacet
  facet normal 0.144862 0.713282 -0.685743
    outer loop
      vertex 200.212 -36.4576 68.7389
      vertex 200.726 -37.4183 67.8482
      vertex 200.2 -36.5887 68.6
    endloop
  endfacet
  facet normal 0.143758 0.71303 -0.686237
    outer loop
      vertex 200.2 -36.5887 68.6
      vertex 200.726 -37.4183 67.8482
      vertex 200.212 -36.7248 68.4611
    endloop
  endfacet
  facet normal 0.143725 0.713021 -0.686254
    outer loop
      vertex 200.212 -36.7248 68.4611
      vertex 200.726 -37.4183 67.8482
      vertex 200.248 -36.8617 68.3264
    endloop
  endfacet
  facet normal 0.14427 0.713216 -0.685937
    outer loop
      vertex 200.248 -36.8617 68.3264
      vertex 200.726 -37.4183 67.8482
      vertex 200.307 -36.9952 68.2
    endloop
  endfacet
  facet normal 0.144473 0.713305 -0.685802
    outer loop
      vertex 200.307 -36.9952 68.2
      vertex 200.726 -37.4183 67.8482
      vertex 200.387 -37.1212 68.0858
    endloop
  endfacet
  facet normal 0.145428 0.713811 -0.685073
    outer loop
      vertex 200.387 -37.1212 68.0858
      vertex 200.726 -37.4183 67.8482
      vertex 200.486 -37.236 67.9872
    endloop
  endfacet
  facet normal 0.145593 0.713918 -0.684927
    outer loop
      vertex 200.486 -37.236 67.9872
      vertex 200.726 -37.4183 67.8482
      vertex 200.6 -37.336 67.9072
    endloop
  endfacet
  facet normal 0.144281 0.713149 -0.686004
    outer loop
      vertex 201.274 -36.0828 69.3518
      vertex 202.689 -38.3549 67.2874
      vertex 200.726 -37.4183 67.8482
    endloop
  endfacet
  facet normal 0.143971 0.714094 -0.685085
    outer loop
      vertex 202.5 -38.3044 67.3
      vertex 202.1 -38.3266 67.1928
      vertex 202.226 -38.2954 67.2518
    endloop
  endfacet
  facet normal 0.14405 0.713842 -0.685331
    outer loop
      vertex 202.5 -38.3044 67.3
      vertex 201.986 -38.3804 67.1128
      vertex 202.1 -38.3266 67.1928
    endloop
  endfacet
  facet normal 0.144685 0.712545 -0.686546
    outer loop
      vertex 202.5 -38.3044 67.3
      vertex 201.887 -38.4553 67.0142
      vertex 201.986 -38.3804 67.1128
    endloop
  endfacet
  facet normal 0.144391 0.712988 -0.686149
    outer loop
      vertex 202.5 -38.3044 67.3
      vertex 201.807 -38.549 66.9
      vertex 201.887 -38.4553 67.0142
    endloop
  endfacet
  facet normal 0.144054 0.713384 -0.685807
    outer loop
      vertex 202.5 -38.3044 67.3
      vertex 201.748 -38.6586 66.7736
      vertex 201.807 -38.549 66.9
    endloop
  endfacet
  facet normal 0.144346 0.713105 -0.686037
    outer loop
      vertex 202.5 -38.3044 67.3
      vertex 201.712 -38.7809 66.6389
      vertex 201.748 -38.6586 66.7736
    endloop
  endfacet
  facet normal 0.144351 0.7131 -0.68604
    outer loop
      vertex 202.5 -38.3044 67.3
      vertex 201.7 -38.9121 66.5
      vertex 201.712 -38.7809 66.6389
    endloop
  endfacet
  facet normal 0.144109 0.713263 -0.685921
    outer loop
      vertex 202.5 -38.3044 67.3
      vertex 201.712 -39.0481 66.3611
      vertex 201.7 -38.9121 66.5
    endloop
  endfacet
  facet normal 0.144495 0.713042 -0.68607
    outer loop
      vertex 202.5 -38.3044 67.3
      vertex 201.748 -39.185 66.2264
      vertex 201.712 -39.0481 66.3611
    endloop
  endfacet
  facet normal 0.144166 0.713203 -0.685972
    outer loop
      vertex 202.5 -38.3044 67.3
      vertex 201.807 -39.3185 66.1
      vertex 201.748 -39.185 66.2264
    endloop
  endfacet
  facet normal 0.144117 0.713223 -0.685961
    outer loop
      vertex 202.5 -38.3044 67.3
      vertex 201.887 -39.4445 65.9858
      vertex 201.807 -39.3185 66.1
    endloop
  endfacet
  facet normal 0.144265 0.713214 -0.68594
    outer loop
      vertex 202.689 -38.3549 67.2874
      vertex 204.565 -40.3934 65.5624
      vertex 201.887 -39.4445 65.9858
    endloop
  endfacet
  facet normal 0.144124 0.713158 -0.686027
    outer loop
      vertex 203.196 -36.9999 68.8025
      vertex 204.565 -40.3934 65.5624
      vertex 202.689 -38.3549 67.2874
    endloop
  endfacet
  facet normal 0.14447 0.713194 -0.685918
    outer loop
      vertex 204.565 -40.3934 65.5624
      vertex 203.196 -36.9999 68.8025
      vertex 204.772 -40.4487 65.5485
    endloop
  endfacet
  facet normal 0.144771 0.712992 -0.686065
    outer loop
      vertex 201.887 -39.4445 65.9858
      vertex 202.5 -38.3044 67.3
      vertex 202.689 -38.3549 67.2874
    endloop
  endfacet
  facet normal 0.144313 0.711727 -0.687473
    outer loop
      vertex 202.5 -38.3044 67.3
      vertex 202.226 -38.2954 67.2518
      vertex 202.361 -38.288 67.2878
    endloop
  endfacet
  facet normal 0.144294 0.713133 -0.686018
    outer loop
      vertex 203.841 -41.7196 64.0315
      vertex 204.565 -40.3934 65.5624
      vertex 204.954 -40.8468 65.1729
    endloop
  endfacet
  facet normal 0.144233 0.713154 -0.686008
    outer loop
      vertex 204.565 -40.3934 65.5624
      vertex 203.841 -41.7196 64.0315
      vertex 201.887 -39.4445 65.9858
    endloop
  endfacet
  facet normal 0.144195 0.713198 -0.685971
    outer loop
      vertex 204.954 -40.8468 65.1729
      vertex 204.39 -42.8862 62.934
      vertex 203.841 -41.7196 64.0315
    endloop
  endfacet
  facet normal 0.144302 0.713172 -0.685975
    outer loop
      vertex 206.292 -43.7742 62.4109
      vertex 204.39 -42.8862 62.934
      vertex 204.954 -40.8468 65.1729
    endloop
  endfacet
  facet normal 0.12966 0.716621 -0.685305
    outer loop
      vertex 206.252 -43.9434 62.2264
      vertex 206.292 -43.7742 62.4109
      vertex 206.288 -43.8211 62.3611
    endloop
  endfacet
  facet normal 0.140576 0.714317 -0.685558
    outer loop
      vertex 206.193 -44.0531 62.1
      vertex 206.292 -43.7742 62.4109
      vertex 206.252 -43.9434 62.2264
    endloop
  endfacet
  facet normal 0.144277 0.713312 -0.685835
    outer loop
      vertex 206.292 -43.7742 62.4109
      vertex 206.193 -44.0531 62.1
      vertex 205.774 -44.3066 61.7482
    endloop
  endfacet
  facet normal 0.145155 0.712613 -0.686377
    outer loop
      vertex 205.774 -44.3066 61.7482
      vertex 206.193 -44.0531 62.1
      vertex 206.113 -44.1468 61.9858
    endloop
  endfacet
  facet normal 0.145096 0.71267 -0.68633
    outer loop
      vertex 205.774 -44.3066 61.7482
      vertex 206.113 -44.1468 61.9858
      vertex 206.014 -44.2216 61.8872
    endloop
  endfacet
  facet normal 0.146676 0.71081 -0.687921
    outer loop
      vertex 205.774 -44.3066 61.7482
      vertex 206.014 -44.2216 61.8872
      vertex 205.9 -44.2755 61.8072
    endloop
  endfacet
  facet normal 0.144373 0.713261 -0.685869
    outer loop
      vertex 206.292 -43.7742 62.4109
      vertex 205.774 -44.3066 61.7482
      vertex 204.39 -42.8862 62.934
    endloop
  endfacet
  facet normal 0.14424 0.713204 -0.685956
    outer loop
      vertex 200.774 -45.1228 59.8482
      vertex 204.39 -42.8862 62.934
      vertex 205.774 -44.3066 61.7482
    endloop
  endfacet
  facet normal 0.144241 0.713203 -0.685957
    outer loop
      vertex 204.39 -42.8862 62.934
      vertex 200.774 -45.1228 59.8482
      vertex 200.339 -43.5475 61.3946
    endloop
  endfacet
  facet normal 0.143851 0.713189 -0.686053
    outer loop
      vertex 200.5 -45.1139 59.8
      vertex 200.339 -43.5475 61.3946
      vertex 200.774 -45.1228 59.8482
    endloop
  endfacet
  facet normal 0.144274 0.71026 -0.688996
    outer loop
      vertex 200.5 -45.1139 59.8
      vertex 200.774 -45.1228 59.8482
      vertex 200.639 -45.1303 59.8122
    endloop
  endfacet
  facet normal 0.144178 0.713171 -0.686002
    outer loop
      vertex 199.714 -44.9802 59.7738
      vertex 200.339 -43.5475 61.3946
      vertex 200.5 -45.1139 59.8
    endloop
  endfacet
  facet normal 0.144129 0.713187 -0.685997
    outer loop
      vertex 200.339 -43.5475 61.3946
      vertex 199.714 -44.9802 59.7738
      vertex 199.714 -43.4412 61.3738
    endloop
  endfacet
  facet normal 0.144187 0.713165 -0.686007
    outer loop
      vertex 200.208 -33.3457 71.9733
      vertex 199.714 -34.709 70.4522
      vertex 199.714 -33.0898 72.1355
    endloop
  endfacet
  facet normal 0.144216 0.713181 -0.685984
    outer loop
      vertex 199.861 -34.7771 70.4122
      vertex 200.208 -33.3457 71.9733
      vertex 201.825 -34.0001 71.6329
    endloop
  endfacet
  facet normal 0.140431 0.714197 -0.685713
    outer loop
      vertex 200.208 -33.3457 71.9733
      vertex 199.726 -34.7152 70.4482
      vertex 199.714 -34.709 70.4522
    endloop
  endfacet
  facet normal 0.144091 0.713209 -0.685982
    outer loop
      vertex 200.208 -33.3457 71.9733
      vertex 199.861 -34.7771 70.4122
      vertex 199.726 -34.7152 70.4482
    endloop
  endfacet
  facet normal 0.144253 0.713141 -0.686019
    outer loop
      vertex 199.861 -34.7771 70.4122
      vertex 201.825 -34.0001 71.6329
      vertex 202.706 -35.9288 69.8132
    endloop
  endfacet
  facet normal 0.086009 0.704093 -0.70488
    outer loop
      vertex 205.193 -41.1492 64.9
      vertex 204.954 -40.8468 65.1729
      vertex 205.113 -41.0251 65.0142
    endloop
  endfacet
  facet normal 0.0868806 0.704405 -0.704461
    outer loop
      vertex 206.193 -43.2727 62.9
      vertex 204.954 -40.8468 65.1729
      vertex 205.193 -41.1492 64.9
    endloop
  endfacet
  facet normal 0.0863176 0.704276 -0.704659
    outer loop
      vertex 206.292 -43.7742 62.4109
      vertex 206.193 -43.2727 62.9
      vertex 206.252 -43.4064 62.7736
    endloop
  endfacet
  facet normal 0.0867971 0.704273 -0.704603
    outer loop
      vertex 206.292 -43.7742 62.4109
      vertex 206.252 -43.4064 62.7736
      vertex 206.288 -43.5456 62.6389
    endloop
  endfacet
  facet normal 0.0835674 0.70444 -0.704827
    outer loop
      vertex 206.292 -43.7742 62.4109
      vertex 206.288 -43.5456 62.6389
      vertex 206.3 -43.686 62.5
    endloop
  endfacet
  facet normal 0.0862338 0.704273 -0.704673
    outer loop
      vertex 206.193 -43.2727 62.9
      vertex 206.292 -43.7742 62.4109
      vertex 204.954 -40.8468 65.1729
    endloop
  endfacet
  facet normal -0.257663 0 -0.966235
    outer loop
      vertex 199.726 -36.9993 70.4482
      vertex 199.861 -34.7771 70.4122
      vertex 199.861 -37.0612 70.4122
    endloop
  endfacet
  facet normal -0.257663 0 -0.966235
    outer loop
      vertex 199.861 -34.7771 70.4122
      vertex 199.726 -36.9993 70.4482
      vertex 199.726 -34.7152 70.4482
    endloop
  endfacet
  facet normal 0.311955 -0 0.950097
    outer loop
      vertex 199.714 -35.3739 72.1355
      vertex 200.208 -33.3457 71.9733
      vertex 199.714 -33.0898 72.1355
    endloop
  endfacet
  facet normal 0.311955 0 0.950097
    outer loop
      vertex 200.208 -33.3457 71.9733
      vertex 199.714 -35.3739 72.1355
      vertex 200.208 -35.6298 71.9733
    endloop
  endfacet
  facet normal 0.312197 0 0.950017
    outer loop
      vertex 199.714 -33.0898 72.1355
      vertex 193.827 -35.4346 74.0701
      vertex 199.714 -35.3739 72.1355
    endloop
  endfacet
  facet normal 0.312186 3.1762e-05 0.950021
    outer loop
      vertex 193.321 -33.1557 74.2363
      vertex 193.827 -35.4346 74.0701
      vertex 199.714 -33.0898 72.1355
    endloop
  endfacet
  facet normal 0.301247 -0.00265371 0.953542
    outer loop
      vertex 193.827 -35.4346 74.0701
      vertex 193.321 -33.1557 74.2363
      vertex 193.815 -35.4314 74.0739
    endloop
  endfacet
  facet normal 0.301959 0.000278546 0.953321
    outer loop
      vertex 193.274 -35.2537 74.2518
      vertex 193.321 -33.1557 74.2363
      vertex 193.309 -33.1525 74.2401
    endloop
  endfacet
  facet normal 0.317041 -0 0.948412
    outer loop
      vertex 193.274 -35.2537 74.2518
      vertex 193.309 -33.1525 74.2401
      vertex 193.274 -33.1409 74.2518
    endloop
  endfacet
  facet normal 0.312386 2.01063e-05 0.949955
    outer loop
      vertex 193.321 -33.1557 74.2363
      vertex 193.274 -35.2537 74.2518
      vertex 193.815 -35.4314 74.0739
    endloop
  endfacet
  facet normal -0.316228 0 -0.948683
    outer loop
      vertex 199.714 -36.9931 70.4522
      vertex 199.726 -34.7152 70.4482
      vertex 199.726 -36.9993 70.4482
    endloop
  endfacet
  facet normal -0.316228 0 -0.948683
    outer loop
      vertex 199.714 -36.9931 70.4522
      vertex 199.714 -34.709 70.4522
      vertex 199.726 -34.7152 70.4482
    endloop
  endfacet
  facet normal -0.312194 0 -0.950018
    outer loop
      vertex 194.63 -37.0455 72.1229
      vertex 199.714 -34.709 70.4522
      vertex 199.714 -36.9931 70.4522
    endloop
  endfacet
  facet normal -0.301247 0.00265359 -0.953542
    outer loop
      vertex 194.124 -34.7665 72.2891
      vertex 194.63 -37.0455 72.1229
      vertex 194.618 -37.0423 72.1267
    endloop
  endfacet
  facet normal -0.312181 -3.0758e-05 -0.950022
    outer loop
      vertex 194.63 -37.0455 72.1229
      vertex 194.124 -34.7665 72.2891
      vertex 199.714 -34.709 70.4522
    endloop
  endfacet
  facet normal -0.312167 3.25986e-05 -0.950027
    outer loop
      vertex 193.013 -36.5152 72.6541
      vertex 194.124 -34.7665 72.2891
      vertex 194.618 -37.0423 72.1267
    endloop
  endfacet
  facet normal -0.303334 -0.00617079 -0.952864
    outer loop
      vertex 194.124 -34.7665 72.2891
      vertex 193.013 -36.5152 72.6541
      vertex 194.112 -34.7634 72.2929
    endloop
  endfacet
  facet normal -0.312231 0 -0.950006
    outer loop
      vertex 194.112 -34.7634 72.2929
      vertex 193.013 -36.5152 72.6541
      vertex 193.013 -34.4024 72.6541
    endloop
  endfacet
  facet normal 0.00244674 -0.686906 0.726742
    outer loop
      vertex 203.53 -36.8931 71.2739
      vertex 204.344 -38.8003 69.4685
      vertex 204.355 -38.8028 69.4661
    endloop
  endfacet
  facet normal 0.00204718 -0.686997 0.726657
    outer loop
      vertex 204.344 -38.8003 69.4685
      vertex 203.53 -36.8931 71.2739
      vertex 203.519 -36.8907 71.2762
    endloop
  endfacet
  facet normal -0.0869111 -0.70441 0.704452
    outer loop
      vertex 203.673 -38.5765 69.6095
      vertex 203.519 -36.8907 71.2762
      vertex 202.694 -36.6152 71.4499
    endloop
  endfacet
  facet normal -0.086914 -0.70441 0.704452
    outer loop
      vertex 203.519 -36.8907 71.2762
      vertex 203.673 -38.5765 69.6095
      vertex 204.344 -38.8003 69.4685
    endloop
  endfacet
  facet normal -0.0873107 -0.704463 0.70435
    outer loop
      vertex 203.278 -38.4445 69.6927
      vertex 202.694 -36.6152 71.4499
      vertex 202.397 -36.5158 71.5125
    endloop
  endfacet
  facet normal -0.0870334 -0.704434 0.704413
    outer loop
      vertex 202.694 -36.6152 71.4499
      vertex 203.278 -38.4445 69.6927
      vertex 203.673 -38.5765 69.6095
    endloop
  endfacet
  facet normal 0.240102 -0.610686 0.754595
    outer loop
      vertex 207.923 -36.3089 70.3491
      vertex 204.355 -38.8028 69.4661
      vertex 207.923 -38.3282 68.7149
    endloop
  endfacet
  facet normal 0.24007 -0.610654 0.754631
    outer loop
      vertex 204.355 -38.8028 69.4661
      vertex 207.923 -36.3089 70.3491
      vertex 203.53 -36.8931 71.2739
    endloop
  endfacet
  facet normal -0.149096 -0.622057 0.768645
    outer loop
      vertex 210.193 -37.7787 69.6
      vertex 208.989 -38.8612 68.4904
      vertex 209.326 -39.65 67.9174
    endloop
  endfacet
  facet normal -0.149084 -0.622058 0.768647
    outer loop
      vertex 207.923 -38.3282 68.7149
      vertex 209.639 -37.1666 69.9878
      vertex 207.923 -36.3089 70.3491
    endloop
  endfacet
  facet normal -0.149127 -0.622019 0.76867
    outer loop
      vertex 209.639 -37.1666 69.9878
      vertex 207.923 -38.3282 68.7149
      vertex 208.989 -38.8612 68.4904
    endloop
  endfacet
  facet normal -0.149252 -0.622066 0.768607
    outer loop
      vertex 210.774 -41.4417 66.7482
      vertex 211.3 -40.639 67.5
      vertex 211.288 -40.4645 67.6389
    endloop
  endfacet
  facet normal -0.149407 -0.622004 0.768628
    outer loop
      vertex 210.774 -41.4417 66.7482
      vertex 211.288 -40.4645 67.6389
      vertex 211.252 -40.2894 67.7736
    endloop
  endfacet
  facet normal -0.149634 -0.621884 0.76868
    outer loop
      vertex 211.3 -40.639 67.5
      vertex 210.774 -41.4417 66.7482
      vertex 211.288 -40.8078 67.3611
    endloop
  endfacet
  facet normal -0.149075 -0.622117 0.768601
    outer loop
      vertex 210.774 -41.4417 66.7482
      vertex 211.252 -40.2894 67.7736
      vertex 211.193 -40.1191 67.9
    endloop
  endfacet
  facet normal -0.149392 -0.62202 0.768618
    outer loop
      vertex 211.288 -40.8078 67.3611
      vertex 210.774 -41.4417 66.7482
      vertex 211.252 -40.9656 67.2264
    endloop
  endfacet
  facet normal -0.149234 -0.622124 0.768564
    outer loop
      vertex 211.252 -40.9656 67.2264
      vertex 210.774 -41.4417 66.7482
      vertex 211.193 -41.1076 67.1
    endloop
  endfacet
  facet normal -0.150252 -0.621322 0.769014
    outer loop
      vertex 211.193 -41.1076 67.1
      vertex 210.774 -41.4417 66.7482
      vertex 211.113 -41.2296 66.9858
    endloop
  endfacet
  facet normal -0.151496 -0.620134 0.769729
    outer loop
      vertex 211.113 -41.2296 66.9858
      vertex 210.774 -41.4417 66.7482
      vertex 211.014 -41.3278 66.8872
    endloop
  endfacet
  facet normal -0.150523 -0.621284 0.768992
    outer loop
      vertex 211.014 -41.3278 66.8872
      vertex 210.774 -41.4417 66.7482
      vertex 210.9 -41.3992 66.8072
    endloop
  endfacet
  facet normal -0.14913 -0.622045 0.768649
    outer loop
      vertex 209.326 -39.65 67.9174
      vertex 211.193 -40.1191 67.9
      vertex 210.193 -37.7787 69.6
    endloop
  endfacet
  facet normal -0.14891 -0.622167 0.768592
    outer loop
      vertex 210.014 -37.4729 69.8128
      vertex 208.989 -38.8612 68.4904
      vertex 210.113 -37.6184 69.7142
    endloop
  endfacet
  facet normal -0.149498 -0.62186 0.768726
    outer loop
      vertex 209.9 -37.3466 69.8928
      vertex 208.989 -38.8612 68.4904
      vertex 210.014 -37.4729 69.8128
    endloop
  endfacet
  facet normal -0.149181 -0.622002 0.768674
    outer loop
      vertex 208.989 -38.8612 68.4904
      vertex 209.9 -37.3466 69.8928
      vertex 209.639 -37.1666 69.9878
    endloop
  endfacet
  facet normal -0.149906 -0.622685 0.767979
    outer loop
      vertex 209.639 -37.1666 69.9878
      vertex 209.9 -37.3466 69.8928
      vertex 209.774 -37.2435 69.9518
    endloop
  endfacet
  facet normal -0.149133 -0.622031 0.768659
    outer loop
      vertex 210.113 -37.6184 69.7142
      vertex 208.989 -38.8612 68.4904
      vertex 210.193 -37.7787 69.6
    endloop
  endfacet
  facet normal -0.149144 -0.622097 0.768603
    outer loop
      vertex 211.193 -40.1191 67.9
      vertex 209.326 -39.65 67.9174
      vertex 210.774 -41.4417 66.7482
    endloop
  endfacet
  facet normal -0.149149 -0.622054 0.768638
    outer loop
      vertex 207.923 -42.0665 65.6895
      vertex 209.326 -39.65 67.9174
      vertex 207.923 -39.9575 67.3963
    endloop
  endfacet
  facet normal -0.149097 -0.622076 0.76863
    outer loop
      vertex 209.326 -39.65 67.9174
      vertex 207.923 -42.0665 65.6895
      vertex 210.774 -41.4417 66.7482
    endloop
  endfacet
  facet normal 0.00486865 0.688566 -0.725157
    outer loop
      vertex 203.706 -36.2627 69.6027
      vertex 202.892 -34.3555 71.4082
      vertex 203.717 -36.2652 69.6004
    endloop
  endfacet
  facet normal -0.00203796 0.687019 -0.726636
    outer loop
      vertex 202.892 -34.3555 71.4082
      vertex 203.706 -36.2627 69.6027
      vertex 202.881 -34.3531 71.4105
    endloop
  endfacet
  facet normal -0.240103 0.610686 -0.754595
    outer loop
      vertex 203.717 -36.2652 69.6004
      vertex 207.923 -33.6864 70.3491
      vertex 207.923 -35.7057 68.7149
    endloop
  endfacet
  facet normal -0.240075 0.610651 -0.754632
    outer loop
      vertex 207.923 -33.6864 70.3491
      vertex 203.717 -36.2652 69.6004
      vertex 202.892 -34.3555 71.4082
    endloop
  endfacet
  facet normal 0.0871134 0.704409 -0.704428
    outer loop
      vertex 202.881 -34.3531 71.4105
      vertex 202.706 -35.9288 69.8132
      vertex 201.825 -34.0001 71.6329
    endloop
  endfacet
  facet normal 0.0869273 0.704431 -0.704429
    outer loop
      vertex 202.706 -35.9288 69.8132
      vertex 202.881 -34.3531 71.4105
      vertex 203.706 -36.2627 69.6027
    endloop
  endfacet
  facet normal 0.148978 0.622197 -0.768555
    outer loop
      vertex 210.774 -38.8193 66.7482
      vertex 211.3 -38.0166 67.5
      vertex 211.288 -38.1853 67.3611
    endloop
  endfacet
  facet normal 0.149224 0.622059 -0.768619
    outer loop
      vertex 210.774 -38.8193 66.7482
      vertex 211.288 -38.1853 67.3611
      vertex 211.252 -38.3431 67.2264
    endloop
  endfacet
  facet normal 0.149763 0.621823 -0.768705
    outer loop
      vertex 211.3 -38.0166 67.5
      vertex 210.774 -38.8193 66.7482
      vertex 211.288 -37.842 67.6389
    endloop
  endfacet
  facet normal 0.149805 0.621675 -0.768817
    outer loop
      vertex 210.774 -38.8193 66.7482
      vertex 211.252 -38.3431 67.2264
      vertex 211.193 -38.4852 67.1
    endloop
  endfacet
  facet normal 0.149323 0.622001 -0.768647
    outer loop
      vertex 211.288 -37.842 67.6389
      vertex 210.774 -38.8193 66.7482
      vertex 211.252 -37.6669 67.7736
    endloop
  endfacet
  facet normal 0.149319 0.622057 -0.768602
    outer loop
      vertex 210.774 -38.8193 66.7482
      vertex 211.193 -38.4852 67.1
      vertex 211.113 -38.6071 66.9858
    endloop
  endfacet
  facet normal 0.150965 0.620488 -0.769548
    outer loop
      vertex 210.774 -38.8193 66.7482
      vertex 211.113 -38.6071 66.9858
      vertex 211.014 -38.7053 66.8872
    endloop
  endfacet
  facet normal 0.15132 0.620068 -0.769817
    outer loop
      vertex 210.774 -38.8193 66.7482
      vertex 211.014 -38.7053 66.8872
      vertex 210.9 -38.7768 66.8072
    endloop
  endfacet
  facet normal 0.149008 0.622109 -0.768621
    outer loop
      vertex 211.252 -37.6669 67.7736
      vertex 210.774 -38.8193 66.7482
      vertex 211.193 -37.4966 67.9
    endloop
  endfacet
  facet normal 0.149137 0.622072 -0.768625
    outer loop
      vertex 209.326 -37.0275 67.9174
      vertex 211.193 -37.4966 67.9
      vertex 210.774 -38.8193 66.7482
    endloop
  endfacet
  facet normal 0.14913 0.622045 -0.768649
    outer loop
      vertex 211.193 -37.4966 67.9
      vertex 209.326 -37.0275 67.9174
      vertex 210.193 -35.1562 69.6
    endloop
  endfacet
  facet normal 0.149096 0.622057 -0.768645
    outer loop
      vertex 208.989 -36.2387 68.4904
      vertex 210.193 -35.1562 69.6
      vertex 209.326 -37.0275 67.9174
    endloop
  endfacet
  facet normal 0.149133 0.622031 -0.768659
    outer loop
      vertex 210.193 -35.1562 69.6
      vertex 208.989 -36.2387 68.4904
      vertex 210.113 -34.9959 69.7142
    endloop
  endfacet
  facet normal 0.14891 0.622167 -0.768592
    outer loop
      vertex 210.113 -34.9959 69.7142
      vertex 208.989 -36.2387 68.4904
      vertex 210.014 -34.8504 69.8128
    endloop
  endfacet
  facet normal 0.149184 0.622024 -0.768655
    outer loop
      vertex 210.014 -34.8504 69.8128
      vertex 208.989 -36.2387 68.4904
      vertex 209.9 -34.7242 69.8928
    endloop
  endfacet
  facet normal 0.14909 0.622066 -0.768639
    outer loop
      vertex 209.9 -34.7242 69.8928
      vertex 208.989 -36.2387 68.4904
      vertex 209.774 -34.6211 69.9518
    endloop
  endfacet
  facet normal 0.149106 0.622057 -0.768643
    outer loop
      vertex 207.923 -39.4441 65.6895
      vertex 209.326 -37.0275 67.9174
      vertex 210.774 -38.8193 66.7482
    endloop
  endfacet
  facet normal 0.149105 0.622058 -0.768643
    outer loop
      vertex 209.326 -37.0275 67.9174
      vertex 207.923 -39.4441 65.6895
      vertex 207.923 -37.3351 67.3963
    endloop
  endfacet
  facet normal 0.14932 0.621978 -0.768666
    outer loop
      vertex 209.774 -34.6211 69.9518
      vertex 208.989 -36.2387 68.4904
      vertex 209.639 -34.5442 69.9878
    endloop
  endfacet
  facet normal 0.14914 0.622036 -0.768653
    outer loop
      vertex 207.923 -35.7057 68.7149
      vertex 209.639 -34.5442 69.9878
      vertex 208.989 -36.2387 68.4904
    endloop
  endfacet
  facet normal 0.149119 0.622055 -0.768642
    outer loop
      vertex 209.639 -34.5442 69.9878
      vertex 207.923 -35.7057 68.7149
      vertex 207.923 -33.6864 70.3491
    endloop
  endfacet
  facet normal 0.81903 -0 0.573751
    outer loop
      vertex 210.113 -37.6184 69.7142
      vertex 210.193 -35.1562 69.6
      vertex 210.113 -34.9959 69.7142
    endloop
  endfacet
  facet normal 0.81903 0 0.573751
    outer loop
      vertex 210.193 -35.1562 69.6
      vertex 210.113 -37.6184 69.7142
      vertex 210.193 -37.7787 69.6
    endloop
  endfacet
  facet normal 0.705674 -0 0.708537
    outer loop
      vertex 210.014 -37.4729 69.8128
      vertex 210.113 -34.9959 69.7142
      vertex 210.014 -34.8504 69.8128
    endloop
  endfacet
  facet normal 0.705674 0 0.708537
    outer loop
      vertex 210.113 -34.9959 69.7142
      vertex 210.014 -37.4729 69.8128
      vertex 210.113 -37.6184 69.7142
    endloop
  endfacet
  facet normal 0.574426 -0 0.818557
    outer loop
      vertex 209.9 -37.3466 69.8928
      vertex 210.014 -34.8504 69.8128
      vertex 209.9 -34.7242 69.8928
    endloop
  endfacet
  facet normal 0.574426 0 0.818557
    outer loop
      vertex 210.014 -34.8504 69.8128
      vertex 209.9 -37.3466 69.8928
      vertex 210.014 -37.4729 69.8128
    endloop
  endfacet
  facet normal 0.424066 -0 0.905632
    outer loop
      vertex 209.774 -37.2435 69.9518
      vertex 209.9 -34.7242 69.8928
      vertex 209.774 -34.6211 69.9518
    endloop
  endfacet
  facet normal 0.424066 0 0.905632
    outer loop
      vertex 209.9 -34.7242 69.8928
      vertex 209.774 -37.2435 69.9518
      vertex 209.9 -37.3466 69.8928
    endloop
  endfacet
  facet normal 0.206031 -0 0.978546
    outer loop
      vertex 207.923 -36.3089 70.3491
      vertex 209.639 -34.5442 69.9878
      vertex 207.923 -33.6864 70.3491
    endloop
  endfacet
  facet normal 0.206031 0 0.978546
    outer loop
      vertex 209.639 -34.5442 69.9878
      vertex 207.923 -36.3089 70.3491
      vertex 209.639 -37.1666 69.9878
    endloop
  endfacet
  facet normal 0.206 0 0.978552
    outer loop
      vertex 202.892 -34.3555 71.4082
      vertex 207.923 -36.3089 70.3491
      vertex 207.923 -33.6864 70.3491
    endloop
  endfacet
  facet normal 0.206001 3.60998e-06 0.978552
    outer loop
      vertex 207.923 -36.3089 70.3491
      vertex 202.892 -34.3555 71.4082
      vertex 203.53 -36.8931 71.2739
    endloop
  endfacet
  facet normal 0.204588 -0.000367313 0.978848
    outer loop
      vertex 203.53 -36.8931 71.2739
      vertex 202.892 -34.3555 71.4082
      vertex 203.519 -36.8907 71.2762
    endloop
  endfacet
  facet normal 0.204737 0.000345216 0.978817
    outer loop
      vertex 202.397 -36.5158 71.5125
      vertex 202.892 -34.3555 71.4082
      vertex 202.881 -34.3531 71.4105
    endloop
  endfacet
  facet normal 0.20603 5.04878e-06 0.978546
    outer loop
      vertex 202.892 -34.3555 71.4082
      vertex 202.694 -36.6152 71.4499
      vertex 203.519 -36.8907 71.2762
    endloop
  endfacet
  facet normal 0.206238 -1.40229e-05 0.978502
    outer loop
      vertex 202.892 -34.3555 71.4082
      vertex 202.397 -36.5158 71.5125
      vertex 202.694 -36.6152 71.4499
    endloop
  endfacet
  facet normal 0.206094 2.80644e-05 0.978532
    outer loop
      vertex 201.825 -34.0001 71.6329
      vertex 202.397 -36.5158 71.5125
      vertex 202.881 -34.3531 71.4105
    endloop
  endfacet
  facet normal 0.205998 -0 0.978552
    outer loop
      vertex 200.208 -35.6298 71.9733
      vertex 201.825 -34.0001 71.6329
      vertex 200.208 -33.3457 71.9733
    endloop
  endfacet
  facet normal 0.205994 4.30557e-06 0.978553
    outer loop
      vertex 201.825 -34.0001 71.6329
      vertex 200.208 -35.6298 71.9733
      vertex 202.397 -36.5158 71.5125
    endloop
  endfacet
  facet normal 0.257663 -0 0.966235
    outer loop
      vertex 209.639 -37.1666 69.9878
      vertex 209.774 -34.6211 69.9518
      vertex 209.639 -34.5442 69.9878
    endloop
  endfacet
  facet normal 0.257663 0 0.966235
    outer loop
      vertex 209.774 -34.6211 69.9518
      vertex 209.639 -37.1666 69.9878
      vertex 209.774 -37.2435 69.9518
    endloop
  endfacet
  facet normal -0.20608 0 -0.978535
    outer loop
      vertex 207.923 -38.3282 68.7149
      vertex 208.989 -36.2387 68.4904
      vertex 208.989 -38.8612 68.4904
    endloop
  endfacet
  facet normal -0.20608 0 -0.978535
    outer loop
      vertex 207.923 -38.3282 68.7149
      vertex 207.923 -35.7057 68.7149
      vertex 208.989 -36.2387 68.4904
    endloop
  endfacet
  facet normal -0.20602 -8.70104e-06 -0.978548
    outer loop
      vertex 203.717 -36.2652 69.6004
      vertex 207.923 -38.3282 68.7149
      vertex 204.355 -38.8028 69.4661
    endloop
  endfacet
  facet normal -0.213601 -0.00200071 -0.976919
    outer loop
      vertex 203.717 -36.2652 69.6004
      vertex 204.355 -38.8028 69.4661
      vertex 204.344 -38.8003 69.4685
    endloop
  endfacet
  facet normal -0.206016 0 -0.978549
    outer loop
      vertex 207.923 -38.3282 68.7149
      vertex 203.717 -36.2652 69.6004
      vertex 207.923 -35.7057 68.7149
    endloop
  endfacet
  facet normal -0.205623 6.13867e-05 -0.978631
    outer loop
      vertex 203.673 -38.5765 69.6095
      vertex 203.717 -36.2652 69.6004
      vertex 204.344 -38.8003 69.4685
    endloop
  endfacet
  facet normal -0.206088 7.06125e-05 -0.978534
    outer loop
      vertex 203.278 -38.4445 69.6927
      vertex 203.717 -36.2652 69.6004
      vertex 203.673 -38.5765 69.6095
    endloop
  endfacet
  facet normal -0.204712 -0.000218646 -0.978822
    outer loop
      vertex 203.717 -36.2652 69.6004
      vertex 203.278 -38.4445 69.6927
      vertex 203.706 -36.2627 69.6027
    endloop
  endfacet
  facet normal -0.205973 3.95681e-05 -0.978558
    outer loop
      vertex 203.278 -38.4445 69.6927
      vertex 202.706 -35.9288 69.8132
      vertex 203.706 -36.2627 69.6027
    endloop
  endfacet
  facet normal -0.206037 2.43856e-05 -0.978544
    outer loop
      vertex 199.861 -37.0612 70.4122
      vertex 202.706 -35.9288 69.8132
      vertex 203.278 -38.4445 69.6927
    endloop
  endfacet
  facet normal -0.206028 0 -0.978546
    outer loop
      vertex 202.706 -35.9288 69.8132
      vertex 199.861 -37.0612 70.4122
      vertex 199.861 -34.7771 70.4122
    endloop
  endfacet
  facet normal 0.966092 -0 0.258198
    outer loop
      vertex 211.252 -40.2894 67.7736
      vertex 211.288 -37.842 67.6389
      vertex 211.252 -37.6669 67.7736
    endloop
  endfacet
  facet normal 0.966092 0 0.258198
    outer loop
      vertex 211.288 -37.842 67.6389
      vertex 211.252 -40.2894 67.7736
      vertex 211.288 -40.4645 67.6389
    endloop
  endfacet
  facet normal 0.705674 0 -0.708537
    outer loop
      vertex 211.113 -41.2296 66.9858
      vertex 211.014 -38.7053 66.8872
      vertex 211.113 -38.6071 66.9858
    endloop
  endfacet
  facet normal 0.705674 0 -0.708537
    outer loop
      vertex 211.014 -38.7053 66.8872
      vertex 211.113 -41.2296 66.9858
      vertex 211.014 -41.3278 66.8872
    endloop
  endfacet
  facet normal 0.81903 0 -0.573751
    outer loop
      vertex 211.193 -41.1076 67.1
      vertex 211.113 -38.6071 66.9858
      vertex 211.193 -38.4852 67.1
    endloop
  endfacet
  facet normal 0.81903 0 -0.573751
    outer loop
      vertex 211.113 -38.6071 66.9858
      vertex 211.193 -41.1076 67.1
      vertex 211.113 -41.2296 66.9858
    endloop
  endfacet
  facet normal 0.996289 -0 0.0860725
    outer loop
      vertex 211.288 -40.4645 67.6389
      vertex 211.3 -38.0166 67.5
      vertex 211.288 -37.842 67.6389
    endloop
  endfacet
  facet normal 0.996289 0 0.0860725
    outer loop
      vertex 211.3 -38.0166 67.5
      vertex 211.288 -40.4645 67.6389
      vertex 211.3 -40.639 67.5
    endloop
  endfacet
  facet normal 0.996289 0 -0.0860725
    outer loop
      vertex 211.3 -40.639 67.5
      vertex 211.288 -38.1853 67.3611
      vertex 211.3 -38.0166 67.5
    endloop
  endfacet
  facet normal 0.996289 0 -0.0860725
    outer loop
      vertex 211.288 -38.1853 67.3611
      vertex 211.3 -40.639 67.5
      vertex 211.288 -40.8078 67.3611
    endloop
  endfacet
  facet normal 0.906147 -0 0.422964
    outer loop
      vertex 211.193 -40.1191 67.9
      vertex 211.252 -37.6669 67.7736
      vertex 211.193 -37.4966 67.9
    endloop
  endfacet
  facet normal 0.906147 0 0.422964
    outer loop
      vertex 211.252 -37.6669 67.7736
      vertex 211.193 -40.1191 67.9
      vertex 211.252 -40.2894 67.7736
    endloop
  endfacet
  facet normal 0.966092 0 -0.258198
    outer loop
      vertex 211.288 -40.8078 67.3611
      vertex 211.252 -38.3431 67.2264
      vertex 211.288 -38.1853 67.3611
    endloop
  endfacet
  facet normal 0.966092 0 -0.258198
    outer loop
      vertex 211.252 -38.3431 67.2264
      vertex 211.288 -40.8078 67.3611
      vertex 211.252 -40.9656 67.2264
    endloop
  endfacet
  facet normal 0.906147 0 -0.422964
    outer loop
      vertex 211.252 -40.9656 67.2264
      vertex 211.193 -38.4852 67.1
      vertex 211.252 -38.3431 67.2264
    endloop
  endfacet
  facet normal 0.906147 0 -0.422964
    outer loop
      vertex 211.193 -38.4852 67.1
      vertex 211.252 -40.9656 67.2264
      vertex 211.193 -41.1076 67.1
    endloop
  endfacet
  facet normal 0.574426 0 -0.818557
    outer loop
      vertex 210.9 -38.7768 66.8072
      vertex 211.014 -41.3278 66.8872
      vertex 210.9 -41.3992 66.8072
    endloop
  endfacet
  facet normal 0.574426 0 -0.818557
    outer loop
      vertex 211.014 -41.3278 66.8872
      vertex 210.9 -38.7768 66.8072
      vertex 211.014 -38.7053 66.8872
    endloop
  endfacet
  facet normal 0.861934 -0 0.50702
    outer loop
      vertex 210.193 -37.7787 69.6
      vertex 211.193 -37.4966 67.9
      vertex 210.193 -35.1562 69.6
    endloop
  endfacet
  facet normal 0.861934 0 0.50702
    outer loop
      vertex 211.193 -37.4966 67.9
      vertex 210.193 -37.7787 69.6
      vertex 211.193 -40.1191 67.9
    endloop
  endfacet
  facet normal -0.861973 0 -0.506954
    outer loop
      vertex 209.326 -37.0275 67.9174
      vertex 208.989 -38.8612 68.4904
      vertex 208.989 -36.2387 68.4904
    endloop
  endfacet
  facet normal -0.861973 0 -0.506954
    outer loop
      vertex 208.989 -38.8612 68.4904
      vertex 209.326 -37.0275 67.9174
      vertex 209.326 -39.65 67.9174
    endloop
  endfacet
  facet normal 0.424066 0 -0.905632
    outer loop
      vertex 210.774 -38.8193 66.7482
      vertex 210.9 -41.3992 66.8072
      vertex 210.774 -41.4417 66.7482
    endloop
  endfacet
  facet normal 0.424066 0 -0.905632
    outer loop
      vertex 210.9 -41.3992 66.8072
      vertex 210.774 -38.8193 66.7482
      vertex 210.9 -38.7768 66.8072
    endloop
  endfacet
  facet normal -0.0870772 -0.704461 0.704381
    outer loop
      vertex 205.14 -41.2431 67.124
      vertex 204.774 -39.9702 68.3518
      vertex 204.265 -39.7622 68.4969
    endloop
  endfacet
  facet normal -0.0874462 -0.704493 0.704303
    outer loop
      vertex 204.774 -39.9702 68.3518
      vertex 205.14 -41.2431 67.124
      vertex 204.874 -40.0296 68.3048
    endloop
  endfacet
  facet normal -0.0874972 -0.704495 0.704294
    outer loop
      vertex 204.874 -40.0296 68.3048
      vertex 205.14 -41.2431 67.124
      vertex 205.277 -40.9628 67.4214
    endloop
  endfacet
  facet normal -0.0850351 -0.705234 0.703856
    outer loop
      vertex 205.277 -40.9628 67.4214
      vertex 205.14 -41.2431 67.124
      vertex 205.252 -41.0546 67.3264
    endloop
  endfacet
  facet normal -0.0887967 -0.703916 0.704711
    outer loop
      vertex 205.252 -41.0546 67.3264
      vertex 205.14 -41.2431 67.124
      vertex 205.193 -41.1737 67.2
    endloop
  endfacet
  facet normal -0.0864282 -0.704301 0.704621
    outer loop
      vertex 205.873 -42.9827 65.4751
      vertex 205.14 -41.2431 67.124
      vertex 204.265 -39.7622 68.4969
    endloop
  endfacet
  facet normal -0.087241 -0.704428 0.704394
    outer loop
      vertex 205.873 -42.9827 65.4751
      vertex 205.421 -41.2967 67.1052
      vertex 205.14 -41.2431 67.124
    endloop
  endfacet
  facet normal -0.087056 -0.704414 0.704431
    outer loop
      vertex 205.421 -41.2967 67.1052
      vertex 205.873 -42.9827 65.4751
      vertex 206.174 -43.0399 65.4551
    endloop
  endfacet
  facet normal -0.08697 -0.704422 0.704433
    outer loop
      vertex 205.303 -42.8742 65.5131
      vertex 204.265 -39.7622 68.4969
      vertex 203.792 -39.5685 68.6322
    endloop
  endfacet
  facet normal -0.0871311 -0.70444 0.704395
    outer loop
      vertex 204.265 -39.7622 68.4969
      vertex 205.303 -42.8742 65.5131
      vertex 205.873 -42.9827 65.4751
    endloop
  endfacet
  facet normal 0.240082 -0.610691 0.754598
    outer loop
      vertex 206.878 -40.848 67.0081
      vertex 207.923 -42.0665 65.6895
      vertex 207.923 -39.9575 67.3963
    endloop
  endfacet
  facet normal 0.240196 -0.610618 0.75462
    outer loop
      vertex 207.923 -42.0665 65.6895
      vertex 206.878 -40.848 67.0081
      vertex 207.274 -42.62 65.4482
    endloop
  endfacet
  facet normal 0.239838 -0.610723 0.754649
    outer loop
      vertex 207.274 -42.62 65.4482
      vertex 206.878 -40.848 67.0081
      vertex 207.139 -42.7175 65.4122
    endloop
  endfacet
  facet normal 0.239988 -0.610687 0.754631
    outer loop
      vertex 207.139 -42.7175 65.4122
      vertex 206.878 -40.848 67.0081
      vertex 207 -42.7872 65.4
    endloop
  endfacet
  facet normal 0.240183 -0.610648 0.7546
    outer loop
      vertex 205.432 -41.2975 67.1046
      vertex 207 -42.7872 65.4
      vertex 206.878 -40.848 67.0081
    endloop
  endfacet
  facet normal 0.23998 -0.610798 0.754543
    outer loop
      vertex 207 -42.7872 65.4
      vertex 205.432 -41.2975 67.1046
      vertex 206.184 -43.0406 65.4544
    endloop
  endfacet
  facet normal 0.00279589 -0.686851 0.726793
    outer loop
      vertex 205.432 -41.2975 67.1046
      vertex 206.174 -43.0399 65.4551
      vertex 206.184 -43.0406 65.4544
    endloop
  endfacet
  facet normal -0.0106855 -0.689839 0.723884
    outer loop
      vertex 206.174 -43.0399 65.4551
      vertex 205.432 -41.2975 67.1046
      vertex 205.421 -41.2967 67.1052
    endloop
  endfacet
  facet normal -0.240119 0.61064 -0.754627
    outer loop
      vertex 206.878 -38.2255 67.0081
      vertex 207.923 -39.4441 65.6895
      vertex 207.274 -39.9975 65.4482
    endloop
  endfacet
  facet normal -0.240218 0.610611 -0.754619
    outer loop
      vertex 206.878 -38.2255 67.0081
      vertex 207.274 -39.9975 65.4482
      vertex 207.139 -40.0951 65.4122
    endloop
  endfacet
  facet normal -0.239583 0.610766 -0.754696
    outer loop
      vertex 206.878 -38.2255 67.0081
      vertex 207.139 -40.0951 65.4122
      vertex 207 -40.1647 65.4
    endloop
  endfacet
  facet normal -0.240027 0.610699 -0.754608
    outer loop
      vertex 207.923 -39.4441 65.6895
      vertex 206.878 -38.2255 67.0081
      vertex 207.923 -37.3351 67.3963
    endloop
  endfacet
  facet normal -0.240135 0.610673 -0.754595
    outer loop
      vertex 205.14 -38.7658 67.124
      vertex 207 -40.1647 65.4
      vertex 205.59 -40.603 65.494
    endloop
  endfacet
  facet normal -0.240158 0.610653 -0.754604
    outer loop
      vertex 207 -40.1647 65.4
      vertex 205.14 -38.7658 67.124
      vertex 206.878 -38.2255 67.0081
    endloop
  endfacet
  facet normal -0.237524 0.61204 -0.754314
    outer loop
      vertex 205.193 -37.6625 68
      vertex 205.014 -37.4697 68.2128
      vertex 205.113 -37.5528 68.1142
    endloop
  endfacet
  facet normal -0.240915 0.610418 -0.754553
    outer loop
      vertex 205.193 -38.651 67.2
      vertex 204.774 -37.3926 68.3518
      vertex 205.014 -37.4697 68.2128
    endloop
  endfacet
  facet normal -0.240957 0.610355 -0.754591
    outer loop
      vertex 205.014 -37.4697 68.2128
      vertex 204.774 -37.3926 68.3518
      vertex 204.9 -37.4158 68.2928
    endloop
  endfacet
  facet normal -0.239783 0.610781 -0.754619
    outer loop
      vertex 204.213 -37.4151 68.5118
      vertex 205.14 -38.7658 67.124
      vertex 205.59 -40.603 65.494
    endloop
  endfacet
  facet normal -0.239711 0.61085 -0.754586
    outer loop
      vertex 205.193 -38.651 67.2
      vertex 204.213 -37.4151 68.5118
      vertex 204.774 -37.3926 68.3518
    endloop
  endfacet
  facet normal -0.240203 0.610569 -0.754657
    outer loop
      vertex 205.014 -37.4697 68.2128
      vertex 205.3 -38.1146 67.6
      vertex 205.288 -38.291 67.4611
    endloop
  endfacet
  facet normal -0.240514 0.610458 -0.754649
    outer loop
      vertex 205.014 -37.4697 68.2128
      vertex 205.288 -38.291 67.4611
      vertex 205.252 -38.4717 67.3264
    endloop
  endfacet
  facet normal -0.239626 0.610812 -0.754644
    outer loop
      vertex 205.014 -37.4697 68.2128
      vertex 205.288 -37.9477 67.7389
      vertex 205.3 -38.1146 67.6
    endloop
  endfacet
  facet normal -0.239332 0.610815 -0.754735
    outer loop
      vertex 205.014 -37.4697 68.2128
      vertex 205.252 -38.4717 67.3264
      vertex 205.193 -38.651 67.2
    endloop
  endfacet
  facet normal -0.238457 0.611388 -0.754548
    outer loop
      vertex 205.014 -37.4697 68.2128
      vertex 205.252 -37.7955 67.8736
      vertex 205.288 -37.9477 67.7389
    endloop
  endfacet
  facet normal -0.240243 0.610527 -0.754679
    outer loop
      vertex 204.213 -37.4151 68.5118
      vertex 205.193 -38.651 67.2
      vertex 205.14 -38.7658 67.124
    endloop
  endfacet
  facet normal -0.238693 0.611252 -0.754584
    outer loop
      vertex 205.014 -37.4697 68.2128
      vertex 205.193 -37.6625 68
      vertex 205.252 -37.7955 67.8736
    endloop
  endfacet
  facet normal 0.0870249 0.704415 -0.704434
    outer loop
      vertex 204.772 -40.4487 65.5485
      vertex 204.202 -37.4116 68.5151
      vertex 205.579 -40.6022 65.4947
    endloop
  endfacet
  facet normal 0.0870314 0.704415 -0.704433
    outer loop
      vertex 204.202 -37.4116 68.5151
      vertex 204.772 -40.4487 65.5485
      vertex 203.196 -36.9999 68.8025
    endloop
  endfacet
  facet normal 0.00390198 0.68835 -0.725368
    outer loop
      vertex 205.579 -40.6022 65.4947
      vertex 204.213 -37.4151 68.5118
      vertex 205.59 -40.603 65.494
    endloop
  endfacet
  facet normal 0.00101716 0.687703 -0.725991
    outer loop
      vertex 204.213 -37.4151 68.5118
      vertex 205.579 -40.6022 65.4947
      vertex 204.202 -37.4116 68.5151
    endloop
  endfacet
  facet normal 0.348116 0 -0.937451
    outer loop
      vertex 207.923 -39.4441 65.6895
      vertex 210.774 -41.4417 66.7482
      vertex 207.923 -42.0665 65.6895
    endloop
  endfacet
  facet normal 0.348116 0 -0.937451
    outer loop
      vertex 210.774 -41.4417 66.7482
      vertex 207.923 -39.4441 65.6895
      vertex 210.774 -38.8193 66.7482
    endloop
  endfacet
  facet normal 0.348495 0 -0.937311
    outer loop
      vertex 207.274 -39.9975 65.4482
      vertex 207.923 -42.0665 65.6895
      vertex 207.274 -42.62 65.4482
    endloop
  endfacet
  facet normal 0.348495 0 -0.937311
    outer loop
      vertex 207.923 -42.0665 65.6895
      vertex 207.274 -39.9975 65.4482
      vertex 207.923 -39.4441 65.6895
    endloop
  endfacet
  facet normal -0.348178 0 0.937428
    outer loop
      vertex 207.923 -37.3351 67.3963
      vertex 209.326 -39.65 67.9174
      vertex 209.326 -37.0275 67.9174
    endloop
  endfacet
  facet normal -0.348178 0 0.937428
    outer loop
      vertex 207.923 -37.3351 67.3963
      vertex 207.923 -39.9575 67.3963
      vertex 209.326 -39.65 67.9174
    endloop
  endfacet
  facet normal -0.348232 0 0.937409
    outer loop
      vertex 206.878 -38.2255 67.0081
      vertex 207.923 -39.9575 67.3963
      vertex 207.923 -37.3351 67.3963
    endloop
  endfacet
  facet normal -0.348232 0 0.937409
    outer loop
      vertex 207.923 -39.9575 67.3963
      vertex 206.878 -38.2255 67.0081
      vertex 206.878 -40.848 67.0081
    endloop
  endfacet
  facet normal 0.257663 0 -0.966235
    outer loop
      vertex 207.139 -40.0951 65.4122
      vertex 207.274 -42.62 65.4482
      vertex 207.139 -42.7175 65.4122
    endloop
  endfacet
  facet normal 0.257663 0 -0.966235
    outer loop
      vertex 207.274 -42.62 65.4482
      vertex 207.139 -40.0951 65.4122
      vertex 207.274 -39.9975 65.4482
    endloop
  endfacet
  facet normal 0.0874337 0 -0.99617
    outer loop
      vertex 207 -40.1647 65.4
      vertex 207.139 -42.7175 65.4122
      vertex 207 -42.7872 65.4
    endloop
  endfacet
  facet normal 0.0874337 0 -0.99617
    outer loop
      vertex 207.139 -42.7175 65.4122
      vertex 207 -40.1647 65.4
      vertex 207.139 -40.0951 65.4122
    endloop
  endfacet
  facet normal -0.996289 0 0.0860725
    outer loop
      vertex 201.7 -38.9121 66.5
      vertex 201.712 -41.065 66.6389
      vertex 201.712 -38.7809 66.6389
    endloop
  endfacet
  facet normal -0.996289 0 0.0860725
    outer loop
      vertex 201.712 -41.065 66.6389
      vertex 201.7 -38.9121 66.5
      vertex 201.7 -41.1962 66.5
    endloop
  endfacet
  facet normal -0.705674 0 0.708537
    outer loop
      vertex 201.887 -38.4553 67.0142
      vertex 201.986 -40.6645 67.1128
      vertex 201.986 -38.3804 67.1128
    endloop
  endfacet
  facet normal -0.705674 0 0.708537
    outer loop
      vertex 201.986 -40.6645 67.1128
      vertex 201.887 -38.4553 67.0142
      vertex 201.887 -40.7394 67.0142
    endloop
  endfacet
  facet normal 0.0665381 0 0.997784
    outer loop
      vertex 205.14 -38.7658 67.124
      vertex 206.878 -40.848 67.0081
      vertex 206.878 -38.2255 67.0081
    endloop
  endfacet
  facet normal 0.0665775 3.30481e-05 0.997781
    outer loop
      vertex 206.878 -40.848 67.0081
      vertex 205.14 -38.7658 67.124
      vertex 205.432 -41.2975 67.1046
    endloop
  endfacet
  facet normal 0.0543643 -0.00138125 0.99852
    outer loop
      vertex 205.432 -41.2975 67.1046
      vertex 205.14 -38.7658 67.124
      vertex 205.421 -41.2967 67.1052
    endloop
  endfacet
  facet normal 0.0667547 0 0.997769
    outer loop
      vertex 205.421 -41.2967 67.1052
      vertex 205.14 -38.7658 67.124
      vertex 205.14 -41.2431 67.124
    endloop
  endfacet
  facet normal 0.066519 -0 0.997785
    outer loop
      vertex 202.5 -40.5885 67.3
      vertex 202.689 -38.3549 67.2874
      vertex 202.5 -38.3044 67.3
    endloop
  endfacet
  facet normal 0.066519 0 0.997785
    outer loop
      vertex 202.689 -38.3549 67.2874
      vertex 202.5 -40.5885 67.3
      vertex 202.689 -40.639 67.2874
    endloop
  endfacet
  facet normal -0.906147 0 -0.422964
    outer loop
      vertex 201.807 -39.3185 66.1
      vertex 201.748 -41.4691 66.2264
      vertex 201.748 -39.185 66.2264
    endloop
  endfacet
  facet normal -0.906147 0 -0.422964
    outer loop
      vertex 201.748 -41.4691 66.2264
      vertex 201.807 -39.3185 66.1
      vertex 201.807 -41.6026 66.1
    endloop
  endfacet
  facet normal -0.0692178 0.00873816 -0.997563
    outer loop
      vertex 206.174 -43.0399 65.4551
      vertex 207 -42.7872 65.4
      vertex 206.184 -43.0406 65.4544
    endloop
  endfacet
  facet normal -0.0663986 -0.000526773 -0.997793
    outer loop
      vertex 205.873 -42.9827 65.4751
      vertex 207 -42.7872 65.4
      vertex 206.174 -43.0399 65.4551
    endloop
  endfacet
  facet normal -0.0664926 1.71325e-05 -0.997787
    outer loop
      vertex 207 -42.7872 65.4
      vertex 205.873 -42.9827 65.4751
      vertex 205.59 -40.603 65.494
    endloop
  endfacet
  facet normal -0.066519 0 -0.997785
    outer loop
      vertex 207 -42.7872 65.4
      vertex 205.59 -40.603 65.494
      vertex 207 -40.1647 65.4
    endloop
  endfacet
  facet normal -0.0665163 1.43001e-05 -0.997785
    outer loop
      vertex 205.303 -42.8742 65.5131
      vertex 205.59 -40.603 65.494
      vertex 205.873 -42.9827 65.4751
    endloop
  endfacet
  facet normal -0.0635343 -0.000364157 -0.99798
    outer loop
      vertex 205.59 -40.603 65.494
      vertex 205.303 -42.8742 65.5131
      vertex 205.579 -40.6022 65.4947
    endloop
  endfacet
  facet normal -0.0666494 1.59089e-05 -0.997776
    outer loop
      vertex 204.565 -42.6775 65.5624
      vertex 205.579 -40.6022 65.4947
      vertex 205.303 -42.8742 65.5131
    endloop
  endfacet
  facet normal -0.0665273 -4.39907e-05 -0.997785
    outer loop
      vertex 205.579 -40.6022 65.4947
      vertex 204.565 -42.6775 65.5624
      vertex 204.772 -40.4487 65.5485
    endloop
  endfacet
  facet normal -0.0669989 0 -0.997753
    outer loop
      vertex 204.772 -40.4487 65.5485
      vertex 204.565 -42.6775 65.5624
      vertex 204.565 -40.3934 65.5624
    endloop
  endfacet
  facet normal -0.574426 0 0.818557
    outer loop
      vertex 201.986 -38.3804 67.1128
      vertex 202.1 -40.6107 67.1928
      vertex 202.1 -38.3266 67.1928
    endloop
  endfacet
  facet normal -0.574426 0 0.818557
    outer loop
      vertex 202.1 -40.6107 67.1928
      vertex 201.986 -38.3804 67.1128
      vertex 201.986 -40.6645 67.1128
    endloop
  endfacet
  facet normal -0.81903 0 0.573751
    outer loop
      vertex 201.807 -38.549 66.9
      vertex 201.887 -40.7394 67.0142
      vertex 201.887 -38.4553 67.0142
    endloop
  endfacet
  facet normal -0.81903 0 0.573751
    outer loop
      vertex 201.887 -40.7394 67.0142
      vertex 201.807 -38.549 66.9
      vertex 201.807 -40.8331 66.9
    endloop
  endfacet
  facet normal -0.424066 0 0.905632
    outer loop
      vertex 202.1 -38.3266 67.1928
      vertex 202.226 -40.5796 67.2518
      vertex 202.226 -38.2954 67.2518
    endloop
  endfacet
  facet normal -0.424066 0 0.905632
    outer loop
      vertex 202.226 -40.5796 67.2518
      vertex 202.1 -38.3266 67.1928
      vertex 202.1 -40.6107 67.1928
    endloop
  endfacet
  facet normal -0.707161 0 -0.707053
    outer loop
      vertex 201.887 -41.7287 65.9858
      vertex 203.841 -41.7196 64.0315
      vertex 203.841 -44.0037 64.0315
    endloop
  endfacet
  facet normal -0.707161 0 -0.707053
    outer loop
      vertex 203.841 -41.7196 64.0315
      vertex 201.887 -41.7287 65.9858
      vertex 201.887 -39.4445 65.9858
    endloop
  endfacet
  facet normal -0.996289 0 -0.0860725
    outer loop
      vertex 201.712 -39.0481 66.3611
      vertex 201.7 -41.1962 66.5
      vertex 201.7 -38.9121 66.5
    endloop
  endfacet
  facet normal -0.996289 0 -0.0860725
    outer loop
      vertex 201.7 -41.1962 66.5
      vertex 201.712 -39.0481 66.3611
      vertex 201.712 -41.3323 66.3611
    endloop
  endfacet
  facet normal -0.966092 0 0.258198
    outer loop
      vertex 201.712 -38.7809 66.6389
      vertex 201.748 -40.9428 66.7736
      vertex 201.748 -38.6586 66.7736
    endloop
  endfacet
  facet normal -0.966092 0 0.258198
    outer loop
      vertex 201.748 -40.9428 66.7736
      vertex 201.712 -38.7809 66.6389
      vertex 201.712 -41.065 66.6389
    endloop
  endfacet
  facet normal -0.0874337 0 0.99617
    outer loop
      vertex 202.361 -40.5721 67.2878
      vertex 202.5 -38.3044 67.3
      vertex 202.361 -38.288 67.2878
    endloop
  endfacet
  facet normal -0.0874337 0 0.99617
    outer loop
      vertex 202.5 -38.3044 67.3
      vertex 202.361 -40.5721 67.2878
      vertex 202.5 -40.5885 67.3
    endloop
  endfacet
  facet normal -0.257663 0 0.966235
    outer loop
      vertex 202.226 -38.2954 67.2518
      vertex 202.361 -40.5721 67.2878
      vertex 202.361 -38.288 67.2878
    endloop
  endfacet
  facet normal -0.257663 0 0.966235
    outer loop
      vertex 202.361 -40.5721 67.2878
      vertex 202.226 -38.2954 67.2518
      vertex 202.226 -40.5796 67.2518
    endloop
  endfacet
  facet normal -0.906147 0 0.422964
    outer loop
      vertex 201.748 -38.6586 66.7736
      vertex 201.807 -40.8331 66.9
      vertex 201.807 -38.549 66.9
    endloop
  endfacet
  facet normal -0.906147 0 0.422964
    outer loop
      vertex 201.807 -40.8331 66.9
      vertex 201.748 -38.6586 66.7736
      vertex 201.748 -40.9428 66.7736
    endloop
  endfacet
  facet normal -0.966092 0 -0.258198
    outer loop
      vertex 201.748 -39.185 66.2264
      vertex 201.712 -41.3323 66.3611
      vertex 201.712 -39.0481 66.3611
    endloop
  endfacet
  facet normal -0.966092 0 -0.258198
    outer loop
      vertex 201.712 -41.3323 66.3611
      vertex 201.748 -39.185 66.2264
      vertex 201.748 -41.4691 66.2264
    endloop
  endfacet
  facet normal -0.81903 0 -0.573751
    outer loop
      vertex 201.887 -39.4445 65.9858
      vertex 201.807 -41.6026 66.1
      vertex 201.807 -39.3185 66.1
    endloop
  endfacet
  facet normal -0.81903 0 -0.573751
    outer loop
      vertex 201.807 -41.6026 66.1
      vertex 201.887 -39.4445 65.9858
      vertex 201.887 -41.7287 65.9858
    endloop
  endfacet
  facet normal 0.00217735 -0.686962 0.72669
    outer loop
      vertex 204.874 -40.0296 68.3048
      vertex 205.281 -40.9482 67.4352
      vertex 204.887 -40.0358 68.2989
    endloop
  endfacet
  facet normal 0.00147172 -0.687128 0.726535
    outer loop
      vertex 205.281 -40.9482 67.4352
      vertex 204.874 -40.0296 68.3048
      vertex 205.277 -40.9628 67.4214
    endloop
  endfacet
  facet normal 0.239302 -0.611096 0.754517
    outer loop
      vertex 204.887 -40.0358 68.2989
      vertex 205.3 -40.737 67.6
      vertex 205.288 -40.5702 67.7389
    endloop
  endfacet
  facet normal 0.240938 -0.610276 0.754661
    outer loop
      vertex 205.3 -40.737 67.6
      vertex 204.887 -40.0358 68.2989
      vertex 205.288 -40.9135 67.4611
    endloop
  endfacet
  facet normal 0.239991 -0.610692 0.754625
    outer loop
      vertex 204.887 -40.0358 68.2989
      vertex 205.288 -40.5702 67.7389
      vertex 205.252 -40.4179 67.8736
    endloop
  endfacet
  facet normal 0.239941 -0.610726 0.754613
    outer loop
      vertex 204.887 -40.0358 68.2989
      vertex 205.252 -40.4179 67.8736
      vertex 205.193 -40.2849 68
    endloop
  endfacet
  facet normal 0.240251 -0.610473 0.75472
    outer loop
      vertex 204.887 -40.0358 68.2989
      vertex 205.193 -40.2849 68
      vertex 205.113 -40.1752 68.1142
    endloop
  endfacet
  facet normal 0.243553 -0.607207 0.756295
    outer loop
      vertex 204.887 -40.0358 68.2989
      vertex 205.113 -40.1752 68.1142
      vertex 205.014 -40.0921 68.2128
    endloop
  endfacet
  facet normal 0.24186 -0.609291 0.755161
    outer loop
      vertex 204.887 -40.0358 68.2989
      vertex 205.014 -40.0921 68.2128
      vertex 204.9 -40.0382 68.2928
    endloop
  endfacet
  facet normal 0.238477 -0.611331 0.754588
    outer loop
      vertex 205.288 -40.9135 67.4611
      vertex 204.887 -40.0358 68.2989
      vertex 205.281 -40.9482 67.4352
    endloop
  endfacet
  facet normal 0.707561 -0 0.706652
    outer loop
      vertex 204.565 -42.6775 65.5624
      vertex 204.954 -40.8468 65.1729
      vertex 204.565 -40.3934 65.5624
    endloop
  endfacet
  facet normal 0.706655 0.000385148 0.707558
    outer loop
      vertex 204.565 -42.6775 65.5624
      vertex 205.113 -41.0251 65.0142
      vertex 204.954 -40.8468 65.1729
    endloop
  endfacet
  facet normal 0.707236 0 0.706978
    outer loop
      vertex 205.113 -41.0251 65.0142
      vertex 204.565 -42.6775 65.5624
      vertex 205.113 -43.3156 65.0142
    endloop
  endfacet
  facet normal 0.81903 -0 0.573751
    outer loop
      vertex 205.113 -43.3156 65.0142
      vertex 205.193 -41.1492 64.9
      vertex 205.113 -41.0251 65.0142
    endloop
  endfacet
  facet normal 0.81903 0 0.573751
    outer loop
      vertex 205.193 -41.1492 64.9
      vertex 205.113 -43.3156 65.0142
      vertex 205.193 -43.4417 64.9
    endloop
  endfacet
  facet normal 0.996289 -0 0.0860725
    outer loop
      vertex 206.288 -45.838 62.6389
      vertex 206.3 -43.686 62.5
      vertex 206.288 -43.5456 62.6389
    endloop
  endfacet
  facet normal 0.996289 0 0.0860725
    outer loop
      vertex 206.3 -43.686 62.5
      vertex 206.288 -45.838 62.6389
      vertex 206.3 -45.9741 62.5
    endloop
  endfacet
  facet normal 0.906147 0 -0.422964
    outer loop
      vertex 206.252 -46.2275 62.2264
      vertex 206.193 -44.0531 62.1
      vertex 206.252 -43.9434 62.2264
    endloop
  endfacet
  facet normal 0.906147 0 -0.422964
    outer loop
      vertex 206.193 -44.0531 62.1
      vertex 206.252 -46.2275 62.2264
      vertex 206.193 -46.3372 62.1
    endloop
  endfacet
  facet normal 0.966092 0 -0.258198
    outer loop
      vertex 206.288 -46.1053 62.3611
      vertex 206.252 -43.9434 62.2264
      vertex 206.288 -43.8211 62.3611
    endloop
  endfacet
  facet normal 0.966092 0 -0.258198
    outer loop
      vertex 206.252 -43.9434 62.2264
      vertex 206.288 -46.1053 62.3611
      vertex 206.252 -46.2275 62.2264
    endloop
  endfacet
  facet normal 0.995993 0 -0.089427
    outer loop
      vertex 206.3 -45.9741 62.5
      vertex 206.292 -43.7742 62.4109
      vertex 206.3 -43.686 62.5
    endloop
  endfacet
  facet normal 0.996762 0.000368088 -0.0804079
    outer loop
      vertex 206.3 -45.9741 62.5
      vertex 206.288 -43.8211 62.3611
      vertex 206.292 -43.7742 62.4109
    endloop
  endfacet
  facet normal 0.996289 0 -0.0860725
    outer loop
      vertex 206.288 -43.8211 62.3611
      vertex 206.3 -45.9741 62.5
      vertex 206.288 -46.1053 62.3611
    endloop
  endfacet
  facet normal 0.574426 0 -0.818557
    outer loop
      vertex 205.9 -44.2755 61.8072
      vertex 206.014 -46.5058 61.8872
      vertex 205.9 -46.5596 61.8072
    endloop
  endfacet
  facet normal 0.574426 0 -0.818557
    outer loop
      vertex 206.014 -46.5058 61.8872
      vertex 205.9 -44.2755 61.8072
      vertex 206.014 -44.2216 61.8872
    endloop
  endfacet
  facet normal 0.894427 -0 0.447214
    outer loop
      vertex 205.193 -43.4417 64.9
      vertex 206.193 -43.2727 62.9
      vertex 205.193 -41.1492 64.9
    endloop
  endfacet
  facet normal 0.894427 0 0.447214
    outer loop
      vertex 206.193 -43.2727 62.9
      vertex 205.193 -43.4417 64.9
      vertex 206.193 -45.5677 62.9
    endloop
  endfacet
  facet normal 0.966092 -0 0.258198
    outer loop
      vertex 206.252 -45.7012 62.7736
      vertex 206.288 -43.5456 62.6389
      vertex 206.252 -43.4064 62.7736
    endloop
  endfacet
  facet normal 0.966092 0 0.258198
    outer loop
      vertex 206.288 -43.5456 62.6389
      vertex 206.252 -45.7012 62.7736
      vertex 206.288 -45.838 62.6389
    endloop
  endfacet
  facet normal -0.894346 0 -0.447377
    outer loop
      vertex 204.39 -42.8862 62.934
      vertex 203.841 -44.0037 64.0315
      vertex 203.841 -41.7196 64.0315
    endloop
  endfacet
  facet normal -0.894346 0 -0.447377
    outer loop
      vertex 203.841 -44.0037 64.0315
      vertex 204.39 -42.8862 62.934
      vertex 204.39 -45.1704 62.934
    endloop
  endfacet
  facet normal 0.906147 -0 0.422964
    outer loop
      vertex 206.193 -45.5677 62.9
      vertex 206.252 -43.4064 62.7736
      vertex 206.193 -43.2727 62.9
    endloop
  endfacet
  facet normal 0.906147 0 0.422964
    outer loop
      vertex 206.252 -43.4064 62.7736
      vertex 206.193 -45.5677 62.9
      vertex 206.252 -45.7012 62.7736
    endloop
  endfacet
  facet normal 0.81903 0 -0.573751
    outer loop
      vertex 206.193 -46.3372 62.1
      vertex 206.113 -44.1468 61.9858
      vertex 206.193 -44.0531 62.1
    endloop
  endfacet
  facet normal 0.81903 0 -0.573751
    outer loop
      vertex 206.113 -44.1468 61.9858
      vertex 206.193 -46.3372 62.1
      vertex 206.113 -46.4309 61.9858
    endloop
  endfacet
  facet normal 0.705674 0 -0.708537
    outer loop
      vertex 206.113 -46.4309 61.9858
      vertex 206.014 -44.2216 61.8872
      vertex 206.113 -44.1468 61.9858
    endloop
  endfacet
  facet normal 0.705674 0 -0.708537
    outer loop
      vertex 206.014 -44.2216 61.8872
      vertex 206.113 -46.4309 61.9858
      vertex 206.014 -46.5058 61.8872
    endloop
  endfacet
  facet normal 0.424066 0 -0.905632
    outer loop
      vertex 205.774 -44.3066 61.7482
      vertex 205.9 -46.5596 61.8072
      vertex 205.774 -46.5907 61.7482
    endloop
  endfacet
  facet normal 0.424066 0 -0.905632
    outer loop
      vertex 205.9 -46.5596 61.8072
      vertex 205.774 -44.3066 61.7482
      vertex 205.9 -44.2755 61.8072
    endloop
  endfacet
  facet normal -0.355222 0 0.934782
    outer loop
      vertex 200.339 -43.5475 61.3946
      vertex 204.39 -45.1704 62.934
      vertex 204.39 -42.8862 62.934
    endloop
  endfacet
  facet normal -0.355222 0 0.934782
    outer loop
      vertex 204.39 -45.1704 62.934
      vertex 200.339 -43.5475 61.3946
      vertex 200.339 -45.8316 61.3946
    endloop
  endfacet
  facet normal 0.355218 0 -0.934784
    outer loop
      vertex 200.774 -45.1228 59.8482
      vertex 205.774 -46.5907 61.7482
      vertex 200.774 -47.4069 59.8482
    endloop
  endfacet
  facet normal 0.355218 0 -0.934784
    outer loop
      vertex 205.774 -46.5907 61.7482
      vertex 200.774 -45.1228 59.8482
      vertex 205.774 -44.3066 61.7482
    endloop
  endfacet
  facet normal 0.257981 2.02485e-05 -0.96615
    outer loop
      vertex 200.639 -45.1303 59.8122
      vertex 200.774 -47.4069 59.8482
      vertex 200.68 -47.4122 59.8231
    endloop
  endfacet
  facet normal 0.256929 0 -0.96643
    outer loop
      vertex 200.639 -45.1303 59.8122
      vertex 200.68 -47.4122 59.8231
      vertex 200.639 -47.412 59.8122
    endloop
  endfacet
  facet normal 0.257663 0 -0.966235
    outer loop
      vertex 200.774 -47.4069 59.8482
      vertex 200.639 -45.1303 59.8122
      vertex 200.774 -45.1228 59.8482
    endloop
  endfacet
  facet normal 0.0874337 0 -0.99617
    outer loop
      vertex 200.5 -47.3939 59.8
      vertex 200.639 -45.1303 59.8122
      vertex 200.639 -47.412 59.8122
    endloop
  endfacet
  facet normal 0.0874337 0 -0.99617
    outer loop
      vertex 200.639 -45.1303 59.8122
      vertex 200.5 -47.3939 59.8
      vertex 200.5 -45.1139 59.8
    endloop
  endfacet
  facet normal 0.0333148 0 -0.999445
    outer loop
      vertex 199.708 -47.2606 59.7736
      vertex 200.5 -45.1139 59.8
      vertex 200.5 -47.3939 59.8
    endloop
  endfacet
  facet normal 0.0333148 -1.93371e-16 -0.999445
    outer loop
      vertex 200.5 -45.1139 59.8
      vertex 199.708 -47.2606 59.7736
      vertex 199.714 -44.9802 59.7738
    endloop
  endfacet
  facet normal 0.0333148 -2.01903e-16 -0.999445
    outer loop
      vertex 199.708 -47.2606 59.7736
      vertex 199.291 -45.132 59.7597
      vertex 199.714 -44.9802 59.7738
    endloop
  endfacet
  facet normal 0.030006 -0.000648904 -0.99955
    outer loop
      vertex 199.708 -47.2606 59.7736
      vertex 199.281 -45.1323 59.7594
      vertex 199.291 -45.132 59.7597
    endloop
  endfacet
  facet normal 0.0333156 1.57996e-05 -0.999445
    outer loop
      vertex 194.5 -47.0201 59.6
      vertex 199.281 -45.1323 59.7594
      vertex 199.708 -47.2606 59.7736
    endloop
  endfacet
  facet normal 0.0333218 0 -0.999445
    outer loop
      vertex 199.281 -45.1323 59.7594
      vertex 194.5 -47.0201 59.6
      vertex 194.5 -44.9471 59.6
    endloop
  endfacet
  facet normal -0.0332616 0 0.999447
    outer loop
      vertex 199.714 -45.7253 61.3738
      vertex 200.339 -43.5475 61.3946
      vertex 199.714 -43.4412 61.3738
    endloop
  endfacet
  facet normal -0.0332616 0 0.999447
    outer loop
      vertex 200.339 -43.5475 61.3946
      vertex 199.714 -45.7253 61.3738
      vertex 200.339 -45.8316 61.3946
    endloop
  endfacet
  facet normal -0.0333148 0 0.999445
    outer loop
      vertex 198.64 -43.8263 61.338
      vertex 199.714 -45.7253 61.3738
      vertex 199.714 -43.4412 61.3738
    endloop
  endfacet
  facet normal -0.0332718 2.43632e-05 0.999446
    outer loop
      vertex 199.714 -45.7253 61.3738
      vertex 198.64 -43.8263 61.338
      vertex 199.071 -45.9558 61.3524
    endloop
  endfacet
  facet normal -0.0399283 -0.00132454 0.999202
    outer loop
      vertex 199.071 -45.9558 61.3524
      vertex 198.64 -43.8263 61.338
      vertex 199.061 -45.9561 61.352
    endloop
  endfacet
  facet normal -0.0300057 0.000639173 0.99955
    outer loop
      vertex 198.63 -43.8266 61.3377
      vertex 199.061 -45.9561 61.352
      vertex 198.64 -43.8263 61.338
    endloop
  endfacet
  facet normal -0.0333234 0 0.999445
    outer loop
      vertex 194.746 -45.7889 61.2082
      vertex 198.63 -43.8266 61.3377
      vertex 194.746 -43.6761 61.2082
    endloop
  endfacet
  facet normal -0.0333083 -2.99612e-05 0.999445
    outer loop
      vertex 198.63 -43.8266 61.3377
      vertex 194.746 -45.7889 61.2082
      vertex 199.061 -45.9561 61.352
    endloop
  endfacet
  facet normal -0.574426 0 -0.818557
    outer loop
      vertex 193.986 -46.8533 59.7872
      vertex 194.1 -44.8352 59.7072
      vertex 194.1 -46.9172 59.7072
    endloop
  endfacet
  facet normal -0.574426 0 -0.818557
    outer loop
      vertex 194.1 -44.8352 59.7072
      vertex 193.986 -46.8533 59.7872
      vertex 193.986 -44.7637 59.7872
    endloop
  endfacet
  facet normal -0.0874337 0 -0.99617
    outer loop
      vertex 194.361 -47.0019 59.6122
      vertex 194.5 -44.9471 59.6
      vertex 194.5 -47.0201 59.6
    endloop
  endfacet
  facet normal -0.0874337 0 -0.99617
    outer loop
      vertex 194.5 -44.9471 59.6
      vertex 194.361 -47.0019 59.6122
      vertex 194.361 -44.9283 59.6122
    endloop
  endfacet
  facet normal -0.424066 0 -0.905632
    outer loop
      vertex 194.1 -46.9172 59.7072
      vertex 194.226 -44.8906 59.6482
      vertex 194.226 -46.9673 59.6482
    endloop
  endfacet
  facet normal -0.424066 0 -0.905632
    outer loop
      vertex 194.226 -44.8906 59.6482
      vertex 194.1 -46.9172 59.7072
      vertex 194.1 -44.8352 59.7072
    endloop
  endfacet
  facet normal -0.257663 0 -0.966235
    outer loop
      vertex 194.226 -46.9673 59.6482
      vertex 194.361 -44.9283 59.6122
      vertex 194.361 -47.0019 59.6122
    endloop
  endfacet
  facet normal -0.257663 0 -0.966235
    outer loop
      vertex 194.361 -44.9283 59.6122
      vertex 194.226 -46.9673 59.6482
      vertex 194.226 -44.8906 59.6482
    endloop
  endfacet
  facet normal -0.1647 -0.98257 0.0862023
    outer loop
      vertex 190.571 -48.9816 54.4877
      vertex 190.392 -48.9698 54.2802
      vertex 191.339 -49.1218 54.357
    endloop
  endfacet
  facet normal -0.192942 -0.977475 -0.0855299
    outer loop
      vertex 182.836 -47.5699 51.5315
      vertex 187.271 -48.5662 52.913
      vertex 183.861 -47.8384 52.2878
    endloop
  endfacet
  facet normal -0.192951 -0.977475 -0.0855178
    outer loop
      vertex 182.836 -47.5699 51.5315
      vertex 183.861 -47.8384 52.2878
      vertex 182.836 -47.6271 52.1853
    endloop
  endfacet
  facet normal -0.192873 -0.977508 -0.0853168
    outer loop
      vertex 187.271 -48.5662 52.913
      vertex 190.684 -49.1746 52.168
      vertex 190.808 -49.2116 52.3116
    endloop
  endfacet
  facet normal -0.192925 -0.977474 -0.085583
    outer loop
      vertex 187.271 -48.5662 52.913
      vertex 182.836 -47.5699 51.5315
      vertex 190.684 -49.1746 52.168
    endloop
  endfacet
  facet normal -0.131086 -0.95752 0.256852
    outer loop
      vertex 190.69 -48.9609 54.6256
      vertex 190.571 -48.9816 54.4877
      vertex 191.339 -49.1218 54.357
    endloop
  endfacet
  facet normal 0.215721 -0.762115 0.610446
    outer loop
      vertex 190.4 -42.0012 66
      vertex 190.686 -41.4294 66.6128
      vertex 190.587 -41.5364 66.5142
    endloop
  endfacet
  facet normal 0.217359 -0.762122 0.609856
    outer loop
      vertex 190.4 -42.0012 66
      vertex 190.587 -41.5364 66.5142
      vertex 190.507 -41.6506 66.4
    endloop
  endfacet
  facet normal 0.215167 -0.762212 0.610521
    outer loop
      vertex 190.4 -42.0012 66
      vertex 190.507 -41.6506 66.4
      vertex 190.448 -41.7685 66.2736
    endloop
  endfacet
  facet normal 0.211827 -0.762489 0.611343
    outer loop
      vertex 190.4 -42.0012 66
      vertex 190.448 -41.7685 66.2736
      vertex 190.412 -41.8865 66.1389
    endloop
  endfacet
  facet normal 0.216377 -0.762149 0.610171
    outer loop
      vertex 190.686 -41.4294 66.6128
      vertex 190.4 -42.0012 66
      vertex 191.348 -40.7346 67.2459
    endloop
  endfacet
  facet normal 0.216682 -0.762201 0.609999
    outer loop
      vertex 191.348 -45.1684 61.7058
      vertex 190.4 -42.0012 66
      vertex 190.4 -44.5622 62.8
    endloop
  endfacet
  facet normal 0.210751 -0.764677 0.608977
    outer loop
      vertex 190.686 -44.9714 62.1872
      vertex 190.4 -44.5622 62.8
      vertex 190.404 -44.6002 62.7509
    endloop
  endfacet
  facet normal 0.217185 -0.761811 0.610307
    outer loop
      vertex 190.686 -44.9714 62.1872
      vertex 190.404 -44.6002 62.7509
      vertex 190.556 -44.8935 62.3307
    endloop
  endfacet
  facet normal 0.208393 -0.767942 0.605671
    outer loop
      vertex 190.686 -44.9714 62.1872
      vertex 190.556 -44.8935 62.3307
      vertex 190.587 -44.9205 62.2858
    endloop
  endfacet
  facet normal 0.216875 -0.76207 0.610094
    outer loop
      vertex 190.4 -44.5622 62.8
      vertex 190.686 -44.9714 62.1872
      vertex 191.348 -45.1684 61.7058
    endloop
  endfacet
  facet normal 0.216676 -0.762203 0.609999
    outer loop
      vertex 190.4 -42.0012 66
      vertex 191.348 -45.1684 61.7058
      vertex 191.348 -40.7346 67.2459
    endloop
  endfacet
  facet normal -0.164754 -0.982583 0.0859442
    outer loop
      vertex 191.339 -49.2468 52.9287
      vertex 190.392 -48.9698 54.2802
      vertex 189.578 -48.9159 53.336
    endloop
  endfacet
  facet normal -0.164686 -0.98259 0.085993
    outer loop
      vertex 190.392 -48.9698 54.2802
      vertex 191.339 -49.2468 52.9287
      vertex 191.339 -49.1218 54.357
    endloop
  endfacet
  facet normal -0.164692 -0.982599 0.0858873
    outer loop
      vertex 190.808 -49.2116 52.3116
      vertex 189.578 -48.9159 53.336
      vertex 187.271 -48.5662 52.913
    endloop
  endfacet
  facet normal -0.164799 -0.982592 0.0857575
    outer loop
      vertex 189.578 -48.9159 53.336
      vertex 190.808 -49.2116 52.3116
      vertex 191.339 -49.2468 52.9287
    endloop
  endfacet
  facet normal -0.19303 -0.977472 -0.0853685
    outer loop
      vertex 190.139 -49.0359 51.8122
      vertex 190.613 -49.1534 52.0858
      vertex 190.684 -49.1746 52.168
    endloop
  endfacet
  facet normal -0.193862 -0.977434 -0.0839101
    outer loop
      vertex 190.613 -49.1534 52.0858
      vertex 190.139 -49.0359 51.8122
      vertex 190.514 -49.1253 51.9872
    endloop
  endfacet
  facet normal -0.194511 -0.977363 -0.0832245
    outer loop
      vertex 190.514 -49.1253 51.9872
      vertex 190.274 -49.0657 51.8482
      vertex 190.4 -49.0958 51.9072
    endloop
  endfacet
  facet normal -0.192747 -0.977446 -0.0863048
    outer loop
      vertex 190.514 -49.1253 51.9872
      vertex 190.139 -49.0359 51.8122
      vertex 190.274 -49.0657 51.8482
    endloop
  endfacet
  facet normal -0.192945 -0.977488 -0.085374
    outer loop
      vertex 185.83 -48.1164 51.0222
      vertex 190.684 -49.1746 52.168
      vertex 182.836 -47.5699 51.5315
    endloop
  endfacet
  facet normal -0.192896 -0.97748 -0.0855774
    outer loop
      vertex 190.684 -49.1746 52.168
      vertex 185.83 -48.1164 51.0222
      vertex 190.139 -49.0359 51.8122
    endloop
  endfacet
  facet normal 0.00852785 -0.818674 0.574196
    outer loop
      vertex 190.448 -44.7572 62.5264
      vertex 190.404 -44.6002 62.7509
      vertex 190.412 -44.6631 62.6611
    endloop
  endfacet
  facet normal 0.00500156 -0.819282 0.573369
    outer loop
      vertex 190.556 -44.8935 62.3307
      vertex 190.448 -44.7572 62.5264
      vertex 190.507 -44.8453 62.4
    endloop
  endfacet
  facet normal 0.00657546 -0.818866 0.573948
    outer loop
      vertex 190.448 -44.7572 62.5264
      vertex 190.556 -44.8935 62.3307
      vertex 190.404 -44.6002 62.7509
    endloop
  endfacet
  facet normal -0.131218 -0.957578 0.256566
    outer loop
      vertex 191.339 -48.848 55.3789
      vertex 190.69 -48.9609 54.6256
      vertex 191.339 -49.1218 54.357
    endloop
  endfacet
  facet normal -0.0938659 -0.991787 0.0868754
    outer loop
      vertex 192.529 -49.2387 54.3082
      vertex 191.339 -49.1218 54.357
      vertex 192.32 -49.2401 54.0664
    endloop
  endfacet
  facet normal -0.0840302 -0.962488 0.257985
    outer loop
      vertex 191.691 -48.7694 55.787
      vertex 193.274 -48.7571 56.3485
      vertex 191.672 -48.5996 56.4143
    endloop
  endfacet
  facet normal -0.0839926 -0.962519 0.257879
    outer loop
      vertex 191.691 -48.7694 55.787
      vertex 193.3 -48.9867 55.5
      vertex 193.274 -48.7571 56.3485
    endloop
  endfacet
  facet normal -0.0840131 -0.962526 0.257847
    outer loop
      vertex 192.837 -49.1697 54.6661
      vertex 191.691 -48.7694 55.787
      vertex 191.339 -48.848 55.3789
    endloop
  endfacet
  facet normal -0.083974 -0.962497 0.257967
    outer loop
      vertex 191.691 -48.7694 55.787
      vertex 193.113 -49.1082 54.9858
      vertex 193.3 -48.9867 55.5
    endloop
  endfacet
  facet normal -0.084447 -0.962415 0.258119
    outer loop
      vertex 193.3 -48.9867 55.5
      vertex 193.113 -49.1082 54.9858
      vertex 193.288 -49.0229 55.3611
    endloop
  endfacet
  facet normal -0.0820578 -0.962891 0.257114
    outer loop
      vertex 193.288 -49.0229 55.3611
      vertex 193.113 -49.1082 54.9858
      vertex 193.252 -49.0558 55.2264
    endloop
  endfacet
  facet normal -0.080464 -0.96325 0.256271
    outer loop
      vertex 193.252 -49.0558 55.2264
      vertex 193.113 -49.1082 54.9858
      vertex 193.193 -49.0845 55.1
    endloop
  endfacet
  facet normal -0.0840983 -0.962541 0.257765
    outer loop
      vertex 191.691 -48.7694 55.787
      vertex 192.837 -49.1697 54.6661
      vertex 193.113 -49.1082 54.9858
    endloop
  endfacet
  facet normal -0.0839908 -0.962517 0.257889
    outer loop
      vertex 192.837 -49.1697 54.6661
      vertex 191.339 -48.848 55.3789
      vertex 191.339 -49.1218 54.357
    endloop
  endfacet
  facet normal -0.0938893 -0.991792 0.0867983
    outer loop
      vertex 191.339 -49.1218 54.357
      vertex 191.339 -49.2468 52.9287
      vertex 192.32 -49.2401 54.0664
    endloop
  endfacet
  facet normal -0.0839809 -0.962531 0.25784
    outer loop
      vertex 192.837 -49.1697 54.6661
      vertex 191.339 -49.1218 54.357
      vertex 192.529 -49.2387 54.3082
    endloop
  endfacet
  facet normal -0.0571639 -0.819152 0.570721
    outer loop
      vertex 192.261 -46.8729 59.5878
      vertex 192.539 -46.8923 59.5878
      vertex 192.4 -46.8741 59.6
    endloop
  endfacet
  facet normal -0.0569865 -0.816611 0.574369
    outer loop
      vertex 192.126 -46.8888 59.5518
      vertex 192.539 -46.8923 59.5878
      vertex 192.261 -46.8729 59.5878
    endloop
  endfacet
  facet normal -0.056855 -0.817757 0.572749
    outer loop
      vertex 192.126 -46.8888 59.5518
      vertex 192.674 -46.9269 59.5518
      vertex 192.539 -46.8923 59.5878
    endloop
  endfacet
  facet normal -0.0568833 -0.818165 0.572164
    outer loop
      vertex 192 -46.9213 59.4928
      vertex 192.674 -46.9269 59.5518
      vertex 192.126 -46.8888 59.5518
    endloop
  endfacet
  facet normal -0.0568703 -0.818277 0.572004
    outer loop
      vertex 192 -46.9213 59.4928
      vertex 192.8 -46.9769 59.4928
      vertex 192.674 -46.9269 59.5518
    endloop
  endfacet
  facet normal -0.0568369 -0.817797 0.572693
    outer loop
      vertex 191.886 -46.9694 59.4128
      vertex 192.8 -46.9769 59.4928
      vertex 192 -46.9213 59.4928
    endloop
  endfacet
  facet normal -0.0568637 -0.817565 0.573021
    outer loop
      vertex 191.886 -46.9694 59.4128
      vertex 192.914 -47.0409 59.4128
      vertex 192.8 -46.9769 59.4928
    endloop
  endfacet
  facet normal -0.0568696 -0.81765 0.5729
    outer loop
      vertex 191.787 -47.0316 59.3142
      vertex 192.914 -47.0409 59.4128
      vertex 191.886 -46.9694 59.4128
    endloop
  endfacet
  facet normal -0.0568399 -0.817907 0.572536
    outer loop
      vertex 191.787 -47.0316 59.3142
      vertex 193.013 -47.1168 59.3142
      vertex 192.914 -47.0409 59.4128
    endloop
  endfacet
  facet normal -0.0568353 -0.817842 0.572629
    outer loop
      vertex 191.707 -47.106 59.2
      vertex 193.013 -47.1168 59.3142
      vertex 191.787 -47.0316 59.3142
    endloop
  endfacet
  facet normal -0.0568283 -0.817903 0.572543
    outer loop
      vertex 191.707 -47.106 59.2
      vertex 193.093 -47.2023 59.2
      vertex 193.013 -47.1168 59.3142
    endloop
  endfacet
  facet normal -0.0568246 -0.817849 0.57262
    outer loop
      vertex 191.648 -47.1904 59.0736
      vertex 193.093 -47.2023 59.2
      vertex 191.707 -47.106 59.2
    endloop
  endfacet
  facet normal -0.056825 -0.817846 0.572625
    outer loop
      vertex 191.648 -47.1904 59.0736
      vertex 193.152 -47.2949 59.0736
      vertex 193.093 -47.2023 59.2
    endloop
  endfacet
  facet normal -0.0568271 -0.817876 0.572582
    outer loop
      vertex 191.612 -47.2822 58.9389
      vertex 193.152 -47.2949 59.0736
      vertex 191.648 -47.1904 59.0736
    endloop
  endfacet
  facet normal -0.0568587 -0.817603 0.572968
    outer loop
      vertex 191.612 -47.2822 58.9389
      vertex 193.188 -47.3918 58.9389
      vertex 193.152 -47.2949 59.0736
    endloop
  endfacet
  facet normal -0.0568789 -0.817893 0.572552
    outer loop
      vertex 191.6 -47.3786 58.8
      vertex 193.188 -47.3918 58.9389
      vertex 191.612 -47.2822 58.9389
    endloop
  endfacet
  facet normal -0.0568887 -0.817808 0.572673
    outer loop
      vertex 191.6 -47.3786 58.8
      vertex 193.2 -47.4899 58.8
      vertex 193.188 -47.3918 58.9389
    endloop
  endfacet
  facet normal -0.0568879 -0.817795 0.57269
    outer loop
      vertex 191.613 -47.6877 58.3599
      vertex 193.2 -47.4899 58.8
      vertex 191.6 -47.3786 58.8
    endloop
  endfacet
  facet normal -0.0568809 -0.817809 0.572671
    outer loop
      vertex 193.2 -47.4899 58.8
      vertex 191.613 -47.6877 58.3599
      vertex 193.215 -47.8452 58.2941
    endloop
  endfacet
  facet normal -0.0715094 -0.90371 0.422132
    outer loop
      vertex 191.615 -47.7178 58.2958
      vertex 193.215 -47.8452 58.2941
      vertex 191.613 -47.6877 58.3599
    endloop
  endfacet
  facet normal -0.0715391 -0.904072 0.421349
    outer loop
      vertex 193.215 -47.8452 58.2941
      vertex 191.615 -47.7178 58.2958
      vertex 193.229 -48.051 57.8549
    endloop
  endfacet
  facet normal -0.0714801 -0.904001 0.421512
    outer loop
      vertex 191.672 -48.5996 56.4143
      vertex 193.229 -48.051 57.8549
      vertex 191.615 -47.7178 58.2958
    endloop
  endfacet
  facet normal -0.071557 -0.903963 0.42158
    outer loop
      vertex 193.229 -48.051 57.8549
      vertex 191.672 -48.5996 56.4143
      vertex 193.274 -48.7571 56.3485
    endloop
  endfacet
  facet normal 0.131187 0.957575 -0.256593
    outer loop
      vertex 191.339 -47.1463 55.3789
      vertex 191.339 -47.4969 54.0705
      vertex 190.356 -47.3174 54.2378
    endloop
  endfacet
  facet normal -0.216377 0.762149 -0.610171
    outer loop
      vertex 190.4 -39.8884 66
      vertex 190.686 -39.3166 66.6128
      vertex 191.348 -38.6218 67.2459
    endloop
  endfacet
  facet normal -0.215721 0.762115 -0.610446
    outer loop
      vertex 190.686 -39.3166 66.6128
      vertex 190.4 -39.8884 66
      vertex 190.587 -39.4236 66.5142
    endloop
  endfacet
  facet normal -0.217359 0.762122 -0.609856
    outer loop
      vertex 190.587 -39.4236 66.5142
      vertex 190.4 -39.8884 66
      vertex 190.507 -39.5378 66.4
    endloop
  endfacet
  facet normal -0.215167 0.762212 -0.610521
    outer loop
      vertex 190.507 -39.5378 66.4
      vertex 190.4 -39.8884 66
      vertex 190.448 -39.6557 66.2736
    endloop
  endfacet
  facet normal -0.211827 0.762489 -0.611343
    outer loop
      vertex 190.448 -39.6557 66.2736
      vertex 190.4 -39.8884 66
      vertex 190.412 -39.7737 66.1389
    endloop
  endfacet
  facet normal -0.216676 0.762203 -0.609999
    outer loop
      vertex 191.348 -43.0556 61.7058
      vertex 190.4 -39.8884 66
      vertex 191.348 -38.6218 67.2459
    endloop
  endfacet
  facet normal -0.216682 0.762201 -0.609999
    outer loop
      vertex 190.4 -39.8884 66
      vertex 191.348 -43.0556 61.7058
      vertex 190.4 -42.4494 62.8
    endloop
  endfacet
  facet normal -0.216875 0.76207 -0.610094
    outer loop
      vertex 190.686 -42.8586 62.1872
      vertex 190.4 -42.4494 62.8
      vertex 191.348 -43.0556 61.7058
    endloop
  endfacet
  facet normal -0.215785 0.762537 -0.609897
    outer loop
      vertex 190.4 -42.4494 62.8
      vertex 190.686 -42.8586 62.1872
      vertex 190.412 -42.5571 62.6611
    endloop
  endfacet
  facet normal -0.215 0.762925 -0.609689
    outer loop
      vertex 190.412 -42.5571 62.6611
      vertex 190.686 -42.8586 62.1872
      vertex 190.448 -42.6546 62.5264
    endloop
  endfacet
  facet normal -0.214605 0.763213 -0.609467
    outer loop
      vertex 190.507 -42.739 62.4
      vertex 190.686 -42.8586 62.1872
      vertex 190.587 -42.8077 62.2858
    endloop
  endfacet
  facet normal -0.215322 0.762741 -0.609805
    outer loop
      vertex 190.448 -42.6546 62.5264
      vertex 190.686 -42.8586 62.1872
      vertex 190.507 -42.739 62.4
    endloop
  endfacet
  facet normal 0.164744 0.982583 -0.0859695
    outer loop
      vertex 191.339 -47.5968 52.9287
      vertex 190.163 -47.3046 54.0148
      vertex 191.339 -47.4969 54.0705
    endloop
  endfacet
  facet normal 0.164749 0.982582 -0.085964
    outer loop
      vertex 190.163 -47.3046 54.0148
      vertex 191.339 -47.5968 52.9287
      vertex 189.578 -47.2659 53.336
    endloop
  endfacet
  facet normal 0.164799 0.982592 -0.0857575
    outer loop
      vertex 190.808 -47.5616 52.3116
      vertex 189.578 -47.2659 53.336
      vertex 191.339 -47.5968 52.9287
    endloop
  endfacet
  facet normal 0.164692 0.982599 -0.0858873
    outer loop
      vertex 189.578 -47.2659 53.336
      vertex 190.808 -47.5616 52.3116
      vertex 187.271 -46.9162 52.913
    endloop
  endfacet
  facet normal 0.193862 0.977434 0.0839101
    outer loop
      vertex 190.139 -47.3859 51.8122
      vertex 190.613 -47.5034 52.0858
      vertex 190.514 -47.4753 51.9872
    endloop
  endfacet
  facet normal 0.193494 0.977438 0.0847016
    outer loop
      vertex 190.139 -47.3859 51.8122
      vertex 190.514 -47.4753 51.9872
      vertex 190.4 -47.4458 51.9072
    endloop
  endfacet
  facet normal 0.192285 0.977386 0.0879904
    outer loop
      vertex 190.139 -47.3859 51.8122
      vertex 190.4 -47.4458 51.9072
      vertex 190.274 -47.4157 51.8482
    endloop
  endfacet
  facet normal 0.193649 0.977444 0.0842841
    outer loop
      vertex 190.613 -47.5034 52.0858
      vertex 190.139 -47.3859 51.8122
      vertex 190.704 -47.5305 52.191
    endloop
  endfacet
  facet normal 0.19296 0.977489 0.0853286
    outer loop
      vertex 186.641 -46.6394 51.1709
      vertex 190.704 -47.5305 52.191
      vertex 190.139 -47.3859 51.8122
    endloop
  endfacet
  facet normal 0.192939 0.977486 0.08541
    outer loop
      vertex 190.704 -47.5305 52.191
      vertex 186.641 -46.6394 51.1709
      vertex 182.836 -45.9449 51.818
    endloop
  endfacet
  facet normal 0.192929 0.977464 0.0856923
    outer loop
      vertex 190.704 -47.5305 52.191
      vertex 187.271 -46.9162 52.913
      vertex 190.808 -47.5616 52.3116
    endloop
  endfacet
  facet normal 0.19292 0.97747 0.0856443
    outer loop
      vertex 187.271 -46.9162 52.913
      vertex 190.704 -47.5305 52.191
      vertex 183.861 -46.1884 52.2878
    endloop
  endfacet
  facet normal 0.19292 0.977463 0.0857161
    outer loop
      vertex 182.836 -45.9449 51.818
      vertex 183.861 -46.1884 52.2878
      vertex 190.704 -47.5305 52.191
    endloop
  endfacet
  facet normal 0.192931 0.977463 0.085691
    outer loop
      vertex 183.861 -46.1884 52.2878
      vertex 182.836 -45.9449 51.818
      vertex 182.836 -45.9771 52.1853
    endloop
  endfacet
  facet normal 0.164751 0.982562 -0.0861892
    outer loop
      vertex 190.356 -47.3174 54.2378
      vertex 191.339 -47.4969 54.0705
      vertex 190.163 -47.3046 54.0148
    endloop
  endfacet
  facet normal 0.0443256 0.817543 -0.57416
    outer loop
      vertex 193.2 -45.4833 58.8
      vertex 193.174 -45.3474 58.9915
      vertex 193.188 -45.3851 58.9389
    endloop
  endfacet
  facet normal 0.0568662 0.817822 -0.572655
    outer loop
      vertex 193.174 -45.3474 58.9915
      vertex 193.2 -45.4833 58.8
      vertex 191.643 -45.1969 59.0544
    endloop
  endfacet
  facet normal 0.0568943 0.817888 -0.572558
    outer loop
      vertex 191.6 -45.372 58.8
      vertex 191.643 -45.1969 59.0544
      vertex 193.2 -45.4833 58.8
    endloop
  endfacet
  facet normal 0.0567984 0.8179 -0.57255
    outer loop
      vertex 191.643 -45.1969 59.0544
      vertex 191.6 -45.372 58.8
      vertex 191.612 -45.2756 58.9389
    endloop
  endfacet
  facet normal 0.0568898 0.817822 -0.572652
    outer loop
      vertex 193.23 -46.1772 57.812
      vertex 191.6 -45.372 58.8
      vertex 193.2 -45.4833 58.8
    endloop
  endfacet
  facet normal 0.0568614 0.817803 -0.572683
    outer loop
      vertex 191.6 -45.372 58.8
      vertex 193.23 -46.1772 57.812
      vertex 191.637 -46.2233 57.588
    endloop
  endfacet
  facet normal 0.093858 0.991797 -0.0867757
    outer loop
      vertex 191.339 -47.4969 54.0705
      vertex 192.142 -47.5913 53.8601
      vertex 191.339 -47.5968 52.9287
    endloop
  endfacet
  facet normal 0.0568389 0.817902 -0.572543
    outer loop
      vertex 193.24 -46.4187 57.468
      vertex 191.637 -46.2233 57.588
      vertex 193.23 -46.1772 57.812
    endloop
  endfacet
  facet normal 0.0569043 0.818185 -0.572132
    outer loop
      vertex 191.637 -46.2233 57.588
      vertex 193.24 -46.4187 57.468
      vertex 191.638 -46.2612 57.5339
    endloop
  endfacet
  facet normal 0.0509735 0.778607 -0.625438
    outer loop
      vertex 192.539 -44.8286 59.5878
      vertex 192.261 -44.8104 59.5878
      vertex 192.4 -44.8097 59.6
    endloop
  endfacet
  facet normal 0.0510813 0.780252 -0.623375
    outer loop
      vertex 192.674 -44.8662 59.5518
      vertex 192.261 -44.8104 59.5878
      vertex 192.539 -44.8286 59.5878
    endloop
  endfacet
  facet normal 0.0507398 0.778862 -0.625139
    outer loop
      vertex 192.674 -44.8662 59.5518
      vertex 192.126 -44.8305 59.5518
      vertex 192.261 -44.8104 59.5878
    endloop
  endfacet
  facet normal 0.0507664 0.779271 -0.624627
    outer loop
      vertex 192.8 -44.9217 59.4928
      vertex 192.126 -44.8305 59.5518
      vertex 192.674 -44.8662 59.5518
    endloop
  endfacet
  facet normal 0.0510093 0.780257 -0.623376
    outer loop
      vertex 192.8 -44.9217 59.4928
      vertex 192 -44.8694 59.4928
      vertex 192.126 -44.8305 59.5518
    endloop
  endfacet
  facet normal 0.0509683 0.779629 -0.624164
    outer loop
      vertex 192.914 -44.9932 59.4128
      vertex 192 -44.8694 59.4928
      vertex 192.8 -44.9217 59.4928
    endloop
  endfacet
  facet normal 0.0510658 0.780025 -0.623661
    outer loop
      vertex 192.914 -44.9932 59.4128
      vertex 191.886 -44.9259 59.4128
      vertex 192 -44.8694 59.4928
    endloop
  endfacet
  facet normal 0.0510698 0.780086 -0.623584
    outer loop
      vertex 193.013 -45.0785 59.3142
      vertex 191.886 -44.9259 59.4128
      vertex 192.914 -44.9932 59.4128
    endloop
  endfacet
  facet normal 0.0509292 0.779516 -0.624309
    outer loop
      vertex 193.013 -45.0785 59.3142
      vertex 191.787 -44.9984 59.3142
      vertex 191.886 -44.9259 59.4128
    endloop
  endfacet
  facet normal 0.0521349 0.779835 -0.623811
    outer loop
      vertex 193.174 -45.3474 58.9915
      vertex 193.013 -45.0785 59.3142
      vertex 193.093 -45.1752 59.2
    endloop
  endfacet
  facet normal 0.0509344 0.779595 -0.62421
    outer loop
      vertex 193.013 -45.0785 59.3142
      vertex 193.174 -45.3474 58.9915
      vertex 191.787 -44.9984 59.3142
    endloop
  endfacet
  facet normal 0.0477457 0.779182 -0.624977
    outer loop
      vertex 193.174 -45.3474 58.9915
      vertex 193.093 -45.1752 59.2
      vertex 193.152 -45.2802 59.0736
    endloop
  endfacet
  facet normal 0.0511071 0.779907 -0.623805
    outer loop
      vertex 191.787 -44.9984 59.3142
      vertex 193.174 -45.3474 58.9915
      vertex 191.707 -45.0845 59.2
    endloop
  endfacet
  facet normal 0.0627632 0.776477 -0.627012
    outer loop
      vertex 191.707 -45.0845 59.2
      vertex 191.643 -45.1969 59.0544
      vertex 191.648 -45.1818 59.0736
    endloop
  endfacet
  facet normal 0.0509878 0.779576 -0.624228
    outer loop
      vertex 191.707 -45.0845 59.2
      vertex 193.174 -45.3474 58.9915
      vertex 191.643 -45.1969 59.0544
    endloop
  endfacet
  facet normal 0.0938349 0.991791 -0.0868614
    outer loop
      vertex 192.29 -47.5903 54.0314
      vertex 192.142 -47.5913 53.8601
      vertex 191.339 -47.4969 54.0705
    endloop
  endfacet
  facet normal 0.0840046 0.962387 -0.258368
    outer loop
      vertex 193.291 -47.2083 55.7835
      vertex 191.691 -47.0677 55.787
      vertex 191.689 -47.0508 55.8493
    endloop
  endfacet
  facet normal 0.0840204 0.962552 -0.257748
    outer loop
      vertex 193.3 -47.285 55.5
      vertex 191.691 -47.0677 55.787
      vertex 193.291 -47.2083 55.7835
    endloop
  endfacet
  facet normal 0.084009 0.962539 -0.257802
    outer loop
      vertex 193.113 -47.4064 54.9858
      vertex 191.691 -47.0677 55.787
      vertex 193.3 -47.285 55.5
    endloop
  endfacet
  facet normal 0.0851158 0.962346 -0.258159
    outer loop
      vertex 193.113 -47.4064 54.9858
      vertex 193.3 -47.285 55.5
      vertex 193.288 -47.3212 55.3611
    endloop
  endfacet
  facet normal 0.0833306 0.962703 -0.257408
    outer loop
      vertex 193.113 -47.4064 54.9858
      vertex 193.288 -47.3212 55.3611
      vertex 193.252 -47.3541 55.2264
    endloop
  endfacet
  facet normal 0.0840111 0.962548 -0.257767
    outer loop
      vertex 193.113 -47.4064 54.9858
      vertex 193.252 -47.3541 55.2264
      vertex 193.193 -47.3828 55.1
    endloop
  endfacet
  facet normal 0.0839921 0.962533 -0.25783
    outer loop
      vertex 191.691 -47.0677 55.787
      vertex 193.113 -47.4064 54.9858
      vertex 191.339 -47.1463 55.3789
    endloop
  endfacet
  facet normal 0.0839788 0.96252 -0.257881
    outer loop
      vertex 192.29 -47.5903 54.0314
      vertex 191.339 -47.1463 55.3789
      vertex 193.113 -47.4064 54.9858
    endloop
  endfacet
  facet normal 0.0839268 0.962515 -0.257916
    outer loop
      vertex 191.339 -47.1463 55.3789
      vertex 192.29 -47.5903 54.0314
      vertex 191.339 -47.4969 54.0705
    endloop
  endfacet
  facet normal 0.0715338 0.903981 -0.421545
    outer loop
      vertex 193.24 -46.4187 57.468
      vertex 191.689 -47.0508 55.8493
      vertex 191.638 -46.2612 57.5339
    endloop
  endfacet
  facet normal 0.0715583 0.903971 -0.421565
    outer loop
      vertex 191.689 -47.0508 55.8493
      vertex 193.24 -46.4187 57.468
      vertex 193.291 -47.2083 55.7835
    endloop
  endfacet
  facet normal -0.705674 0 -0.708537
    outer loop
      vertex 190.587 -44.9205 62.2858
      vertex 190.686 -42.8586 62.1872
      vertex 190.686 -44.9714 62.1872
    endloop
  endfacet
  facet normal -0.705674 0 -0.708537
    outer loop
      vertex 190.686 -42.8586 62.1872
      vertex 190.587 -44.9205 62.2858
      vertex 190.587 -42.8077 62.2858
    endloop
  endfacet
  facet normal 0.588116 -0 0.808777
    outer loop
      vertex 192 -44.0112 63.205
      vertex 194.746 -43.6761 61.2082
      vertex 192 -41.8984 63.205
    endloop
  endfacet
  facet normal 0.588116 0 0.808777
    outer loop
      vertex 194.746 -43.6761 61.2082
      vertex 192 -44.0112 63.205
      vertex 194.746 -45.7889 61.2082
    endloop
  endfacet
  facet normal -0.587517 0 -0.809212
    outer loop
      vertex 193.648 -46.658 60.0326
      vertex 193.986 -44.7637 59.7872
      vertex 193.986 -46.8533 59.7872
    endloop
  endfacet
  facet normal -0.588201 0.000186622 -0.808714
    outer loop
      vertex 191.348 -45.1684 61.7058
      vertex 193.986 -44.7637 59.7872
      vertex 193.648 -46.658 60.0326
    endloop
  endfacet
  facet normal -0.588183 0 -0.808728
    outer loop
      vertex 191.348 -45.1684 61.7058
      vertex 191.348 -43.0556 61.7058
      vertex 193.986 -44.7637 59.7872
    endloop
  endfacet
  facet normal -0.588128 0 -0.808768
    outer loop
      vertex 190.686 -44.9714 62.1872
      vertex 191.348 -43.0556 61.7058
      vertex 191.348 -45.1684 61.7058
    endloop
  endfacet
  facet normal -0.588128 0 -0.808768
    outer loop
      vertex 191.348 -43.0556 61.7058
      vertex 190.686 -44.9714 62.1872
      vertex 190.686 -42.8586 62.1872
    endloop
  endfacet
  facet normal -0.81903 0 -0.573751
    outer loop
      vertex 190.587 -42.8077 62.2858
      vertex 190.507 -44.8453 62.4
      vertex 190.507 -42.739 62.4
    endloop
  endfacet
  facet normal -0.81903 0 -0.573751
    outer loop
      vertex 190.587 -44.9205 62.2858
      vertex 190.507 -44.8453 62.4
      vertex 190.587 -42.8077 62.2858
    endloop
  endfacet
  facet normal -0.853592 -0.150867 -0.498618
    outer loop
      vertex 190.507 -44.8453 62.4
      vertex 190.587 -44.9205 62.2858
      vertex 190.556 -44.8935 62.3307
    endloop
  endfacet
  facet normal -0.906147 0 -0.422964
    outer loop
      vertex 190.507 -42.739 62.4
      vertex 190.448 -44.7572 62.5264
      vertex 190.448 -42.6546 62.5264
    endloop
  endfacet
  facet normal -0.906147 0 -0.422964
    outer loop
      vertex 190.448 -44.7572 62.5264
      vertex 190.507 -42.739 62.4
      vertex 190.507 -44.8453 62.4
    endloop
  endfacet
  facet normal -0.966092 0 -0.258198
    outer loop
      vertex 190.448 -42.6546 62.5264
      vertex 190.412 -44.6631 62.6611
      vertex 190.412 -42.5571 62.6611
    endloop
  endfacet
  facet normal -0.966092 0 -0.258198
    outer loop
      vertex 190.412 -44.6631 62.6611
      vertex 190.448 -42.6546 62.5264
      vertex 190.448 -44.7572 62.5264
    endloop
  endfacet
  facet normal -0.996289 0 -0.0860725
    outer loop
      vertex 190.412 -42.5571 62.6611
      vertex 190.4 -44.5622 62.8
      vertex 190.4 -42.4494 62.8
    endloop
  endfacet
  facet normal -0.996678 0.000322846 -0.0814456
    outer loop
      vertex 190.412 -42.5571 62.6611
      vertex 190.404 -44.6002 62.7509
      vertex 190.4 -44.5622 62.8
    endloop
  endfacet
  facet normal -0.996055 0 -0.0887354
    outer loop
      vertex 190.404 -44.6002 62.7509
      vertex 190.412 -42.5571 62.6611
      vertex 190.412 -44.6631 62.6611
    endloop
  endfacet
  facet normal -0.966092 0 0.258198
    outer loop
      vertex 190.412 -39.7737 66.1389
      vertex 190.448 -41.7685 66.2736
      vertex 190.448 -39.6557 66.2736
    endloop
  endfacet
  facet normal -0.966092 0 0.258198
    outer loop
      vertex 190.448 -41.7685 66.2736
      vertex 190.412 -39.7737 66.1389
      vertex 190.412 -41.8865 66.1389
    endloop
  endfacet
  facet normal -0.906147 0 0.422964
    outer loop
      vertex 190.448 -39.6557 66.2736
      vertex 190.507 -41.6506 66.4
      vertex 190.507 -39.5378 66.4
    endloop
  endfacet
  facet normal -0.906147 0 0.422964
    outer loop
      vertex 190.507 -41.6506 66.4
      vertex 190.448 -39.6557 66.2736
      vertex 190.448 -41.7685 66.2736
    endloop
  endfacet
  facet normal -1 0 0
    outer loop
      vertex 190.4 -42.4494 62.8
      vertex 190.4 -42.0012 66
      vertex 190.4 -39.8884 66
    endloop
  endfacet
  facet normal -1 0 0
    outer loop
      vertex 190.4 -42.0012 66
      vertex 190.4 -42.4494 62.8
      vertex 190.4 -44.5622 62.8
    endloop
  endfacet
  facet normal -0.705674 0 0.708537
    outer loop
      vertex 190.587 -39.4236 66.5142
      vertex 190.686 -41.4294 66.6128
      vertex 190.686 -39.3166 66.6128
    endloop
  endfacet
  facet normal -0.705674 0 0.708537
    outer loop
      vertex 190.686 -41.4294 66.6128
      vertex 190.587 -39.4236 66.5142
      vertex 190.587 -41.5364 66.5142
    endloop
  endfacet
  facet normal 1 -0 0
    outer loop
      vertex 192 -42.046 65.6605
      vertex 192 -41.8984 63.205
      vertex 192 -39.9333 65.6605
    endloop
  endfacet
  facet normal 1 0 0
    outer loop
      vertex 192 -41.8984 63.205
      vertex 192 -42.046 65.6605
      vertex 192 -44.0112 63.205
    endloop
  endfacet
  facet normal -0.996289 0 0.0860725
    outer loop
      vertex 190.4 -39.8884 66
      vertex 190.412 -41.8865 66.1389
      vertex 190.412 -39.7737 66.1389
    endloop
  endfacet
  facet normal -0.996289 0 0.0860725
    outer loop
      vertex 190.412 -41.8865 66.1389
      vertex 190.4 -39.8884 66
      vertex 190.4 -42.0012 66
    endloop
  endfacet
  facet normal -0.81903 0 0.573751
    outer loop
      vertex 190.507 -39.5378 66.4
      vertex 190.587 -41.5364 66.5142
      vertex 190.587 -39.4236 66.5142
    endloop
  endfacet
  facet normal -0.81903 0 0.573751
    outer loop
      vertex 190.587 -41.5364 66.5142
      vertex 190.507 -39.5378 66.4
      vertex 190.507 -41.6506 66.4
    endloop
  endfacet
  facet normal -0.0874337 0 0.99617
    outer loop
      vertex 193.361 -37.3594 68.9878
      vertex 193.5 -39.4715 69
      vertex 193.5 -37.3587 69
    endloop
  endfacet
  facet normal -0.0874337 0 0.99617
    outer loop
      vertex 193.5 -39.4715 69
      vertex 193.361 -37.3594 68.9878
      vertex 193.361 -39.4722 68.9878
    endloop
  endfacet
  facet normal 0.574426 -0 0.818557
    outer loop
      vertex 193.9 -39.5835 68.8928
      vertex 194.014 -37.5422 68.8128
      vertex 193.9 -37.4707 68.8928
    endloop
  endfacet
  facet normal 0.574426 0 0.818557
    outer loop
      vertex 194.014 -37.5422 68.8128
      vertex 193.9 -39.5835 68.8928
      vertex 194.014 -39.6549 68.8128
    endloop
  endfacet
  facet normal 0.966092 -0 0.258198
    outer loop
      vertex 194.252 -39.942 68.4736
      vertex 194.288 -37.9393 68.3389
      vertex 194.252 -37.8292 68.4736
    endloop
  endfacet
  facet normal 0.966092 0 0.258198
    outer loop
      vertex 194.288 -37.9393 68.3389
      vertex 194.252 -39.942 68.4736
      vertex 194.288 -40.0521 68.3389
    endloop
  endfacet
  facet normal 0.996289 -0 0.0860725
    outer loop
      vertex 194.288 -40.0521 68.3389
      vertex 194.3 -38.0513 68.2
      vertex 194.288 -37.9393 68.3389
    endloop
  endfacet
  facet normal 0.996289 0 0.0860725
    outer loop
      vertex 194.3 -38.0513 68.2
      vertex 194.288 -40.0521 68.3389
      vertex 194.3 -40.1641 68.2
    endloop
  endfacet
  facet normal 0.996289 0 -0.0860725
    outer loop
      vertex 194.3 -40.1641 68.2
      vertex 194.288 -38.1617 68.0611
      vertex 194.3 -38.0513 68.2
    endloop
  endfacet
  facet normal 0.996289 0 -0.0860725
    outer loop
      vertex 194.288 -38.1617 68.0611
      vertex 194.3 -40.1641 68.2
      vertex 194.288 -40.2745 68.0611
    endloop
  endfacet
  facet normal -0.69125 0 0.722616
    outer loop
      vertex 191.348 -38.6218 67.2459
      vertex 192.986 -39.5877 68.8128
      vertex 192.986 -37.4749 68.8128
    endloop
  endfacet
  facet normal -0.69125 0 0.722616
    outer loop
      vertex 191.348 -38.6218 67.2459
      vertex 191.348 -40.7346 67.2459
      vertex 192.986 -39.5877 68.8128
    endloop
  endfacet
  facet normal -0.691156 0 0.722706
    outer loop
      vertex 190.686 -39.3166 66.6128
      vertex 191.348 -40.7346 67.2459
      vertex 191.348 -38.6218 67.2459
    endloop
  endfacet
  facet normal -0.691156 0 0.722706
    outer loop
      vertex 191.348 -40.7346 67.2459
      vertex 190.686 -39.3166 66.6128
      vertex 190.686 -41.4294 66.6128
    endloop
  endfacet
  facet normal -0.257663 0 0.966235
    outer loop
      vertex 193.226 -37.3794 68.9518
      vertex 193.361 -39.4722 68.9878
      vertex 193.361 -37.3594 68.9878
    endloop
  endfacet
  facet normal -0.257663 0 0.966235
    outer loop
      vertex 193.361 -39.4722 68.9878
      vertex 193.226 -37.3794 68.9518
      vertex 193.226 -39.4922 68.9518
    endloop
  endfacet
  facet normal 0.966092 0 -0.258198
    outer loop
      vertex 194.288 -40.2745 68.0611
      vertex 194.252 -38.2671 67.9264
      vertex 194.288 -38.1617 68.0611
    endloop
  endfacet
  facet normal 0.966092 0 -0.258198
    outer loop
      vertex 194.252 -38.2671 67.9264
      vertex 194.288 -40.2745 68.0611
      vertex 194.252 -40.3799 67.9264
    endloop
  endfacet
  facet normal 0.257663 -0 0.966235
    outer loop
      vertex 193.639 -39.4903 68.9878
      vertex 193.774 -37.4152 68.9518
      vertex 193.639 -37.3776 68.9878
    endloop
  endfacet
  facet normal 0.257663 0 0.966235
    outer loop
      vertex 193.774 -37.4152 68.9518
      vertex 193.639 -39.4903 68.9878
      vertex 193.774 -39.528 68.9518
    endloop
  endfacet
  facet normal 0.81903 0 -0.573751
    outer loop
      vertex 194.193 -40.4772 67.8
      vertex 194.113 -38.4506 67.6858
      vertex 194.193 -38.3644 67.8
    endloop
  endfacet
  facet normal 0.81903 0 -0.573751
    outer loop
      vertex 194.113 -38.4506 67.6858
      vertex 194.193 -40.4772 67.8
      vertex 194.113 -40.5634 67.6858
    endloop
  endfacet
  facet normal -0.574426 0 0.818557
    outer loop
      vertex 192.986 -37.4749 68.8128
      vertex 193.1 -39.5311 68.8928
      vertex 193.1 -37.4183 68.8928
    endloop
  endfacet
  facet normal -0.574426 0 0.818557
    outer loop
      vertex 193.1 -39.5311 68.8928
      vertex 192.986 -37.4749 68.8128
      vertex 192.986 -39.5877 68.8128
    endloop
  endfacet
  facet normal -0.424066 0 0.905632
    outer loop
      vertex 193.1 -37.4183 68.8928
      vertex 193.226 -39.4922 68.9518
      vertex 193.226 -37.3794 68.9518
    endloop
  endfacet
  facet normal -0.424066 0 0.905632
    outer loop
      vertex 193.226 -39.4922 68.9518
      vertex 193.1 -37.4183 68.8928
      vertex 193.1 -39.5311 68.8928
    endloop
  endfacet
  facet normal 0.705674 0 -0.708537
    outer loop
      vertex 194.113 -40.5634 67.6858
      vertex 194.014 -38.5231 67.5872
      vertex 194.113 -38.4506 67.6858
    endloop
  endfacet
  facet normal 0.705674 0 -0.708537
    outer loop
      vertex 194.014 -38.5231 67.5872
      vertex 194.113 -40.5634 67.6858
      vertex 194.014 -40.6359 67.5872
    endloop
  endfacet
  facet normal 0.424066 -0 0.905632
    outer loop
      vertex 193.774 -39.528 68.9518
      vertex 193.9 -37.4707 68.8928
      vertex 193.774 -37.4152 68.9518
    endloop
  endfacet
  facet normal 0.424066 0 0.905632
    outer loop
      vertex 193.9 -37.4707 68.8928
      vertex 193.774 -39.528 68.9518
      vertex 193.9 -39.5835 68.8928
    endloop
  endfacet
  facet normal 0.0874337 -0 0.99617
    outer loop
      vertex 193.5 -39.4715 69
      vertex 193.639 -37.3776 68.9878
      vertex 193.5 -37.3587 69
    endloop
  endfacet
  facet normal 0.0874337 0 0.99617
    outer loop
      vertex 193.639 -37.3776 68.9878
      vertex 193.5 -39.4715 69
      vertex 193.639 -39.4903 68.9878
    endloop
  endfacet
  facet normal 0.906147 0 -0.422964
    outer loop
      vertex 194.252 -40.3799 67.9264
      vertex 194.193 -38.3644 67.8
      vertex 194.252 -38.2671 67.9264
    endloop
  endfacet
  facet normal 0.906147 0 -0.422964
    outer loop
      vertex 194.193 -38.3644 67.8
      vertex 194.252 -40.3799 67.9264
      vertex 194.193 -40.4772 67.8
    endloop
  endfacet
  facet normal 0.906147 -0 0.422964
    outer loop
      vertex 194.193 -39.837 68.6
      vertex 194.252 -37.8292 68.4736
      vertex 194.193 -37.7242 68.6
    endloop
  endfacet
  facet normal 0.906147 0 0.422964
    outer loop
      vertex 194.252 -37.8292 68.4736
      vertex 194.193 -39.837 68.6
      vertex 194.252 -39.942 68.4736
    endloop
  endfacet
  facet normal 0.705674 -0 0.708537
    outer loop
      vertex 194.014 -39.6549 68.8128
      vertex 194.113 -37.6275 68.7142
      vertex 194.014 -37.5422 68.8128
    endloop
  endfacet
  facet normal 0.705674 0 0.708537
    outer loop
      vertex 194.113 -37.6275 68.7142
      vertex 194.014 -39.6549 68.8128
      vertex 194.113 -39.7403 68.7142
    endloop
  endfacet
  facet normal 0.691272 0 -0.722594
    outer loop
      vertex 192 -39.9333 65.6605
      vertex 194.014 -40.6359 67.5872
      vertex 192 -42.046 65.6605
    endloop
  endfacet
  facet normal 0.691272 0 -0.722594
    outer loop
      vertex 194.014 -40.6359 67.5872
      vertex 192 -39.9333 65.6605
      vertex 194.014 -38.5231 67.5872
    endloop
  endfacet
  facet normal 0.81903 -0 0.573751
    outer loop
      vertex 194.113 -39.7403 68.7142
      vertex 194.193 -37.7242 68.6
      vertex 194.113 -37.6275 68.7142
    endloop
  endfacet
  facet normal 0.81903 0 0.573751
    outer loop
      vertex 194.193 -37.7242 68.6
      vertex 194.113 -39.7403 68.7142
      vertex 194.193 -39.837 68.6
    endloop
  endfacet
  facet normal 0.257663 -0 0.966235
    outer loop
      vertex 201.139 -38.305 69.3878
      vertex 201.274 -36.0828 69.3518
      vertex 201.139 -36.0208 69.3878
    endloop
  endfacet
  facet normal 0.257663 0 0.966235
    outer loop
      vertex 201.274 -36.0828 69.3518
      vertex 201.139 -38.305 69.3878
      vertex 201.274 -38.3669 69.3518
    endloop
  endfacet
  facet normal -0.996289 0 0.0860725
    outer loop
      vertex 200.2 -36.5887 68.6
      vertex 200.212 -38.7417 68.7389
      vertex 200.212 -36.4576 68.7389
    endloop
  endfacet
  facet normal -0.996289 0 0.0860725
    outer loop
      vertex 200.212 -38.7417 68.7389
      vertex 200.2 -36.5887 68.6
      vertex 200.2 -38.8728 68.6
    endloop
  endfacet
  facet normal -0.906147 0 -0.422964
    outer loop
      vertex 200.307 -36.9952 68.2
      vertex 200.248 -39.1458 68.3264
      vertex 200.248 -36.8617 68.3264
    endloop
  endfacet
  facet normal -0.906147 0 -0.422964
    outer loop
      vertex 200.248 -39.1458 68.3264
      vertex 200.307 -36.9952 68.2
      vertex 200.307 -39.2793 68.2
    endloop
  endfacet
  facet normal -0.996289 0 -0.0860725
    outer loop
      vertex 200.212 -36.7248 68.4611
      vertex 200.2 -38.8728 68.6
      vertex 200.2 -36.5887 68.6
    endloop
  endfacet
  facet normal -0.996289 0 -0.0860725
    outer loop
      vertex 200.2 -38.8728 68.6
      vertex 200.212 -36.7248 68.4611
      vertex 200.212 -39.0089 68.4611
    endloop
  endfacet
  facet normal -0.0874337 0 0.99617
    outer loop
      vertex 200.861 -38.2488 69.3878
      vertex 201 -35.981 69.4
      vertex 200.861 -35.9646 69.3878
    endloop
  endfacet
  facet normal -0.0874337 0 0.99617
    outer loop
      vertex 201 -35.981 69.4
      vertex 200.861 -38.2488 69.3878
      vertex 201 -38.2652 69.4
    endloop
  endfacet
  facet normal 0.906147 -0 0.422964
    outer loop
      vertex 205.193 -40.2849 68
      vertex 205.252 -37.7955 67.8736
      vertex 205.193 -37.6625 68
    endloop
  endfacet
  facet normal 0.906147 0 0.422964
    outer loop
      vertex 205.252 -37.7955 67.8736
      vertex 205.193 -40.2849 68
      vertex 205.252 -40.4179 67.8736
    endloop
  endfacet
  facet normal -0.574426 0 -0.818557
    outer loop
      vertex 200.486 -39.5201 67.9872
      vertex 200.6 -37.336 67.9072
      vertex 200.6 -39.6202 67.9072
    endloop
  endfacet
  facet normal -0.574426 0 -0.818557
    outer loop
      vertex 200.6 -37.336 67.9072
      vertex 200.486 -39.5201 67.9872
      vertex 200.486 -37.236 67.9872
    endloop
  endfacet
  facet normal -0.705674 0 -0.708537
    outer loop
      vertex 200.486 -37.236 67.9872
      vertex 200.387 -39.4053 68.0858
      vertex 200.387 -37.1212 68.0858
    endloop
  endfacet
  facet normal -0.705674 0 -0.708537
    outer loop
      vertex 200.387 -39.4053 68.0858
      vertex 200.486 -37.236 67.9872
      vertex 200.486 -39.5201 67.9872
    endloop
  endfacet
  facet normal 0.81903 -0 0.573751
    outer loop
      vertex 205.113 -40.1752 68.1142
      vertex 205.193 -37.6625 68
      vertex 205.113 -37.5528 68.1142
    endloop
  endfacet
  facet normal 0.81903 0 0.573751
    outer loop
      vertex 205.193 -37.6625 68
      vertex 205.113 -40.1752 68.1142
      vertex 205.193 -40.2849 68
    endloop
  endfacet
  facet normal -0.424066 0 -0.905632
    outer loop
      vertex 200.6 -39.6202 67.9072
      vertex 200.726 -37.4183 67.8482
      vertex 200.726 -39.7024 67.8482
    endloop
  endfacet
  facet normal -0.424066 0 -0.905632
    outer loop
      vertex 200.726 -37.4183 67.8482
      vertex 200.6 -39.6202 67.9072
      vertex 200.6 -37.336 67.9072
    endloop
  endfacet
  facet normal -0.966092 0 0.258198
    outer loop
      vertex 200.212 -36.4576 68.7389
      vertex 200.248 -38.6194 68.8736
      vertex 200.248 -36.3353 68.8736
    endloop
  endfacet
  facet normal -0.966092 0 0.258198
    outer loop
      vertex 200.248 -38.6194 68.8736
      vertex 200.212 -36.4576 68.7389
      vertex 200.212 -38.7417 68.7389
    endloop
  endfacet
  facet normal -0.81903 0 0.573751
    outer loop
      vertex 200.307 -36.2257 69
      vertex 200.387 -38.4161 69.1142
      vertex 200.387 -36.132 69.1142
    endloop
  endfacet
  facet normal -0.81903 0 0.573751
    outer loop
      vertex 200.387 -38.4161 69.1142
      vertex 200.307 -36.2257 69
      vertex 200.307 -38.5098 69
    endloop
  endfacet
  facet normal 0.966092 0 -0.258198
    outer loop
      vertex 205.288 -40.9135 67.4611
      vertex 205.252 -38.4717 67.3264
      vertex 205.288 -38.291 67.4611
    endloop
  endfacet
  facet normal 0.937871 0.0651817 -0.340807
    outer loop
      vertex 205.277 -40.9628 67.4214
      vertex 205.288 -40.9135 67.4611
      vertex 205.281 -40.9482 67.4352
    endloop
  endfacet
  facet normal 0.976602 -0.0493452 -0.209317
    outer loop
      vertex 205.252 -41.0546 67.3264
      vertex 205.288 -40.9135 67.4611
      vertex 205.277 -40.9628 67.4214
    endloop
  endfacet
  facet normal 0.966092 0 -0.258198
    outer loop
      vertex 205.288 -40.9135 67.4611
      vertex 205.252 -41.0546 67.3264
      vertex 205.252 -38.4717 67.3264
    endloop
  endfacet
  facet normal 0.966092 -0 0.258198
    outer loop
      vertex 205.252 -40.4179 67.8736
      vertex 205.288 -37.9477 67.7389
      vertex 205.252 -37.7955 67.8736
    endloop
  endfacet
  facet normal 0.966092 0 0.258198
    outer loop
      vertex 205.288 -37.9477 67.7389
      vertex 205.252 -40.4179 67.8736
      vertex 205.288 -40.5702 67.7389
    endloop
  endfacet
  facet normal -0.906147 0 0.422964
    outer loop
      vertex 200.248 -36.3353 68.8736
      vertex 200.307 -38.5098 69
      vertex 200.307 -36.2257 69
    endloop
  endfacet
  facet normal -0.906147 0 0.422964
    outer loop
      vertex 200.307 -38.5098 69
      vertex 200.248 -36.3353 68.8736
      vertex 200.248 -38.6194 68.8736
    endloop
  endfacet
  facet normal 0.996289 0 -0.0860725
    outer loop
      vertex 205.3 -40.737 67.6
      vertex 205.288 -38.291 67.4611
      vertex 205.3 -38.1146 67.6
    endloop
  endfacet
  facet normal 0.996289 0 -0.0860725
    outer loop
      vertex 205.288 -38.291 67.4611
      vertex 205.3 -40.737 67.6
      vertex 205.288 -40.9135 67.4611
    endloop
  endfacet
  facet normal -0.705674 0 0.708537
    outer loop
      vertex 200.387 -36.132 69.1142
      vertex 200.486 -38.3412 69.2128
      vertex 200.486 -36.0571 69.2128
    endloop
  endfacet
  facet normal -0.705674 0 0.708537
    outer loop
      vertex 200.486 -38.3412 69.2128
      vertex 200.387 -36.132 69.1142
      vertex 200.387 -38.4161 69.1142
    endloop
  endfacet
  facet normal -0.574426 0 0.818557
    outer loop
      vertex 200.486 -36.0571 69.2128
      vertex 200.6 -38.2874 69.2928
      vertex 200.6 -36.0032 69.2928
    endloop
  endfacet
  facet normal -0.574426 0 0.818557
    outer loop
      vertex 200.6 -38.2874 69.2928
      vertex 200.486 -36.0571 69.2128
      vertex 200.486 -38.3412 69.2128
    endloop
  endfacet
  facet normal 0.0874337 -0 0.99617
    outer loop
      vertex 201 -38.2652 69.4
      vertex 201.139 -36.0208 69.3878
      vertex 201 -35.981 69.4
    endloop
  endfacet
  facet normal 0.0874337 0 0.99617
    outer loop
      vertex 201.139 -36.0208 69.3878
      vertex 201 -38.2652 69.4
      vertex 201.139 -38.305 69.3878
    endloop
  endfacet
  facet normal 0.996289 -0 0.0860725
    outer loop
      vertex 205.288 -40.5702 67.7389
      vertex 205.3 -38.1146 67.6
      vertex 205.288 -37.9477 67.7389
    endloop
  endfacet
  facet normal 0.996289 0 0.0860725
    outer loop
      vertex 205.3 -38.1146 67.6
      vertex 205.288 -40.5702 67.7389
      vertex 205.3 -40.737 67.6
    endloop
  endfacet
  facet normal 0.274147 0 0.961688
    outer loop
      vertex 204.774 -37.3926 68.3518
      vertex 204.265 -39.7622 68.4969
      vertex 204.774 -39.9702 68.3518
    endloop
  endfacet
  facet normal 0.274269 -2.83849e-05 0.961653
    outer loop
      vertex 204.213 -37.4151 68.5118
      vertex 204.265 -39.7622 68.4969
      vertex 204.774 -37.3926 68.3518
    endloop
  endfacet
  facet normal 0.286626 -0.00247117 0.958039
    outer loop
      vertex 203.792 -39.5685 68.6322
      vertex 204.213 -37.4151 68.5118
      vertex 204.202 -37.4116 68.5151
    endloop
  endfacet
  facet normal 0.275012 -1.05748e-05 0.961441
    outer loop
      vertex 204.213 -37.4151 68.5118
      vertex 203.792 -39.5685 68.6322
      vertex 204.265 -39.7622 68.4969
    endloop
  endfacet
  facet normal 0.274691 -1.29101e-05 0.961533
    outer loop
      vertex 203.196 -36.9999 68.8025
      vertex 203.792 -39.5685 68.6322
      vertex 204.202 -37.4116 68.5151
    endloop
  endfacet
  facet normal 0.274794 -0 0.961503
    outer loop
      vertex 201.274 -38.3669 69.3518
      vertex 203.196 -36.9999 68.8025
      vertex 201.274 -36.0828 69.3518
    endloop
  endfacet
  facet normal 0.274787 1.10668e-05 0.961505
    outer loop
      vertex 203.196 -36.9999 68.8025
      vertex 201.274 -38.3669 69.3518
      vertex 203.792 -39.5685 68.6322
    endloop
  endfacet
  facet normal -0.274695 0 -0.961531
    outer loop
      vertex 200.726 -39.7024 67.8482
      vertex 202.689 -38.3549 67.2874
      vertex 202.689 -40.639 67.2874
    endloop
  endfacet
  facet normal -0.274695 0 -0.961531
    outer loop
      vertex 202.689 -38.3549 67.2874
      vertex 200.726 -39.7024 67.8482
      vertex 200.726 -37.4183 67.8482
    endloop
  endfacet
  facet normal -0.424066 0 0.905632
    outer loop
      vertex 200.6 -36.0032 69.2928
      vertex 200.726 -38.2562 69.3518
      vertex 200.726 -35.9721 69.3518
    endloop
  endfacet
  facet normal -0.424066 0 0.905632
    outer loop
      vertex 200.726 -38.2562 69.3518
      vertex 200.6 -36.0032 69.2928
      vertex 200.6 -38.2874 69.2928
    endloop
  endfacet
  facet normal -0.257663 0 0.966235
    outer loop
      vertex 200.726 -35.9721 69.3518
      vertex 200.861 -38.2488 69.3878
      vertex 200.861 -35.9646 69.3878
    endloop
  endfacet
  facet normal -0.257663 0 0.966235
    outer loop
      vertex 200.861 -38.2488 69.3878
      vertex 200.726 -35.9721 69.3518
      vertex 200.726 -38.2562 69.3518
    endloop
  endfacet
  facet normal 0.820245 0 -0.572013
    outer loop
      vertex 205.193 -41.1737 67.2
      vertex 205.14 -38.7658 67.124
      vertex 205.193 -38.651 67.2
    endloop
  endfacet
  facet normal 0.820245 0 -0.572013
    outer loop
      vertex 205.14 -38.7658 67.124
      vertex 205.193 -41.1737 67.2
      vertex 205.14 -41.2431 67.124
    endloop
  endfacet
  facet normal -0.966092 0 -0.258198
    outer loop
      vertex 200.248 -36.8617 68.3264
      vertex 200.212 -39.0089 68.4611
      vertex 200.212 -36.7248 68.4611
    endloop
  endfacet
  facet normal -0.966092 0 -0.258198
    outer loop
      vertex 200.212 -39.0089 68.4611
      vertex 200.248 -36.8617 68.3264
      vertex 200.248 -39.1458 68.3264
    endloop
  endfacet
  facet normal 0.705674 -0 0.708537
    outer loop
      vertex 205.014 -40.0921 68.2128
      vertex 205.113 -37.5528 68.1142
      vertex 205.014 -37.4697 68.2128
    endloop
  endfacet
  facet normal 0.705674 0 0.708537
    outer loop
      vertex 205.113 -37.5528 68.1142
      vertex 205.014 -40.0921 68.2128
      vertex 205.113 -40.1752 68.1142
    endloop
  endfacet
  facet normal 0.906147 0 -0.422964
    outer loop
      vertex 205.252 -41.0546 67.3264
      vertex 205.193 -38.651 67.2
      vertex 205.252 -38.4717 67.3264
    endloop
  endfacet
  facet normal 0.906147 0 -0.422964
    outer loop
      vertex 205.193 -38.651 67.2
      vertex 205.252 -41.0546 67.3264
      vertex 205.193 -41.1737 67.2
    endloop
  endfacet
  facet normal 0.574426 -0 0.818557
    outer loop
      vertex 204.9 -40.0382 68.2928
      vertex 205.014 -37.4697 68.2128
      vertex 204.9 -37.4158 68.2928
    endloop
  endfacet
  facet normal 0.574426 0 0.818557
    outer loop
      vertex 205.014 -37.4697 68.2128
      vertex 204.9 -40.0382 68.2928
      vertex 205.014 -40.0921 68.2128
    endloop
  endfacet
  facet normal 0.424066 0 0.905632
    outer loop
      vertex 204.774 -39.9702 68.3518
      vertex 204.9 -40.0382 68.2928
      vertex 204.9 -37.4158 68.2928
    endloop
  endfacet
  facet normal 0.410875 -0.0292912 0.911221
    outer loop
      vertex 204.874 -40.0296 68.3048
      vertex 204.9 -40.0382 68.2928
      vertex 204.774 -39.9702 68.3518
    endloop
  endfacet
  facet normal 0.424066 -0 0.905632
    outer loop
      vertex 204.774 -39.9702 68.3518
      vertex 204.9 -37.4158 68.2928
      vertex 204.774 -37.3926 68.3518
    endloop
  endfacet
  facet normal 0.431473 0.0474147 0.900879
    outer loop
      vertex 204.9 -40.0382 68.2928
      vertex 204.874 -40.0296 68.3048
      vertex 204.887 -40.0358 68.2989
    endloop
  endfacet
  facet normal -0.81903 0 -0.573751
    outer loop
      vertex 200.387 -37.1212 68.0858
      vertex 200.307 -39.2793 68.2
      vertex 200.307 -36.9952 68.2
    endloop
  endfacet
  facet normal -0.81903 0 -0.573751
    outer loop
      vertex 200.307 -39.2793 68.2
      vertex 200.387 -37.1212 68.0858
      vertex 200.387 -39.4053 68.0858
    endloop
  endfacet
  facet normal -0.200323 -0.975909 -0.0864447
    outer loop
      vertex 174.139 -45.3903 49.7122
      vertex 173.861 -45.4728 51.2878
      vertex 173.726 -45.4419 51.2518
    endloop
  endfacet
  facet normal -0.201703 -0.975593 -0.0868043
    outer loop
      vertex 174.139 -45.3903 49.7122
      vertex 173.726 -45.4419 51.2518
      vertex 173.6 -45.4106 51.1928
    endloop
  endfacet
  facet normal -0.200485 -0.975883 -0.0863647
    outer loop
      vertex 174.139 -45.3903 49.7122
      vertex 173.6 -45.4106 51.1928
      vertex 173.486 -45.3801 51.1128
    endloop
  endfacet
  facet normal -0.200712 -0.975827 -0.0864712
    outer loop
      vertex 174.139 -45.3903 49.7122
      vertex 173.486 -45.3801 51.1128
      vertex 173.387 -45.351 51.0142
    endloop
  endfacet
  facet normal -0.20024 -0.975948 -0.0861947
    outer loop
      vertex 174.139 -45.3903 49.7122
      vertex 173.387 -45.351 51.0142
      vertex 173.307 -45.3245 50.9
    endloop
  endfacet
  facet normal -0.201062 -0.975727 -0.0867829
    outer loop
      vertex 174.139 -45.3903 49.7122
      vertex 173.307 -45.3245 50.9
      vertex 173.248 -45.3011 50.7736
    endloop
  endfacet
  facet normal -0.200451 -0.975899 -0.0862555
    outer loop
      vertex 174.139 -45.3903 49.7122
      vertex 173.248 -45.3011 50.7736
      vertex 173.212 -45.2818 50.6389
    endloop
  endfacet
  facet normal -0.200807 -0.975793 -0.0866239
    outer loop
      vertex 174.139 -45.3903 49.7122
      vertex 173.212 -45.2818 50.6389
      vertex 173.2 -45.267 50.5
    endloop
  endfacet
  facet normal -0.201039 -0.97572 -0.0869121
    outer loop
      vertex 174.139 -45.3903 49.7122
      vertex 173.2 -45.267 50.5
      vertex 173.212 -45.2571 50.3611
    endloop
  endfacet
  facet normal -0.200567 -0.97588 -0.0862055
    outer loop
      vertex 174.139 -45.3903 49.7122
      vertex 173.212 -45.2571 50.3611
      vertex 173.248 -45.2526 50.2264
    endloop
  endfacet
  facet normal -0.200342 -0.975962 -0.0857928
    outer loop
      vertex 174.139 -45.3903 49.7122
      vertex 173.248 -45.2526 50.2264
      vertex 173.307 -45.2536 50.1
    endloop
  endfacet
  facet normal -0.200796 -0.975777 -0.0868328
    outer loop
      vertex 174.139 -45.3903 49.7122
      vertex 173.307 -45.2536 50.1
      vertex 173.387 -45.2599 49.9858
    endloop
  endfacet
  facet normal -0.201303 -0.975537 -0.08834
    outer loop
      vertex 174.139 -45.3903 49.7122
      vertex 173.387 -45.2599 49.9858
      vertex 173.486 -45.2714 49.8872
    endloop
  endfacet
  facet normal -0.20026 -0.976132 -0.0840428
    outer loop
      vertex 174.139 -45.3903 49.7122
      vertex 173.486 -45.2714 49.8872
      vertex 173.6 -45.2879 49.8072
    endloop
  endfacet
  facet normal -0.200542 -0.975914 -0.085879
    outer loop
      vertex 174.139 -45.3903 49.7122
      vertex 173.6 -45.2879 49.8072
      vertex 173.726 -45.3086 49.7482
    endloop
  endfacet
  facet normal -0.201561 -0.975636 -0.0866489
    outer loop
      vertex 174.223 -45.4084 49.7206
      vertex 173.861 -45.4728 51.2878
      vertex 174.139 -45.3903 49.7122
    endloop
  endfacet
  facet normal -0.200737 -0.975612 -0.0888072
    outer loop
      vertex 174.139 -45.3903 49.7122
      vertex 173.726 -45.3086 49.7482
      vertex 173.861 -45.3331 49.7122
    endloop
  endfacet
  facet normal -0.2008 -0.975808 -0.0864801
    outer loop
      vertex 173.861 -45.4728 51.2878
      vertex 174.223 -45.4084 49.7206
      vertex 174.223 -45.5505 51.324
    endloop
  endfacet
  facet normal -0.200887 -0.97634 -0.0800279
    outer loop
      vertex 174.139 -45.3903 49.7122
      vertex 173.861 -45.3331 49.7122
      vertex 174 -45.3607 49.7
    endloop
  endfacet
  facet normal -0.225468 -0.970447 -0.0860051
    outer loop
      vertex 174.223 -45.4084 49.7206
      vertex 180.67 -47.1055 51.9688
      vertex 174.223 -45.5505 51.324
    endloop
  endfacet
  facet normal -0.225419 -0.970466 -0.085919
    outer loop
      vertex 180.67 -47.1055 51.9688
      vertex 182.281 -47.352 50.5264
      vertex 182.836 -47.5699 51.5315
    endloop
  endfacet
  facet normal -0.225475 -0.970447 -0.0859848
    outer loop
      vertex 180.67 -47.1055 51.9688
      vertex 174.223 -45.4084 49.7206
      vertex 182.281 -47.352 50.5264
    endloop
  endfacet
  facet normal -0.187637 -0.976278 -0.108041
    outer loop
      vertex 182.836 -47.5699 51.5315
      vertex 182.281 -47.352 50.5264
      vertex 182.836 -47.4648 50.5818
    endloop
  endfacet
  facet normal -0.225297 -0.970583 -0.0849148
    outer loop
      vertex 182.836 -47.6271 52.1853
      vertex 181.647 -47.3407 52.0664
      vertex 182.836 -47.5699 51.5315
    endloop
  endfacet
  facet normal -0.225205 -0.970624 -0.0846911
    outer loop
      vertex 181.647 -47.3407 52.0664
      vertex 180.67 -47.1055 51.9688
      vertex 182.836 -47.5699 51.5315
    endloop
  endfacet
  facet normal -0.196266 -0.974583 -0.108015
    outer loop
      vertex 182.836 -47.5699 51.5315
      vertex 184.139 -47.7415 50.7122
      vertex 185.83 -48.1164 51.0222
    endloop
  endfacet
  facet normal -0.196172 -0.974619 -0.107858
    outer loop
      vertex 184.139 -47.7415 50.7122
      vertex 182.836 -47.5699 51.5315
      vertex 182.836 -47.4648 50.5818
    endloop
  endfacet
  facet normal 0.200541 0.97586 0.0864848
    outer loop
      vertex 174.223 -43.758 49.7206
      vertex 173.861 -43.8225 51.2878
      vertex 174.223 -43.9001 51.324
    endloop
  endfacet
  facet normal 0.200983 0.975763 0.0865536
    outer loop
      vertex 173.861 -43.8225 51.2878
      vertex 174.139 -43.74 49.7122
      vertex 173.726 -43.7915 51.2518
    endloop
  endfacet
  facet normal 0.201073 0.975743 0.0865769
    outer loop
      vertex 173.726 -43.7915 51.2518
      vertex 174.139 -43.74 49.7122
      vertex 173.6 -43.7603 51.1928
    endloop
  endfacet
  facet normal 0.201135 0.975728 0.0865992
    outer loop
      vertex 173.6 -43.7603 51.1928
      vertex 174.139 -43.74 49.7122
      vertex 173.486 -43.7297 51.1128
    endloop
  endfacet
  facet normal 0.200118 0.975979 0.0861233
    outer loop
      vertex 173.486 -43.7297 51.1128
      vertex 174.139 -43.74 49.7122
      vertex 173.387 -43.7007 51.0142
    endloop
  endfacet
  facet normal 0.200875 0.975785 0.0865664
    outer loop
      vertex 173.387 -43.7007 51.0142
      vertex 174.139 -43.74 49.7122
      vertex 173.307 -43.6741 50.9
    endloop
  endfacet
  facet normal 0.200503 0.975885 0.0863007
    outer loop
      vertex 173.307 -43.6741 50.9
      vertex 174.139 -43.74 49.7122
      vertex 173.248 -43.6508 50.7736
    endloop
  endfacet
  facet normal 0.20107 0.975725 0.0867895
    outer loop
      vertex 173.248 -43.6508 50.7736
      vertex 174.139 -43.74 49.7122
      vertex 173.212 -43.6314 50.6389
    endloop
  endfacet
  facet normal 0.2009 0.975775 0.0866139
    outer loop
      vertex 173.212 -43.6314 50.6389
      vertex 174.139 -43.74 49.7122
      vertex 173.2 -43.6166 50.5
    endloop
  endfacet
  facet normal 0.20055 0.975886 0.0861791
    outer loop
      vertex 173.2 -43.6166 50.5
      vertex 174.139 -43.74 49.7122
      vertex 173.212 -43.6068 50.3611
    endloop
  endfacet
  facet normal 0.200567 0.97588 0.0862055
    outer loop
      vertex 173.212 -43.6068 50.3611
      vertex 174.139 -43.74 49.7122
      vertex 173.248 -43.6023 50.2264
    endloop
  endfacet
  facet normal 0.200909 0.975754 0.0868311
    outer loop
      vertex 173.248 -43.6023 50.2264
      vertex 174.139 -43.74 49.7122
      vertex 173.307 -43.6032 50.1
    endloop
  endfacet
  facet normal 0.200416 0.975955 0.0857017
    outer loop
      vertex 173.307 -43.6032 50.1
      vertex 174.139 -43.74 49.7122
      vertex 173.387 -43.6096 49.9858
    endloop
  endfacet
  facet normal 0.201303 0.975537 0.08834
    outer loop
      vertex 173.387 -43.6096 49.9858
      vertex 174.139 -43.74 49.7122
      vertex 173.486 -43.6211 49.8872
    endloop
  endfacet
  facet normal 0.200734 0.975864 0.0859933
    outer loop
      vertex 173.486 -43.6211 49.8872
      vertex 174.139 -43.74 49.7122
      vertex 173.6 -43.6375 49.8072
    endloop
  endfacet
  facet normal 0.20047 0.975877 0.0864689
    outer loop
      vertex 173.861 -43.8225 51.2878
      vertex 174.223 -43.758 49.7206
      vertex 174.139 -43.74 49.7122
    endloop
  endfacet
  facet normal 0.200406 0.976117 0.083864
    outer loop
      vertex 173.6 -43.6375 49.8072
      vertex 174.139 -43.74 49.7122
      vertex 173.726 -43.6583 49.7482
    endloop
  endfacet
  facet normal 0.200737 0.975612 0.0888072
    outer loop
      vertex 174.139 -43.74 49.7122
      vertex 173.861 -43.6828 49.7122
      vertex 173.726 -43.6583 49.7482
    endloop
  endfacet
  facet normal 0.200752 0.975684 0.0879715
    outer loop
      vertex 173.861 -43.6828 49.7122
      vertex 174.139 -43.74 49.7122
      vertex 174 -43.7103 49.7
    endloop
  endfacet
  facet normal 0.18771 0.976265 0.108035
    outer loop
      vertex 182.836 -45.9449 51.818
      vertex 182.836 -45.8081 50.5818
      vertex 182.114 -45.6613 50.5097
    endloop
  endfacet
  facet normal 0.225186 0.970626 0.0847167
    outer loop
      vertex 182.125 -45.8058 52.1142
      vertex 182.836 -45.9449 51.818
      vertex 181.619 -45.684 52.0637
    endloop
  endfacet
  facet normal 0.225405 0.970464 0.085975
    outer loop
      vertex 182.114 -45.6613 50.5097
      vertex 181.619 -45.684 52.0637
      vertex 182.836 -45.9449 51.818
    endloop
  endfacet
  facet normal 0.225471 0.970447 0.0859957
    outer loop
      vertex 174.223 -43.758 49.7206
      vertex 181.619 -45.684 52.0637
      vertex 182.114 -45.6613 50.5097
    endloop
  endfacet
  facet normal 0.225468 0.970447 0.0860051
    outer loop
      vertex 181.619 -45.684 52.0637
      vertex 174.223 -43.758 49.7206
      vertex 174.223 -43.9001 51.324
    endloop
  endfacet
  facet normal 0.225327 0.970561 0.0850859
    outer loop
      vertex 182.836 -45.9771 52.1853
      vertex 182.836 -45.9449 51.818
      vertex 182.125 -45.8058 52.1142
    endloop
  endfacet
  facet normal 0.196227 0.974611 0.10783
    outer loop
      vertex 184.139 -46.0849 50.7122
      vertex 182.836 -45.9449 51.818
      vertex 186.641 -46.6394 51.1709
    endloop
  endfacet
  facet normal 0.196245 0.974606 0.107852
    outer loop
      vertex 182.836 -45.9449 51.818
      vertex 184.139 -46.0849 50.7122
      vertex 182.836 -45.8081 50.5818
    endloop
  endfacet
  facet normal -0.996289 0 0.0860725
    outer loop
      vertex 173.2 -45.267 50.5
      vertex 173.212 -43.6314 50.6389
      vertex 173.2 -43.6166 50.5
    endloop
  endfacet
  facet normal -0.996289 0 0.0860725
    outer loop
      vertex 173.212 -43.6314 50.6389
      vertex 173.2 -45.267 50.5
      vertex 173.212 -45.2818 50.6389
    endloop
  endfacet
  facet normal -0.574426 0 -0.818557
    outer loop
      vertex 173.486 -45.2714 49.8872
      vertex 173.6 -43.6375 49.8072
      vertex 173.6 -45.2879 49.8072
    endloop
  endfacet
  facet normal -0.574426 0 -0.818557
    outer loop
      vertex 173.6 -43.6375 49.8072
      vertex 173.486 -45.2714 49.8872
      vertex 173.486 -43.6211 49.8872
    endloop
  endfacet
  facet normal -0.257663 0 0.966235
    outer loop
      vertex 173.726 -45.4419 51.2518
      vertex 173.861 -43.8225 51.2878
      vertex 173.726 -43.7915 51.2518
    endloop
  endfacet
  facet normal -0.257663 0 0.966235
    outer loop
      vertex 173.861 -43.8225 51.2878
      vertex 173.726 -45.4419 51.2518
      vertex 173.861 -45.4728 51.2878
    endloop
  endfacet
  facet normal -0.81903 0 0.573751
    outer loop
      vertex 173.307 -45.3245 50.9
      vertex 173.387 -43.7007 51.0142
      vertex 173.307 -43.6741 50.9
    endloop
  endfacet
  facet normal -0.81903 0 0.573751
    outer loop
      vertex 173.387 -43.7007 51.0142
      vertex 173.307 -45.3245 50.9
      vertex 173.387 -45.351 51.0142
    endloop
  endfacet
  facet normal -0.257663 0 -0.966235
    outer loop
      vertex 173.726 -45.3086 49.7482
      vertex 173.861 -43.6828 49.7122
      vertex 173.861 -45.3331 49.7122
    endloop
  endfacet
  facet normal -0.257663 0 -0.966235
    outer loop
      vertex 173.861 -43.6828 49.7122
      vertex 173.726 -45.3086 49.7482
      vertex 173.726 -43.6583 49.7482
    endloop
  endfacet
  facet normal -0.966092 0 0.258198
    outer loop
      vertex 173.212 -45.2818 50.6389
      vertex 173.248 -43.6508 50.7736
      vertex 173.212 -43.6314 50.6389
    endloop
  endfacet
  facet normal -0.966092 0 0.258198
    outer loop
      vertex 173.248 -43.6508 50.7736
      vertex 173.212 -45.2818 50.6389
      vertex 173.248 -45.3011 50.7736
    endloop
  endfacet
  facet normal -0.0995037 0 0.995037
    outer loop
      vertex 182.836 -47.6271 52.1853
      vertex 183.861 -46.1884 52.2878
      vertex 182.836 -45.9771 52.1853
    endloop
  endfacet
  facet normal -0.0995037 0 0.995037
    outer loop
      vertex 183.861 -46.1884 52.2878
      vertex 182.836 -47.6271 52.1853
      vertex 183.861 -47.8384 52.2878
    endloop
  endfacet
  facet normal -0.0995037 3.43106e-15 0.995037
    outer loop
      vertex 181.647 -47.3407 52.0664
      vertex 182.836 -45.9771 52.1853
      vertex 182.125 -45.8058 52.1142
    endloop
  endfacet
  facet normal -0.0995037 0 0.995037
    outer loop
      vertex 182.836 -45.9771 52.1853
      vertex 181.647 -47.3407 52.0664
      vertex 182.836 -47.6271 52.1853
    endloop
  endfacet
  facet normal -0.0993226 -5.69706e-05 0.995055
    outer loop
      vertex 181.619 -45.684 52.0637
      vertex 181.647 -47.3407 52.0664
      vertex 182.125 -45.8058 52.1142
    endloop
  endfacet
  facet normal -0.0994168 -5.85789e-05 0.995046
    outer loop
      vertex 181.619 -45.684 52.0637
      vertex 180.67 -47.1055 51.9688
      vertex 181.647 -47.3407 52.0664
    endloop
  endfacet
  facet normal -0.0995152 7.73606e-06 0.995036
    outer loop
      vertex 174.223 -43.9001 51.324
      vertex 180.67 -47.1055 51.9688
      vertex 181.619 -45.684 52.0637
    endloop
  endfacet
  facet normal -0.099519 0 0.995036
    outer loop
      vertex 174.223 -43.9001 51.324
      vertex 174.223 -45.5505 51.324
      vertex 180.67 -47.1055 51.9688
    endloop
  endfacet
  facet normal -0.0995037 0 0.995037
    outer loop
      vertex 173.861 -45.4728 51.2878
      vertex 174.223 -43.9001 51.324
      vertex 173.861 -43.8225 51.2878
    endloop
  endfacet
  facet normal -0.0995037 0 0.995037
    outer loop
      vertex 174.223 -43.9001 51.324
      vertex 173.861 -45.4728 51.2878
      vertex 174.223 -45.5505 51.324
    endloop
  endfacet
  facet normal 0.0874337 0 -0.99617
    outer loop
      vertex 174 -45.3607 49.7
      vertex 174.139 -43.74 49.7122
      vertex 174.139 -45.3903 49.7122
    endloop
  endfacet
  facet normal 0.0874337 0 -0.99617
    outer loop
      vertex 174.139 -43.74 49.7122
      vertex 174 -45.3607 49.7
      vertex 174 -43.7103 49.7
    endloop
  endfacet
  facet normal -0.705674 0 0.708537
    outer loop
      vertex 173.387 -45.351 51.0142
      vertex 173.486 -43.7297 51.1128
      vertex 173.387 -43.7007 51.0142
    endloop
  endfacet
  facet normal -0.705674 0 0.708537
    outer loop
      vertex 173.486 -43.7297 51.1128
      vertex 173.387 -45.351 51.0142
      vertex 173.486 -45.3801 51.1128
    endloop
  endfacet
  facet normal 0.0995793 0 -0.99503
    outer loop
      vertex 182.836 -47.4648 50.5818
      vertex 184.139 -46.0849 50.7122
      vertex 184.139 -47.7415 50.7122
    endloop
  endfacet
  facet normal 0.0995793 0 -0.99503
    outer loop
      vertex 182.836 -47.4648 50.5818
      vertex 182.836 -45.8081 50.5818
      vertex 184.139 -46.0849 50.7122
    endloop
  endfacet
  facet normal 0.0993262 0 -0.995055
    outer loop
      vertex 182.281 -47.352 50.5264
      vertex 182.836 -45.8081 50.5818
      vertex 182.836 -47.4648 50.5818
    endloop
  endfacet
  facet normal 0.0993645 -1.38921e-05 -0.995051
    outer loop
      vertex 182.281 -47.352 50.5264
      vertex 182.114 -45.6613 50.5097
      vertex 182.836 -45.8081 50.5818
    endloop
  endfacet
  facet normal 0.0995037 6.64535e-17 -0.995037
    outer loop
      vertex 174.223 -45.4084 49.7206
      vertex 182.114 -45.6613 50.5097
      vertex 182.281 -47.352 50.5264
    endloop
  endfacet
  facet normal 0.0995037 0 -0.995037
    outer loop
      vertex 174.223 -45.4084 49.7206
      vertex 174.223 -43.758 49.7206
      vertex 182.114 -45.6613 50.5097
    endloop
  endfacet
  facet normal 0.0995037 0 -0.995037
    outer loop
      vertex 174.139 -45.3903 49.7122
      vertex 174.223 -43.758 49.7206
      vertex 174.223 -45.4084 49.7206
    endloop
  endfacet
  facet normal 0.0995037 0 -0.995037
    outer loop
      vertex 174.223 -43.758 49.7206
      vertex 174.139 -45.3903 49.7122
      vertex 174.139 -43.74 49.7122
    endloop
  endfacet
  facet normal -0.966092 0 -0.258198
    outer loop
      vertex 173.248 -45.2526 50.2264
      vertex 173.212 -43.6068 50.3611
      vertex 173.248 -43.6023 50.2264
    endloop
  endfacet
  facet normal -0.966092 -0 -0.258198
    outer loop
      vertex 173.212 -43.6068 50.3611
      vertex 173.248 -45.2526 50.2264
      vertex 173.212 -45.2571 50.3611
    endloop
  endfacet
  facet normal -0.424066 0 0.905632
    outer loop
      vertex 173.6 -45.4106 51.1928
      vertex 173.726 -43.7915 51.2518
      vertex 173.6 -43.7603 51.1928
    endloop
  endfacet
  facet normal -0.424066 0 0.905632
    outer loop
      vertex 173.726 -43.7915 51.2518
      vertex 173.6 -45.4106 51.1928
      vertex 173.726 -45.4419 51.2518
    endloop
  endfacet
  facet normal -0.996289 0 -0.0860725
    outer loop
      vertex 173.212 -45.2571 50.3611
      vertex 173.2 -43.6166 50.5
      vertex 173.212 -43.6068 50.3611
    endloop
  endfacet
  facet normal -0.996289 -0 -0.0860725
    outer loop
      vertex 173.2 -43.6166 50.5
      vertex 173.212 -45.2571 50.3611
      vertex 173.2 -45.267 50.5
    endloop
  endfacet
  facet normal -0.906147 0 0.422964
    outer loop
      vertex 173.248 -45.3011 50.7736
      vertex 173.307 -43.6741 50.9
      vertex 173.248 -43.6508 50.7736
    endloop
  endfacet
  facet normal -0.906147 0 0.422964
    outer loop
      vertex 173.307 -43.6741 50.9
      vertex 173.248 -45.3011 50.7736
      vertex 173.307 -45.3245 50.9
    endloop
  endfacet
  facet normal -0.0874337 0 -0.99617
    outer loop
      vertex 173.861 -45.3331 49.7122
      vertex 174 -43.7103 49.7
      vertex 174 -45.3607 49.7
    endloop
  endfacet
  facet normal -0.0874337 0 -0.99617
    outer loop
      vertex 174 -43.7103 49.7
      vertex 173.861 -45.3331 49.7122
      vertex 173.861 -43.6828 49.7122
    endloop
  endfacet
  facet normal -0.574426 0 0.818557
    outer loop
      vertex 173.486 -45.3801 51.1128
      vertex 173.6 -43.7603 51.1928
      vertex 173.486 -43.7297 51.1128
    endloop
  endfacet
  facet normal -0.574426 0 0.818557
    outer loop
      vertex 173.6 -43.7603 51.1928
      vertex 173.486 -45.3801 51.1128
      vertex 173.6 -45.4106 51.1928
    endloop
  endfacet
  facet normal -0.705674 0 -0.708537
    outer loop
      vertex 173.486 -43.6211 49.8872
      vertex 173.387 -45.2599 49.9858
      vertex 173.387 -43.6096 49.9858
    endloop
  endfacet
  facet normal -0.705674 0 -0.708537
    outer loop
      vertex 173.387 -45.2599 49.9858
      vertex 173.486 -43.6211 49.8872
      vertex 173.486 -45.2714 49.8872
    endloop
  endfacet
  facet normal -0.424066 0 -0.905632
    outer loop
      vertex 173.6 -45.2879 49.8072
      vertex 173.726 -43.6583 49.7482
      vertex 173.726 -45.3086 49.7482
    endloop
  endfacet
  facet normal -0.424066 0 -0.905632
    outer loop
      vertex 173.726 -43.6583 49.7482
      vertex 173.6 -45.2879 49.8072
      vertex 173.6 -43.6375 49.8072
    endloop
  endfacet
  facet normal -0.81903 0 -0.573751
    outer loop
      vertex 173.387 -43.6096 49.9858
      vertex 173.307 -45.2536 50.1
      vertex 173.307 -43.6032 50.1
    endloop
  endfacet
  facet normal -0.81903 0 -0.573751
    outer loop
      vertex 173.307 -45.2536 50.1
      vertex 173.387 -43.6096 49.9858
      vertex 173.387 -45.2599 49.9858
    endloop
  endfacet
  facet normal -0.906147 0 -0.422964
    outer loop
      vertex 173.307 -43.6032 50.1
      vertex 173.248 -45.2526 50.2264
      vertex 173.248 -43.6023 50.2264
    endloop
  endfacet
  facet normal -0.906147 0 -0.422964
    outer loop
      vertex 173.248 -45.2526 50.2264
      vertex 173.307 -43.6032 50.1
      vertex 173.307 -45.2536 50.1
    endloop
  endfacet
  facet normal 0.180328 0 -0.983607
    outer loop
      vertex 190.139 -49.0359 51.8122
      vertex 186.641 -46.6394 51.1709
      vertex 190.139 -47.3859 51.8122
    endloop
  endfacet
  facet normal 0.180333 8.06517e-06 -0.983606
    outer loop
      vertex 185.83 -48.1164 51.0222
      vertex 186.641 -46.6394 51.1709
      vertex 190.139 -49.0359 51.8122
    endloop
  endfacet
  facet normal 0.180318 0 -0.983608
    outer loop
      vertex 184.139 -46.0849 50.7122
      vertex 185.83 -48.1164 51.0222
      vertex 184.139 -47.7415 50.7122
    endloop
  endfacet
  facet normal 0.18033 9.89502e-06 -0.983606
    outer loop
      vertex 185.83 -48.1164 51.0222
      vertex 184.139 -46.0849 50.7122
      vertex 186.641 -46.6394 51.1709
    endloop
  endfacet
  facet normal -0.180348 0 0.983603
    outer loop
      vertex 187.271 -48.5662 52.913
      vertex 189.578 -47.2659 53.336
      vertex 187.271 -46.9162 52.913
    endloop
  endfacet
  facet normal -0.180348 0 0.983603
    outer loop
      vertex 189.578 -47.2659 53.336
      vertex 187.271 -48.5662 52.913
      vertex 189.578 -48.9159 53.336
    endloop
  endfacet
  facet normal -0.180337 0 0.983605
    outer loop
      vertex 183.861 -47.8384 52.2878
      vertex 187.271 -46.9162 52.913
      vertex 183.861 -46.1884 52.2878
    endloop
  endfacet
  facet normal -0.180337 0 0.983605
    outer loop
      vertex 187.271 -46.9162 52.913
      vertex 183.861 -47.8384 52.2878
      vertex 187.271 -48.5662 52.913
    endloop
  endfacet
  facet normal 0.574426 0 -0.818557
    outer loop
      vertex 190.4 -49.0958 51.9072
      vertex 190.514 -47.4753 51.9872
      vertex 190.514 -49.1253 51.9872
    endloop
  endfacet
  facet normal 0.574426 0 -0.818557
    outer loop
      vertex 190.514 -47.4753 51.9872
      vertex 190.4 -49.0958 51.9072
      vertex 190.4 -47.4458 51.9072
    endloop
  endfacet
  facet normal 0.705674 0 -0.708537
    outer loop
      vertex 190.613 -47.5034 52.0858
      vertex 190.514 -49.1253 51.9872
      vertex 190.514 -47.4753 51.9872
    endloop
  endfacet
  facet normal 0.705674 0 -0.708537
    outer loop
      vertex 190.514 -49.1253 51.9872
      vertex 190.613 -47.5034 52.0858
      vertex 190.613 -49.1534 52.0858
    endloop
  endfacet
  facet normal 0.424066 0 -0.905632
    outer loop
      vertex 190.274 -49.0657 51.8482
      vertex 190.4 -47.4458 51.9072
      vertex 190.4 -49.0958 51.9072
    endloop
  endfacet
  facet normal 0.424066 0 -0.905632
    outer loop
      vertex 190.4 -47.4458 51.9072
      vertex 190.274 -49.0657 51.8482
      vertex 190.274 -47.4157 51.8482
    endloop
  endfacet
  facet normal 0.257663 0 -0.966235
    outer loop
      vertex 190.139 -49.0359 51.8122
      vertex 190.274 -47.4157 51.8482
      vertex 190.274 -49.0657 51.8482
    endloop
  endfacet
  facet normal 0.257663 0 -0.966235
    outer loop
      vertex 190.274 -47.4157 51.8482
      vertex 190.139 -49.0359 51.8122
      vertex 190.139 -47.3859 51.8122
    endloop
  endfacet
  facet normal 0.757936 0.000353045 -0.652329
    outer loop
      vertex 192.529 -49.2387 54.3082
      vertex 192.29 -47.5903 54.0314
      vertex 192.837 -49.1697 54.6661
    endloop
  endfacet
  facet normal 0.756985 -0.000419289 -0.653432
    outer loop
      vertex 192.837 -49.1697 54.6661
      vertex 192.29 -47.5903 54.0314
      vertex 193.113 -49.1082 54.9858
    endloop
  endfacet
  facet normal 0.757315 0 -0.653049
    outer loop
      vertex 193.113 -49.1082 54.9858
      vertex 192.29 -47.5903 54.0314
      vertex 193.113 -47.4064 54.9858
    endloop
  endfacet
  facet normal 0.757286 -0.000128629 -0.653083
    outer loop
      vertex 190.613 -49.1534 52.0858
      vertex 190.704 -47.5305 52.191
      vertex 190.808 -47.5616 52.3116
    endloop
  endfacet
  facet normal 0.756556 -0.000115672 -0.653929
    outer loop
      vertex 192.32 -49.2401 54.0664
      vertex 192.29 -47.5903 54.0314
      vertex 192.529 -49.2387 54.3082
    endloop
  endfacet
  facet normal 0.756694 -0.000109764 -0.653769
    outer loop
      vertex 192.29 -47.5903 54.0314
      vertex 192.32 -49.2401 54.0664
      vertex 192.142 -47.5913 53.8601
    endloop
  endfacet
  facet normal 0.757382 0 -0.652972
    outer loop
      vertex 192.142 -47.5913 53.8601
      vertex 191.339 -49.2468 52.9287
      vertex 191.339 -47.5968 52.9287
    endloop
  endfacet
  facet normal 0.758007 0 -0.652247
    outer loop
      vertex 190.808 -49.2116 52.3116
      vertex 191.339 -47.5968 52.9287
      vertex 191.339 -49.2468 52.9287
    endloop
  endfacet
  facet normal 0.75687 0 -0.653565
    outer loop
      vertex 190.684 -49.1746 52.168
      vertex 190.808 -47.5616 52.3116
      vertex 190.808 -49.2116 52.3116
    endloop
  endfacet
  facet normal 0.756305 0 -0.654219
    outer loop
      vertex 190.704 -47.5305 52.191
      vertex 190.613 -49.1534 52.0858
      vertex 190.613 -47.5034 52.0858
    endloop
  endfacet
  facet normal 0.757336 5.25675e-05 -0.653025
    outer loop
      vertex 191.339 -49.2468 52.9287
      vertex 192.142 -47.5913 53.8601
      vertex 192.32 -49.2401 54.0664
    endloop
  endfacet
  facet normal 0.758007 0 -0.652247
    outer loop
      vertex 191.339 -47.5968 52.9287
      vertex 190.808 -49.2116 52.3116
      vertex 190.808 -47.5616 52.3116
    endloop
  endfacet
  facet normal 0.756784 1.5623e-05 -0.653666
    outer loop
      vertex 190.613 -49.1534 52.0858
      vertex 190.808 -47.5616 52.3116
      vertex 190.684 -49.1746 52.168
    endloop
  endfacet
  facet normal -0.757505 0 0.652829
    outer loop
      vertex 189.578 -48.9159 53.336
      vertex 190.163 -47.3046 54.0148
      vertex 189.578 -47.2659 53.336
    endloop
  endfacet
  facet normal -0.757399 -9.05197e-05 0.652953
    outer loop
      vertex 190.392 -48.9698 54.2802
      vertex 190.163 -47.3046 54.0148
      vertex 189.578 -48.9159 53.336
    endloop
  endfacet
  facet normal -0.757287 0.000535264 0.653082
    outer loop
      vertex 190.356 -47.3174 54.2378
      vertex 191.339 -48.848 55.3789
      vertex 191.691 -48.7694 55.787
    endloop
  endfacet
  facet normal -0.756127 0.000318938 0.654424
    outer loop
      vertex 190.163 -47.3046 54.0148
      vertex 190.392 -48.9698 54.2802
      vertex 190.356 -47.3174 54.2378
    endloop
  endfacet
  facet normal -0.757152 0.000266209 0.653239
    outer loop
      vertex 190.356 -47.3174 54.2378
      vertex 190.392 -48.9698 54.2802
      vertex 190.69 -48.9609 54.6256
    endloop
  endfacet
  facet normal -0.757611 4.7283e-05 0.652707
    outer loop
      vertex 190.356 -47.3174 54.2378
      vertex 190.69 -48.9609 54.6256
      vertex 191.339 -48.848 55.3789
    endloop
  endfacet
  facet normal -0.757161 0.0010739 0.653227
    outer loop
      vertex 190.69 -48.9609 54.6256
      vertex 190.392 -48.9698 54.2802
      vertex 190.571 -48.9816 54.4877
    endloop
  endfacet
  facet normal -0.757236 0 0.653141
    outer loop
      vertex 191.339 -47.1463 55.3789
      vertex 191.691 -48.7694 55.787
      vertex 191.691 -47.0677 55.787
    endloop
  endfacet
  facet normal -0.757627 -0.000199031 0.652687
    outer loop
      vertex 191.691 -48.7694 55.787
      vertex 191.339 -47.1463 55.3789
      vertex 190.356 -47.3174 54.2378
    endloop
  endfacet
  facet normal 0.966092 0 -0.258198
    outer loop
      vertex 193.288 -49.0229 55.3611
      vertex 193.252 -47.3541 55.2264
      vertex 193.288 -47.3212 55.3611
    endloop
  endfacet
  facet normal 0.966092 0 -0.258198
    outer loop
      vertex 193.252 -47.3541 55.2264
      vertex 193.288 -49.0229 55.3611
      vertex 193.252 -49.0558 55.2264
    endloop
  endfacet
  facet normal 0.996289 0 -0.0860725
    outer loop
      vertex 193.3 -48.9867 55.5
      vertex 193.288 -47.3212 55.3611
      vertex 193.3 -47.285 55.5
    endloop
  endfacet
  facet normal 0.996289 0 -0.0860725
    outer loop
      vertex 193.288 -47.3212 55.3611
      vertex 193.3 -48.9867 55.5
      vertex 193.288 -49.0229 55.3611
    endloop
  endfacet
  facet normal 0.81903 0 -0.573751
    outer loop
      vertex 193.193 -49.0845 55.1
      vertex 193.113 -47.4064 54.9858
      vertex 193.193 -47.3828 55.1
    endloop
  endfacet
  facet normal 0.81903 0 -0.573751
    outer loop
      vertex 193.113 -47.4064 54.9858
      vertex 193.193 -49.0845 55.1
      vertex 193.113 -49.1082 54.9858
    endloop
  endfacet
  facet normal 0.906147 0 -0.422964
    outer loop
      vertex 193.252 -49.0558 55.2264
      vertex 193.193 -47.3828 55.1
      vertex 193.252 -47.3541 55.2264
    endloop
  endfacet
  facet normal 0.906147 0 -0.422964
    outer loop
      vertex 193.193 -47.3828 55.1
      vertex 193.252 -49.0558 55.2264
      vertex 193.193 -49.0845 55.1
    endloop
  endfacet
  facet normal -0.967724 0 0.252012
    outer loop
      vertex 191.643 -45.1969 59.0544
      vertex 191.648 -47.1904 59.0736
      vertex 191.648 -45.1818 59.0736
    endloop
  endfacet
  facet normal -0.96583 7.37624e-05 0.259177
    outer loop
      vertex 191.612 -45.2756 58.9389
      vertex 191.648 -47.1904 59.0736
      vertex 191.643 -45.1969 59.0544
    endloop
  endfacet
  facet normal -0.966092 0 0.258198
    outer loop
      vertex 191.648 -47.1904 59.0736
      vertex 191.612 -45.2756 58.9389
      vertex 191.612 -47.2822 58.9389
    endloop
  endfacet
  facet normal 0.965922 -0 0.258834
    outer loop
      vertex 193.152 -47.2949 59.0736
      vertex 193.174 -45.3474 58.9915
      vertex 193.152 -45.2802 59.0736
    endloop
  endfacet
  facet normal 0.966344 -7.14225e-05 0.257253
    outer loop
      vertex 193.152 -47.2949 59.0736
      vertex 193.188 -45.3851 58.9389
      vertex 193.174 -45.3474 58.9915
    endloop
  endfacet
  facet normal 0.966092 0 0.258198
    outer loop
      vertex 193.188 -45.3851 58.9389
      vertex 193.152 -47.2949 59.0736
      vertex 193.188 -47.3918 58.9389
    endloop
  endfacet
  facet normal -0.424066 0 0.905632
    outer loop
      vertex 192 -44.8694 59.4928
      vertex 192.126 -46.8888 59.5518
      vertex 192.126 -44.8305 59.5518
    endloop
  endfacet
  facet normal -0.424066 0 0.905632
    outer loop
      vertex 192.126 -46.8888 59.5518
      vertex 192 -44.8694 59.4928
      vertex 192 -46.9213 59.4928
    endloop
  endfacet
  facet normal -0.257663 0 0.966235
    outer loop
      vertex 192.126 -44.8305 59.5518
      vertex 192.261 -46.8729 59.5878
      vertex 192.261 -44.8104 59.5878
    endloop
  endfacet
  facet normal -0.257663 0 0.966235
    outer loop
      vertex 192.261 -46.8729 59.5878
      vertex 192.126 -44.8305 59.5518
      vertex 192.126 -46.8888 59.5518
    endloop
  endfacet
  facet normal 0.574426 -0 0.818557
    outer loop
      vertex 192.8 -46.9769 59.4928
      vertex 192.914 -44.9932 59.4128
      vertex 192.8 -44.9217 59.4928
    endloop
  endfacet
  facet normal 0.574426 0 0.818557
    outer loop
      vertex 192.914 -44.9932 59.4128
      vertex 192.8 -46.9769 59.4928
      vertex 192.914 -47.0409 59.4128
    endloop
  endfacet
  facet normal 0.81903 -0 0.573751
    outer loop
      vertex 193.013 -47.1168 59.3142
      vertex 193.093 -45.1752 59.2
      vertex 193.013 -45.0785 59.3142
    endloop
  endfacet
  facet normal 0.81903 0 0.573751
    outer loop
      vertex 193.093 -45.1752 59.2
      vertex 193.013 -47.1168 59.3142
      vertex 193.093 -47.2023 59.2
    endloop
  endfacet
  facet normal -0.0874337 0 0.99617
    outer loop
      vertex 192.261 -44.8104 59.5878
      vertex 192.4 -46.8741 59.6
      vertex 192.4 -44.8097 59.6
    endloop
  endfacet
  facet normal -0.0874337 0 0.99617
    outer loop
      vertex 192.4 -46.8741 59.6
      vertex 192.261 -44.8104 59.5878
      vertex 192.261 -46.8729 59.5878
    endloop
  endfacet
  facet normal 0.996289 -0 0.0860725
    outer loop
      vertex 193.188 -47.3918 58.9389
      vertex 193.2 -45.4833 58.8
      vertex 193.188 -45.3851 58.9389
    endloop
  endfacet
  facet normal 0.996289 0 0.0860725
    outer loop
      vertex 193.2 -45.4833 58.8
      vertex 193.188 -47.3918 58.9389
      vertex 193.2 -47.4899 58.8
    endloop
  endfacet
  facet normal 0.999539 -0 0.0303504
    outer loop
      vertex 193.2 -47.4899 58.8
      vertex 193.23 -46.1772 57.812
      vertex 193.2 -45.4833 58.8
    endloop
  endfacet
  facet normal 0.999564 -0.000637246 0.0295045
    outer loop
      vertex 193.2 -47.4899 58.8
      vertex 193.24 -46.4187 57.468
      vertex 193.23 -46.1772 57.812
    endloop
  endfacet
  facet normal 0.999555 -0.00025206 0.029814
    outer loop
      vertex 193.215 -47.8452 58.2941
      vertex 193.24 -46.4187 57.468
      vertex 193.2 -47.4899 58.8
    endloop
  endfacet
  facet normal 0.999503 0.000734572 0.0315161
    outer loop
      vertex 193.229 -48.051 57.8549
      vertex 193.24 -46.4187 57.468
      vertex 193.215 -47.8452 58.2941
    endloop
  endfacet
  facet normal 0.999547 0.000393393 0.0300779
    outer loop
      vertex 193.24 -46.4187 57.468
      vertex 193.229 -48.051 57.8549
      vertex 193.291 -47.2083 55.7835
    endloop
  endfacet
  facet normal 0.999553 -6.72452e-05 0.0298907
    outer loop
      vertex 193.274 -48.7571 56.3485
      vertex 193.291 -47.2083 55.7835
      vertex 193.229 -48.051 57.8549
    endloop
  endfacet
  facet normal 0.999501 0.000550075 0.0315814
    outer loop
      vertex 193.291 -47.2083 55.7835
      vertex 193.274 -48.7571 56.3485
      vertex 193.3 -47.285 55.5
    endloop
  endfacet
  facet normal 0.999531 0 0.0306279
    outer loop
      vertex 193.3 -47.285 55.5
      vertex 193.274 -48.7571 56.3485
      vertex 193.3 -48.9867 55.5
    endloop
  endfacet
  facet normal -0.996289 0 0.0860725
    outer loop
      vertex 191.6 -45.372 58.8
      vertex 191.612 -47.2822 58.9389
      vertex 191.612 -45.2756 58.9389
    endloop
  endfacet
  facet normal -0.996289 0 0.0860725
    outer loop
      vertex 191.612 -47.2822 58.9389
      vertex 191.6 -45.372 58.8
      vertex 191.6 -47.3786 58.8
    endloop
  endfacet
  facet normal 0.0874337 -0 0.99617
    outer loop
      vertex 192.4 -46.8741 59.6
      vertex 192.539 -44.8286 59.5878
      vertex 192.4 -44.8097 59.6
    endloop
  endfacet
  facet normal 0.0874337 0 0.99617
    outer loop
      vertex 192.539 -44.8286 59.5878
      vertex 192.4 -46.8741 59.6
      vertex 192.539 -46.8923 59.5878
    endloop
  endfacet
  facet normal -0.999534 0 -0.0305138
    outer loop
      vertex 191.637 -46.2233 57.588
      vertex 191.6 -47.3786 58.8
      vertex 191.6 -45.372 58.8
    endloop
  endfacet
  facet normal -0.999749 0.00485225 -0.0218789
    outer loop
      vertex 191.613 -47.6877 58.3599
      vertex 191.637 -46.2233 57.588
      vertex 191.638 -46.2612 57.5339
    endloop
  endfacet
  facet normal -0.999543 -3.63454e-05 -0.0302434
    outer loop
      vertex 191.615 -47.7178 58.2958
      vertex 191.638 -46.2612 57.5339
      vertex 191.689 -47.0508 55.8493
    endloop
  endfacet
  facet normal -0.999491 -0.000668283 -0.0319051
    outer loop
      vertex 191.672 -48.5996 56.4143
      vertex 191.689 -47.0508 55.8493
      vertex 191.691 -47.0677 55.787
    endloop
  endfacet
  facet normal -0.99952 -0.000425414 -0.0309865
    outer loop
      vertex 191.613 -47.6877 58.3599
      vertex 191.638 -46.2612 57.5339
      vertex 191.615 -47.7178 58.2958
    endloop
  endfacet
  facet normal -0.999551 0.000597302 -0.029945
    outer loop
      vertex 191.637 -46.2233 57.588
      vertex 191.613 -47.6877 58.3599
      vertex 191.6 -47.3786 58.8
    endloop
  endfacet
  facet normal -0.999542 -6.4297e-05 -0.030251
    outer loop
      vertex 191.689 -47.0508 55.8493
      vertex 191.672 -48.5996 56.4143
      vertex 191.615 -47.7178 58.2958
    endloop
  endfacet
  facet normal -0.999542 0 -0.0302747
    outer loop
      vertex 191.672 -48.5996 56.4143
      vertex 191.691 -47.0677 55.787
      vertex 191.691 -48.7694 55.787
    endloop
  endfacet
  facet normal 0.906147 -0 0.422964
    outer loop
      vertex 193.093 -47.2023 59.2
      vertex 193.152 -45.2802 59.0736
      vertex 193.093 -45.1752 59.2
    endloop
  endfacet
  facet normal 0.906147 0 0.422964
    outer loop
      vertex 193.152 -45.2802 59.0736
      vertex 193.093 -47.2023 59.2
      vertex 193.152 -47.2949 59.0736
    endloop
  endfacet
  facet normal -0.574426 0 0.818557
    outer loop
      vertex 191.886 -44.9259 59.4128
      vertex 192 -46.9213 59.4928
      vertex 192 -44.8694 59.4928
    endloop
  endfacet
  facet normal -0.574426 0 0.818557
    outer loop
      vertex 192 -46.9213 59.4928
      vertex 191.886 -44.9259 59.4128
      vertex 191.886 -46.9694 59.4128
    endloop
  endfacet
  facet normal 0.424066 -0 0.905632
    outer loop
      vertex 192.674 -46.9269 59.5518
      vertex 192.8 -44.9217 59.4928
      vertex 192.674 -44.8662 59.5518
    endloop
  endfacet
  facet normal 0.424066 0 0.905632
    outer loop
      vertex 192.8 -44.9217 59.4928
      vertex 192.674 -46.9269 59.5518
      vertex 192.8 -46.9769 59.4928
    endloop
  endfacet
  facet normal -0.906147 0 0.422964
    outer loop
      vertex 191.648 -45.1818 59.0736
      vertex 191.707 -47.106 59.2
      vertex 191.707 -45.0845 59.2
    endloop
  endfacet
  facet normal -0.906147 0 0.422964
    outer loop
      vertex 191.707 -47.106 59.2
      vertex 191.648 -45.1818 59.0736
      vertex 191.648 -47.1904 59.0736
    endloop
  endfacet
  facet normal 0.705674 -0 0.708537
    outer loop
      vertex 192.914 -47.0409 59.4128
      vertex 193.013 -45.0785 59.3142
      vertex 192.914 -44.9932 59.4128
    endloop
  endfacet
  facet normal 0.705674 0 0.708537
    outer loop
      vertex 193.013 -45.0785 59.3142
      vertex 192.914 -47.0409 59.4128
      vertex 193.013 -47.1168 59.3142
    endloop
  endfacet
  facet normal -0.705674 0 0.708537
    outer loop
      vertex 191.787 -44.9984 59.3142
      vertex 191.886 -46.9694 59.4128
      vertex 191.886 -44.9259 59.4128
    endloop
  endfacet
  facet normal -0.705674 0 0.708537
    outer loop
      vertex 191.886 -46.9694 59.4128
      vertex 191.787 -44.9984 59.3142
      vertex 191.787 -47.0316 59.3142
    endloop
  endfacet
  facet normal -0.81903 0 0.573751
    outer loop
      vertex 191.707 -45.0845 59.2
      vertex 191.787 -47.0316 59.3142
      vertex 191.787 -44.9984 59.3142
    endloop
  endfacet
  facet normal -0.81903 0 0.573751
    outer loop
      vertex 191.787 -47.0316 59.3142
      vertex 191.707 -45.0845 59.2
      vertex 191.707 -47.106 59.2
    endloop
  endfacet
  facet normal 0.257663 -0 0.966235
    outer loop
      vertex 192.539 -46.8923 59.5878
      vertex 192.674 -44.8662 59.5518
      vertex 192.539 -44.8286 59.5878
    endloop
  endfacet
  facet normal 0.257663 0 0.966235
    outer loop
      vertex 192.674 -44.8662 59.5518
      vertex 192.539 -46.8923 59.5878
      vertex 192.674 -46.9269 59.5518
    endloop
  endfacet
endsolid OpenSCAD_Model
