solid OpenSCAD_Model
  facet normal 0.00768993 0.994886 -0.100712
    outer loop
      vertex 62.3451 30.6319 60.9251
      vertex 57.3248 30.1757 56.0352
      vertex 57.3248 30.5255 59.4907
    endloop
  endfacet
  facet normal 0.0029212 0.994695 -0.102829
    outer loop
      vertex 64.6603 30.0888 55.7373
      vertex 62.3451 30.6319 60.9251
      vertex 64.6626 30.089 55.7393
    endloop
  endfacet
  facet normal 0.00769567 0.994885 -0.100718
    outer loop
      vertex 62.3451 30.6319 60.9251
      vertex 64.6603 30.0888 55.7373
      vertex 57.3248 30.1757 56.0352
    endloop
  endfacet
  facet normal 0.133355 0.968612 0.209777
    outer loop
      vertex 64.6592 30.7106 76.5924
      vertex 57.3248 31.808 76.1878
      vertex 58.1206 31.284 78.1014
    endloop
  endfacet
  facet normal 0.133356 0.968614 0.209771
    outer loop
      vertex 64.6592 31.309 73.8293
      vertex 57.3248 31.808 76.1878
      vertex 64.6592 30.7106 76.5924
    endloop
  endfacet
  facet normal 0.135343 0.966897 0.216315
    outer loop
      vertex 57.3248 31.808 76.1878
      vertex 64.6592 31.309 73.8293
      vertex 64.6635 31.312 73.8132
    endloop
  endfacet
  facet normal 0.0384703 0.995464 -0.0870167
    outer loop
      vertex 64.6626 30.25 57.5799
      vertex 62.8992 30.6244 61.0834
      vertex 63.0893 30.6218 61.1377
    endloop
  endfacet
  facet normal 0.207688 0.978195 0
    outer loop
      vertex 62.8992 30.6244 61.0834
      vertex 64.6626 30.25 57.5799
      vertex 64.6626 30.25 57.5797
    endloop
  endfacet
  facet normal 0.0950936 0.991681 0.0867469
    outer loop
      vertex 64.6635 31.4882 71.7989
      vertex 57.3248 31.808 76.1878
      vertex 64.6635 31.312 73.8132
    endloop
  endfacet
  facet normal 0.0950936 0.991681 0.0867469
    outer loop
      vertex 57.3248 31.9842 74.1735
      vertex 57.3248 31.808 76.1878
      vertex 64.6635 31.4882 71.7989
    endloop
  endfacet
  facet normal 0.0383497 0.995464 -0.0870725
    outer loop
      vertex 64.6626 30.25 57.5797
      vertex 62.3451 30.6319 60.9251
      vertex 62.8992 30.6244 61.0834
    endloop
  endfacet
  facet normal 0.0249679 0.99504 -0.0962942
    outer loop
      vertex 64.6626 30.2497 57.5766
      vertex 62.3451 30.6319 60.9251
      vertex 64.6626 30.25 57.5797
    endloop
  endfacet
  facet normal 0.0334102 0.995337 -0.0904852
    outer loop
      vertex 64.6626 30.2495 57.5744
      vertex 62.3451 30.6319 60.9251
      vertex 64.6626 30.2497 57.5766
    endloop
  endfacet
  facet normal 0.0383769 0.995463 -0.0870644
    outer loop
      vertex 62.3451 30.6319 60.9251
      vertex 64.6626 30.2495 57.5744
      vertex 64.6626 30.089 55.7393
    endloop
  endfacet
  facet normal 0.000899396 0.96596 -0.258689
    outer loop
      vertex 60.3408 29.6618 54.128
      vertex 64.6538 30.0882 55.7352
      vertex 64.6538 29.9878 55.3603
    endloop
  endfacet
  facet normal 0.000924145 0.965944 -0.258751
    outer loop
      vertex 64.6538 30.0882 55.7352
      vertex 60.3408 29.6618 54.128
      vertex 57.3248 29.6975 54.2505
    endloop
  endfacet
  facet normal 0.0392329 0.995463 -0.0866803
    outer loop
      vertex 64.6635 31.4882 71.7989
      vertex 58.188 31.7802 72.2214
      vertex 57.3248 31.9842 74.1735
    endloop
  endfacet
  facet normal 0.0390768 0.99527 -0.08894
    outer loop
      vertex 64.6626 31.4866 71.7806
      vertex 58.188 31.7802 72.2214
      vertex 64.6635 31.4882 71.7989
    endloop
  endfacet
  facet normal 0.0392395 0.995463 -0.0866791
    outer loop
      vertex 58.188 31.7802 72.2214
      vertex 64.6626 31.4866 71.7806
      vertex 64.6626 31.3997 70.7826
    endloop
  endfacet
  facet normal 0.0392005 0.995463 -0.0866938
    outer loop
      vertex 64.6626 30.25 57.5799
      vertex 63.0893 30.6218 61.1377
      vertex 64.6626 30.599 61.5873
    endloop
  endfacet
  facet normal 0.0031843 0.97834 -0.20698
    outer loop
      vertex 64.6538 30.0888 55.7372
      vertex 57.3248 30.1757 56.0352
      vertex 64.6603 30.0888 55.7373
    endloop
  endfacet
  facet normal -0.000326725 0.957826 -0.287348
    outer loop
      vertex 64.6538 30.0882 55.7352
      vertex 57.3248 30.1757 56.0352
      vertex 64.6538 30.0888 55.7372
    endloop
  endfacet
  facet normal 0.000937952 0.965927 -0.258814
    outer loop
      vertex 57.3248 30.1757 56.0352
      vertex 64.6538 30.0882 55.7352
      vertex 57.3248 29.6975 54.2505
    endloop
  endfacet
  facet normal 0.0398752 0.997212 -0.0630777
    outer loop
      vertex 65.2324 31.3909 70.6559
      vertex 72.2516 31.1663 71.5424
      vertex 72.2494 31.1653 71.5252
    endloop
  endfacet
  facet normal 0.0401036 0.997084 -0.0649181
    outer loop
      vertex 72.2516 31.1663 71.5424
      vertex 65.2324 31.3909 70.6559
      vertex 64.6635 31.4882 71.7989
    endloop
  endfacet
  facet normal 0.0401031 0.997082 -0.0649504
    outer loop
      vertex 65.2324 31.3909 70.6559
      vertex 72.2494 31.1653 71.5252
      vertex 72.2494 31.0071 69.0966
    endloop
  endfacet
  facet normal 0.0400801 0.997084 -0.0649408
    outer loop
      vertex 72.2494 30.2539 57.5305
      vertex 69.1136 30.727 62.859
      vertex 72.2494 30.6593 63.7549
    endloop
  endfacet
  facet normal 0.0402199 0.997084 -0.0648585
    outer loop
      vertex 69.1136 30.727 62.859
      vertex 72.2494 30.2539 57.5305
      vertex 71.8262 30.2631 57.4095
    endloop
  endfacet
  facet normal -0.0990841 0.972534 0.21062
    outer loop
      vertex 64.6592 31.309 73.8293
      vertex 64.6592 30.7106 76.5924
      vertex 65.5706 30.849 76.3821
    endloop
  endfacet
  facet normal -0.0311607 0.957361 -0.287208
    outer loop
      vertex 65.55 30.0817 55.6163
      vertex 64.6538 30.0882 55.7352
      vertex 64.6538 30.0888 55.7372
    endloop
  endfacet
  facet normal -0.0273044 0.965601 -0.258592
    outer loop
      vertex 64.6538 30.0882 55.7352
      vertex 65.55 30.0817 55.6163
      vertex 64.6538 29.9878 55.3603
    endloop
  endfacet
  facet normal -0.00419834 0.996209 -0.0868937
    outer loop
      vertex 65.2324 31.3909 70.6559
      vertex 64.6626 31.4866 71.7806
      vertex 64.6635 31.4882 71.7989
    endloop
  endfacet
  facet normal -0.00127618 0.996344 -0.0854248
    outer loop
      vertex 64.6626 31.4866 71.7806
      vertex 65.2324 31.3909 70.6559
      vertex 65.2212 31.3911 70.6584
    endloop
  endfacet
  facet normal 0.00127157 0.996449 -0.0841918
    outer loop
      vertex 71.8174 30.2629 57.407
      vertex 69.1136 30.727 62.859
      vertex 71.8262 30.2631 57.4095
    endloop
  endfacet
  facet normal 0.00127157 0.996449 -0.0841918
    outer loop
      vertex 69.1136 30.727 62.859
      vertex 71.8174 30.2629 57.407
      vertex 69.1048 30.7268 62.8565
    endloop
  endfacet
  facet normal -0.00395652 0.996185 -0.0871804
    outer loop
      vertex 67.9979 30.1526 56.3157
      vertex 64.6626 30.2497 57.5766
      vertex 69.9271 30.2085 56.8669
    endloop
  endfacet
  facet normal -0.00523343 0.99588 -0.0905345
    outer loop
      vertex 64.6626 30.2497 57.5766
      vertex 67.9979 30.1526 56.3157
      vertex 64.6626 30.2495 57.5744
    endloop
  endfacet
  facet normal 0.00775905 0.9846 0.174649
    outer loop
      vertex 65.5798 30.8493 76.38
      vertex 64.6592 31.309 73.8293
      vertex 65.5706 30.849 76.3821
    endloop
  endfacet
  facet normal -0.00956924 0.983491 0.180703
    outer loop
      vertex 64.6592 31.309 73.8293
      vertex 65.5798 30.8493 76.38
      vertex 64.6635 31.312 73.8132
    endloop
  endfacet
  facet normal -0.0039506 0.996187 -0.0871589
    outer loop
      vertex 65.55 30.0817 55.6163
      vertex 64.6626 30.2495 57.5744
      vertex 67.9979 30.1526 56.3157
    endloop
  endfacet
  facet normal -0.00388162 0.99619 -0.0871279
    outer loop
      vertex 64.6626 30.2495 57.5744
      vertex 65.55 30.0817 55.6163
      vertex 64.6626 30.089 55.7393
    endloop
  endfacet
  facet normal 0.000809868 0.998613 -0.0526414
    outer loop
      vertex 64.6603 30.0888 55.7373
      vertex 65.55 30.0817 55.6163
      vertex 64.6538 30.0888 55.7372
    endloop
  endfacet
  facet normal -0.00483822 0.995561 -0.0939922
    outer loop
      vertex 64.6626 30.089 55.7393
      vertex 65.55 30.0817 55.6163
      vertex 64.6603 30.0888 55.7373
    endloop
  endfacet
  facet normal 0.0472294 0.985863 0.16076
    outer loop
      vertex 72.2454 30.9883 73.5693
      vertex 65.5798 30.8493 76.38
      vertex 72.2454 30.7808 74.8418
    endloop
  endfacet
  facet normal 0.0472636 0.985848 0.16084
    outer loop
      vertex 65.5798 30.8493 76.38
      vertex 72.2454 30.9883 73.5693
      vertex 64.6635 31.312 73.8132
    endloop
  endfacet
  facet normal 0.0472501 0.985936 0.160304
    outer loop
      vertex 72.2503 30.99 73.5574
      vertex 64.6635 31.312 73.8132
      vertex 72.2454 30.9883 73.5693
    endloop
  endfacet
  facet normal 0.0483242 0.978218 0.201877
    outer loop
      vertex 64.6635 31.312 73.8132
      vertex 72.2503 30.99 73.5574
      vertex 72.2512 30.9901 73.5567
    endloop
  endfacet
  facet normal 0.0451634 0.995176 0.0870921
    outer loop
      vertex 72.2512 31.1661 71.5456
      vertex 64.6635 31.312 73.8132
      vertex 72.2512 30.9901 73.5567
    endloop
  endfacet
  facet normal 0.0429596 0.995895 0.0796716
    outer loop
      vertex 72.2512 31.1663 71.5431
      vertex 64.6635 31.312 73.8132
      vertex 72.2512 31.1661 71.5456
    endloop
  endfacet
  facet normal 0.0231537 0.999644 0.0132307
    outer loop
      vertex 64.6635 31.312 73.8132
      vertex 72.2512 31.1663 71.5431
      vertex 72.2516 31.1663 71.5424
    endloop
  endfacet
  facet normal -0.0039496 0.996223 -0.0867452
    outer loop
      vertex 65.2212 31.3911 70.6584
      vertex 64.6626 31.3997 70.7826
      vertex 64.6626 31.4866 71.7806
    endloop
  endfacet
  facet normal -0.0038723 0.996222 -0.0867598
    outer loop
      vertex 69.1048 30.7268 62.8565
      vertex 64.6626 30.25 57.5799
      vertex 64.6626 30.599 61.5873
    endloop
  endfacet
  facet normal -0.00389462 0.996223 -0.0867412
    outer loop
      vertex 69.9271 30.2085 56.8669
      vertex 64.6626 30.25 57.5799
      vertex 69.1048 30.7268 62.8565
    endloop
  endfacet
  facet normal 0.00788274 0.999969 0
    outer loop
      vertex 64.6626 30.25 57.5799
      vertex 69.9271 30.2085 56.8669
      vertex 64.6626 30.25 57.5797
    endloop
  endfacet
  facet normal -0.00388629 0.996223 -0.0867401
    outer loop
      vertex 69.9271 30.2085 56.8669
      vertex 69.1048 30.7268 62.8565
      vertex 71.8174 30.2629 57.407
    endloop
  endfacet
  facet normal -0.00519565 0.995337 -0.0963229
    outer loop
      vertex 64.6626 30.25 57.5797
      vertex 69.9271 30.2085 56.8669
      vertex 64.6626 30.2497 57.5766
    endloop
  endfacet
  facet normal 0.0451598 0.99518 0.0870529
    outer loop
      vertex 64.6635 31.4882 71.7989
      vertex 64.6635 31.312 73.8132
      vertex 72.2516 31.1663 71.5424
    endloop
  endfacet
  facet normal 0 0.998026 0.0628065
    outer loop
      vertex 72.2516 31.1663 71.5424
      vertex 80.0587 31.1316 72.0938
      vertex 80.0687 31.1316 72.0938
    endloop
  endfacet
  facet normal 0.0042722 0.999988 0.00244126
    outer loop
      vertex 80.0587 31.1316 72.0938
      vertex 72.2516 31.1663 71.5424
      vertex 72.2512 31.1663 71.5431
    endloop
  endfacet
  facet normal -0.0110319 0.997824 -0.0649987
    outer loop
      vertex 73.478 31.0029 68.8236
      vertex 72.2494 31.0071 69.0966
      vertex 72.2494 31.1653 71.5252
    endloop
  endfacet
  facet normal -0.0109507 0.997827 -0.0649723
    outer loop
      vertex 77.8818 30.4206 59.1397
      vertex 72.2494 30.6593 63.7549
      vertex 75.3767 30.7518 64.6484
    endloop
  endfacet
  facet normal -0.0109646 0.997826 -0.0649892
    outer loop
      vertex 72.2494 30.6593 63.7549
      vertex 77.8818 30.4206 59.1397
      vertex 72.2494 30.2539 57.5305
    endloop
  endfacet
  facet normal -0.00512208 0.990837 0.134963
    outer loop
      vertex 76.5095 30.9711 73.8578
      vertex 72.2512 30.9901 73.5567
      vertex 72.2503 30.99 73.5574
    endloop
  endfacet
  facet normal -0.00173259 0.996189 0.0872047
    outer loop
      vertex 72.2512 31.1661 71.5456
      vertex 76.5095 30.9711 73.8578
      vertex 78.1456 31.007 73.4802
    endloop
  endfacet
  facet normal -0.0017196 0.996191 0.087181
    outer loop
      vertex 76.5095 30.9711 73.8578
      vertex 72.2512 31.1661 71.5456
      vertex 72.2512 30.9901 73.5567
    endloop
  endfacet
  facet normal -0.00545158 0.990194 0.139594
    outer loop
      vertex 72.2503 30.99 73.5574
      vertex 72.6054 30.8226 74.7587
      vertex 76.5095 30.9711 73.8578
    endloop
  endfacet
  facet normal -0.00491091 0.990219 0.139438
    outer loop
      vertex 72.6054 30.8226 74.7587
      vertex 72.2503 30.99 73.5574
      vertex 72.2454 30.9883 73.5693
    endloop
  endfacet
  facet normal 0.00339034 0.998283 -0.0584734
    outer loop
      vertex 73.4891 31.0027 68.8211
      vertex 72.2494 31.1653 71.5252
      vertex 72.2516 31.1663 71.5424
    endloop
  endfacet
  facet normal 0.0049819 0.998319 -0.0577459
    outer loop
      vertex 72.2494 31.1653 71.5252
      vertex 73.4891 31.0027 68.8211
      vertex 73.478 31.0029 68.8236
    endloop
  endfacet
  facet normal -0.00499131 0.998047 -0.0622743
    outer loop
      vertex 77.8818 30.4206 59.1397
      vertex 75.3855 30.752 64.651
      vertex 77.8906 30.4208 59.1422
    endloop
  endfacet
  facet normal -0.00436726 0.998067 -0.0619929
    outer loop
      vertex 75.3855 30.752 64.651
      vertex 77.8818 30.4206 59.1397
      vertex 75.3767 30.7518 64.6484
    endloop
  endfacet
  facet normal -0.0772162 0.984018 0.160459
    outer loop
      vertex 72.2454 30.9883 73.5693
      vertex 72.2454 30.7808 74.8418
      vertex 72.6054 30.8226 74.7587
    endloop
  endfacet
  facet normal 0.00839624 0.998384 -0.056203
    outer loop
      vertex 80.0687 31.1316 72.0938
      vertex 73.4891 31.0027 68.8211
      vertex 72.2516 31.1663 71.5424
    endloop
  endfacet
  facet normal 0.00839197 0.998385 -0.0561945
    outer loop
      vertex 73.4891 31.0027 68.8211
      vertex 80.0687 31.1316 72.0938
      vertex 80.0687 30.8651 67.359
    endloop
  endfacet
  facet normal 0.00840392 0.998384 -0.0562027
    outer loop
      vertex 80.0687 30.4375 59.7645
      vertex 75.3855 30.752 64.651
      vertex 80.0687 30.7879 65.989
    endloop
  endfacet
  facet normal 0.00840297 0.998384 -0.0562036
    outer loop
      vertex 75.3855 30.752 64.651
      vertex 80.0687 30.4375 59.7645
      vertex 77.8906 30.4208 59.1422
    endloop
  endfacet
  facet normal -0.00169693 0.99619 0.0871891
    outer loop
      vertex 80.0587 31.1316 72.0938
      vertex 78.1456 31.007 73.4802
      vertex 80.0587 31.0489 73.0387
    endloop
  endfacet
  facet normal -0.0017201 0.996193 0.0871573
    outer loop
      vertex 72.2512 31.1663 71.5431
      vertex 78.1456 31.007 73.4802
      vertex 80.0587 31.1316 72.0938
    endloop
  endfacet
  facet normal 0.000732594 0.996815 0.0797452
    outer loop
      vertex 78.1456 31.007 73.4802
      vertex 72.2512 31.1663 71.5431
      vertex 72.2512 31.1661 71.5456
    endloop
  endfacet
  facet normal -0 0.996192 0.0871905
    outer loop
      vertex 80.0587 31.1316 72.0938
      vertex 80.0687 31.0491 73.0364
      vertex 80.0687 31.1316 72.0938
    endloop
  endfacet
  facet normal 0.000129677 0.996192 0.0871892
    outer loop
      vertex 80.0687 31.0491 73.0364
      vertex 80.0587 31.1316 72.0938
      vertex 80.0587 31.0489 73.0387
    endloop
  endfacet
  facet normal 0.0539891 0.997953 -0.0342876
    outer loop
      vertex 88.0931 30.685 71.7162
      vertex 86.65 30.7685 71.8742
      vertex 86.8264 30.7632 71.9977
    endloop
  endfacet
  facet normal 0.0538761 0.997923 -0.0353041
    outer loop
      vertex 88.0931 30.685 71.7162
      vertex 86.4446 30.7762 71.7784
      vertex 86.65 30.7685 71.8742
    endloop
  endfacet
  facet normal 0.0539106 0.997952 -0.034431
    outer loop
      vertex 88.0931 30.685 71.7162
      vertex 86.2257 30.786 71.7197
      vertex 86.4446 30.7762 71.7784
    endloop
  endfacet
  facet normal 0.0539098 0.997945 -0.034647
    outer loop
      vertex 82.7658 30.8007 66.7596
      vertex 86.2257 30.786 71.7197
      vertex 88.0931 30.685 71.7162
    endloop
  endfacet
  facet normal 0.0538697 0.997948 -0.0346191
    outer loop
      vertex 86.2257 30.786 71.7197
      vertex 82.7658 30.8007 66.7596
      vertex 86 30.7975 71.7
    endloop
  endfacet
  facet normal 0.0539449 0.997942 -0.0346683
    outer loop
      vertex 86 30.7975 71.7
      vertex 82.7658 30.8007 66.7596
      vertex 82.1863 30.8365 66.8884
    endloop
  endfacet
  facet normal 0.0539055 0.997945 -0.0346424
    outer loop
      vertex 88.0931 30.3497 62.0572
      vertex 82.7658 30.8007 66.7596
      vertex 88.0931 30.685 71.7162
    endloop
  endfacet
  facet normal 0.0539027 0.997945 -0.0346456
    outer loop
      vertex 84.5621 30.5054 61.0484
      vertex 82.7658 30.8007 66.7596
      vertex 88.0931 30.3497 62.0572
    endloop
  endfacet
  facet normal 0.0538602 0.997947 -0.034659
    outer loop
      vertex 82.7658 30.8007 66.7596
      vertex 84.5621 30.5054 61.0484
      vertex 82.2936 30.8215 66.6247
    endloop
  endfacet
  facet normal 0.0539116 0.997944 -0.0346467
    outer loop
      vertex 82.1863 30.8365 66.8884
      vertex 84.4025 30.8955 72.0363
      vertex 85.7743 30.8104 71.7197
    endloop
  endfacet
  facet normal 0.0540073 0.997937 -0.0347178
    outer loop
      vertex 82.1863 30.8365 66.8884
      vertex 85.7743 30.8104 71.7197
      vertex 86 30.7975 71.7
    endloop
  endfacet
  facet normal 0.0539071 0.997945 -0.0346447
    outer loop
      vertex 84.4025 30.8955 72.0363
      vertex 82.1863 30.8365 66.8884
      vertex 80.0687 31.1316 72.0938
    endloop
  endfacet
  facet normal 0.000995827 0.998419 -0.0561964
    outer loop
      vertex 82.1863 30.8365 66.8884
      vertex 80.0687 30.8651 67.359
      vertex 80.0687 31.1316 72.0938
    endloop
  endfacet
  facet normal 0.000979119 0.998419 -0.0561984
    outer loop
      vertex 84.5621 30.5054 61.0484
      vertex 80.0687 30.7879 65.989
      vertex 82.2936 30.8215 66.6247
    endloop
  endfacet
  facet normal 0.000972211 0.998419 -0.0562047
    outer loop
      vertex 80.0687 30.7879 65.989
      vertex 84.5621 30.5054 61.0484
      vertex 80.0687 30.4375 59.7645
    endloop
  endfacet
  facet normal 0.0553432 0.994665 0.0870569
    outer loop
      vertex 80.0687 31.1316 72.0938
      vertex 80.0687 31.0491 73.0364
      vertex 84.4025 30.8955 72.0363
    endloop
  endfacet
  facet normal 0.0740065 0.997137 -0.0155104
    outer loop
      vertex 93.8261 30.1919 67
      vertex 91.5209 30.4245 70.9544
      vertex 92.0261 30.3849 70.8191
    endloop
  endfacet
  facet normal 0.0737113 0.997157 -0.0156505
    outer loop
      vertex 93.8261 30.1919 67
      vertex 92.0261 30.3849 70.8191
      vertex 92.5 30.3464 70.5981
    endloop
  endfacet
  facet normal 0.0737846 0.997152 -0.0156233
    outer loop
      vertex 93.8261 30.1919 67
      vertex 92.5 30.3464 70.5981
      vertex 92.9284 30.31 70.2981
    endloop
  endfacet
  facet normal 0.0739744 0.997139 -0.0155712
    outer loop
      vertex 93.8261 30.1919 67
      vertex 92.9284 30.31 70.2981
      vertex 93.2981 30.2768 69.9284
    endloop
  endfacet
  facet normal 0.0737703 0.997153 -0.0156084
    outer loop
      vertex 93.8261 30.1919 67
      vertex 93.2981 30.2768 69.9284
      vertex 93.5981 30.2479 69.5
    endloop
  endfacet
  facet normal 0.0739504 0.99714 -0.0155917
    outer loop
      vertex 93.8261 30.1919 67
      vertex 93.5981 30.2479 69.5
      vertex 93.8191 30.2241 69.0261
    endloop
  endfacet
  facet normal 0.0737003 0.997159 -0.0155928
    outer loop
      vertex 93.8261 30.1919 67
      vertex 93.8191 30.2241 69.0261
      vertex 93.9544 30.2062 68.5209
    endloop
  endfacet
  facet normal 0.0735258 0.997172 -0.0155782
    outer loop
      vertex 93.8261 30.1919 67
      vertex 93.9544 30.2062 68.5209
      vertex 94 30.1947 68
    endloop
  endfacet
  facet normal 0.0740675 0.99713 -0.0156723
    outer loop
      vertex 93.8261 30.1919 67
      vertex 94 30.1947 68
      vertex 93.9544 30.1899 67.4791
    endloop
  endfacet
  facet normal 0.0738334 0.997148 -0.015612
    outer loop
      vertex 91.576 30.2967 63.0523
      vertex 91.5209 30.4245 70.9544
      vertex 93.8261 30.1919 67
    endloop
  endfacet
  facet normal 0.0738309 0.997149 -0.0156106
    outer loop
      vertex 91.576 30.2967 63.0523
      vertex 93.8261 30.1919 67
      vertex 93.9544 30.1749 66.5209
    endloop
  endfacet
  facet normal 0.0737544 0.997155 -0.0155578
    outer loop
      vertex 91.576 30.2967 63.0523
      vertex 93.9544 30.1749 66.5209
      vertex 94 30.1634 66
    endloop
  endfacet
  facet normal 0.0738724 0.997145 -0.0156554
    outer loop
      vertex 91.576 30.2967 63.0523
      vertex 94 30.1634 66
      vertex 93.9544 30.1586 65.4791
    endloop
  endfacet
  facet normal 0.0738499 0.997147 -0.0156332
    outer loop
      vertex 91.576 30.2967 63.0523
      vertex 93.9544 30.1586 65.4791
      vertex 93.8191 30.1607 64.9739
    endloop
  endfacet
  facet normal 0.0736643 0.997164 -0.0154154
    outer loop
      vertex 91.576 30.2967 63.0523
      vertex 93.8191 30.1607 64.9739
      vertex 93.5981 30.1697 64.5
    endloop
  endfacet
  facet normal 0.0737952 0.997151 -0.0155992
    outer loop
      vertex 91.576 30.2967 63.0523
      vertex 93.5981 30.1697 64.5
      vertex 93.2981 30.1852 64.0716
    endloop
  endfacet
  facet normal 0.0737039 0.997161 -0.0154441
    outer loop
      vertex 91.576 30.2967 63.0523
      vertex 93.2981 30.1852 64.0716
      vertex 92.9284 30.2068 63.7019
    endloop
  endfacet
  facet normal 0.073796 0.997151 -0.0156372
    outer loop
      vertex 91.576 30.2967 63.0523
      vertex 92.9284 30.2068 63.7019
      vertex 92.5 30.2338 63.4019
    endloop
  endfacet
  facet normal 0.0738515 0.997144 -0.0157849
    outer loop
      vertex 91.576 30.2967 63.0523
      vertex 92.5 30.2338 63.4019
      vertex 92.0261 30.2654 63.1809
    endloop
  endfacet
  facet normal 0.0738131 0.99715 -0.0156121
    outer loop
      vertex 91.5209 30.4245 70.9544
      vertex 91.576 30.2967 63.0523
      vertex 88.2088 30.6812 71.6905
    endloop
  endfacet
  facet normal 0.0251122 0.999083 -0.0346819
    outer loop
      vertex 88.0931 30.3497 62.0572
      vertex 88.2088 30.6812 71.6905
      vertex 91.576 30.2967 63.0523
    endloop
  endfacet
  facet normal 0.0251097 0.999083 -0.0346819
    outer loop
      vertex 88.2088 30.6812 71.6905
      vertex 88.0931 30.3497 62.0572
      vertex 88.0931 30.685 71.7162
    endloop
  endfacet
  facet normal -0.0383671 -0.995464 0.0870623
    outer loop
      vertex 62.6468 28.9778 61.0113
      vertex 64.6626 28.6 57.5799
      vertex 63.0893 28.9718 61.1377
    endloop
  endfacet
  facet normal -0.0325178 -0.995367 0.0904879
    outer loop
      vertex 62.6468 28.9778 61.0113
      vertex 64.6626 28.5997 57.5766
      vertex 64.6626 28.6 57.5799
    endloop
  endfacet
  facet normal -0.0383881 -0.995464 0.0870533
    outer loop
      vertex 64.6626 28.5997 57.5766
      vertex 62.6468 28.9778 61.0113
      vertex 64.6626 28.4641 56.026
    endloop
  endfacet
  facet normal -0.0392329 -0.995463 0.0866803
    outer loop
      vertex 58.188 30.1302 72.2214
      vertex 64.6635 29.8382 71.7989
      vertex 57.3248 30.3342 74.1735
    endloop
  endfacet
  facet normal -0.0390768 -0.99527 0.08894
    outer loop
      vertex 58.188 30.1302 72.2214
      vertex 64.6626 29.8366 71.7806
      vertex 64.6635 29.8382 71.7989
    endloop
  endfacet
  facet normal -0.0392395 -0.995463 0.0866791
    outer loop
      vertex 64.6626 29.8366 71.7806
      vertex 58.188 30.1302 72.2214
      vertex 64.6626 29.7497 70.7826
    endloop
  endfacet
  facet normal -0.0392005 -0.995463 0.0866938
    outer loop
      vertex 64.6626 28.6 57.5799
      vertex 64.6626 28.949 61.5873
      vertex 63.0893 28.9718 61.1377
    endloop
  endfacet
  facet normal 0.00710689 -0.899275 0.437327
    outer loop
      vertex 57.3248 28.5508 56.3217
      vertex 64.6538 28.4638 56.0237
      vertex 64.6603 28.4639 56.0238
    endloop
  endfacet
  facet normal -0.000943447 -0.965931 0.258797
    outer loop
      vertex 62.0702 28.0908 54.6221
      vertex 64.6538 28.4638 56.0237
      vertex 57.3248 28.5508 56.3217
    endloop
  endfacet
  facet normal -0.000928731 -0.965921 0.258835
    outer loop
      vertex 62.0702 28.0908 54.6221
      vertex 57.3248 28.5508 56.3217
      vertex 57.3248 28.147 54.8148
    endloop
  endfacet
  facet normal -0.000910806 -0.965946 0.258741
    outer loop
      vertex 64.6538 28.4638 56.0237
      vertex 62.0702 28.0908 54.6221
      vertex 64.6538 28.2861 55.3603
    endloop
  endfacet
  facet normal -0.0951046 -0.991677 -0.0867818
    outer loop
      vertex 57.3248 30.3342 74.1735
      vertex 64.6635 29.687 73.5267
      vertex 57.3248 30.183 75.9013
    endloop
  endfacet
  facet normal -0.0951046 -0.991677 -0.0867818
    outer loop
      vertex 64.6635 29.687 73.5267
      vertex 57.3248 30.3342 74.1735
      vertex 64.6635 29.8382 71.7989
    endloop
  endfacet
  facet normal -0.133344 -0.968616 -0.209769
    outer loop
      vertex 57.3248 30.183 75.9013
      vertex 64.6592 28.9519 76.9237
      vertex 58.3345 29.5182 78.3292
    endloop
  endfacet
  facet normal -0.133343 -0.968615 -0.209773
    outer loop
      vertex 57.3248 30.183 75.9013
      vertex 64.6592 29.6841 73.5428
      vertex 64.6592 28.9519 76.9237
    endloop
  endfacet
  facet normal -0.133441 -0.968532 -0.210096
    outer loop
      vertex 64.6592 29.6841 73.5428
      vertex 57.3248 30.183 75.9013
      vertex 64.6635 29.687 73.5267
    endloop
  endfacet
  facet normal -0.0380965 -0.995465 0.0871713
    outer loop
      vertex 62.4586 28.9803 60.9576
      vertex 64.6626 28.4641 56.026
      vertex 62.6468 28.9778 61.0113
    endloop
  endfacet
  facet normal 0.620471 -0.701436 0.350718
    outer loop
      vertex 64.6626 28.4641 56.026
      vertex 62.4586 28.9803 60.9576
      vertex 64.6626 28.464 56.0258
    endloop
  endfacet
  facet normal -0.00771198 -0.994886 0.100713
    outer loop
      vertex 57.3248 28.5508 56.3217
      vertex 62.4586 28.9803 60.9576
      vertex 57.3248 28.8716 59.4907
    endloop
  endfacet
  facet normal -0.00769659 -0.994887 0.100696
    outer loop
      vertex 64.6603 28.4639 56.0238
      vertex 62.4586 28.9803 60.9576
      vertex 57.3248 28.5508 56.3217
    endloop
  endfacet
  facet normal -0.0340906 -0.99545 0.0889767
    outer loop
      vertex 62.4586 28.9803 60.9576
      vertex 64.6603 28.4639 56.0238
      vertex 64.6626 28.464 56.0258
    endloop
  endfacet
  facet normal 0.0039496 -0.996223 0.0867452
    outer loop
      vertex 65.2212 29.7411 70.6584
      vertex 64.6626 29.8366 71.7806
      vertex 64.6626 29.7497 70.7826
    endloop
  endfacet
  facet normal 0.0038723 -0.996222 0.0867598
    outer loop
      vertex 64.6626 28.6 57.5799
      vertex 69.1048 29.0768 62.8565
      vertex 64.6626 28.949 61.5873
    endloop
  endfacet
  facet normal 0.00439218 -0.995884 0.0905349
    outer loop
      vertex 69.9271 28.5584 56.8669
      vertex 64.6626 28.6 57.5799
      vertex 64.6626 28.5997 57.5766
    endloop
  endfacet
  facet normal 0.00387762 -0.996222 0.0867554
    outer loop
      vertex 64.6626 28.6 57.5799
      vertex 69.9271 28.5584 56.8669
      vertex 69.1048 29.0768 62.8565
    endloop
  endfacet
  facet normal 0.00388171 -0.996222 0.0867559
    outer loop
      vertex 69.1048 29.0768 62.8565
      vertex 69.9271 28.5584 56.8669
      vertex 71.8174 28.6128 57.407
    endloop
  endfacet
  facet normal 0.00393837 -0.99619 0.0871169
    outer loop
      vertex 66.2313 28.4515 55.811
      vertex 64.6626 28.5997 57.5766
      vertex 64.6626 28.4641 56.026
    endloop
  endfacet
  facet normal 0.0540302 -0.893121 0.44656
    outer loop
      vertex 66.2313 28.4515 55.811
      vertex 64.6626 28.4641 56.026
      vertex 64.6626 28.464 56.0258
    endloop
  endfacet
  facet normal -0.000968048 -0.998696 0.051048
    outer loop
      vertex 66.2313 28.4515 55.811
      vertex 64.6626 28.464 56.0258
      vertex 64.6603 28.4639 56.0238
    endloop
  endfacet
  facet normal 0.00392772 -0.996191 0.0871075
    outer loop
      vertex 64.6626 28.5997 57.5766
      vertex 66.2313 28.4515 55.811
      vertex 69.9271 28.5584 56.8669
    endloop
  endfacet
  facet normal 0.0128572 -0.988219 0.152503
    outer loop
      vertex 66.2313 28.4515 55.811
      vertex 64.6603 28.4639 56.0238
      vertex 64.6538 28.4638 56.0237
    endloop
  endfacet
  facet normal -0.0472522 -0.985852 -0.16082
    outer loop
      vertex 72.2454 29.3634 73.2827
      vertex 65.7867 29.1199 76.6731
      vertex 64.6635 29.687 73.5267
    endloop
  endfacet
  facet normal -0.04724 -0.985856 -0.160797
    outer loop
      vertex 65.7867 29.1199 76.6731
      vertex 72.2454 29.3634 73.2827
      vertex 72.2454 29.0445 75.2379
    endloop
  endfacet
  facet normal -0.0472391 -0.985937 -0.1603
    outer loop
      vertex 64.6635 29.687 73.5267
      vertex 72.2503 29.3651 73.2708
      vertex 72.2454 29.3634 73.2827
    endloop
  endfacet
  facet normal -0.0491253 -0.970641 -0.235462
    outer loop
      vertex 72.2503 29.3651 73.2708
      vertex 64.6635 29.687 73.5267
      vertex 72.2512 29.3652 73.2702
    endloop
  endfacet
  facet normal -0.0401036 -0.997084 0.0649181
    outer loop
      vertex 65.2324 29.7409 70.6559
      vertex 72.2516 29.5163 71.5424
      vertex 64.6635 29.8382 71.7989
    endloop
  endfacet
  facet normal -0.0398752 -0.997212 0.0630777
    outer loop
      vertex 72.2516 29.5163 71.5424
      vertex 65.2324 29.7409 70.6559
      vertex 72.2494 29.5153 71.5252
    endloop
  endfacet
  facet normal -0.0401031 -0.997082 0.0649504
    outer loop
      vertex 72.2494 29.5153 71.5252
      vertex 65.2324 29.7409 70.6559
      vertex 72.2494 29.3571 69.0966
    endloop
  endfacet
  facet normal -0.0400801 -0.997084 0.0649408
    outer loop
      vertex 69.1136 29.077 62.859
      vertex 72.2494 28.6039 57.5305
      vertex 72.2494 29.0093 63.7549
    endloop
  endfacet
  facet normal -0.0402199 -0.997084 0.0648585
    outer loop
      vertex 72.2494 28.6039 57.5305
      vertex 69.1136 29.077 62.859
      vertex 71.8262 28.6131 57.4095
    endloop
  endfacet
  facet normal 0.0990387 -0.972538 -0.210622
    outer loop
      vertex 64.6592 29.6841 73.5428
      vertex 65.7775 29.1196 76.6752
      vertex 64.6592 28.9519 76.9237
    endloop
  endfacet
  facet normal -0.0451566 -0.995179 -0.0870616
    outer loop
      vertex 64.6635 29.8382 71.7989
      vertex 72.2512 29.5161 71.5452
      vertex 72.2512 29.3652 73.2701
    endloop
  endfacet
  facet normal -0.0453823 -0.99447 -0.0947114
    outer loop
      vertex 64.6635 29.8382 71.7989
      vertex 72.2512 29.5163 71.5431
      vertex 72.2512 29.5161 71.5452
    endloop
  endfacet
  facet normal -0.0432037 -0.998761 -0.0246878
    outer loop
      vertex 72.2512 29.5163 71.5431
      vertex 64.6635 29.8382 71.7989
      vertex 72.2516 29.5163 71.5424
    endloop
  endfacet
  facet normal 0.0273451 -0.965586 0.258644
    outer loop
      vertex 66.2313 28.4515 55.811
      vertex 64.6538 28.4638 56.0237
      vertex 64.6538 28.2861 55.3603
    endloop
  endfacet
  facet normal -0.0423727 -0.999102 0
    outer loop
      vertex 64.6635 29.687 73.5267
      vertex 72.2512 29.3652 73.2701
      vertex 72.2512 29.3652 73.2702
    endloop
  endfacet
  facet normal -0.0451513 -0.995177 -0.0870881
    outer loop
      vertex 72.2512 29.3652 73.2701
      vertex 64.6635 29.687 73.5267
      vertex 64.6635 29.8382 71.7989
    endloop
  endfacet
  facet normal -0.00776298 -0.984597 -0.174666
    outer loop
      vertex 64.6592 29.6841 73.5428
      vertex 65.7867 29.1199 76.6731
      vertex 65.7775 29.1196 76.6752
    endloop
  endfacet
  facet normal -0.000179005 -0.984154 -0.177318
    outer loop
      vertex 65.7867 29.1199 76.6731
      vertex 64.6592 29.6841 73.5428
      vertex 64.6635 29.687 73.5267
    endloop
  endfacet
  facet normal 0.00127618 -0.996344 0.0854248
    outer loop
      vertex 65.2324 29.7409 70.6559
      vertex 64.6626 29.8366 71.7806
      vertex 65.2212 29.7411 70.6584
    endloop
  endfacet
  facet normal 0.00419834 -0.996209 0.0868937
    outer loop
      vertex 64.6626 29.8366 71.7806
      vertex 65.2324 29.7409 70.6559
      vertex 64.6635 29.8382 71.7989
    endloop
  endfacet
  facet normal -0.00127612 -0.996447 0.0842077
    outer loop
      vertex 71.8174 28.6128 57.407
      vertex 69.1136 29.077 62.859
      vertex 69.1048 29.0768 62.8565
    endloop
  endfacet
  facet normal 0.00864483 -0.995986 0.0890885
    outer loop
      vertex 69.1136 29.077 62.859
      vertex 71.8174 28.6128 57.407
      vertex 71.8262 28.6131 57.4095
    endloop
  endfacet
  facet normal 0.00504616 -0.998043 0.0623267
    outer loop
      vertex 73.4891 29.3527 68.8211
      vertex 72.2494 29.5153 71.5252
      vertex 73.478 29.3528 68.8236
    endloop
  endfacet
  facet normal -0.00339034 -0.998283 0.0584734
    outer loop
      vertex 72.2494 29.5153 71.5252
      vertex 73.4891 29.3527 68.8211
      vertex 72.2516 29.5163 71.5424
    endloop
  endfacet
  facet normal 0.00436726 -0.998067 0.0619929
    outer loop
      vertex 77.8818 28.7706 59.1397
      vertex 75.3855 29.102 64.651
      vertex 75.3767 29.1018 64.6484
    endloop
  endfacet
  facet normal 0.00499131 -0.998047 0.0622743
    outer loop
      vertex 75.3855 29.102 64.651
      vertex 77.8818 28.7706 59.1397
      vertex 77.8906 28.7708 59.1422
    endloop
  endfacet
  facet normal -0.00839624 -0.998384 0.056203
    outer loop
      vertex 73.4891 29.3527 68.8211
      vertex 80.0687 29.4816 72.0938
      vertex 72.2516 29.5163 71.5424
    endloop
  endfacet
  facet normal -0.00840245 -0.998383 0.0562155
    outer loop
      vertex 80.0687 29.4816 72.0938
      vertex 73.4891 29.3527 68.8211
      vertex 80.0687 29.215 67.359
    endloop
  endfacet
  facet normal -0.00840392 -0.998384 0.0562027
    outer loop
      vertex 75.3855 29.102 64.651
      vertex 80.0687 28.7875 59.7645
      vertex 80.0687 29.1379 65.989
    endloop
  endfacet
  facet normal -0.00840297 -0.998384 0.0562036
    outer loop
      vertex 80.0687 28.7875 59.7645
      vertex 75.3855 29.102 64.651
      vertex 77.8906 28.7708 59.1422
    endloop
  endfacet
  facet normal 0.00074442 -0.996192 -0.0871792
    outer loop
      vertex 80.0587 29.4816 72.0938
      vertex 80.0687 29.3586 73.4994
      vertex 80.0587 29.3584 73.5016
    endloop
  endfacet
  facet normal 0 -0.996193 -0.087174
    outer loop
      vertex 80.0687 29.3586 73.4994
      vertex 80.0587 29.4816 72.0938
      vertex 80.0687 29.4816 72.0938
    endloop
  endfacet
  facet normal 0.00653889 -0.987917 -0.154845
    outer loop
      vertex 72.2512 29.3652 73.2702
      vertex 78.9655 29.3353 73.7445
      vertex 72.2503 29.3651 73.2708
    endloop
  endfacet
  facet normal -0.00445314 -0.99999 0
    outer loop
      vertex 72.2512 29.3652 73.2701
      vertex 78.9655 29.3353 73.7445
      vertex 72.2512 29.3652 73.2702
    endloop
  endfacet
  facet normal 0.00172139 -0.996194 -0.0871503
    outer loop
      vertex 72.2512 29.5161 71.5452
      vertex 78.9655 29.3353 73.7445
      vertex 72.2512 29.3652 73.2701
    endloop
  endfacet
  facet normal 0.00177857 -0.996178 -0.0873237
    outer loop
      vertex 78.9655 29.3353 73.7445
      vertex 72.2512 29.5161 71.5452
      vertex 79.4358 29.3453 73.64
    endloop
  endfacet
  facet normal 0.00158054 -0.996191 -0.0871791
    outer loop
      vertex 79.4358 29.3453 73.64
      vertex 80.0587 29.4816 72.0938
      vertex 80.0587 29.3584 73.5016
    endloop
  endfacet
  facet normal 0.00397729 -0.995488 -0.0948083
    outer loop
      vertex 72.2512 29.5163 71.5431
      vertex 79.4358 29.3453 73.64
      vertex 72.2512 29.5161 71.5452
    endloop
  endfacet
  facet normal 0.00171775 -0.996196 -0.0871243
    outer loop
      vertex 79.4358 29.3453 73.64
      vertex 72.2512 29.5163 71.5431
      vertex 80.0587 29.4816 72.0938
    endloop
  endfacet
  facet normal 0.0109507 -0.997825 0.0649987
    outer loop
      vertex 73.478 29.3528 68.8236
      vertex 72.2494 29.5153 71.5252
      vertex 72.2494 29.3571 69.0966
    endloop
  endfacet
  facet normal 0.0109507 -0.997827 0.0649723
    outer loop
      vertex 72.2494 29.0093 63.7549
      vertex 77.8818 28.7706 59.1397
      vertex 75.3767 29.1018 64.6484
    endloop
  endfacet
  facet normal 0.0109646 -0.997826 0.0649892
    outer loop
      vertex 77.8818 28.7706 59.1397
      vertex 72.2494 29.0093 63.7549
      vertex 72.2494 28.6039 57.5305
    endloop
  endfacet
  facet normal -0.0042722 -0.999988 -0.00244126
    outer loop
      vertex 72.2516 29.5163 71.5424
      vertex 80.0587 29.4816 72.0938
      vertex 72.2512 29.5163 71.5431
    endloop
  endfacet
  facet normal 0 -0.998026 -0.0628065
    outer loop
      vertex 80.0587 29.4816 72.0938
      vertex 72.2516 29.5163 71.5424
      vertex 80.0687 29.4816 72.0938
    endloop
  endfacet
  facet normal 0.0772187 -0.984011 -0.160496
    outer loop
      vertex 72.2454 29.3634 73.2827
      vertex 72.7998 29.1081 75.1147
      vertex 72.2454 29.0445 75.2379
    endloop
  endfacet
  facet normal 0.00485311 -0.990216 -0.139461
    outer loop
      vertex 72.2503 29.3651 73.2708
      vertex 72.7998 29.1081 75.1147
      vertex 72.2454 29.3634 73.2827
    endloop
  endfacet
  facet normal 0.00545604 -0.990188 -0.139637
    outer loop
      vertex 72.7998 29.1081 75.1147
      vertex 72.2503 29.3651 73.2708
      vertex 78.9655 29.3353 73.7445
    endloop
  endfacet
  facet normal -0.0539137 -0.997944 0.0346461
    outer loop
      vertex 82.7658 29.1507 66.7596
      vertex 86.7953 29.1151 72.0046
      vertex 80.0687 29.4816 72.0938
    endloop
  endfacet
  facet normal -0.0539545 -0.997943 0.0346254
    outer loop
      vertex 82.7658 29.1507 66.7596
      vertex 80.0687 29.4816 72.0938
      vertex 82.1863 29.1865 66.8884
    endloop
  endfacet
  facet normal -0.0538968 -0.997946 0.034633
    outer loop
      vertex 86.7953 29.1151 72.0046
      vertex 82.7658 29.1507 66.7596
      vertex 88.0931 29.035 71.7162
    endloop
  endfacet
  facet normal -0.0539055 -0.997945 0.0346424
    outer loop
      vertex 82.7658 29.1507 66.7596
      vertex 88.0931 28.6997 62.0572
      vertex 88.0931 29.035 71.7162
    endloop
  endfacet
  facet normal -0.0538602 -0.997947 0.034659
    outer loop
      vertex 84.5621 28.8554 61.0484
      vertex 82.7658 29.1507 66.7596
      vertex 82.2936 29.1715 66.6247
    endloop
  endfacet
  facet normal -0.0539027 -0.997945 0.0346456
    outer loop
      vertex 82.7658 29.1507 66.7596
      vertex 84.5621 28.8554 61.0484
      vertex 88.0931 28.6997 62.0572
    endloop
  endfacet
  facet normal -0.0553488 -0.994666 -0.0870404
    outer loop
      vertex 80.0687 29.4816 72.0938
      vertex 86.7953 29.1151 72.0046
      vertex 80.0687 29.3586 73.4994
    endloop
  endfacet
  facet normal -0.000943991 -0.998418 0.0562174
    outer loop
      vertex 82.1863 29.1865 66.8884
      vertex 80.0687 29.4816 72.0938
      vertex 80.0687 29.215 67.359
    endloop
  endfacet
  facet normal -0.000979119 -0.998419 0.0561984
    outer loop
      vertex 80.0687 29.1379 65.989
      vertex 84.5621 28.8554 61.0484
      vertex 82.2936 29.1715 66.6247
    endloop
  endfacet
  facet normal -0.000972211 -0.998419 0.0562047
    outer loop
      vertex 84.5621 28.8554 61.0484
      vertex 80.0687 29.1379 65.989
      vertex 80.0687 28.7875 59.7645
    endloop
  endfacet
  facet normal -0.0251097 -0.999083 0.0346819
    outer loop
      vertex 88.0931 28.6997 62.0572
      vertex 88.2088 29.0312 71.6905
      vertex 88.0931 29.035 71.7162
    endloop
  endfacet
  facet normal -0.0251122 -0.999083 0.0346819
    outer loop
      vertex 88.2088 29.0312 71.6905
      vertex 88.0931 28.6997 62.0572
      vertex 91.576 28.6467 63.0523
    endloop
  endfacet
  facet normal -0.0738131 -0.99715 0.0156121
    outer loop
      vertex 91.576 28.6467 63.0523
      vertex 91.5209 28.7745 70.9544
      vertex 88.2088 29.0312 71.6905
    endloop
  endfacet
  facet normal -0.0740065 -0.997137 0.0155104
    outer loop
      vertex 91.5209 28.7745 70.9544
      vertex 93.8261 28.5419 67
      vertex 92.0261 28.7349 70.8191
    endloop
  endfacet
  facet normal -0.0737113 -0.997157 0.0156505
    outer loop
      vertex 92.0261 28.7349 70.8191
      vertex 93.8261 28.5419 67
      vertex 92.5 28.6964 70.5981
    endloop
  endfacet
  facet normal -0.0737846 -0.997152 0.0156233
    outer loop
      vertex 92.5 28.6964 70.5981
      vertex 93.8261 28.5419 67
      vertex 92.9284 28.66 70.2981
    endloop
  endfacet
  facet normal -0.0739744 -0.997139 0.0155712
    outer loop
      vertex 92.9284 28.66 70.2981
      vertex 93.8261 28.5419 67
      vertex 93.2981 28.6268 69.9284
    endloop
  endfacet
  facet normal -0.0737703 -0.997153 0.0156084
    outer loop
      vertex 93.2981 28.6268 69.9284
      vertex 93.8261 28.5419 67
      vertex 93.5981 28.5979 69.5
    endloop
  endfacet
  facet normal -0.0739504 -0.99714 0.0155917
    outer loop
      vertex 93.5981 28.5979 69.5
      vertex 93.8261 28.5419 67
      vertex 93.8191 28.5741 69.0261
    endloop
  endfacet
  facet normal -0.0737003 -0.997159 0.0155928
    outer loop
      vertex 93.8191 28.5741 69.0261
      vertex 93.8261 28.5419 67
      vertex 93.9544 28.5562 68.5209
    endloop
  endfacet
  facet normal -0.0735258 -0.997172 0.0155782
    outer loop
      vertex 93.9544 28.5562 68.5209
      vertex 93.8261 28.5419 67
      vertex 94 28.5447 68
    endloop
  endfacet
  facet normal -0.0740675 -0.99713 0.0156723
    outer loop
      vertex 94 28.5447 68
      vertex 93.8261 28.5419 67
      vertex 93.9544 28.5399 67.4791
    endloop
  endfacet
  facet normal -0.0738334 -0.997148 0.015612
    outer loop
      vertex 91.5209 28.7745 70.9544
      vertex 91.576 28.6467 63.0523
      vertex 93.8261 28.5419 67
    endloop
  endfacet
  facet normal -0.0738309 -0.997149 0.0156106
    outer loop
      vertex 93.8261 28.5419 67
      vertex 91.576 28.6467 63.0523
      vertex 93.9544 28.5249 66.5209
    endloop
  endfacet
  facet normal -0.0737544 -0.997155 0.0155578
    outer loop
      vertex 93.9544 28.5249 66.5209
      vertex 91.576 28.6467 63.0523
      vertex 94 28.5134 66
    endloop
  endfacet
  facet normal -0.0738724 -0.997145 0.0156554
    outer loop
      vertex 94 28.5134 66
      vertex 91.576 28.6467 63.0523
      vertex 93.9544 28.5086 65.4791
    endloop
  endfacet
  facet normal -0.0738499 -0.997147 0.0156332
    outer loop
      vertex 93.9544 28.5086 65.4791
      vertex 91.576 28.6467 63.0523
      vertex 93.8191 28.5107 64.9739
    endloop
  endfacet
  facet normal -0.0736643 -0.997164 0.0154154
    outer loop
      vertex 93.8191 28.5107 64.9739
      vertex 91.576 28.6467 63.0523
      vertex 93.5981 28.5197 64.5
    endloop
  endfacet
  facet normal -0.0737952 -0.997151 0.0155992
    outer loop
      vertex 93.5981 28.5197 64.5
      vertex 91.576 28.6467 63.0523
      vertex 93.2981 28.5352 64.0716
    endloop
  endfacet
  facet normal -0.0737039 -0.997161 0.0154441
    outer loop
      vertex 93.2981 28.5352 64.0716
      vertex 91.576 28.6467 63.0523
      vertex 92.9284 28.5568 63.7019
    endloop
  endfacet
  facet normal -0.073796 -0.997151 0.0156372
    outer loop
      vertex 92.9284 28.5568 63.7019
      vertex 91.576 28.6467 63.0523
      vertex 92.5 28.5838 63.4019
    endloop
  endfacet
  facet normal -0.0738515 -0.997144 0.0157849
    outer loop
      vertex 92.5 28.5838 63.4019
      vertex 91.576 28.6467 63.0523
      vertex 92.0261 28.6154 63.1809
    endloop
  endfacet
  facet normal 0.99619 -0 0.0872073
    outer loop
      vertex 93.9544 28.5562 68.5209
      vertex 94 30.1947 68
      vertex 93.9544 30.2062 68.5209
    endloop
  endfacet
  facet normal 0.99619 0 0.0872073
    outer loop
      vertex 94 30.1947 68
      vertex 93.9544 28.5562 68.5209
      vertex 94 28.5447 68
    endloop
  endfacet
  facet normal 0.906295 -0 0.422645
    outer loop
      vertex 93.5981 28.5979 69.5
      vertex 93.8191 30.2241 69.0261
      vertex 93.5981 30.2479 69.5
    endloop
  endfacet
  facet normal 0.906295 0 0.422645
    outer loop
      vertex 93.8191 30.2241 69.0261
      vertex 93.5981 28.5979 69.5
      vertex 93.8191 28.5741 69.0261
    endloop
  endfacet
  facet normal 0.216952 -0 0.976182
    outer loop
      vertex 88.2088 29.0312 71.6905
      vertex 91.5209 30.4245 70.9544
      vertex 88.2088 30.6812 71.6905
    endloop
  endfacet
  facet normal 0.216952 0 0.976182
    outer loop
      vertex 91.5209 30.4245 70.9544
      vertex 88.2088 29.0312 71.6905
      vertex 91.5209 28.7745 70.9544
    endloop
  endfacet
  facet normal 0.216841 -0 0.976207
    outer loop
      vertex 88.0931 29.035 71.7162
      vertex 88.2088 30.6812 71.6905
      vertex 88.0931 30.685 71.7162
    endloop
  endfacet
  facet normal 0.216841 0 0.976207
    outer loop
      vertex 88.2088 30.6812 71.6905
      vertex 88.0931 29.035 71.7162
      vertex 88.2088 29.0312 71.6905
    endloop
  endfacet
  facet normal 0.216939 -0 0.976185
    outer loop
      vertex 86.8264 29.5132 71.9977
      vertex 88.0931 30.685 71.7162
      vertex 86.8264 30.7632 71.9977
    endloop
  endfacet
  facet normal 0.216939 0 0.976185
    outer loop
      vertex 88.0931 30.685 71.7162
      vertex 86.8264 29.5132 71.9977
      vertex 88.0931 29.035 71.7162
    endloop
  endfacet
  facet normal 0.216598 -0 0.976261
    outer loop
      vertex 86.7953 29.1151 72.0046
      vertex 86.8264 29.5132 71.9977
      vertex 86.7953 29.5151 72.0046
    endloop
  endfacet
  facet normal 0.216929 -2.7115e-05 0.976187
    outer loop
      vertex 86.8264 29.5132 71.9977
      vertex 86.7953 29.1151 72.0046
      vertex 88.0931 29.035 71.7162
    endloop
  endfacet
  facet normal 0.21693 -0 0.976187
    outer loop
      vertex 80.0687 29.3586 73.4994
      vertex 86.7953 29.5151 72.0046
      vertex 80.0687 29.7586 73.4994
    endloop
  endfacet
  facet normal 0.21693 0 0.976187
    outer loop
      vertex 86.7953 29.5151 72.0046
      vertex 80.0687 29.3586 73.4994
      vertex 86.7953 29.1151 72.0046
    endloop
  endfacet
  facet normal 0.214862 0 0.976644
    outer loop
      vertex 80.0587 29.7584 73.5016
      vertex 80.0687 29.3586 73.4994
      vertex 80.0687 29.7586 73.4994
    endloop
  endfacet
  facet normal 0.214862 0 0.976644
    outer loop
      vertex 80.0587 29.7584 73.5016
      vertex 80.0587 29.3584 73.5016
      vertex 80.0687 29.3586 73.4994
    endloop
  endfacet
  facet normal 0.216897 0 0.976194
    outer loop
      vertex 80.0587 29.7584 73.5016
      vertex 79.4358 29.3453 73.64
      vertex 80.0587 29.3584 73.5016
    endloop
  endfacet
  facet normal 0.216932 -5.42358e-05 0.976187
    outer loop
      vertex 79.3135 29.7427 73.6672
      vertex 79.4358 29.3453 73.64
      vertex 80.0587 29.7584 73.5016
    endloop
  endfacet
  facet normal 0.21691 -6.12843e-05 0.976192
    outer loop
      vertex 79.3135 29.7427 73.6672
      vertex 78.9655 29.3353 73.7445
      vertex 79.4358 29.3453 73.64
    endloop
  endfacet
  facet normal 0.21686 -1.68472e-05 0.976203
    outer loop
      vertex 78.7283 29.7303 73.7972
      vertex 78.9655 29.3353 73.7445
      vertex 79.3135 29.7427 73.6672
    endloop
  endfacet
  facet normal 0.216936 3.09991e-05 0.976186
    outer loop
      vertex 78.7283 29.7303 73.7972
      vertex 72.7998 29.1081 75.1147
      vertex 78.9655 29.3353 73.7445
    endloop
  endfacet
  facet normal 0.216944 -5.31091e-05 0.976184
    outer loop
      vertex 72.7801 29.5111 75.1191
      vertex 72.7998 29.1081 75.1147
      vertex 78.7283 29.7303 73.7972
    endloop
  endfacet
  facet normal 0.216898 -5.5501e-05 0.976194
    outer loop
      vertex 72.2454 29.4497 75.2379
      vertex 72.7998 29.1081 75.1147
      vertex 72.7801 29.5111 75.1191
    endloop
  endfacet
  facet normal 0.21693 0 0.976187
    outer loop
      vertex 72.2454 29.4497 75.2379
      vertex 72.2454 29.0445 75.2379
      vertex 72.7998 29.1081 75.1147
    endloop
  endfacet
  facet normal 0.216921 0 0.976189
    outer loop
      vertex 72.2454 29.4497 75.2379
      vertex 65.7867 29.1199 76.6731
      vertex 72.2454 29.0445 75.2379
    endloop
  endfacet
  facet normal 0.216922 -2.72324e-05 0.976189
    outer loop
      vertex 65.7638 29.5255 76.6782
      vertex 65.7867 29.1199 76.6731
      vertex 72.2454 29.4497 75.2379
    endloop
  endfacet
  facet normal 0.222528 0.000305122 0.974926
    outer loop
      vertex 65.7867 29.1199 76.6731
      vertex 65.7638 29.5255 76.6782
      vertex 65.7775 29.1196 76.6752
    endloop
  endfacet
  facet normal 0.220252 0.000224486 0.975443
    outer loop
      vertex 65.7545 29.5251 76.6803
      vertex 65.7775 29.1196 76.6752
      vertex 65.7638 29.5255 76.6782
    endloop
  endfacet
  facet normal 0.216927 2.65229e-05 0.976188
    outer loop
      vertex 64.6592 29.3608 76.9237
      vertex 65.7775 29.1196 76.6752
      vertex 65.7545 29.5251 76.6803
    endloop
  endfacet
  facet normal 0.216921 0 0.976189
    outer loop
      vertex 64.6592 29.3608 76.9237
      vertex 64.6592 28.9519 76.9237
      vertex 65.7775 29.1196 76.6752
    endloop
  endfacet
  facet normal 0.216932 0 0.976187
    outer loop
      vertex 64.6592 29.3608 76.9237
      vertex 58.3345 29.5182 78.3292
      vertex 64.6592 28.9519 76.9237
    endloop
  endfacet
  facet normal 0.21693 -7.91303e-05 0.976187
    outer loop
      vertex 58.3081 29.9295 78.3351
      vertex 58.3345 29.5182 78.3292
      vertex 64.6592 29.3608 76.9237
    endloop
  endfacet
  facet normal 0.216923 -7.9622e-05 0.976189
    outer loop
      vertex 57.3248 29.891 78.5536
      vertex 58.3345 29.5182 78.3292
      vertex 58.3081 29.9295 78.3351
    endloop
  endfacet
  facet normal 0.216951 0 0.976183
    outer loop
      vertex 57.3248 29.891 78.5536
      vertex 57.3248 29.4786 78.5536
      vertex 58.3345 29.5182 78.3292
    endloop
  endfacet
  facet normal 0.216929 0 0.976187
    outer loop
      vertex 51.459 31.0327 79.8571
      vertex 57.3248 29.4786 78.5536
      vertex 57.3248 29.891 78.5536
    endloop
  endfacet
  facet normal 0.216903 -0.000101763 0.976193
    outer loop
      vertex 51.459 31.0327 79.8571
      vertex 51.3013 30.651 79.8921
      vertex 57.3248 29.4786 78.5536
    endloop
  endfacet
  facet normal 0.21705 -0.00016567 0.97616
    outer loop
      vertex 51.459 31.0327 79.8571
      vertex 50.9276 30.6944 79.9752
      vertex 51.3013 30.651 79.8921
    endloop
  endfacet
  facet normal 0.216912 6.29892e-05 0.976191
    outer loop
      vertex 50.2542 31.1727 80.1248
      vertex 50.9276 30.6944 79.9752
      vertex 51.459 31.0327 79.8571
    endloop
  endfacet
  facet normal 0.216869 0 0.976201
    outer loop
      vertex 50.2542 31.1727 80.1248
      vertex 50.2542 30.7727 80.1248
      vertex 50.9276 30.6944 79.9752
    endloop
  endfacet
  facet normal 0.216925 0 0.976188
    outer loop
      vertex 50.2542 31.1727 80.1248
      vertex 46.6919 30.9642 80.9164
      vertex 50.2542 30.7727 80.1248
    endloop
  endfacet
  facet normal 0.216926 -2.57584e-05 0.976188
    outer loop
      vertex 43.469 31.5375 81.6326
      vertex 46.6919 30.9642 80.9164
      vertex 50.2542 31.1727 80.1248
    endloop
  endfacet
  facet normal 0.21693 0 0.976187
    outer loop
      vertex 43.469 31.5375 81.6326
      vertex 43.469 31.1375 81.6326
      vertex 46.6919 30.9642 80.9164
    endloop
  endfacet
  facet normal 0.224148 0 0.974555
    outer loop
      vertex 43.459 31.5373 81.6349
      vertex 43.469 31.1375 81.6326
      vertex 43.469 31.5375 81.6326
    endloop
  endfacet
  facet normal 0.224148 0 0.974555
    outer loop
      vertex 43.459 31.5373 81.6349
      vertex 43.459 31.1373 81.6349
      vertex 43.469 31.1375 81.6326
    endloop
  endfacet
  facet normal 0.216896 0 0.976195
    outer loop
      vertex 41.6749 31.4635 82.0313
      vertex 43.459 31.1373 81.6349
      vertex 43.459 31.5373 81.6349
    endloop
  endfacet
  facet normal 0.216924 0.000162708 0.976188
    outer loop
      vertex 41.6749 31.4635 82.0313
      vertex 41.5897 31.06 82.0503
      vertex 43.459 31.1373 81.6349
    endloop
  endfacet
  facet normal 0.216922 0.000163265 0.976189
    outer loop
      vertex 37.5209 31.2916 82.9544
      vertex 41.5897 31.06 82.0503
      vertex 41.6749 31.4635 82.0313
    endloop
  endfacet
  facet normal 0.216913 0 0.976191
    outer loop
      vertex 41.5897 31.06 82.0503
      vertex 37.5209 31.2916 82.9544
      vertex 37.5209 30.8916 82.9544
    endloop
  endfacet
  facet normal 0.707107 -0 0.707107
    outer loop
      vertex 92.9284 28.66 70.2981
      vertex 93.2981 30.2768 69.9284
      vertex 92.9284 30.31 70.2981
    endloop
  endfacet
  facet normal 0.707107 0 0.707107
    outer loop
      vertex 93.2981 30.2768 69.9284
      vertex 92.9284 28.66 70.2981
      vertex 93.2981 28.6268 69.9284
    endloop
  endfacet
  facet normal 0.258698 -0 0.965958
    outer loop
      vertex 91.5209 28.7745 70.9544
      vertex 92.0261 30.3849 70.8191
      vertex 91.5209 30.4245 70.9544
    endloop
  endfacet
  facet normal 0.258698 0 0.965958
    outer loop
      vertex 92.0261 30.3849 70.8191
      vertex 91.5209 28.7745 70.9544
      vertex 92.0261 28.7349 70.8191
    endloop
  endfacet
  facet normal 0.422645 -0 0.906295
    outer loop
      vertex 92.0261 28.7349 70.8191
      vertex 92.5 30.3464 70.5981
      vertex 92.0261 30.3849 70.8191
    endloop
  endfacet
  facet normal 0.422645 0 0.906295
    outer loop
      vertex 92.5 30.3464 70.5981
      vertex 92.0261 28.7349 70.8191
      vertex 92.5 28.6964 70.5981
    endloop
  endfacet
  facet normal 0.573616 -0 0.819124
    outer loop
      vertex 92.5 28.6964 70.5981
      vertex 92.9284 30.31 70.2981
      vertex 92.5 30.3464 70.5981
    endloop
  endfacet
  facet normal 0.573616 0 0.819124
    outer loop
      vertex 92.9284 30.31 70.2981
      vertex 92.5 28.6964 70.5981
      vertex 92.9284 28.66 70.2981
    endloop
  endfacet
  facet normal 0.99619 0 -0.0872073
    outer loop
      vertex 94 28.5447 68
      vertex 93.9544 30.1899 67.4791
      vertex 94 30.1947 68
    endloop
  endfacet
  facet normal 0.99619 0 -0.0872073
    outer loop
      vertex 93.9544 30.1899 67.4791
      vertex 94 28.5447 68
      vertex 93.9544 28.5399 67.4791
    endloop
  endfacet
  facet normal -0.216966 0 -0.976179
    outer loop
      vertex 82.1863 29.1865 66.8884
      vertex 82.7658 30.8007 66.7596
      vertex 82.7658 29.1507 66.7596
    endloop
  endfacet
  facet normal -0.216966 0 -0.976179
    outer loop
      vertex 82.1863 29.1865 66.8884
      vertex 82.1863 30.8365 66.8884
      vertex 82.7658 30.8007 66.7596
    endloop
  endfacet
  facet normal -0.21694 0 -0.976185
    outer loop
      vertex 80.0687 29.215 67.359
      vertex 82.1863 30.8365 66.8884
      vertex 82.1863 29.1865 66.8884
    endloop
  endfacet
  facet normal -0.21694 0 -0.976185
    outer loop
      vertex 80.0687 29.215 67.359
      vertex 80.0687 30.8651 67.359
      vertex 82.1863 30.8365 66.8884
    endloop
  endfacet
  facet normal -0.216926 0 -0.976188
    outer loop
      vertex 73.4891 29.3527 68.8211
      vertex 80.0687 30.8651 67.359
      vertex 80.0687 29.215 67.359
    endloop
  endfacet
  facet normal -0.216926 0 -0.976188
    outer loop
      vertex 73.4891 29.3527 68.8211
      vertex 73.4891 31.0027 68.8211
      vertex 80.0687 30.8651 67.359
    endloop
  endfacet
  facet normal -0.219721 0 -0.975563
    outer loop
      vertex 73.478 29.3528 68.8236
      vertex 73.4891 31.0027 68.8211
      vertex 73.4891 29.3527 68.8211
    endloop
  endfacet
  facet normal -0.219721 0 -0.975563
    outer loop
      vertex 73.478 29.3528 68.8236
      vertex 73.478 31.0029 68.8236
      vertex 73.4891 31.0027 68.8211
    endloop
  endfacet
  facet normal -0.216914 0 -0.976191
    outer loop
      vertex 72.2494 29.3571 69.0966
      vertex 73.478 31.0029 68.8236
      vertex 73.478 29.3528 68.8236
    endloop
  endfacet
  facet normal -0.216914 0 -0.976191
    outer loop
      vertex 72.2494 29.3571 69.0966
      vertex 72.2494 31.0071 69.0966
      vertex 73.478 31.0029 68.8236
    endloop
  endfacet
  facet normal -0.216926 0 -0.976188
    outer loop
      vertex 65.2324 29.7409 70.6559
      vertex 72.2494 31.0071 69.0966
      vertex 72.2494 29.3571 69.0966
    endloop
  endfacet
  facet normal -0.216926 0 -0.976188
    outer loop
      vertex 65.2324 29.7409 70.6559
      vertex 65.2324 31.3909 70.6559
      vertex 72.2494 31.0071 69.0966
    endloop
  endfacet
  facet normal -0.217853 0 -0.975982
    outer loop
      vertex 65.2212 29.7411 70.6584
      vertex 65.2324 31.3909 70.6559
      vertex 65.2324 29.7409 70.6559
    endloop
  endfacet
  facet normal -0.217853 0 -0.975982
    outer loop
      vertex 65.2212 29.7411 70.6584
      vertex 65.2212 31.3911 70.6584
      vertex 65.2324 31.3909 70.6559
    endloop
  endfacet
  facet normal -0.217041 0 -0.976162
    outer loop
      vertex 64.6626 29.7497 70.7826
      vertex 65.2212 31.3911 70.6584
      vertex 65.2212 29.7411 70.6584
    endloop
  endfacet
  facet normal -0.217041 0 -0.976162
    outer loop
      vertex 64.6626 29.7497 70.7826
      vertex 64.6626 31.3997 70.7826
      vertex 65.2212 31.3911 70.6584
    endloop
  endfacet
  facet normal -0.21693 0 -0.976187
    outer loop
      vertex 58.188 30.1302 72.2214
      vertex 64.6626 31.3997 70.7826
      vertex 64.6626 29.7497 70.7826
    endloop
  endfacet
  facet normal -0.21693 0 -0.976187
    outer loop
      vertex 58.188 30.1302 72.2214
      vertex 58.188 31.7802 72.2214
      vertex 64.6626 31.3997 70.7826
    endloop
  endfacet
  facet normal -0.216421 0 -0.9763
    outer loop
      vertex 58.1068 30.1349 72.2394
      vertex 58.188 31.7802 72.2214
      vertex 58.188 30.1302 72.2214
    endloop
  endfacet
  facet normal -0.216929 2.62945e-05 -0.976187
    outer loop
      vertex 57.3409 30.1793 72.4096
      vertex 58.188 31.7802 72.2214
      vertex 58.1068 30.1349 72.2394
    endloop
  endfacet
  facet normal -0.218214 -0 -0.975901
    outer loop
      vertex 57.3248 31.8302 72.4132
      vertex 57.3409 30.1793 72.4096
      vertex 57.3248 30.1798 72.4132
    endloop
  endfacet
  facet normal -0.216906 1.33929e-05 -0.976193
    outer loop
      vertex 57.3409 30.1793 72.4096
      vertex 57.3248 31.8302 72.4132
      vertex 58.188 31.7802 72.2214
    endloop
  endfacet
  facet normal -0.21304 0 -0.977044
    outer loop
      vertex 57.3115 30.1804 72.4161
      vertex 57.3248 31.8302 72.4132
      vertex 57.3248 30.1798 72.4132
    endloop
  endfacet
  facet normal -0.216811 3.18646e-05 -0.976214
    outer loop
      vertex 57.3115 30.1804 72.4161
      vertex 56.9745 31.8439 72.491
      vertex 57.3248 31.8302 72.4132
    endloop
  endfacet
  facet normal -0.217022 -1.2968e-05 -0.976167
    outer loop
      vertex 57.3115 30.1804 72.4161
      vertex 56.7478 31.8528 72.5414
      vertex 56.9745 31.8439 72.491
    endloop
  endfacet
  facet normal -0.216931 1.91652e-05 -0.976187
    outer loop
      vertex 50.2542 30.4278 73.9844
      vertex 56.7478 31.8528 72.5414
      vertex 57.3115 30.1804 72.4161
    endloop
  endfacet
  facet normal -0.216927 0 -0.976188
    outer loop
      vertex 50.2542 30.4278 73.9844
      vertex 50.2542 32.0805 73.9844
      vertex 56.7478 31.8528 72.5414
    endloop
  endfacet
  facet normal -0.21693 0 -0.976187
    outer loop
      vertex 49.2642 30.4823 74.2044
      vertex 50.2542 32.0805 73.9844
      vertex 50.2542 30.4278 73.9844
    endloop
  endfacet
  facet normal -0.216953 1.44403e-05 -0.976182
    outer loop
      vertex 50.2542 32.0805 73.9844
      vertex 49.2642 30.4823 74.2044
      vertex 49.3543 32.13 74.1844
    endloop
  endfacet
  facet normal -0.216943 1.38581e-05 -0.976184
    outer loop
      vertex 43.469 30.6654 75.4923
      vertex 49.3543 32.13 74.1844
      vertex 49.2642 30.4823 74.2044
    endloop
  endfacet
  facet normal -0.216939 0 -0.976185
    outer loop
      vertex 43.469 30.6654 75.4923
      vertex 43.469 32.316 75.4923
      vertex 49.3543 32.13 74.1844
    endloop
  endfacet
  facet normal -0.214862 0 -0.976644
    outer loop
      vertex 43.459 30.6656 75.4945
      vertex 43.469 32.316 75.4923
      vertex 43.469 30.6654 75.4923
    endloop
  endfacet
  facet normal -0.214862 0 -0.976644
    outer loop
      vertex 43.459 30.6656 75.4945
      vertex 43.459 32.3162 75.4945
      vertex 43.469 32.316 75.4923
    endloop
  endfacet
  facet normal -0.216921 0 -0.976189
    outer loop
      vertex 43.459 30.6656 75.4945
      vertex 42.41 32.2871 75.7276
      vertex 43.459 32.3162 75.4945
    endloop
  endfacet
  facet normal -0.216903 1.17282e-05 -0.976193
    outer loop
      vertex 42.3289 30.6343 75.7456
      vertex 42.41 32.2871 75.7276
      vertex 43.459 30.6656 75.4945
    endloop
  endfacet
  facet normal -0.216932 -0 -0.976187
    outer loop
      vertex 36.9744 32.1023 76.9355
      vertex 42.3289 30.6343 75.7456
      vertex 36.9744 30.4523 76.9355
    endloop
  endfacet
  facet normal -0.216929 1.30489e-05 -0.976187
    outer loop
      vertex 42.3289 30.6343 75.7456
      vertex 36.9744 32.1023 76.9355
      vertex 42.41 32.2871 75.7276
    endloop
  endfacet
  facet normal -0.216993 -0 -0.976173
    outer loop
      vertex 36.4791 32.0472 77.0456
      vertex 36.9744 30.4523 76.9355
      vertex 36.4791 30.3972 77.0456
    endloop
  endfacet
  facet normal -0.216993 0 -0.976173
    outer loop
      vertex 36.9744 30.4523 76.9355
      vertex 36.4791 32.0472 77.0456
      vertex 36.9744 32.1023 76.9355
    endloop
  endfacet
  facet normal 0.965958 -0 0.258698
    outer loop
      vertex 93.8191 28.5741 69.0261
      vertex 93.9544 30.2062 68.5209
      vertex 93.8191 30.2241 69.0261
    endloop
  endfacet
  facet normal 0.965958 0 0.258698
    outer loop
      vertex 93.9544 30.2062 68.5209
      vertex 93.8191 28.5741 69.0261
      vertex 93.9544 28.5562 68.5209
    endloop
  endfacet
  facet normal 0.965963 0 -0.258679
    outer loop
      vertex 93.9544 30.1899 67.4791
      vertex 93.8261 28.5419 67
      vertex 93.8261 30.1919 67
    endloop
  endfacet
  facet normal 0.965963 0 -0.258679
    outer loop
      vertex 93.8261 28.5419 67
      vertex 93.9544 30.1899 67.4791
      vertex 93.9544 28.5399 67.4791
    endloop
  endfacet
  facet normal 0.819124 -0 0.573616
    outer loop
      vertex 93.2981 28.6268 69.9284
      vertex 93.5981 30.2479 69.5
      vertex 93.2981 30.2768 69.9284
    endloop
  endfacet
  facet normal 0.819124 0 0.573616
    outer loop
      vertex 93.5981 30.2479 69.5
      vertex 93.2981 28.6268 69.9284
      vertex 93.5981 28.5979 69.5
    endloop
  endfacet
  facet normal -0.1292 0.987827 -0.0866333
    outer loop
      vertex 36.9744 32.4034 80.3691
      vertex 34 31.982 80
      vertex 34.0088 31.992 80.1009
    endloop
  endfacet
  facet normal -0.129205 0.987829 -0.0865974
    outer loop
      vertex 36.9744 32.4034 80.3691
      vertex 34.0456 31.9423 79.4791
      vertex 34 31.982 80
    endloop
  endfacet
  facet normal -0.129256 0.987837 -0.0864332
    outer loop
      vertex 36.9744 32.4034 80.3691
      vertex 34.1809 31.9158 78.9739
      vertex 34.0456 31.9423 79.4791
    endloop
  endfacet
  facet normal -0.129127 0.987831 -0.0866903
    outer loop
      vertex 36.9744 32.4034 80.3691
      vertex 34.4019 31.9031 78.5
      vertex 34.1809 31.9158 78.9739
    endloop
  endfacet
  facet normal -0.129216 0.987831 -0.0865675
    outer loop
      vertex 36.9744 32.4034 80.3691
      vertex 34.7019 31.9048 78.0716
      vertex 34.4019 31.9031 78.5
    endloop
  endfacet
  facet normal -0.129134 0.987834 -0.0866494
    outer loop
      vertex 36.9744 32.4034 80.3691
      vertex 35.0716 31.9207 77.7019
      vertex 34.7019 31.9048 78.0716
    endloop
  endfacet
  facet normal -0.129153 0.987833 -0.0866354
    outer loop
      vertex 36.9744 32.4034 80.3691
      vertex 35.5 31.9504 77.4019
      vertex 35.0716 31.9207 77.7019
    endloop
  endfacet
  facet normal -0.129191 0.98783 -0.0866161
    outer loop
      vertex 36.9744 32.4034 80.3691
      vertex 35.9739 31.993 77.1809
      vertex 35.5 31.9504 77.4019
    endloop
  endfacet
  facet normal -0.129177 0.987831 -0.0866207
    outer loop
      vertex 36.9744 32.4034 80.3691
      vertex 36.4791 32.0472 77.0456
      vertex 35.9739 31.993 77.1809
    endloop
  endfacet
  facet normal -0.129148 0.987834 -0.0866254
    outer loop
      vertex 36.4791 32.0472 77.0456
      vertex 36.9744 32.4034 80.3691
      vertex 36.9744 32.1023 76.9355
    endloop
  endfacet
  facet normal -0.305516 -0 -0.952187
    outer loop
      vertex 32.0529 19.2906 50.5481
      vertex 36.9744 0 48.969
      vertex 32.0529 0 50.5481
    endloop
  endfacet
  facet normal -0.305516 0 -0.952187
    outer loop
      vertex 36.9744 0 48.969
      vertex 32.0529 19.2906 50.5481
      vertex 36.9744 19.9796 48.969
    endloop
  endfacet
  facet normal -0.314949 0.0826997 -0.945499
    outer loop
      vertex 36.9744 19.9796 48.969
      vertex 32.061 19.6667 50.5783
      vertex 36.9744 21.8203 49.13
    endloop
  endfacet
  facet normal -0.314949 0.0827044 -0.945498
    outer loop
      vertex 32.061 19.6667 50.5783
      vertex 36.9744 19.9796 48.969
      vertex 32.0529 19.2906 50.5481
    endloop
  endfacet
  facet normal -0.144567 0.985737 0.086163
    outer loop
      vertex 36.9744 32.5796 82.3834
      vertex 35.5 32.3446 82.5981
      vertex 35.6898 32.3647 82.6866
    endloop
  endfacet
  facet normal -0.144522 0.985718 0.0864484
    outer loop
      vertex 36.9744 32.5796 82.3834
      vertex 35.0716 32.3081 82.2981
      vertex 35.5 32.3446 82.5981
    endloop
  endfacet
  facet normal -0.144495 0.985796 0.0855952
    outer loop
      vertex 35.0716 32.3081 82.2981
      vertex 36.9744 32.5796 82.3834
      vertex 34.9762 32.3024 82.2027
    endloop
  endfacet
  facet normal -0.129211 0.987845 -0.0864113
    outer loop
      vertex 36.9744 32.4034 80.3691
      vertex 34.2925 32.131 81.2653
      vertex 36.9744 32.5796 82.3834
    endloop
  endfacet
  facet normal -0.129187 0.987855 -0.0863361
    outer loop
      vertex 34.2925 32.131 81.2653
      vertex 36.9744 32.4034 80.3691
      vertex 34.1809 32.0955 81.0261
    endloop
  endfacet
  facet normal -0.129208 0.987843 -0.0864324
    outer loop
      vertex 34.1809 32.0955 81.0261
      vertex 36.9744 32.4034 80.3691
      vertex 34.0456 32.0336 80.5209
    endloop
  endfacet
  facet normal -0.129212 0.987835 -0.0865213
    outer loop
      vertex 34.0456 32.0336 80.5209
      vertex 36.9744 32.4034 80.3691
      vertex 34.0088 31.992 80.1009
    endloop
  endfacet
  facet normal -0.309894 0.672271 -0.672323
    outer loop
      vertex 36.9744 26.7931 51.4489
      vertex 35.4562 27.8871 53.2426
      vertex 36.9744 28.0997 52.7554
    endloop
  endfacet
  facet normal -0.309784 0.67236 -0.672284
    outer loop
      vertex 35.4562 27.8871 53.2426
      vertex 36.9744 26.7931 51.4489
      vertex 34.2524 26.9885 52.8986
    endloop
  endfacet
  facet normal -0.286259 0.784909 -0.549521
    outer loop
      vertex 36.9744 28.0997 52.7554
      vertex 35.4562 27.8871 53.2426
      vertex 36.9744 28.7445 53.6764
    endloop
  endfacet
  facet normal -0.129255 0.987866 -0.0861096
    outer loop
      vertex 36.9744 32.5796 82.3834
      vertex 34.7019 32.2426 81.9284
      vertex 34.9762 32.3024 82.2027
    endloop
  endfacet
  facet normal -0.129196 0.987849 -0.0863894
    outer loop
      vertex 36.9744 32.5796 82.3834
      vertex 34.4019 32.1659 81.5
      vertex 34.7019 32.2426 81.9284
    endloop
  endfacet
  facet normal -0.129079 0.987835 -0.0867244
    outer loop
      vertex 34.4019 32.1659 81.5
      vertex 36.9744 32.5796 82.3834
      vertex 34.2925 32.131 81.2653
    endloop
  endfacet
  facet normal -0.309939 0.67204 -0.672533
    outer loop
      vertex 36.9744 26.7931 51.4489
      vertex 33.9739 26.7805 52.8191
      vertex 34.2524 26.9885 52.8986
    endloop
  endfacet
  facet normal -0.309838 0.672309 -0.67231
    outer loop
      vertex 36.9744 26.7931 51.4489
      vertex 33.5 26.3411 52.5981
      vertex 33.9739 26.7805 52.8191
    endloop
  endfacet
  facet normal -0.309689 0.673165 -0.671521
    outer loop
      vertex 33.5 26.3411 52.5981
      vertex 36.9744 26.7931 51.4489
      vertex 33.4664 26.3021 52.5745
    endloop
  endfacet
  facet normal -0.145283 0.985625 0.0862299
    outer loop
      vertex 36.9744 32.5796 82.3834
      vertex 36.9225 32.5186 82.9932
      vertex 36.9744 32.5273 82.9812
    endloop
  endfacet
  facet normal -0.144497 0.985734 0.0863076
    outer loop
      vertex 36.9225 32.5186 82.9932
      vertex 36.9744 32.5796 82.3834
      vertex 36.4791 32.457 82.9544
    endloop
  endfacet
  facet normal -0.144481 0.985735 0.0863213
    outer loop
      vertex 36.4791 32.457 82.9544
      vertex 36.9744 32.5796 82.3834
      vertex 35.9739 32.3948 82.8191
    endloop
  endfacet
  facet normal -0.144586 0.985741 0.0860836
    outer loop
      vertex 35.9739 32.3948 82.8191
      vertex 36.9744 32.5796 82.3834
      vertex 35.6898 32.3647 82.6866
    endloop
  endfacet
  facet normal -0.330323 0.398905 -0.855431
    outer loop
      vertex 36.9744 23.605 49.6082
      vertex 32.6056 24.668 51.7909
      vertex 36.9744 25.2796 50.3891
    endloop
  endfacet
  facet normal -0.330323 0.398904 -0.855431
    outer loop
      vertex 36.9744 23.605 49.6082
      vertex 32.4019 23.8755 51.5
      vertex 32.6056 24.668 51.7909
    endloop
  endfacet
  facet normal -0.330335 0.398847 -0.855453
    outer loop
      vertex 32.4019 23.8755 51.5
      vertex 36.9744 23.605 49.6082
      vertex 32.2297 22.9408 51.1307
    endloop
  endfacet
  facet normal -0.314956 0.0827204 -0.945495
    outer loop
      vertex 36.9744 21.8203 49.13
      vertex 32.061 19.6667 50.5783
      vertex 32.0926 21.1369 50.6964
    endloop
  endfacet
  facet normal -0.324546 0.542541 -0.774803
    outer loop
      vertex 36.9744 25.2796 50.3891
      vertex 33.4664 26.3021 52.5745
      vertex 36.9744 26.7931 51.4489
    endloop
  endfacet
  facet normal -0.324547 0.542538 -0.774804
    outer loop
      vertex 36.9744 25.2796 50.3891
      vertex 33.0716 25.6712 52.2981
      vertex 33.4664 26.3021 52.5745
    endloop
  endfacet
  facet normal -0.324579 0.542452 -0.774851
    outer loop
      vertex 36.9744 25.2796 50.3891
      vertex 32.7019 24.9219 51.9284
      vertex 33.0716 25.6712 52.2981
    endloop
  endfacet
  facet normal -0.32455 0.54265 -0.774725
    outer loop
      vertex 32.7019 24.9219 51.9284
      vertex 36.9744 25.2796 50.3891
      vertex 32.6056 24.668 51.7909
    endloop
  endfacet
  facet normal -0.327134 0.244574 -0.91278
    outer loop
      vertex 36.9744 21.8203 49.13
      vertex 32.2297 22.9408 51.1307
      vertex 36.9744 23.605 49.6082
    endloop
  endfacet
  facet normal -0.327126 0.244601 -0.912775
    outer loop
      vertex 36.9744 21.8203 49.13
      vertex 32.1809 22.4852 51.0261
      vertex 32.2297 22.9408 51.1307
    endloop
  endfacet
  facet normal -0.327121 0.244623 -0.912771
    outer loop
      vertex 32.1809 22.4852 51.0261
      vertex 36.9744 21.8203 49.13
      vertex 32.0926 21.1369 50.6964
    endloop
  endfacet
  facet normal -0.136835 0.568194 -0.811438
    outer loop
      vertex 36.9744 26.7931 51.4489
      vertex 43.459 25.5044 49.453
      vertex 36.9744 25.2796 50.3891
    endloop
  endfacet
  facet normal -0.136845 0.568168 -0.811454
    outer loop
      vertex 43.459 25.5044 49.453
      vertex 36.9744 26.7931 51.4489
      vertex 43.459 27.018 50.5128
    endloop
  endfacet
  facet normal -0.142898 -0 -0.989737
    outer loop
      vertex 36.9744 19.9796 48.969
      vertex 40.5019 0 48.4597
      vertex 36.9744 0 48.969
    endloop
  endfacet
  facet normal -0.142898 0 -0.989737
    outer loop
      vertex 40.5019 0 48.4597
      vertex 36.9744 19.9796 48.969
      vertex 40.5019 20.1019 48.4597
    endloop
  endfacet
  facet normal 0 0.996022 -0.0891038
    outer loop
      vertex 43.469 32.6478 79.2012
      vertex 43.459 32.3162 75.4945
      vertex 43.459 32.6478 79.2012
    endloop
  endfacet
  facet normal 0.000317425 0.996022 -0.0891046
    outer loop
      vertex 43.459 32.3162 75.4945
      vertex 43.469 32.6478 79.2012
      vertex 43.469 32.316 75.4923
    endloop
  endfacet
  facet normal -0.0531652 0.994787 -0.0870186
    outer loop
      vertex 43.459 32.6478 79.2012
      vertex 36.9744 32.4034 80.3691
      vertex 36.9744 32.5796 82.3834
    endloop
  endfacet
  facet normal -0.00475938 0.965875 -0.258966
    outer loop
      vertex 43.469 30.1651 55.0075
      vertex 43.459 30.3049 55.5291
      vertex 43.469 30.3057 55.5319
    endloop
  endfacet
  facet normal 0 0.965908 -0.258884
    outer loop
      vertex 43.459 30.3049 55.5291
      vertex 43.469 30.1651 55.0075
      vertex 43.459 30.1651 55.0075
    endloop
  endfacet
  facet normal -0.146803 0.25601 -0.955462
    outer loop
      vertex 36.9744 23.605 49.6082
      vertex 40.8764 21.9555 48.5667
      vertex 36.9744 21.8203 49.13
    endloop
  endfacet
  facet normal -0.146801 0.256015 -0.955461
    outer loop
      vertex 40.8764 21.9555 48.5667
      vertex 36.9744 23.605 49.6082
      vertex 41.9884 23.7788 48.8844
    endloop
  endfacet
  facet normal -0.0218472 0.995957 0.0871337
    outer loop
      vertex 36.9744 32.5796 82.3834
      vertex 36.9744 32.5273 82.9812
      vertex 38.6291 32.597 82.5994
    endloop
  endfacet
  facet normal -0.0532031 0.994766 -0.0872333
    outer loop
      vertex 43.459 32.6478 79.2012
      vertex 36.9744 32.1023 76.9355
      vertex 36.9744 32.4034 80.3691
    endloop
  endfacet
  facet normal -0.0532043 0.994766 -0.0872296
    outer loop
      vertex 36.9744 32.1023 76.9355
      vertex 43.459 32.6478 79.2012
      vertex 42.41 32.2871 75.7276
    endloop
  endfacet
  facet normal -0.145296 0.086348 -0.985613
    outer loop
      vertex 36.9744 19.9796 48.969
      vertex 40.6634 20.901 48.5059
      vertex 40.5019 20.1019 48.4597
    endloop
  endfacet
  facet normal -0.145264 0.0862098 -0.98563
    outer loop
      vertex 40.6634 20.901 48.5059
      vertex 36.9744 19.9796 48.969
      vertex 36.9744 21.8203 49.13
    endloop
  endfacet
  facet normal -0.0919983 0.902481 -0.420791
    outer loop
      vertex 43.459 29.3843 53.3329
      vertex 42.2461 30.1231 55.1826
      vertex 43.459 30.1651 55.0075
    endloop
  endfacet
  facet normal -0.0920373 0.902467 -0.420811
    outer loop
      vertex 42.2461 30.1231 55.1826
      vertex 43.459 29.3843 53.3329
      vertex 38.3523 29.2072 54.07
    endloop
  endfacet
  facet normal -0.144029 0.41826 -0.896836
    outer loop
      vertex 41.9884 23.7788 48.8844
      vertex 43.459 25.5044 49.453
      vertex 43.459 25.1862 49.3046
    endloop
  endfacet
  facet normal -0.143964 0.418225 -0.896862
    outer loop
      vertex 36.9744 25.2796 50.3891
      vertex 41.9884 23.7788 48.8844
      vertex 36.9744 23.605 49.6082
    endloop
  endfacet
  facet normal -0.143967 0.418217 -0.896865
    outer loop
      vertex 41.9884 23.7788 48.8844
      vertex 36.9744 25.2796 50.3891
      vertex 43.459 25.5044 49.453
    endloop
  endfacet
  facet normal -0.110515 0.814143 -0.570051
    outer loop
      vertex 43.459 28.3245 51.8193
      vertex 38.3523 29.2072 54.07
      vertex 43.459 29.3843 53.3329
    endloop
  endfacet
  facet normal -0.11054 0.814109 -0.570094
    outer loop
      vertex 38.3523 29.2072 54.07
      vertex 43.459 28.3245 51.8193
      vertex 37.8676 29.0444 53.9315
    endloop
  endfacet
  facet normal 0 0.996196 -0.0871418
    outer loop
      vertex 43.469 32.6478 79.2012
      vertex 43.459 32.824 81.2155
      vertex 43.469 32.824 81.2155
    endloop
  endfacet
  facet normal 0 0.996196 -0.0871418
    outer loop
      vertex 43.459 32.824 81.2155
      vertex 43.469 32.6478 79.2012
      vertex 43.459 32.6478 79.2012
    endloop
  endfacet
  facet normal -0 0.996182 0.0873058
    outer loop
      vertex 43.459 32.824 81.2155
      vertex 43.469 32.8006 81.4825
      vertex 43.469 32.824 81.2155
    endloop
  endfacet
  facet normal 0.000155364 0.996182 0.0873
    outer loop
      vertex 43.469 32.8006 81.4825
      vertex 43.459 32.824 81.2155
      vertex 43.459 32.8004 81.4848
    endloop
  endfacet
  facet normal -0.070644 0.963495 -0.258237
    outer loop
      vertex 43.459 30.1651 55.0075
      vertex 42.2461 30.1231 55.1826
      vertex 43.459 30.3049 55.5291
    endloop
  endfacet
  facet normal -0.145273 0.0861732 -0.985632
    outer loop
      vertex 40.6634 20.901 48.5059
      vertex 36.9744 21.8203 49.13
      vertex 40.8764 21.9555 48.5667
    endloop
  endfacet
  facet normal -0.0218004 0.995945 0.0872793
    outer loop
      vertex 43.459 32.824 81.2155
      vertex 38.6291 32.597 82.5994
      vertex 43.459 32.8004 81.4848
    endloop
  endfacet
  facet normal -0.0218458 0.995958 0.087123
    outer loop
      vertex 38.6291 32.597 82.5994
      vertex 43.459 32.824 81.2155
      vertex 36.9744 32.5796 82.3834
    endloop
  endfacet
  facet normal -0.110569 0.814167 -0.570005
    outer loop
      vertex 37.8676 29.0444 53.9315
      vertex 36.9744 28.0997 52.7554
      vertex 36.9744 28.7445 53.6764
    endloop
  endfacet
  facet normal -0.110513 0.814153 -0.570037
    outer loop
      vertex 36.9744 28.0997 52.7554
      vertex 37.8676 29.0444 53.9315
      vertex 43.459 28.3245 51.8193
    endloop
  endfacet
  facet normal -0.047377 0.994904 -0.0890037
    outer loop
      vertex 43.459 32.3162 75.4945
      vertex 42.41 32.2871 75.7276
      vertex 43.459 32.6478 79.2012
    endloop
  endfacet
  facet normal -0.125598 0.701507 -0.701507
    outer loop
      vertex 43.459 27.018 50.5128
      vertex 36.9744 26.7931 51.4489
      vertex 43.459 28.3245 51.8193
    endloop
  endfacet
  facet normal 0 0.906324 -0.422583
    outer loop
      vertex 43.469 29.3843 53.3329
      vertex 43.459 30.1651 55.0075
      vertex 43.469 30.1651 55.0075
    endloop
  endfacet
  facet normal 0 0.906324 -0.422583
    outer loop
      vertex 43.459 30.1651 55.0075
      vertex 43.469 29.3843 53.3329
      vertex 43.459 29.3843 53.3329
    endloop
  endfacet
  facet normal -0.12559 0.701481 -0.701535
    outer loop
      vertex 43.459 28.3245 51.8193
      vertex 36.9744 26.7931 51.4489
      vertex 36.9744 28.0997 52.7554
    endloop
  endfacet
  facet normal -0.0531652 0.994787 -0.0870186
    outer loop
      vertex 43.459 32.6478 79.2012
      vertex 36.9744 32.5796 82.3834
      vertex 43.459 32.824 81.2155
    endloop
  endfacet
  facet normal 0.0727213 0.993559 0.0869024
    outer loop
      vertex 50.2542 32.5335 78.858
      vertex 47.6943 32.5766 80.5074
      vertex 50.2542 32.4409 79.9167
    endloop
  endfacet
  facet normal -0.0123978 0.706868 -0.707237
    outer loop
      vertex 46.9878 26.8804 50.3129
      vertex 50.2442 28.06 51.4348
      vertex 50.2442 27.8684 51.2433
    endloop
  endfacet
  facet normal -0.0124882 0.706995 -0.707108
    outer loop
      vertex 50.2442 28.06 51.4348
      vertex 46.9878 26.8804 50.3129
      vertex 43.459 27.018 50.5128
    endloop
  endfacet
  facet normal 0.0229787 0.965672 -0.258746
    outer loop
      vertex 50.2542 29.9007 54.623
      vertex 47.1499 30.4999 56.5836
      vertex 50.2542 30.3789 56.4077
    endloop
  endfacet
  facet normal 0.0229651 0.965667 -0.258766
    outer loop
      vertex 47.1499 30.4999 56.5836
      vertex 50.2542 29.9007 54.623
      vertex 45.5506 30.4155 56.1267
    endloop
  endfacet
  facet normal 0.0123728 0.99612 -0.0871351
    outer loop
      vertex 50.2542 32.5335 78.858
      vertex 43.469 32.6478 79.2012
      vertex 43.469 32.824 81.2155
    endloop
  endfacet
  facet normal 0.0230438 0.965629 -0.258901
    outer loop
      vertex 45.5506 30.4155 56.1267
      vertex 43.469 30.1651 55.0075
      vertex 43.469 30.3057 55.5319
    endloop
  endfacet
  facet normal 0.0229658 0.965667 -0.258764
    outer loop
      vertex 43.469 30.1651 55.0075
      vertex 45.5506 30.4155 56.1267
      vertex 50.2542 29.9007 54.623
    endloop
  endfacet
  facet normal 0.0727663 0.993541 0.0870744
    outer loop
      vertex 47.6943 32.5766 80.5074
      vertex 43.469 32.824 81.2155
      vertex 43.469 32.8006 81.4825
    endloop
  endfacet
  facet normal 0.0727442 0.993554 0.0869381
    outer loop
      vertex 43.469 32.824 81.2155
      vertex 47.6943 32.5766 80.5074
      vertex 50.2542 32.5335 78.858
    endloop
  endfacet
  facet normal 0.0123728 0.99612 -0.0871351
    outer loop
      vertex 50.2542 32.3573 76.8437
      vertex 43.469 32.6478 79.2012
      vertex 50.2542 32.5335 78.858
    endloop
  endfacet
  facet normal 0.0333167 0.994794 -0.096303
    outer loop
      vertex 50.2542 32.0805 73.9844
      vertex 49.3543 32.13 74.1844
      vertex 50.2542 32.3573 76.8437
    endloop
  endfacet
  facet normal 0.0333182 0.994794 -0.0963066
    outer loop
      vertex 50.2542 30.3789 56.4077
      vertex 47.1499 30.4999 56.5836
      vertex 50.2542 30.4818 57.4706
    endloop
  endfacet
  facet normal 0.0113795 0.906245 -0.4226
    outer loop
      vertex 50.2542 29.1198 52.9484
      vertex 43.469 29.3843 53.3329
      vertex 50.2542 29.9007 54.623
    endloop
  endfacet
  facet normal -0.0348088 0.422411 -0.905736
    outer loop
      vertex 43.7834 25.4117 49.3973
      vertex 43.459 25.1862 49.3046
      vertex 43.459 25.5044 49.453
    endloop
  endfacet
  facet normal 0.0116835 0.995954 -0.0890986
    outer loop
      vertex 50.2542 32.3573 76.8437
      vertex 43.469 32.316 75.4923
      vertex 43.469 32.6478 79.2012
    endloop
  endfacet
  facet normal 0.0116799 0.995956 -0.0890804
    outer loop
      vertex 43.469 32.316 75.4923
      vertex 50.2542 32.3573 76.8437
      vertex 49.3543 32.13 74.1844
    endloop
  endfacet
  facet normal -0.00056997 0.819161 -0.573564
    outer loop
      vertex 50.2442 28.06 51.4348
      vertex 43.459 29.3843 53.3329
      vertex 50.2442 29.1198 52.9484
    endloop
  endfacet
  facet normal 0.0113694 0.906266 -0.422556
    outer loop
      vertex 50.2542 29.9007 54.623
      vertex 43.469 29.3843 53.3329
      vertex 43.469 30.1651 55.0075
    endloop
  endfacet
  facet normal -0.0347124 0.422676 -0.905616
    outer loop
      vertex 43.7834 25.4117 49.3973
      vertex 43.459 25.5044 49.453
      vertex 43.8924 25.4875 49.4285
    endloop
  endfacet
  facet normal -0.00056997 0.819161 -0.573564
    outer loop
      vertex 50.2442 28.06 51.4348
      vertex 43.459 28.3245 51.8193
      vertex 43.459 29.3843 53.3329
    endloop
  endfacet
  facet normal -0.0125046 0.707051 -0.707051
    outer loop
      vertex 50.2442 28.06 51.4348
      vertex 43.459 27.018 50.5128
      vertex 43.459 28.3245 51.8193
    endloop
  endfacet
  facet normal 0 0.823886 -0.566756
    outer loop
      vertex 50.2442 29.1198 52.9484
      vertex 43.469 29.3843 53.3329
      vertex 50.2542 29.1198 52.9484
    endloop
  endfacet
  facet normal 0 0.823886 -0.566756
    outer loop
      vertex 43.469 29.3843 53.3329
      vertex 50.2442 29.1198 52.9484
      vertex 43.459 29.3843 53.3329
    endloop
  endfacet
  facet normal -0.0239345 0.5734 -0.818926
    outer loop
      vertex 43.459 27.018 50.5128
      vertex 43.8924 25.4875 49.4285
      vertex 43.459 25.5044 49.453
    endloop
  endfacet
  facet normal -0.0240332 0.57338 -0.818937
    outer loop
      vertex 43.8924 25.4875 49.4285
      vertex 43.459 27.018 50.5128
      vertex 46.9878 26.8804 50.3129
    endloop
  endfacet
  facet normal 0.00610935 0.922005 -0.38713
    outer loop
      vertex 55.2831 28.975 52.6829
      vertex 50.2542 29.1198 52.9484
      vertex 55.2846 28.9752 52.6834
    endloop
  endfacet
  facet normal 0 0.877921 -0.478806
    outer loop
      vertex 50.2542 29.1198 52.9484
      vertex 55.2831 28.975 52.6829
      vertex 50.2442 29.1198 52.9484
    endloop
  endfacet
  facet normal -0.0168723 0.706822 -0.707191
    outer loop
      vertex 50.8104 28.0437 51.405
      vertex 50.2442 27.8684 51.2433
      vertex 50.2442 28.06 51.4348
    endloop
  endfacet
  facet normal 0.13393 0.987222 0.0863481
    outer loop
      vertex 52.4676 32.1853 79.4059
      vertex 50.2542 32.5335 78.858
      vertex 50.2542 32.4409 79.9167
    endloop
  endfacet
  facet normal 0.13392 0.98722 0.0863861
    outer loop
      vertex 50.2542 32.5335 78.858
      vertex 52.4676 32.1853 79.4059
      vertex 57.3248 31.808 76.1878
    endloop
  endfacet
  facet normal 0.13391 0.987224 0.086357
    outer loop
      vertex 57.3248 31.9842 74.1735
      vertex 50.2542 32.5335 78.858
      vertex 57.3248 31.808 76.1878
    endloop
  endfacet
  facet normal 0.014123 0.965831 -0.258789
    outer loop
      vertex 57.3248 29.6975 54.2505
      vertex 50.2542 29.9007 54.623
      vertex 50.2542 30.3789 56.4077
    endloop
  endfacet
  facet normal 0.0134887 0.995256 -0.0963477
    outer loop
      vertex 56.7478 31.8528 72.5414
      vertex 50.2542 32.0805 73.9844
      vertex 50.2542 32.3573 76.8437
    endloop
  endfacet
  facet normal 0.0135317 0.995255 -0.0963513
    outer loop
      vertex 50.8015 30.4895 57.627
      vertex 50.2542 30.3789 56.4077
      vertex 50.2542 30.4818 57.4706
    endloop
  endfacet
  facet normal 0.0232773 0.994646 -0.100688
    outer loop
      vertex 57.3248 30.1757 56.0352
      vertex 50.8015 30.4895 57.627
      vertex 57.3248 30.5255 59.4907
    endloop
  endfacet
  facet normal 0.0232812 0.994647 -0.100672
    outer loop
      vertex 50.8015 30.4895 57.627
      vertex 57.3248 30.1757 56.0352
      vertex 50.2542 30.3789 56.4077
    endloop
  endfacet
  facet normal 0.0196417 0.996002 -0.0871439
    outer loop
      vertex 57.3248 31.9842 74.1735
      vertex 56.9745 31.8439 72.491
      vertex 50.2542 32.5335 78.858
    endloop
  endfacet
  facet normal 0.0196007 0.996004 -0.0871355
    outer loop
      vertex 56.9745 31.8439 72.491
      vertex 57.3248 31.9842 74.1735
      vertex 57.3248 31.8302 72.4132
    endloop
  endfacet
  facet normal 0.014123 0.965831 -0.258789
    outer loop
      vertex 57.3248 29.6975 54.2505
      vertex 50.2542 30.3789 56.4077
      vertex 57.3248 30.1757 56.0352
    endloop
  endfacet
  facet normal 0.0196572 0.996003 -0.087125
    outer loop
      vertex 50.2542 32.5335 78.858
      vertex 56.7478 31.8528 72.5414
      vertex 50.2542 32.3573 76.8437
    endloop
  endfacet
  facet normal 0.0197548 0.99601 -0.0870254
    outer loop
      vertex 56.7478 31.8528 72.5414
      vertex 50.2542 32.5335 78.858
      vertex 56.9745 31.8439 72.491
    endloop
  endfacet
  facet normal 0.0102291 0.946611 -0.322216
    outer loop
      vertex 57.3185 29.6975 54.2503
      vertex 50.2542 29.9007 54.623
      vertex 57.3248 29.6975 54.2505
    endloop
  endfacet
  facet normal 0.0268816 0.894104 -0.447052
    outer loop
      vertex 55.2846 28.9752 52.6834
      vertex 57.3185 29.6975 54.2503
      vertex 57.3185 29.6971 54.2495
    endloop
  endfacet
  facet normal 0.00379756 0.906271 -0.422681
    outer loop
      vertex 55.2846 28.9752 52.6834
      vertex 57.3185 29.6971 54.2495
      vertex 57.3185 29.2377 53.2645
    endloop
  endfacet
  facet normal 0.00376952 0.906279 -0.422664
    outer loop
      vertex 57.3185 29.6975 54.2503
      vertex 55.2846 28.9752 52.6834
      vertex 50.2542 29.9007 54.623
    endloop
  endfacet
  facet normal 0.00378797 0.906297 -0.422625
    outer loop
      vertex 50.2542 29.9007 54.623
      vertex 55.2846 28.9752 52.6834
      vertex 50.2542 29.1198 52.9484
    endloop
  endfacet
  facet normal 0.238096 0.938698 0.249311
    outer loop
      vertex 57.3248 31.808 76.1878
      vertex 52.4676 32.1853 79.4059
      vertex 57.3248 31.251 78.285
    endloop
  endfacet
  facet normal -0.00668262 0.819129 -0.57357
    outer loop
      vertex 50.8104 28.0437 51.405
      vertex 50.2442 29.1198 52.9484
      vertex 55.2831 28.975 52.6829
    endloop
  endfacet
  facet normal -0.0066051 0.819143 -0.573552
    outer loop
      vertex 50.2442 29.1198 52.9484
      vertex 50.8104 28.0437 51.405
      vertex 50.2442 28.06 51.4348
    endloop
  endfacet
  facet normal 0.0383105 0.995464 -0.0870882
    outer loop
      vertex 58.188 31.7802 72.2214
      vertex 57.3248 31.8302 72.4132
      vertex 57.3248 31.9842 74.1735
    endloop
  endfacet
  facet normal 0.0191402 0.966316 0.256646
    outer loop
      vertex 57.3248 31.808 76.1878
      vertex 57.3248 31.251 78.285
      vertex 58.1206 31.284 78.1014
    endloop
  endfacet
  facet normal 0.00145359 0.969107 -0.246637
    outer loop
      vertex 60.3396 29.6617 54.1276
      vertex 57.3248 29.6975 54.2505
      vertex 60.3408 29.6618 54.128
    endloop
  endfacet
  facet normal 0.00513043 0.986842 -0.161609
    outer loop
      vertex 57.3248 29.6975 54.2505
      vertex 60.3396 29.6617 54.1276
      vertex 57.3185 29.6975 54.2503
    endloop
  endfacet
  facet normal -0.00643052 0.906258 -0.422675
    outer loop
      vertex 59.0948 29.487 53.772
      vertex 57.3185 29.2377 53.2645
      vertex 57.3185 29.6971 54.2495
    endloop
  endfacet
  facet normal -0.0064293 0.90624 -0.422714
    outer loop
      vertex 59.0948 29.487 53.772
      vertex 57.3185 29.6975 54.2503
      vertex 60.3396 29.6617 54.1276
    endloop
  endfacet
  facet normal -0.0144247 0.894334 -0.447167
    outer loop
      vertex 57.3185 29.6975 54.2503
      vertex 59.0948 29.487 53.772
      vertex 57.3185 29.6971 54.2495
    endloop
  endfacet
  facet normal 0.327124 -0.244579 0.912782
    outer loop
      vertex 33.1822 22.5098 52.3755
      vertex 36.9744 21.5337 50.7549
      vertex 36.9744 23.0407 51.1587
    endloop
  endfacet
  facet normal 0.32711 -0.244624 0.912775
    outer loop
      vertex 33.0716 22.0731 52.2981
      vertex 36.9744 21.5337 50.7549
      vertex 33.1822 22.5098 52.3755
    endloop
  endfacet
  facet normal 0.327128 -0.244541 0.912791
    outer loop
      vertex 36.9744 21.5337 50.7549
      vertex 33.0716 22.0731 52.2981
      vertex 32.8514 20.9566 52.0779
    endloop
  endfacet
  facet normal 0.12909 -0.987873 0.0862752
    outer loop
      vertex 36.9744 30.7784 80.6556
      vertex 34.9762 30.6524 82.2027
      vertex 34.7019 30.5926 81.9284
    endloop
  endfacet
  facet normal 0.129165 -0.987851 0.0864115
    outer loop
      vertex 36.9744 30.7784 80.6556
      vertex 34.7019 30.5926 81.9284
      vertex 34.4019 30.5159 81.5
    endloop
  endfacet
  facet normal 0.12921 -0.987832 0.0865552
    outer loop
      vertex 36.9744 30.7784 80.6556
      vertex 34.4019 30.5159 81.5
      vertex 34.2491 30.4672 81.1723
    endloop
  endfacet
  facet normal 0.129221 -0.987841 0.0864461
    outer loop
      vertex 34.9762 30.6524 82.2027
      vertex 36.9744 30.7784 80.6556
      vertex 36.9744 30.9296 82.3834
    endloop
  endfacet
  facet normal 0.330389 -0.398627 0.855535
    outer loop
      vertex 33.5 23.2503 52.5981
      vertex 36.9744 23.0407 51.1587
      vertex 33.5523 23.3458 52.6224
    endloop
  endfacet
  facet normal 0.330327 -0.398914 0.855425
    outer loop
      vertex 36.9744 23.0407 51.1587
      vertex 33.5 23.2503 52.5981
      vertex 33.1822 22.5098 52.3755
    endloop
  endfacet
  facet normal 0.144481 -0.985735 -0.0863213
    outer loop
      vertex 36.9744 30.9296 82.3834
      vertex 36.4791 30.807 82.9544
      vertex 35.9739 30.7448 82.8191
    endloop
  endfacet
  facet normal 0.144575 -0.98574 -0.0861084
    outer loop
      vertex 36.9744 30.9296 82.3834
      vertex 35.9739 30.7448 82.8191
      vertex 35.5 30.6946 82.5981
    endloop
  endfacet
  facet normal 0.144488 -0.985735 -0.086316
    outer loop
      vertex 36.4791 30.807 82.9544
      vertex 36.9744 30.9296 82.3834
      vertex 36.9744 30.8758 82.9978
    endloop
  endfacet
  facet normal 0.144522 -0.985718 -0.0864484
    outer loop
      vertex 35.0716 30.6581 82.2981
      vertex 36.9744 30.9296 82.3834
      vertex 35.5 30.6946 82.5981
    endloop
  endfacet
  facet normal 0.144495 -0.985796 -0.0855952
    outer loop
      vertex 36.9744 30.9296 82.3834
      vertex 35.0716 30.6581 82.2981
      vertex 34.9762 30.6524 82.2027
    endloop
  endfacet
  facet normal 0.324524 -0.542576 0.774788
    outer loop
      vertex 34.8869 25.008 53.0799
      vertex 36.9744 24.4546 51.818
      vertex 36.9744 25.7325 52.7129
    endloop
  endfacet
  facet normal 0.324582 -0.54247 0.774838
    outer loop
      vertex 33.9739 24.0892 52.8191
      vertex 36.9744 24.4546 51.818
      vertex 34.8869 25.008 53.0799
    endloop
  endfacet
  facet normal 0.324514 -0.543158 0.774384
    outer loop
      vertex 36.9744 24.4546 51.818
      vertex 33.9739 24.0892 52.8191
      vertex 33.9253 24.0278 52.7964
    endloop
  endfacet
  facet normal 0.324513 -0.542523 0.774829
    outer loop
      vertex 36.9744 25.7325 52.7129
      vertex 35.386 25.5102 53.2225
      vertex 34.8869 25.008 53.0799
    endloop
  endfacet
  facet normal 0.314966 -0.0826798 0.945495
    outer loop
      vertex 32.8514 20.9566 52.0779
      vertex 36.9744 19.9796 50.619
      vertex 36.9744 21.5337 50.7549
    endloop
  endfacet
  facet normal 0.31495 -0.0827453 0.945494
    outer loop
      vertex 36.9744 19.9796 50.619
      vertex 32.8514 20.9566 52.0779
      vertex 32.7485 19.388 51.9749
    endloop
  endfacet
  facet normal 0.129177 -0.987853 0.0863651
    outer loop
      vertex 34.1809 30.4455 81.0261
      vertex 36.9744 30.7784 80.6556
      vertex 34.2491 30.4672 81.1723
    endloop
  endfacet
  facet normal 0.129185 -0.987846 0.0864388
    outer loop
      vertex 34.0456 30.3836 80.5209
      vertex 36.9744 30.7784 80.6556
      vertex 34.1809 30.4455 81.0261
    endloop
  endfacet
  facet normal 0.129179 -0.987836 0.0865573
    outer loop
      vertex 36.9744 30.7784 80.6556
      vertex 34.0456 30.3836 80.5209
      vertex 34.0341 30.3706 80.3897
    endloop
  endfacet
  facet normal 0.305514 0 0.952188
    outer loop
      vertex 32.7485 19.388 51.9749
      vertex 36.9744 0 50.619
      vertex 36.9744 19.9796 50.619
    endloop
  endfacet
  facet normal 0.305514 0 0.952188
    outer loop
      vertex 36.9744 0 50.619
      vertex 32.7485 19.388 51.9749
      vertex 32.7485 0 51.9749
    endloop
  endfacet
  facet normal 0.309791 -0.672321 0.672321
    outer loop
      vertex 36.9744 25.7325 52.7129
      vertex 36.9744 26.696 53.6764
      vertex 35.386 25.5102 53.2225
    endloop
  endfacet
  facet normal 0.330328 -0.398889 0.855436
    outer loop
      vertex 33.9253 24.0278 52.7964
      vertex 36.9744 23.0407 51.1587
      vertex 36.9744 24.4546 51.818
    endloop
  endfacet
  facet normal 0.33032 -0.398907 0.855431
    outer loop
      vertex 36.9744 23.0407 51.1587
      vertex 33.9253 24.0278 52.7964
      vertex 33.5523 23.3458 52.6224
    endloop
  endfacet
  facet normal 0.12918 -0.987838 0.0865422
    outer loop
      vertex 34 30.332 80
      vertex 36.9744 30.7784 80.6556
      vertex 34.0341 30.3706 80.3897
    endloop
  endfacet
  facet normal 0.129168 -0.987834 0.0865945
    outer loop
      vertex 34.0456 30.2923 79.4791
      vertex 36.9744 30.7784 80.6556
      vertex 34 30.332 80
    endloop
  endfacet
  facet normal 0.129164 -0.987834 0.086604
    outer loop
      vertex 34.1809 30.2657 78.9739
      vertex 36.9744 30.7784 80.6556
      vertex 34.0456 30.2923 79.4791
    endloop
  endfacet
  facet normal 0.129214 -0.987835 0.0865223
    outer loop
      vertex 34.4019 30.2531 78.5
      vertex 36.9744 30.7784 80.6556
      vertex 34.1809 30.2657 78.9739
    endloop
  endfacet
  facet normal 0.129069 -0.987839 0.0866953
    outer loop
      vertex 34.7019 30.2547 78.0716
      vertex 36.9744 30.7784 80.6556
      vertex 34.4019 30.2531 78.5
    endloop
  endfacet
  facet normal 0.129269 -0.987828 0.0865176
    outer loop
      vertex 35.0716 30.2707 77.7019
      vertex 36.9744 30.7784 80.6556
      vertex 34.7019 30.2547 78.0716
    endloop
  endfacet
  facet normal 0.129133 -0.987838 0.0866067
    outer loop
      vertex 35.5 30.3004 77.4019
      vertex 36.9744 30.7784 80.6556
      vertex 35.0716 30.2707 77.7019
    endloop
  endfacet
  facet normal 0.129178 -0.987834 0.0865861
    outer loop
      vertex 35.9739 30.343 77.1809
      vertex 36.9744 30.7784 80.6556
      vertex 35.5 30.3004 77.4019
    endloop
  endfacet
  facet normal 0.129169 -0.987835 0.0865887
    outer loop
      vertex 36.4791 30.3972 77.0456
      vertex 36.9744 30.7784 80.6556
      vertex 35.9739 30.343 77.1809
    endloop
  endfacet
  facet normal 0.129141 -0.987838 0.0865928
    outer loop
      vertex 36.9744 30.7784 80.6556
      vertex 36.4791 30.3972 77.0456
      vertex 36.9744 30.4523 76.9355
    endloop
  endfacet
  facet normal 0.0531973 -0.994769 0.0872004
    outer loop
      vertex 36.9744 30.4523 76.9355
      vertex 43.459 31.0228 79.4877
      vertex 36.9744 30.7784 80.6556
    endloop
  endfacet
  facet normal 0.0531928 -0.994769 0.0872116
    outer loop
      vertex 43.459 31.0228 79.4877
      vertex 36.9744 30.4523 76.9355
      vertex 42.3289 30.6343 75.7456
    endloop
  endfacet
  facet normal 0.0531714 -0.994784 0.0870536
    outer loop
      vertex 43.459 31.0228 79.4877
      vertex 43.459 31.174 81.2155
      vertex 36.9744 30.7784 80.6556
    endloop
  endfacet
  facet normal 0.143954 -0.41821 0.896871
    outer loop
      vertex 43.459 24.6794 50.882
      vertex 36.9744 24.4546 51.818
      vertex 36.9744 23.0407 51.1587
    endloop
  endfacet
  facet normal 0.021818 -0.995956 -0.0871521
    outer loop
      vertex 43.459 31.174 81.2155
      vertex 43.459 31.1373 81.6349
      vertex 41.5897 31.06 82.0503
    endloop
  endfacet
  facet normal 0.0230557 -0.995923 -0.0872081
    outer loop
      vertex 36.9744 30.9296 82.3834
      vertex 37 30.8762 83
      vertex 36.9744 30.8758 82.9978
    endloop
  endfacet
  facet normal 0.0218146 -0.995956 -0.0871594
    outer loop
      vertex 37 30.8762 83
      vertex 36.9744 30.9296 82.3834
      vertex 37.5209 30.8916 82.9544
    endloop
  endfacet
  facet normal 0.0218467 -0.995952 -0.0871899
    outer loop
      vertex 36.9744 30.9296 82.3834
      vertex 41.5897 31.06 82.0503
      vertex 37.5209 30.8916 82.9544
    endloop
  endfacet
  facet normal 0.0218558 -0.995963 -0.0870684
    outer loop
      vertex 41.5897 31.06 82.0503
      vertex 36.9744 30.9296 82.3834
      vertex 43.459 31.174 81.2155
    endloop
  endfacet
  facet normal 0.142876 0 0.989741
    outer loop
      vertex 36.9744 19.9796 50.619
      vertex 43.459 0 49.6829
      vertex 43.459 20.2044 49.6829
    endloop
  endfacet
  facet normal 0.142876 0 0.989741
    outer loop
      vertex 43.459 0 49.6829
      vertex 36.9744 19.9796 50.619
      vertex 36.9744 0 50.619
    endloop
  endfacet
  facet normal 0.0920171 -0.902461 0.420829
    outer loop
      vertex 43.459 27.9553 54.1579
      vertex 41.3433 28.0971 54.9246
      vertex 40.2706 27.8448 54.6181
    endloop
  endfacet
  facet normal 0.0920154 -0.902463 0.420825
    outer loop
      vertex 43.459 27.9553 54.1579
      vertex 43.459 28.5947 55.5291
      vertex 41.3433 28.0971 54.9246
    endloop
  endfacet
  facet normal 0 -0.996023 0.0890963
    outer loop
      vertex 43.459 30.6656 75.4945
      vertex 43.469 31.0228 79.4877
      vertex 43.459 31.0228 79.4877
    endloop
  endfacet
  facet normal -0.000319094 -0.996023 0.0890971
    outer loop
      vertex 43.469 31.0228 79.4877
      vertex 43.459 30.6656 75.4945
      vertex 43.469 30.6654 75.4923
    endloop
  endfacet
  facet normal 0.125738 -0.701495 0.701495
    outer loop
      vertex 36.9744 25.7325 52.7129
      vertex 37.2991 26.8469 53.7691
      vertex 36.9744 26.696 53.6764
    endloop
  endfacet
  facet normal 0.1256 -0.701486 0.701528
    outer loop
      vertex 43.459 25.9574 51.7768
      vertex 37.2991 26.8469 53.7691
      vertex 36.9744 25.7325 52.7129
    endloop
  endfacet
  facet normal 0.12559 -0.701508 0.701508
    outer loop
      vertex 37.2991 26.8469 53.7691
      vertex 43.459 25.9574 51.7768
      vertex 43.459 27.0605 52.8799
    endloop
  endfacet
  facet normal -0.00012589 -0.996193 -0.0871728
    outer loop
      vertex 43.459 31.174 81.2155
      vertex 43.469 31.1375 81.6326
      vertex 43.459 31.1373 81.6349
    endloop
  endfacet
  facet normal 0 -0.996193 -0.0871758
    outer loop
      vertex 43.469 31.1375 81.6326
      vertex 43.459 31.174 81.2155
      vertex 43.469 31.174 81.2155
    endloop
  endfacet
  facet normal 0 -0.996193 0.087177
    outer loop
      vertex 43.459 31.0228 79.4877
      vertex 43.469 31.174 81.2155
      vertex 43.459 31.174 81.2155
    endloop
  endfacet
  facet normal 0 -0.996193 0.087177
    outer loop
      vertex 43.469 31.174 81.2155
      vertex 43.459 31.0228 79.4877
      vertex 43.469 31.0228 79.4877
    endloop
  endfacet
  facet normal 0 -0.906308 0.422618
    outer loop
      vertex 43.469 27.9553 54.1579
      vertex 43.459 28.5947 55.5291
      vertex 43.459 27.9553 54.1579
    endloop
  endfacet
  facet normal 0.00853222 -0.906251 0.422653
    outer loop
      vertex 43.459 28.5947 55.5291
      vertex 43.469 27.9553 54.1579
      vertex 43.469 28.5961 55.5319
    endloop
  endfacet
  facet normal 0.0531714 -0.994784 0.0870536
    outer loop
      vertex 43.459 31.174 81.2155
      vertex 36.9744 30.9296 82.3834
      vertex 36.9744 30.7784 80.6556
    endloop
  endfacet
  facet normal 0.110523 -0.814123 0.570077
    outer loop
      vertex 43.459 27.0605 52.8799
      vertex 40.2706 27.8448 54.6181
      vertex 37.2991 26.8469 53.7691
    endloop
  endfacet
  facet normal 0.110493 -0.814156 0.570037
    outer loop
      vertex 40.2706 27.8448 54.6181
      vertex 43.459 27.0605 52.8799
      vertex 43.459 27.9553 54.1579
    endloop
  endfacet
  facet normal 0.146807 -0.256015 0.95546
    outer loop
      vertex 43.459 21.7586 49.8188
      vertex 36.9744 23.0407 51.1587
      vertex 36.9744 21.5337 50.7549
    endloop
  endfacet
  facet normal 0.136846 -0.568153 0.811465
    outer loop
      vertex 36.9744 25.7325 52.7129
      vertex 43.459 24.6794 50.882
      vertex 43.459 25.9574 51.7768
    endloop
  endfacet
  facet normal 0.13682 -0.568227 0.811417
    outer loop
      vertex 43.459 24.6794 50.882
      vertex 36.9744 25.7325 52.7129
      vertex 36.9744 24.4546 51.818
    endloop
  endfacet
  facet normal 0.04733 -0.994907 0.0889965
    outer loop
      vertex 43.459 30.6656 75.4945
      vertex 43.459 31.0228 79.4877
      vertex 42.3289 30.6343 75.7456
    endloop
  endfacet
  facet normal 0.145272 -0.086184 0.985631
    outer loop
      vertex 36.9744 21.5337 50.7549
      vertex 43.459 20.2044 49.6829
      vertex 43.459 21.7586 49.8188
    endloop
  endfacet
  facet normal 0.145271 -0.0861896 0.985631
    outer loop
      vertex 43.459 20.2044 49.6829
      vertex 36.9744 21.5337 50.7549
      vertex 36.9744 19.9796 50.619
    endloop
  endfacet
  facet normal 0.146803 -0.256031 0.955456
    outer loop
      vertex 43.459 21.7586 49.8188
      vertex 43.459 23.2655 50.2226
      vertex 36.9744 23.0407 51.1587
    endloop
  endfacet
  facet normal 0.143966 -0.418261 0.896845
    outer loop
      vertex 43.459 23.2655 50.2226
      vertex 43.459 24.6794 50.882
      vertex 36.9744 23.0407 51.1587
    endloop
  endfacet
  facet normal 0.0529743 -0.0869558 0.994803
    outer loop
      vertex 44.8779 21.3783 49.71
      vertex 44.9609 21.7 49.7337
      vertex 43.459 21.7586 49.8188
    endloop
  endfacet
  facet normal 0.000568655 -0.819172 0.573548
    outer loop
      vertex 50.2442 26.796 52.4954
      vertex 43.459 27.9553 54.1579
      vertex 43.459 27.0605 52.8799
    endloop
  endfacet
  facet normal -0.0229738 -0.965678 0.258724
    outer loop
      vertex 50.2542 28.3502 55.1873
      vertex 47.9867 28.8423 56.8227
      vertex 43.5854 28.6101 55.5652
    endloop
  endfacet
  facet normal -0.0229402 -0.965667 0.258767
    outer loop
      vertex 47.9867 28.8423 56.8227
      vertex 50.2542 28.3502 55.1873
      vertex 50.2542 28.754 56.6942
    endloop
  endfacet
  facet normal 0 -0.823886 0.566756
    outer loop
      vertex 50.2442 27.6908 53.7734
      vertex 43.469 27.9553 54.1579
      vertex 43.459 27.9553 54.1579
    endloop
  endfacet
  facet normal 0 -0.823886 0.566756
    outer loop
      vertex 43.469 27.9553 54.1579
      vertex 50.2442 27.6908 53.7734
      vertex 50.2542 27.6908 53.7734
    endloop
  endfacet
  facet normal 0.0529661 -0.0869858 0.994801
    outer loop
      vertex 43.459 20.2044 49.6829
      vertex 44.8779 21.3783 49.71
      vertex 43.459 21.7586 49.8188
    endloop
  endfacet
  facet normal 0.0529734 -0.0869946 0.994799
    outer loop
      vertex 44.8779 21.3783 49.71
      vertex 43.459 20.2044 49.6829
      vertex 44.5638 20.1613 49.6203
    endloop
  endfacet
  facet normal -0.0727459 -0.993554 -0.0869449
    outer loop
      vertex 43.469 31.174 81.2155
      vertex 46.6919 30.9642 80.9164
      vertex 43.469 31.1375 81.6326
    endloop
  endfacet
  facet normal 0.0240554 -0.573382 0.818935
    outer loop
      vertex 50.2442 25.6929 51.3923
      vertex 43.459 25.9574 51.7768
      vertex 43.459 24.6794 50.882
    endloop
  endfacet
  facet normal -0.011914 -0.90622 0.422639
    outer loop
      vertex 43.469 27.9553 54.1579
      vertex 43.5854 28.6101 55.5652
      vertex 43.469 28.5961 55.5319
    endloop
  endfacet
  facet normal -0.0113709 -0.906243 0.422605
    outer loop
      vertex 43.5854 28.6101 55.5652
      vertex 43.469 27.9553 54.1579
      vertex 50.2542 28.3502 55.1873
    endloop
  endfacet
  facet normal -0.0333586 -0.994791 0.0963231
    outer loop
      vertex 50.2542 30.4278 73.9844
      vertex 50.2542 30.7324 77.1302
      vertex 49.2642 30.4823 74.2044
    endloop
  endfacet
  facet normal -0.033286 -0.994803 0.0962258
    outer loop
      vertex 50.2542 28.754 56.6942
      vertex 50.2542 28.8291 57.4706
      vertex 47.9867 28.8423 56.8227
    endloop
  endfacet
  facet normal -0.0113767 -0.906228 0.422637
    outer loop
      vertex 50.2542 27.6908 53.7734
      vertex 50.2542 28.3502 55.1873
      vertex 43.469 27.9553 54.1579
    endloop
  endfacet
  facet normal 0.0565711 -0 0.998399
    outer loop
      vertex 43.459 0 49.6829
      vertex 44.5638 20.1613 49.6203
      vertex 43.459 20.2044 49.6829
    endloop
  endfacet
  facet normal 0.0565711 0 0.998399
    outer loop
      vertex 44.5638 20.1613 49.6203
      vertex 43.459 0 49.6829
      vertex 44.5638 0 49.6203
    endloop
  endfacet
  facet normal 0.0239157 -0.573221 0.819052
    outer loop
      vertex 50.2442 25.6929 51.3923
      vertex 48.066 24.4998 50.6209
      vertex 50.2442 25.48 51.2433
    endloop
  endfacet
  facet normal 0.0240587 -0.573399 0.818923
    outer loop
      vertex 48.066 24.4998 50.6209
      vertex 50.2442 25.6929 51.3923
      vertex 43.459 24.6794 50.882
    endloop
  endfacet
  facet normal 0.000568655 -0.819172 0.573548
    outer loop
      vertex 50.2442 26.796 52.4954
      vertex 50.2442 27.6908 53.7734
      vertex 43.459 27.9553 54.1579
    endloop
  endfacet
  facet normal -0.0727457 -0.993554 -0.0869423
    outer loop
      vertex 50.2542 30.8835 78.858
      vertex 46.6919 30.9642 80.9164
      vertex 43.469 31.174 81.2155
    endloop
  endfacet
  facet normal -0.072722 -0.993559 -0.0869011
    outer loop
      vertex 46.6919 30.9642 80.9164
      vertex 50.2542 30.8835 78.858
      vertex 50.2542 30.7727 80.1248
    endloop
  endfacet
  facet normal 0.0125046 -0.707051 0.707051
    outer loop
      vertex 43.459 25.9574 51.7768
      vertex 50.2442 26.796 52.4954
      vertex 43.459 27.0605 52.8799
    endloop
  endfacet
  facet normal 0.0125046 -0.707051 0.707051
    outer loop
      vertex 50.2442 26.796 52.4954
      vertex 43.459 25.9574 51.7768
      vertex 50.2442 25.6929 51.3923
    endloop
  endfacet
  facet normal -0.0123805 -0.996121 0.0871131
    outer loop
      vertex 50.2542 30.7324 77.1302
      vertex 50.2542 30.8835 78.858
      vertex 43.469 31.174 81.2155
    endloop
  endfacet
  facet normal 0.0348667 -0.422382 0.905747
    outer loop
      vertex 43.459 24.6794 50.882
      vertex 46.1403 23.161 50.0707
      vertex 48.066 24.4998 50.6209
    endloop
  endfacet
  facet normal 0.0348486 -0.422408 0.905736
    outer loop
      vertex 46.1403 23.161 50.0707
      vertex 43.459 24.6794 50.882
      vertex 43.459 23.2655 50.2226
    endloop
  endfacet
  facet normal 0.044589 -0.258576 0.964961
    outer loop
      vertex 43.459 23.2655 50.2226
      vertex 44.9609 21.7 49.7337
      vertex 46.1403 23.161 50.0707
    endloop
  endfacet
  facet normal 0.0445872 -0.258578 0.964961
    outer loop
      vertex 44.9609 21.7 49.7337
      vertex 43.459 23.2655 50.2226
      vertex 43.459 21.7586 49.8188
    endloop
  endfacet
  facet normal -0.0116715 -0.995955 0.089091
    outer loop
      vertex 43.469 30.6654 75.4923
      vertex 50.2542 30.7324 77.1302
      vertex 43.469 31.0228 79.4877
    endloop
  endfacet
  facet normal -0.0116697 -0.995956 0.0890839
    outer loop
      vertex 50.2542 30.7324 77.1302
      vertex 43.469 30.6654 75.4923
      vertex 49.2642 30.4823 74.2044
    endloop
  endfacet
  facet normal -0.0123457 -0.996117 0.0871703
    outer loop
      vertex 50.2542 30.7324 77.1302
      vertex 43.469 31.174 81.2155
      vertex 43.469 31.0228 79.4877
    endloop
  endfacet
  facet normal 0 -0.877977 0.478703
    outer loop
      vertex 57.3148 27.4877 53.4009
      vertex 50.2542 27.6908 53.7734
      vertex 50.2442 27.6908 53.7734
    endloop
  endfacet
  facet normal 0.00330031 -0.850355 0.526199
    outer loop
      vertex 50.2542 27.6908 53.7734
      vertex 57.3148 27.4877 53.4009
      vertex 57.3185 27.4879 53.4012
    endloop
  endfacet
  facet normal -0.133842 -0.987239 -0.0862863
    outer loop
      vertex 57.3248 30.3342 74.1735
      vertex 51.3013 30.651 79.8921
      vertex 50.9276 30.6944 79.9752
    endloop
  endfacet
  facet normal -0.13394 -0.987217 -0.0863914
    outer loop
      vertex 51.3013 30.651 79.8921
      vertex 57.3248 30.3342 74.1735
      vertex 57.3248 30.183 75.9013
    endloop
  endfacet
  facet normal 0.0267449 -0.57318 0.818993
    outer loop
      vertex 50.5648 25.6257 51.3348
      vertex 50.2442 25.6929 51.3923
      vertex 50.2442 25.48 51.2433
    endloop
  endfacet
  facet normal 0.00667906 -0.81913 0.573569
    outer loop
      vertex 53.9446 26.6897 52.3005
      vertex 57.3148 27.4877 53.4009
      vertex 50.2442 26.796 52.4954
    endloop
  endfacet
  facet normal 0.00663966 -0.819074 0.57365
    outer loop
      vertex 57.3148 27.4877 53.4009
      vertex 53.9446 26.6897 52.3005
      vertex 57.3148 27.3914 53.2634
    endloop
  endfacet
  facet normal -0.00613649 -0.922228 0.386599
    outer loop
      vertex 50.2542 28.3502 55.1873
      vertex 57.3185 28.147 54.8147
      vertex 57.3248 28.147 54.8148
    endloop
  endfacet
  facet normal -0.00213974 -0.894425 0.447213
    outer loop
      vertex 50.2542 28.3502 55.1873
      vertex 57.3185 28.1466 54.8139
      vertex 57.3185 28.147 54.8147
    endloop
  endfacet
  facet normal -0.00377912 -0.90628 0.422661
    outer loop
      vertex 50.2542 27.6908 53.7734
      vertex 57.3185 28.1466 54.8139
      vertex 50.2542 28.3502 55.1873
    endloop
  endfacet
  facet normal -0.003766 -0.906314 0.422587
    outer loop
      vertex 57.3185 28.1466 54.8139
      vertex 50.2542 27.6908 53.7734
      vertex 57.3185 27.4879 53.4012
    endloop
  endfacet
  facet normal 0.0066857 -0.819153 0.573536
    outer loop
      vertex 57.3148 27.4877 53.4009
      vertex 50.2442 27.6908 53.7734
      vertex 50.2442 26.796 52.4954
    endloop
  endfacet
  facet normal -0.0141217 -0.965825 0.25881
    outer loop
      vertex 50.2542 28.3502 55.1873
      vertex 57.3248 28.5508 56.3217
      vertex 50.2542 28.754 56.6942
    endloop
  endfacet
  facet normal -0.0141217 -0.965825 0.25881
    outer loop
      vertex 57.3248 28.5508 56.3217
      vertex 50.2542 28.3502 55.1873
      vertex 57.3248 28.147 54.8148
    endloop
  endfacet
  facet normal -0.0196691 -0.996005 0.0871029
    outer loop
      vertex 57.3248 30.3342 74.1735
      vertex 50.2542 30.8835 78.858
      vertex 50.2542 30.7324 77.1302
    endloop
  endfacet
  facet normal -0.0196449 -0.996001 0.0871601
    outer loop
      vertex 57.3248 30.183 72.4457
      vertex 57.3248 30.3342 74.1735
      vertex 50.2542 30.7324 77.1302
    endloop
  endfacet
  facet normal 0.0265835 -0.573664 0.818659
    outer loop
      vertex 50.5648 25.6257 51.3348
      vertex 50.6846 25.6802 51.3691
      vertex 50.2442 25.6929 51.3923
    endloop
  endfacet
  facet normal 0.0168564 -0.707006 0.707006
    outer loop
      vertex 50.6846 25.6802 51.3691
      vertex 50.2442 26.796 52.4954
      vertex 50.2442 25.6929 51.3923
    endloop
  endfacet
  facet normal 0.0169292 -0.706991 0.70702
    outer loop
      vertex 50.2442 26.796 52.4954
      vertex 50.6846 25.6802 51.3691
      vertex 53.9446 26.6897 52.3005
    endloop
  endfacet
  facet normal -0.0235234 -0.994912 0.0979606
    outer loop
      vertex 57.3248 30.1798 72.4132
      vertex 57.3248 30.183 72.4457
      vertex 57.3115 30.1804 72.4161
    endloop
  endfacet
  facet normal -0.0232802 -0.994645 0.10069
    outer loop
      vertex 57.3248 28.5508 56.3217
      vertex 50.654 28.8348 57.5848
      vertex 50.2542 28.754 56.6942
    endloop
  endfacet
  facet normal -0.0232805 -0.994646 0.100689
    outer loop
      vertex 50.654 28.8348 57.5848
      vertex 57.3248 28.5508 56.3217
      vertex 57.3248 28.8716 59.4907
    endloop
  endfacet
  facet normal -0.238104 -0.938699 -0.2493
    outer loop
      vertex 57.3248 30.183 75.9013
      vertex 57.3248 29.4786 78.5536
      vertex 51.3013 30.651 79.8921
    endloop
  endfacet
  facet normal -0.133972 -0.987216 -0.0863464
    outer loop
      vertex 50.2542 30.8835 78.858
      vertex 50.9276 30.6944 79.9752
      vertex 50.2542 30.7727 80.1248
    endloop
  endfacet
  facet normal -0.133922 -0.98722 -0.0863767
    outer loop
      vertex 50.9276 30.6944 79.9752
      vertex 50.2542 30.8835 78.858
      vertex 57.3248 30.3342 74.1735
    endloop
  endfacet
  facet normal -0.0134864 -0.995254 0.096368
    outer loop
      vertex 50.2542 30.4278 73.9844
      vertex 57.3248 30.183 72.4457
      vertex 50.2542 30.7324 77.1302
    endloop
  endfacet
  facet normal -0.0140621 -0.995495 0.0937606
    outer loop
      vertex 57.3248 30.183 72.4457
      vertex 50.2542 30.4278 73.9844
      vertex 57.3115 30.1804 72.4161
    endloop
  endfacet
  facet normal -0.0133094 -0.995266 0.0962706
    outer loop
      vertex 50.654 28.8348 57.5848
      vertex 50.2542 28.8291 57.4706
      vertex 50.2542 28.754 56.6942
    endloop
  endfacet
  facet normal -0.0191372 -0.966319 -0.256636
    outer loop
      vertex 57.3248 30.183 75.9013
      vertex 58.3345 29.5182 78.3292
      vertex 57.3248 29.4786 78.5536
    endloop
  endfacet
  facet normal -0.0383143 -0.995464 0.0870866
    outer loop
      vertex 58.1068 30.1349 72.2394
      vertex 58.188 30.1302 72.2214
      vertex 57.3248 30.3342 74.1735
    endloop
  endfacet
  facet normal -0.00899579 -0.995147 0.0979837
    outer loop
      vertex 57.3409 30.1793 72.4096
      vertex 57.3248 30.183 72.4457
      vertex 57.3248 30.1798 72.4132
    endloop
  endfacet
  facet normal -0.00325858 -0.978696 0.20529
    outer loop
      vertex 62.0689 28.0907 54.6217
      vertex 57.3248 28.147 54.8148
      vertex 57.3185 28.147 54.8147
    endloop
  endfacet
  facet normal -0.00144767 -0.969024 0.246961
    outer loop
      vertex 57.3248 28.147 54.8148
      vertex 62.0689 28.0907 54.6217
      vertex 62.0702 28.0908 54.6221
    endloop
  endfacet
  facet normal 0.00632372 -0.906303 0.422582
    outer loop
      vertex 57.736 27.4827 53.3838
      vertex 57.3185 28.1466 54.8139
      vertex 57.3185 27.4879 53.4012
    endloop
  endfacet
  facet normal 0.00641463 -0.906292 0.422604
    outer loop
      vertex 57.3185 28.1466 54.8139
      vertex 57.736 27.4827 53.3838
      vertex 60.304 27.843 54.1175
    endloop
  endfacet
  facet normal 0.00890199 -0.879211 0.476349
    outer loop
      vertex 57.736 27.4827 53.3838
      vertex 57.3185 27.4879 53.4012
      vertex 57.3148 27.4877 53.4009
    endloop
  endfacet
  facet normal -0.0388965 -0.995647 0.0846997
    outer loop
      vertex 58.1068 30.1349 72.2394
      vertex 57.3248 30.183 72.4457
      vertex 57.3409 30.1793 72.4096
    endloop
  endfacet
  facet normal -0.0382485 -0.995464 0.0871132
    outer loop
      vertex 57.3248 30.183 72.4457
      vertex 58.1068 30.1349 72.2394
      vertex 57.3248 30.3342 74.1735
    endloop
  endfacet
  facet normal 0.0133605 -0.894347 0.447174
    outer loop
      vertex 60.304 27.843 54.1175
      vertex 57.3185 28.147 54.8147
      vertex 57.3185 28.1466 54.8139
    endloop
  endfacet
  facet normal 0.00643291 -0.906248 0.422698
    outer loop
      vertex 57.3185 28.147 54.8147
      vertex 60.304 27.843 54.1175
      vertex 62.0689 28.0907 54.6217
    endloop
  endfacet
  facet normal 0.0135651 -0.819017 0.573609
    outer loop
      vertex 57.736 27.4827 53.3838
      vertex 57.3148 27.4877 53.4009
      vertex 57.3148 27.3914 53.2634
    endloop
  endfacet
  facet normal -0.996218 -6.77959e-05 0.0868919
    outer loop
      vertex 34.0341 30.3706 80.3897
      vertex 34.0088 31.992 80.1009
      vertex 34 31.982 80
    endloop
  endfacet
  facet normal -0.996181 8.46709e-06 0.0873168
    outer loop
      vertex 34.0456 30.3836 80.5209
      vertex 34.0088 31.992 80.1009
      vertex 34.0341 30.3706 80.3897
    endloop
  endfacet
  facet normal -0.996183 0 0.0872846
    outer loop
      vertex 34.0088 31.992 80.1009
      vertex 34.0456 30.3836 80.5209
      vertex 34.0456 32.0336 80.5209
    endloop
  endfacet
  facet normal -0.996193 0 0.0871701
    outer loop
      vertex 34.0341 30.3706 80.3897
      vertex 34 31.982 80
      vertex 34 30.332 80
    endloop
  endfacet
  facet normal -0.573616 0 0.819124
    outer loop
      vertex 35.0716 32.3081 82.2981
      vertex 35.5 30.6946 82.5981
      vertex 35.5 32.3446 82.5981
    endloop
  endfacet
  facet normal -0.573616 0 0.819124
    outer loop
      vertex 35.5 30.6946 82.5981
      vertex 35.0716 32.3081 82.2981
      vertex 35.0716 30.6581 82.2981
    endloop
  endfacet
  facet normal -0.422676 0 0.906281
    outer loop
      vertex 35.6898 32.3647 82.6866
      vertex 35.9739 30.7448 82.8191
      vertex 35.9739 32.3948 82.8191
    endloop
  endfacet
  facet normal -0.422599 1.63513e-05 0.906317
    outer loop
      vertex 35.5 32.3446 82.5981
      vertex 35.9739 30.7448 82.8191
      vertex 35.6898 32.3647 82.6866
    endloop
  endfacet
  facet normal -0.422645 0 0.906295
    outer loop
      vertex 35.9739 30.7448 82.8191
      vertex 35.5 32.3446 82.5981
      vertex 35.5 30.6946 82.5981
    endloop
  endfacet
  facet normal 0.0872073 0 0.99619
    outer loop
      vertex 37 31.2762 83
      vertex 37.5209 30.8916 82.9544
      vertex 37.5209 31.2916 82.9544
    endloop
  endfacet
  facet normal 0.0872073 0 0.99619
    outer loop
      vertex 37.5209 30.8916 82.9544
      vertex 37 31.2762 83
      vertex 37 30.8762 83
    endloop
  endfacet
  facet normal -0.258698 -0 -0.965958
    outer loop
      vertex 35.9739 31.993 77.1809
      vertex 36.4791 30.3972 77.0456
      vertex 35.9739 30.343 77.1809
    endloop
  endfacet
  facet normal -0.258698 0 -0.965958
    outer loop
      vertex 36.4791 30.3972 77.0456
      vertex 35.9739 31.993 77.1809
      vertex 36.4791 32.0472 77.0456
    endloop
  endfacet
  facet normal -0.965958 0 0.258698
    outer loop
      vertex 34.0456 32.0336 80.5209
      vertex 34.1809 30.4455 81.0261
      vertex 34.1809 32.0955 81.0261
    endloop
  endfacet
  facet normal -0.965958 0 0.258698
    outer loop
      vertex 34.1809 30.4455 81.0261
      vertex 34.0456 32.0336 80.5209
      vertex 34.0456 30.3836 80.5209
    endloop
  endfacet
  facet normal -0.573616 -0 -0.819124
    outer loop
      vertex 35.0716 31.9207 77.7019
      vertex 35.5 30.3004 77.4019
      vertex 35.0716 30.2707 77.7019
    endloop
  endfacet
  facet normal -0.573616 0 -0.819124
    outer loop
      vertex 35.5 30.3004 77.4019
      vertex 35.0716 31.9207 77.7019
      vertex 35.5 31.9504 77.4019
    endloop
  endfacet
  facet normal -0.99619 0 -0.0872073
    outer loop
      vertex 34.0456 31.9423 79.4791
      vertex 34 30.332 80
      vertex 34 31.982 80
    endloop
  endfacet
  facet normal -0.99619 0 -0.0872073
    outer loop
      vertex 34 30.332 80
      vertex 34.0456 31.9423 79.4791
      vertex 34.0456 30.2923 79.4791
    endloop
  endfacet
  facet normal -0.422645 -0 -0.906295
    outer loop
      vertex 35.5 31.9504 77.4019
      vertex 35.9739 30.343 77.1809
      vertex 35.5 30.3004 77.4019
    endloop
  endfacet
  facet normal -0.422645 0 -0.906295
    outer loop
      vertex 35.9739 30.343 77.1809
      vertex 35.5 31.9504 77.4019
      vertex 35.9739 31.993 77.1809
    endloop
  endfacet
  facet normal -0.707107 6.03734e-15 0.707107
    outer loop
      vertex 35.0716 30.6581 82.2981
      vertex 34.9762 32.3024 82.2027
      vertex 34.7019 32.2426 81.9284
    endloop
  endfacet
  facet normal -0.707107 0 0.707107
    outer loop
      vertex 34.9762 32.3024 82.2027
      vertex 35.0716 30.6581 82.2981
      vertex 35.0716 32.3081 82.2981
    endloop
  endfacet
  facet normal -0.707107 -1.79911e-14 0.707107
    outer loop
      vertex 34.7019 32.2426 81.9284
      vertex 34.9762 30.6524 82.2027
      vertex 35.0716 30.6581 82.2981
    endloop
  endfacet
  facet normal -0.707107 0 0.707107
    outer loop
      vertex 34.9762 30.6524 82.2027
      vertex 34.7019 32.2426 81.9284
      vertex 34.7019 30.5926 81.9284
    endloop
  endfacet
  facet normal -0.819124 0 -0.573616
    outer loop
      vertex 34.7019 30.2547 78.0716
      vertex 34.4019 31.9031 78.5
      vertex 34.7019 31.9048 78.0716
    endloop
  endfacet
  facet normal -0.819124 -0 -0.573616
    outer loop
      vertex 34.4019 31.9031 78.5
      vertex 34.7019 30.2547 78.0716
      vertex 34.4019 30.2531 78.5
    endloop
  endfacet
  facet normal -0.707107 0 -0.707107
    outer loop
      vertex 35.0716 30.2707 77.7019
      vertex 34.7019 31.9048 78.0716
      vertex 35.0716 31.9207 77.7019
    endloop
  endfacet
  facet normal -0.707107 -0 -0.707107
    outer loop
      vertex 34.7019 31.9048 78.0716
      vertex 35.0716 30.2707 77.7019
      vertex 34.7019 30.2547 78.0716
    endloop
  endfacet
  facet normal -0.819124 0 0.573616
    outer loop
      vertex 34.4019 32.1659 81.5
      vertex 34.7019 30.5926 81.9284
      vertex 34.7019 32.2426 81.9284
    endloop
  endfacet
  facet normal -0.819124 0 0.573616
    outer loop
      vertex 34.7019 30.5926 81.9284
      vertex 34.4019 32.1659 81.5
      vertex 34.4019 30.5159 81.5
    endloop
  endfacet
  facet normal -0.906225 5.52005e-05 0.422796
    outer loop
      vertex 34.4019 30.5159 81.5
      vertex 34.2925 32.131 81.2653
      vertex 34.1809 32.0955 81.0261
    endloop
  endfacet
  facet normal -0.906371 0 0.422484
    outer loop
      vertex 34.2925 32.131 81.2653
      vertex 34.4019 30.5159 81.5
      vertex 34.4019 32.1659 81.5
    endloop
  endfacet
  facet normal -0.906316 -1.63927e-05 0.4226
    outer loop
      vertex 34.1809 32.0955 81.0261
      vertex 34.2491 30.4672 81.1723
      vertex 34.4019 30.5159 81.5
    endloop
  endfacet
  facet normal -0.906246 0 0.42275
    outer loop
      vertex 34.2491 30.4672 81.1723
      vertex 34.1809 32.0955 81.0261
      vertex 34.1809 30.4455 81.0261
    endloop
  endfacet
  facet normal -0.258698 0 0.965958
    outer loop
      vertex 35.9739 32.3948 82.8191
      vertex 36.4791 30.807 82.9544
      vertex 36.4791 32.457 82.9544
    endloop
  endfacet
  facet normal -0.258698 0 0.965958
    outer loop
      vertex 36.4791 30.807 82.9544
      vertex 35.9739 32.3948 82.8191
      vertex 35.9739 30.7448 82.8191
    endloop
  endfacet
  facet normal -0.0871725 0 0.996193
    outer loop
      vertex 36.9225 32.5186 82.9932
      vertex 36.4791 32.457 82.9544
      vertex 36.9225 31.2686 82.9932
    endloop
  endfacet
  facet normal -0.0856219 0 0.996328
    outer loop
      vertex 36.9744 31.2758 82.9978
      vertex 37 30.8762 83
      vertex 37 31.2762 83
    endloop
  endfacet
  facet normal -0.0856219 0 0.996328
    outer loop
      vertex 36.9744 31.2758 82.9978
      vertex 36.9744 30.8758 82.9978
      vertex 37 30.8762 83
    endloop
  endfacet
  facet normal -0.0882859 0 0.996095
    outer loop
      vertex 36.9225 31.2686 82.9932
      vertex 36.9744 30.8758 82.9978
      vertex 36.9744 31.2758 82.9978
    endloop
  endfacet
  facet normal -0.0871725 0 0.996193
    outer loop
      vertex 36.4791 30.807 82.9544
      vertex 36.9225 31.2686 82.9932
      vertex 36.4791 32.457 82.9544
    endloop
  endfacet
  facet normal -0.0873072 0.000130327 0.996181
    outer loop
      vertex 36.9225 31.2686 82.9932
      vertex 36.4791 30.807 82.9544
      vertex 36.9744 30.8758 82.9978
    endloop
  endfacet
  facet normal -0.906295 0 -0.422645
    outer loop
      vertex 34.4019 31.9031 78.5
      vertex 34.1809 30.2657 78.9739
      vertex 34.1809 31.9158 78.9739
    endloop
  endfacet
  facet normal -0.906295 0 -0.422645
    outer loop
      vertex 34.1809 30.2657 78.9739
      vertex 34.4019 31.9031 78.5
      vertex 34.4019 30.2531 78.5
    endloop
  endfacet
  facet normal -0.965958 0 -0.258698
    outer loop
      vertex 34.1809 31.9158 78.9739
      vertex 34.0456 30.2923 79.4791
      vertex 34.0456 31.9423 79.4791
    endloop
  endfacet
  facet normal -0.965958 0 -0.258698
    outer loop
      vertex 34.0456 30.2923 79.4791
      vertex 34.1809 31.9158 78.9739
      vertex 34.1809 30.2657 78.9739
    endloop
  endfacet
  facet normal -0.274694 0 0.961532
    outer loop
      vertex 82.2936 29.1715 66.6247
      vertex 82.7658 30.8007 66.7596
      vertex 82.2936 30.8215 66.6247
    endloop
  endfacet
  facet normal -0.274694 0 0.961532
    outer loop
      vertex 82.7658 30.8007 66.7596
      vertex 82.2936 29.1715 66.6247
      vertex 82.7658 29.1507 66.7596
    endloop
  endfacet
  facet normal -0.274727 0 0.961522
    outer loop
      vertex 80.0687 30.7879 65.989
      vertex 82.2936 29.1715 66.6247
      vertex 82.2936 30.8215 66.6247
    endloop
  endfacet
  facet normal -0.274727 0 0.961522
    outer loop
      vertex 80.0687 30.7879 65.989
      vertex 80.0687 29.1379 65.989
      vertex 82.2936 29.1715 66.6247
    endloop
  endfacet
  facet normal -0.27471 0 0.961527
    outer loop
      vertex 75.3855 30.752 64.651
      vertex 80.0687 29.1379 65.989
      vertex 80.0687 30.7879 65.989
    endloop
  endfacet
  facet normal -0.27471 0 0.961527
    outer loop
      vertex 75.3855 30.752 64.651
      vertex 75.3855 29.102 64.651
      vertex 80.0687 29.1379 65.989
    endloop
  endfacet
  facet normal -0.283346 0 0.959018
    outer loop
      vertex 75.3767 30.7518 64.6484
      vertex 75.3855 29.102 64.651
      vertex 75.3855 30.752 64.651
    endloop
  endfacet
  facet normal -0.283346 0 0.959018
    outer loop
      vertex 75.3767 30.7518 64.6484
      vertex 75.3767 29.1018 64.6484
      vertex 75.3855 29.102 64.651
    endloop
  endfacet
  facet normal -0.274717 0 0.961525
    outer loop
      vertex 72.2494 30.6593 63.7549
      vertex 75.3767 29.1018 64.6484
      vertex 75.3767 30.7518 64.6484
    endloop
  endfacet
  facet normal -0.274717 0 0.961525
    outer loop
      vertex 75.3767 29.1018 64.6484
      vertex 72.2494 30.6593 63.7549
      vertex 72.2494 29.0093 63.7549
    endloop
  endfacet
  facet normal -0.274709 0 0.961527
    outer loop
      vertex 69.1136 29.077 62.859
      vertex 72.2494 30.6593 63.7549
      vertex 69.1136 30.727 62.859
    endloop
  endfacet
  facet normal -0.274709 0 0.961527
    outer loop
      vertex 72.2494 30.6593 63.7549
      vertex 69.1136 29.077 62.859
      vertex 72.2494 29.0093 63.7549
    endloop
  endfacet
  facet normal -0.273277 0 0.961935
    outer loop
      vertex 69.1048 30.7268 62.8565
      vertex 69.1136 29.077 62.859
      vertex 69.1136 30.727 62.859
    endloop
  endfacet
  facet normal -0.273277 0 0.961935
    outer loop
      vertex 69.1048 30.7268 62.8565
      vertex 69.1048 29.0768 62.8565
      vertex 69.1136 29.077 62.859
    endloop
  endfacet
  facet normal -0.274721 0 0.961524
    outer loop
      vertex 64.6626 30.599 61.5873
      vertex 69.1048 29.0768 62.8565
      vertex 69.1048 30.7268 62.8565
    endloop
  endfacet
  facet normal -0.274721 0 0.961524
    outer loop
      vertex 64.6626 30.599 61.5873
      vertex 64.6626 28.949 61.5873
      vertex 69.1048 29.0768 62.8565
    endloop
  endfacet
  facet normal -0.27477 0 0.96151
    outer loop
      vertex 63.0893 28.9718 61.1377
      vertex 64.6626 30.599 61.5873
      vertex 63.0893 30.6218 61.1377
    endloop
  endfacet
  facet normal -0.27477 0 0.96151
    outer loop
      vertex 64.6626 30.599 61.5873
      vertex 63.0893 28.9718 61.1377
      vertex 64.6626 28.949 61.5873
    endloop
  endfacet
  facet normal -0.274654 0 0.961543
    outer loop
      vertex 62.8992 30.6244 61.0834
      vertex 63.0893 28.9718 61.1377
      vertex 63.0893 30.6218 61.1377
    endloop
  endfacet
  facet normal -0.274664 -1.17207e-06 0.96154
    outer loop
      vertex 62.8992 30.6244 61.0834
      vertex 62.6468 28.9778 61.0113
      vertex 63.0893 28.9718 61.1377
    endloop
  endfacet
  facet normal -0.274698 4.53277e-06 0.961531
    outer loop
      vertex 62.3451 30.6319 60.9251
      vertex 62.6468 28.9778 61.0113
      vertex 62.8992 30.6244 61.0834
    endloop
  endfacet
  facet normal -0.274383 6.67303e-05 0.961621
    outer loop
      vertex 62.6468 28.9778 61.0113
      vertex 62.3451 30.6319 60.9251
      vertex 62.4586 28.9803 60.9576
    endloop
  endfacet
  facet normal -0.274726 0 0.961523
    outer loop
      vertex 57.3248 28.8716 59.4907
      vertex 62.3451 30.6319 60.9251
      vertex 57.3248 30.5255 59.4907
    endloop
  endfacet
  facet normal -0.274739 4.02382e-05 0.961519
    outer loop
      vertex 62.3451 30.6319 60.9251
      vertex 57.3248 28.8716 59.4907
      vertex 62.4586 28.9803 60.9576
    endloop
  endfacet
  facet normal -0.274708 0 0.961528
    outer loop
      vertex 50.8015 30.4895 57.627
      vertex 57.3248 28.8716 59.4907
      vertex 57.3248 30.5255 59.4907
    endloop
  endfacet
  facet normal -0.274715 -3.37723e-05 0.961526
    outer loop
      vertex 50.8015 30.4895 57.627
      vertex 50.654 28.8348 57.5848
      vertex 57.3248 28.8716 59.4907
    endloop
  endfacet
  facet normal -0.274767 -2.87662e-05 0.961511
    outer loop
      vertex 50.2542 30.4818 57.4706
      vertex 50.654 28.8348 57.5848
      vertex 50.8015 30.4895 57.627
    endloop
  endfacet
  facet normal -0.274658 0 0.961542
    outer loop
      vertex 50.2542 30.4818 57.4706
      vertex 50.2542 28.8291 57.4706
      vertex 50.654 28.8348 57.5848
    endloop
  endfacet
  facet normal -0.274738 0 0.961519
    outer loop
      vertex 50.2542 30.4818 57.4706
      vertex 47.9867 28.8423 56.8227
      vertex 50.2542 28.8291 57.4706
    endloop
  endfacet
  facet normal -0.274737 -6.50316e-07 0.961519
    outer loop
      vertex 47.1499 30.4999 56.5836
      vertex 47.9867 28.8423 56.8227
      vertex 50.2542 30.4818 57.4706
    endloop
  endfacet
  facet normal -0.274698 2.07418e-05 0.96153
    outer loop
      vertex 45.5506 30.4155 56.1267
      vertex 47.9867 28.8423 56.8227
      vertex 47.1499 30.4999 56.5836
    endloop
  endfacet
  facet normal -0.274718 -1.1676e-05 0.961525
    outer loop
      vertex 45.5506 30.4155 56.1267
      vertex 43.5854 28.6101 55.5652
      vertex 47.9867 28.8423 56.8227
    endloop
  endfacet
  facet normal -0.274747 2.24097e-05 0.961517
    outer loop
      vertex 43.469 30.3057 55.5319
      vertex 43.5854 28.6101 55.5652
      vertex 45.5506 30.4155 56.1267
    endloop
  endfacet
  facet normal -0.26966 0.000399887 0.962956
    outer loop
      vertex 43.459 30.3049 55.5291
      vertex 43.5854 28.6101 55.5652
      vertex 43.469 30.3057 55.5319
    endloop
  endfacet
  facet normal -0.275045 -3.41981e-05 0.961431
    outer loop
      vertex 43.5854 28.6101 55.5652
      vertex 43.459 30.3049 55.5291
      vertex 43.469 28.5961 55.5319
    endloop
  endfacet
  facet normal -0.26963 0 0.962964
    outer loop
      vertex 43.459 30.3049 55.5291
      vertex 43.459 28.5947 55.5291
      vertex 43.469 28.5961 55.5319
    endloop
  endfacet
  facet normal -0.27469 0 0.961533
    outer loop
      vertex 42.2461 30.1231 55.1826
      vertex 43.459 28.5947 55.5291
      vertex 43.459 30.3049 55.5291
    endloop
  endfacet
  facet normal -0.274721 -2.70628e-05 0.961524
    outer loop
      vertex 42.2461 30.1231 55.1826
      vertex 41.3433 28.0971 54.9246
      vertex 43.459 28.5947 55.5291
    endloop
  endfacet
  facet normal -0.274728 -2.39205e-05 0.961522
    outer loop
      vertex 42.2461 30.1231 55.1826
      vertex 40.2706 27.8448 54.6181
      vertex 41.3433 28.0971 54.9246
    endloop
  endfacet
  facet normal -0.274737 -1.48138e-05 0.961519
    outer loop
      vertex 38.3523 29.2072 54.07
      vertex 40.2706 27.8448 54.6181
      vertex 42.2461 30.1231 55.1826
    endloop
  endfacet
  facet normal -0.274754 2.17201e-05 0.961515
    outer loop
      vertex 37.2991 26.8469 53.7691
      vertex 38.3523 29.2072 54.07
      vertex 37.8676 29.0444 53.9315
    endloop
  endfacet
  facet normal -0.274723 6.8454e-06 0.961523
    outer loop
      vertex 38.3523 29.2072 54.07
      vertex 37.2991 26.8469 53.7691
      vertex 40.2706 27.8448 54.6181
    endloop
  endfacet
  facet normal -0.274616 -1.68082e-05 0.961554
    outer loop
      vertex 36.9744 28.7445 53.6764
      vertex 37.2991 26.8469 53.7691
      vertex 37.8676 29.0444 53.9315
    endloop
  endfacet
  facet normal -0.274526 0 0.96158
    outer loop
      vertex 36.9744 28.7445 53.6764
      vertex 36.9744 26.696 53.6764
      vertex 37.2991 26.8469 53.7691
    endloop
  endfacet
  facet normal -0.274738 0 0.961519
    outer loop
      vertex 35.4562 27.8871 53.2426
      vertex 36.9744 26.696 53.6764
      vertex 36.9744 28.7445 53.6764
    endloop
  endfacet
  facet normal -0.27475 -1.64219e-05 0.961516
    outer loop
      vertex 35.4562 27.8871 53.2426
      vertex 35.386 25.5102 53.2225
      vertex 36.9744 26.696 53.6764
    endloop
  endfacet
  facet normal -0.274752 -1.63492e-05 0.961515
    outer loop
      vertex 34.2524 26.9885 52.8986
      vertex 35.386 25.5102 53.2225
      vertex 35.4562 27.8871 53.2426
    endloop
  endfacet
  facet normal -0.27458 0.000126155 0.961564
    outer loop
      vertex 33.9739 26.7805 52.8191
      vertex 35.386 25.5102 53.2225
      vertex 34.2524 26.9885 52.8986
    endloop
  endfacet
  facet normal -0.274702 -2.04166e-05 0.961529
    outer loop
      vertex 35.386 25.5102 53.2225
      vertex 33.9739 26.7805 52.8191
      vertex 34.8869 25.008 53.0799
    endloop
  endfacet
  facet normal -0.274665 0 0.96154
    outer loop
      vertex 34.8869 25.008 53.0799
      vertex 33.9739 26.7805 52.8191
      vertex 33.9739 24.0892 52.8191
    endloop
  endfacet
  facet normal 0.422645 0 -0.906295
    outer loop
      vertex 92.0261 28.6154 63.1809
      vertex 92.5 30.2338 63.4019
      vertex 92.5 28.5838 63.4019
    endloop
  endfacet
  facet normal 0.422645 0 -0.906295
    outer loop
      vertex 92.5 30.2338 63.4019
      vertex 92.0261 28.6154 63.1809
      vertex 92.0261 30.2654 63.1809
    endloop
  endfacet
  facet normal 0.99619 0 -0.0872073
    outer loop
      vertex 94 28.5134 66
      vertex 93.9544 30.1586 65.4791
      vertex 94 30.1634 66
    endloop
  endfacet
  facet normal 0.99619 0 -0.0872073
    outer loop
      vertex 93.9544 30.1586 65.4791
      vertex 94 28.5134 66
      vertex 93.9544 28.5086 65.4791
    endloop
  endfacet
  facet normal 0.573616 0 -0.819124
    outer loop
      vertex 92.5 28.5838 63.4019
      vertex 92.9284 30.2068 63.7019
      vertex 92.9284 28.5568 63.7019
    endloop
  endfacet
  facet normal 0.573616 0 -0.819124
    outer loop
      vertex 92.9284 30.2068 63.7019
      vertex 92.5 28.5838 63.4019
      vertex 92.5 30.2338 63.4019
    endloop
  endfacet
  facet normal 0.274734 0 -0.96152
    outer loop
      vertex 40.5019 20.1019 48.4597
      vertex 44.5638 20.1613 49.6203
      vertex 44.5638 0 49.6203
    endloop
  endfacet
  facet normal 0.274733 6.62193e-05 -0.961521
    outer loop
      vertex 40.6634 20.901 48.5059
      vertex 44.5638 20.1613 49.6203
      vertex 40.5019 20.1019 48.4597
    endloop
  endfacet
  facet normal 0.275146 6.31548e-05 -0.961402
    outer loop
      vertex 44.5638 20.1613 49.6203
      vertex 43.7834 25.4117 49.3973
      vertex 43.8924 25.4875 49.4285
    endloop
  endfacet
  facet normal 0.274712 -5.01823e-05 -0.961526
    outer loop
      vertex 40.8764 21.9555 48.5667
      vertex 44.5638 20.1613 49.6203
      vertex 40.6634 20.901 48.5059
    endloop
  endfacet
  facet normal 0.27476 9.61917e-07 -0.961513
    outer loop
      vertex 44.5638 20.1613 49.6203
      vertex 43.459 25.1862 49.3046
      vertex 43.7834 25.4117 49.3973
    endloop
  endfacet
  facet normal 0.274729 -1.28175e-05 -0.961522
    outer loop
      vertex 44.5638 20.1613 49.6203
      vertex 40.8764 21.9555 48.5667
      vertex 41.9884 23.7788 48.8844
    endloop
  endfacet
  facet normal 0.274734 0 -0.96152
    outer loop
      vertex 40.5019 20.1019 48.4597
      vertex 44.5638 0 49.6203
      vertex 40.5019 0 48.4597
    endloop
  endfacet
  facet normal 0.274741 -3.38189e-06 -0.961518
    outer loop
      vertex 44.5638 20.1613 49.6203
      vertex 41.9884 23.7788 48.8844
      vertex 43.459 25.1862 49.3046
    endloop
  endfacet
  facet normal 0.274721 0 -0.961524
    outer loop
      vertex 91.576 28.6467 63.0523
      vertex 92.0261 30.2654 63.1809
      vertex 92.0261 28.6154 63.1809
    endloop
  endfacet
  facet normal 0.274721 0 -0.961524
    outer loop
      vertex 91.576 28.6467 63.0523
      vertex 91.576 30.2967 63.0523
      vertex 92.0261 30.2654 63.1809
    endloop
  endfacet
  facet normal 0.274717 0 -0.961525
    outer loop
      vertex 88.0931 28.6997 62.0572
      vertex 91.576 30.2967 63.0523
      vertex 91.576 28.6467 63.0523
    endloop
  endfacet
  facet normal 0.274717 0 -0.961525
    outer loop
      vertex 88.0931 28.6997 62.0572
      vertex 88.0931 30.3497 62.0572
      vertex 91.576 30.2967 63.0523
    endloop
  endfacet
  facet normal 0.274707 0 -0.961528
    outer loop
      vertex 84.5621 28.8554 61.0484
      vertex 88.0931 30.3497 62.0572
      vertex 88.0931 28.6997 62.0572
    endloop
  endfacet
  facet normal 0.274707 0 -0.961528
    outer loop
      vertex 84.5621 28.8554 61.0484
      vertex 84.5621 30.5054 61.0484
      vertex 88.0931 30.3497 62.0572
    endloop
  endfacet
  facet normal 0.274735 0 -0.96152
    outer loop
      vertex 80.0687 30.4375 59.7645
      vertex 84.5621 28.8554 61.0484
      vertex 80.0687 28.7875 59.7645
    endloop
  endfacet
  facet normal 0.274735 0 -0.96152
    outer loop
      vertex 84.5621 28.8554 61.0484
      vertex 80.0687 30.4375 59.7645
      vertex 84.5621 30.5054 61.0484
    endloop
  endfacet
  facet normal 0.274715 0 -0.961526
    outer loop
      vertex 77.8906 30.4208 59.1422
      vertex 80.0687 28.7875 59.7645
      vertex 77.8906 28.7708 59.1422
    endloop
  endfacet
  facet normal 0.274715 0 -0.961526
    outer loop
      vertex 80.0687 28.7875 59.7645
      vertex 77.8906 30.4208 59.1422
      vertex 80.0687 30.4375 59.7645
    endloop
  endfacet
  facet normal 0.273277 0 -0.961935
    outer loop
      vertex 77.8818 30.4206 59.1397
      vertex 77.8906 28.7708 59.1422
      vertex 77.8818 28.7706 59.1397
    endloop
  endfacet
  facet normal 0.273277 0 -0.961935
    outer loop
      vertex 77.8906 28.7708 59.1422
      vertex 77.8818 30.4206 59.1397
      vertex 77.8906 30.4208 59.1422
    endloop
  endfacet
  facet normal 0.274712 0 -0.961527
    outer loop
      vertex 72.2494 30.2539 57.5305
      vertex 77.8818 28.7706 59.1397
      vertex 72.2494 28.6039 57.5305
    endloop
  endfacet
  facet normal 0.274712 0 -0.961527
    outer loop
      vertex 77.8818 28.7706 59.1397
      vertex 72.2494 30.2539 57.5305
      vertex 77.8818 30.4206 59.1397
    endloop
  endfacet
  facet normal 0.274901 0 -0.961472
    outer loop
      vertex 71.8262 28.6131 57.4095
      vertex 72.2494 30.2539 57.5305
      vertex 72.2494 28.6039 57.5305
    endloop
  endfacet
  facet normal 0.274901 0 -0.961472
    outer loop
      vertex 71.8262 28.6131 57.4095
      vertex 71.8262 30.2631 57.4095
      vertex 72.2494 30.2539 57.5305
    endloop
  endfacet
  facet normal 0.273277 0 -0.961935
    outer loop
      vertex 71.8174 30.2629 57.407
      vertex 71.8262 28.6131 57.4095
      vertex 71.8174 28.6128 57.407
    endloop
  endfacet
  facet normal 0.273277 0 -0.961935
    outer loop
      vertex 71.8262 28.6131 57.4095
      vertex 71.8174 30.2629 57.407
      vertex 71.8262 30.2631 57.4095
    endloop
  endfacet
  facet normal 0.274728 0 -0.961522
    outer loop
      vertex 69.9271 30.2085 56.8669
      vertex 71.8174 28.6128 57.407
      vertex 69.9271 28.5584 56.8669
    endloop
  endfacet
  facet normal 0.274728 0 -0.961522
    outer loop
      vertex 71.8174 28.6128 57.407
      vertex 69.9271 30.2085 56.8669
      vertex 71.8174 30.2629 57.407
    endloop
  endfacet
  facet normal 0.274721 0 -0.961524
    outer loop
      vertex 69.9271 28.5584 56.8669
      vertex 67.9979 30.1526 56.3157
      vertex 69.9271 30.2085 56.8669
    endloop
  endfacet
  facet normal 0.274711 -1.30367e-05 -0.961527
    outer loop
      vertex 66.2313 28.4515 55.811
      vertex 67.9979 30.1526 56.3157
      vertex 69.9271 28.5584 56.8669
    endloop
  endfacet
  facet normal 0.274722 -2.49757e-05 -0.961524
    outer loop
      vertex 66.2313 28.4515 55.811
      vertex 65.55 30.0817 55.6163
      vertex 67.9979 30.1526 56.3157
    endloop
  endfacet
  facet normal 0.274716 -2.77032e-05 -0.961525
    outer loop
      vertex 64.6538 28.2861 55.3603
      vertex 65.55 30.0817 55.6163
      vertex 66.2313 28.4515 55.811
    endloop
  endfacet
  facet normal 0.274664 0 -0.96154
    outer loop
      vertex 64.6538 28.2861 55.3603
      vertex 64.6538 29.9878 55.3603
      vertex 65.55 30.0817 55.6163
    endloop
  endfacet
  facet normal 0.274731 0 -0.961521
    outer loop
      vertex 62.0702 28.0908 54.6221
      vertex 64.6538 29.9878 55.3603
      vertex 64.6538 28.2861 55.3603
    endloop
  endfacet
  facet normal 0.29252 0.0213323 -0.956022
    outer loop
      vertex 60.3408 29.6618 54.128
      vertex 62.0702 28.0908 54.6221
      vertex 62.0689 28.0907 54.6217
    endloop
  endfacet
  facet normal 0.274723 1.13085e-05 -0.961523
    outer loop
      vertex 62.0702 28.0908 54.6221
      vertex 60.3408 29.6618 54.128
      vertex 64.6538 29.9878 55.3603
    endloop
  endfacet
  facet normal 0.274693 -6.94214e-06 -0.961532
    outer loop
      vertex 60.304 27.843 54.1175
      vertex 60.3408 29.6618 54.128
      vertex 62.0689 28.0907 54.6217
    endloop
  endfacet
  facet normal 0.316297 -0.000923024 -0.94866
    outer loop
      vertex 60.3408 29.6618 54.128
      vertex 60.304 27.843 54.1175
      vertex 60.3396 29.6617 54.1276
    endloop
  endfacet
  facet normal 0.274685 -3.70014e-05 -0.961534
    outer loop
      vertex 60.304 27.843 54.1175
      vertex 59.0948 29.487 53.772
      vertex 60.3396 29.6617 54.1276
    endloop
  endfacet
  facet normal 0.274718 -1.11399e-05 -0.961525
    outer loop
      vertex 57.736 27.4827 53.3838
      vertex 59.0948 29.487 53.772
      vertex 60.304 27.843 54.1175
    endloop
  endfacet
  facet normal 0.274715 -9.35413e-06 -0.961526
    outer loop
      vertex 57.736 27.4827 53.3838
      vertex 57.3185 29.2377 53.2645
      vertex 59.0948 29.487 53.772
    endloop
  endfacet
  facet normal 0.274837 2.20667e-05 -0.961491
    outer loop
      vertex 57.3148 27.3914 53.2634
      vertex 57.3185 29.2377 53.2645
      vertex 57.736 27.4827 53.3838
    endloop
  endfacet
  facet normal 0.274712 2.23387e-05 -0.961526
    outer loop
      vertex 57.3148 27.3914 53.2634
      vertex 55.2846 28.9752 52.6834
      vertex 57.3185 29.2377 53.2645
    endloop
  endfacet
  facet normal 0.274713 2.32593e-05 -0.961526
    outer loop
      vertex 53.9446 26.6897 52.3005
      vertex 55.2846 28.9752 52.6834
      vertex 57.3148 27.3914 53.2634
    endloop
  endfacet
  facet normal 0.319536 -0.0286667 -0.947141
    outer loop
      vertex 55.2846 28.9752 52.6834
      vertex 53.9446 26.6897 52.3005
      vertex 55.2831 28.975 52.6829
    endloop
  endfacet
  facet normal 0.274721 -1.16423e-05 -0.961524
    outer loop
      vertex 53.9446 26.6897 52.3005
      vertex 50.8104 28.0437 51.405
      vertex 55.2831 28.975 52.6829
    endloop
  endfacet
  facet normal 0.274718 -1.72714e-05 -0.961525
    outer loop
      vertex 50.6846 25.6802 51.3691
      vertex 50.8104 28.0437 51.405
      vertex 53.9446 26.6897 52.3005
    endloop
  endfacet
  facet normal 0.275202 0.000117188 -0.961386
    outer loop
      vertex 50.2442 27.8684 51.2433
      vertex 50.6846 25.6802 51.3691
      vertex 50.5648 25.6257 51.3348
    endloop
  endfacet
  facet normal 0.274444 0 -0.961603
    outer loop
      vertex 50.2442 27.8684 51.2433
      vertex 50.5648 25.6257 51.3348
      vertex 50.2442 25.48 51.2433
    endloop
  endfacet
  facet normal 0.274612 -1.11632e-05 -0.961555
    outer loop
      vertex 50.6846 25.6802 51.3691
      vertex 50.2442 27.8684 51.2433
      vertex 50.8104 28.0437 51.405
    endloop
  endfacet
  facet normal 0.274733 2.86626e-05 -0.961521
    outer loop
      vertex 46.9878 26.8804 50.3129
      vertex 50.2442 25.48 51.2433
      vertex 48.066 24.4998 50.6209
    endloop
  endfacet
  facet normal 0.274721 0 -0.961524
    outer loop
      vertex 50.2442 25.48 51.2433
      vertex 46.9878 26.8804 50.3129
      vertex 50.2442 27.8684 51.2433
    endloop
  endfacet
  facet normal 0.27471 1.7553e-05 -0.961527
    outer loop
      vertex 46.1403 23.161 50.0707
      vertex 46.9878 26.8804 50.3129
      vertex 48.066 24.4998 50.6209
    endloop
  endfacet
  facet normal 0.274719 2.09945e-05 -0.961525
    outer loop
      vertex 43.8924 25.4875 49.4285
      vertex 46.1403 23.161 50.0707
      vertex 44.9609 21.7 49.7337
    endloop
  endfacet
  facet normal 0.274627 -7.6459e-06 -0.961551
    outer loop
      vertex 43.8924 25.4875 49.4285
      vertex 44.8779 21.3783 49.71
      vertex 44.5638 20.1613 49.6203
    endloop
  endfacet
  facet normal 0.274714 1.64601e-05 -0.961526
    outer loop
      vertex 46.1403 23.161 50.0707
      vertex 43.8924 25.4875 49.4285
      vertex 46.9878 26.8804 50.3129
    endloop
  endfacet
  facet normal 0.274611 -1.19081e-05 -0.961555
    outer loop
      vertex 44.8779 21.3783 49.71
      vertex 43.8924 25.4875 49.4285
      vertex 44.9609 21.7 49.7337
    endloop
  endfacet
  facet normal 0.906295 0 -0.422645
    outer loop
      vertex 93.8191 30.1607 64.9739
      vertex 93.5981 28.5197 64.5
      vertex 93.5981 30.1697 64.5
    endloop
  endfacet
  facet normal 0.906295 0 -0.422645
    outer loop
      vertex 93.5981 28.5197 64.5
      vertex 93.8191 30.1607 64.9739
      vertex 93.8191 28.5107 64.9739
    endloop
  endfacet
  facet normal 0.99619 -0 0.0872073
    outer loop
      vertex 93.9544 28.5249 66.5209
      vertex 94 30.1634 66
      vertex 93.9544 30.1749 66.5209
    endloop
  endfacet
  facet normal 0.99619 0 0.0872073
    outer loop
      vertex 94 30.1634 66
      vertex 93.9544 28.5249 66.5209
      vertex 94 28.5134 66
    endloop
  endfacet
  facet normal 0.819124 0 -0.573616
    outer loop
      vertex 93.5981 30.1697 64.5
      vertex 93.2981 28.5352 64.0716
      vertex 93.2981 30.1852 64.0716
    endloop
  endfacet
  facet normal 0.819124 0 -0.573616
    outer loop
      vertex 93.2981 28.5352 64.0716
      vertex 93.5981 30.1697 64.5
      vertex 93.5981 28.5197 64.5
    endloop
  endfacet
  facet normal 0.965963 -0 0.258679
    outer loop
      vertex 93.8261 28.5419 67
      vertex 93.9544 30.1749 66.5209
      vertex 93.8261 30.1919 67
    endloop
  endfacet
  facet normal 0.965963 0 0.258679
    outer loop
      vertex 93.9544 30.1749 66.5209
      vertex 93.8261 28.5419 67
      vertex 93.9544 28.5249 66.5209
    endloop
  endfacet
  facet normal 0.707107 0 -0.707107
    outer loop
      vertex 93.2981 30.1852 64.0716
      vertex 92.9284 28.5568 63.7019
      vertex 92.9284 30.2068 63.7019
    endloop
  endfacet
  facet normal 0.707107 0 -0.707107
    outer loop
      vertex 92.9284 28.5568 63.7019
      vertex 93.2981 30.1852 64.0716
      vertex 93.2981 28.5352 64.0716
    endloop
  endfacet
  facet normal 0.965958 0 -0.258698
    outer loop
      vertex 93.9544 30.1586 65.4791
      vertex 93.8191 28.5107 64.9739
      vertex 93.8191 30.1607 64.9739
    endloop
  endfacet
  facet normal 0.965958 0 -0.258698
    outer loop
      vertex 93.8191 28.5107 64.9739
      vertex 93.9544 30.1586 65.4791
      vertex 93.9544 28.5086 65.4791
    endloop
  endfacet
  facet normal 0 -1 0
    outer loop
      vertex 32.4019 0 51.5
      vertex 32.7485 0 51.9749
      vertex 32.7019 0 51.9284
    endloop
  endfacet
  facet normal 0 -1 0
    outer loop
      vertex 36.9744 0 50.619
      vertex 32.4019 0 51.5
      vertex 32.1809 0 51.0261
    endloop
  endfacet
  facet normal 0 -1 0
    outer loop
      vertex 32.4019 0 51.5
      vertex 36.9744 0 50.619
      vertex 32.7485 0 51.9749
    endloop
  endfacet
  facet normal 0 -1 0
    outer loop
      vertex 32.0529 0 50.5481
      vertex 36.9744 0 50.619
      vertex 32.1809 0 51.0261
    endloop
  endfacet
  facet normal 0 -1 0
    outer loop
      vertex 36.9744 0 48.969
      vertex 36.9744 0 50.619
      vertex 32.0529 0 50.5481
    endloop
  endfacet
  facet normal 0 -1 0
    outer loop
      vertex 40.5019 0 48.4597
      vertex 36.9744 0 50.619
      vertex 36.9744 0 48.969
    endloop
  endfacet
  facet normal 0 -1 0
    outer loop
      vertex 36.9744 0 50.619
      vertex 40.5019 0 48.4597
      vertex 43.459 0 49.6829
    endloop
  endfacet
  facet normal 0 -1 -0
    outer loop
      vertex 43.459 0 49.6829
      vertex 40.5019 0 48.4597
      vertex 44.5638 0 49.6203
    endloop
  endfacet
  facet normal -0.574769 0 0.818316
    outer loop
      vertex 33.4664 26.3021 52.5745
      vertex 33.5 23.2503 52.5981
      vertex 33.5 26.3411 52.5981
    endloop
  endfacet
  facet normal -0.57354 2.02047e-05 0.819178
    outer loop
      vertex 33.0716 25.6712 52.2981
      vertex 33.5 23.2503 52.5981
      vertex 33.4664 26.3021 52.5745
    endloop
  endfacet
  facet normal -0.573679 -1.64631e-05 0.81908
    outer loop
      vertex 33.5 23.2503 52.5981
      vertex 33.0716 25.6712 52.2981
      vertex 33.1822 22.5098 52.3755
    endloop
  endfacet
  facet normal -0.573363 0 0.819302
    outer loop
      vertex 33.1822 22.5098 52.3755
      vertex 33.0716 25.6712 52.2981
      vertex 33.0716 22.0731 52.2981
    endloop
  endfacet
  facet normal -0.818992 -0.000114769 0.573804
    outer loop
      vertex 32.4019 23.8755 51.5
      vertex 32.7019 24.9219 51.9284
      vertex 32.6056 24.668 51.7909
    endloop
  endfacet
  facet normal -0.819124 0 0.573616
    outer loop
      vertex 32.7019 0 51.9284
      vertex 32.4019 23.8755 51.5
      vertex 32.4019 0 51.5
    endloop
  endfacet
  facet normal -0.819124 0 0.573616
    outer loop
      vertex 32.4019 23.8755 51.5
      vertex 32.7019 0 51.9284
      vertex 32.7019 24.9219 51.9284
    endloop
  endfacet
  facet normal -0.965928 -2.88154e-05 0.258812
    outer loop
      vertex 32.061 19.6667 50.5783
      vertex 32.1809 22.4852 51.0261
      vertex 32.0926 21.1369 50.6964
    endloop
  endfacet
  facet normal -0.966086 7.19065e-05 0.25822
    outer loop
      vertex 32.0529 19.2906 50.5481
      vertex 32.1809 22.4852 51.0261
      vertex 32.061 19.6667 50.5783
    endloop
  endfacet
  facet normal -0.965966 0 0.258669
    outer loop
      vertex 32.1809 0 51.0261
      vertex 32.0529 19.2906 50.5481
      vertex 32.0529 0 50.5481
    endloop
  endfacet
  facet normal -0.965966 0 0.258669
    outer loop
      vertex 32.0529 19.2906 50.5481
      vertex 32.1809 0 51.0261
      vertex 32.1809 22.4852 51.0261
    endloop
  endfacet
  facet normal -0.422645 0 0.906295
    outer loop
      vertex 33.5 26.3411 52.5981
      vertex 33.9739 24.0892 52.8191
      vertex 33.9739 26.7805 52.8191
    endloop
  endfacet
  facet normal -0.423077 -0.000110728 0.906094
    outer loop
      vertex 33.9739 24.0892 52.8191
      vertex 33.5 26.3411 52.5981
      vertex 33.9253 24.0278 52.7964
    endloop
  endfacet
  facet normal -0.42271 -2.85341e-05 0.906265
    outer loop
      vertex 33.9253 24.0278 52.7964
      vertex 33.5 26.3411 52.5981
      vertex 33.5523 23.3458 52.6224
    endloop
  endfacet
  facet normal -0.421366 0 0.906891
    outer loop
      vertex 33.5523 23.3458 52.6224
      vertex 33.5 26.3411 52.5981
      vertex 33.5 23.2503 52.5981
    endloop
  endfacet
  facet normal -0.906436 0.000125002 0.422343
    outer loop
      vertex 32.1809 22.4852 51.0261
      vertex 32.4019 23.8755 51.5
      vertex 32.2297 22.9408 51.1307
    endloop
  endfacet
  facet normal -0.906295 0 0.422645
    outer loop
      vertex 32.4019 0 51.5
      vertex 32.1809 22.4852 51.0261
      vertex 32.1809 0 51.0261
    endloop
  endfacet
  facet normal -0.906295 0 0.422645
    outer loop
      vertex 32.1809 22.4852 51.0261
      vertex 32.4019 0 51.5
      vertex 32.4019 23.8755 51.5
    endloop
  endfacet
  facet normal -0.707107 0 0.707107
    outer loop
      vertex 32.7019 24.9219 51.9284
      vertex 33.0716 22.0731 52.2981
      vertex 33.0716 25.6712 52.2981
    endloop
  endfacet
  facet normal -0.707107 0 0.707107
    outer loop
      vertex 32.7019 24.9219 51.9284
      vertex 32.8514 20.9566 52.0779
      vertex 33.0716 22.0731 52.2981
    endloop
  endfacet
  facet normal -0.707325 -1.64473e-05 0.706889
    outer loop
      vertex 32.7019 24.9219 51.9284
      vertex 32.7485 19.388 51.9749
      vertex 32.8514 20.9566 52.0779
    endloop
  endfacet
  facet normal -0.706347 0 0.707866
    outer loop
      vertex 32.7019 0 51.9284
      vertex 32.7485 19.388 51.9749
      vertex 32.7019 24.9219 51.9284
    endloop
  endfacet
  facet normal -0.706347 0 0.707866
    outer loop
      vertex 32.7485 19.388 51.9749
      vertex 32.7019 0 51.9284
      vertex 32.7485 0 51.9749
    endloop
  endfacet
  facet normal 0.133365 0.968611 0.209779
    outer loop
      vertex 64.6592 30.5424 79.2571
      vertex 58.0943 31.6953 78.1074
      vertex 59.1054 31.0295 80.5388
    endloop
  endfacet
  facet normal 0.133359 0.968605 0.209809
    outer loop
      vertex 58.0943 31.6953 78.1074
      vertex 64.6592 30.5424 79.2571
      vertex 64.6592 31.1196 76.5924
    endloop
  endfacet
  facet normal 0.0472414 0.985854 0.160814
    outer loop
      vertex 72.2454 30.7514 77.5065
      vertex 65.5569 31.2548 76.3853
      vertex 66.4357 30.8111 78.8472
    endloop
  endfacet
  facet normal 0.0472459 0.985857 0.160789
    outer loop
      vertex 65.5569 31.2548 76.3853
      vertex 72.2454 30.7514 77.5065
      vertex 72.2454 31.186 74.8418
    endloop
  endfacet
  facet normal -0.0990885 0.972525 0.210658
    outer loop
      vertex 66.4265 30.8108 78.8493
      vertex 64.6592 31.1196 76.5924
      vertex 64.6592 30.5424 79.2571
    endloop
  endfacet
  facet normal -0.098969 0.972556 0.210569
    outer loop
      vertex 64.6592 31.1196 76.5924
      vertex 66.4265 30.8108 78.8493
      vertex 65.5477 31.2544 76.3874
    endloop
  endfacet
  facet normal 0.00776583 0.984595 0.174678
    outer loop
      vertex 65.5569 31.2548 76.3853
      vertex 66.4265 30.8108 78.8493
      vertex 66.4357 30.8111 78.8472
    endloop
  endfacet
  facet normal -0.00213716 0.984016 0.178069
    outer loop
      vertex 66.4265 30.8108 78.8493
      vertex 65.5569 31.2548 76.3853
      vertex 65.5477 31.2544 76.3874
    endloop
  endfacet
  facet normal 0 0.996198 0.0871203
    outer loop
      vertex 80.0687 31.3493 74.1776
      vertex 80.0587 31.4489 73.0387
      vertex 80.0587 31.3493 74.1776
    endloop
  endfacet
  facet normal 0.000113482 0.996198 0.0871193
    outer loop
      vertex 80.0587 31.4489 73.0387
      vertex 80.0687 31.3493 74.1776
      vertex 80.0687 31.4491 73.0364
    endloop
  endfacet
  facet normal -0.0772731 0.984009 0.160487
    outer loop
      vertex 73.3395 30.8785 77.254
      vertex 72.2454 31.186 74.8418
      vertex 72.2454 30.7514 77.5065
    endloop
  endfacet
  facet normal -0.0774636 0.98398 0.16057
    outer loop
      vertex 72.2454 31.186 74.8418
      vertex 73.3395 30.8785 77.254
      vertex 72.5857 31.2256 74.7633
    endloop
  endfacet
  facet normal -0.00171706 0.996196 0.0871202
    outer loop
      vertex 80.0587 31.4489 73.0387
      vertex 76.2789 31.3661 73.911
      vertex 80.0587 31.3493 74.1776
    endloop
  endfacet
  facet normal -0.00544181 0.990187 0.139641
    outer loop
      vertex 76.2789 31.3661 73.911
      vertex 73.3395 30.8785 77.254
      vertex 80.0587 31.1341 75.7034
    endloop
  endfacet
  facet normal -0.00544931 0.990185 0.139656
    outer loop
      vertex 76.2789 31.3661 73.911
      vertex 80.0587 31.1341 75.7034
      vertex 80.0587 31.3493 74.1776
    endloop
  endfacet
  facet normal -0.00544441 0.990188 0.139639
    outer loop
      vertex 73.3395 30.8785 77.254
      vertex 76.2789 31.3661 73.911
      vertex 72.5857 31.2256 74.7633
    endloop
  endfacet
  facet normal -0 0.990207 0.13961
    outer loop
      vertex 80.0587 31.3493 74.1776
      vertex 80.0687 31.1345 75.7011
      vertex 80.0687 31.3493 74.1776
    endloop
  endfacet
  facet normal -0.00748632 0.990172 0.139655
    outer loop
      vertex 80.0687 31.1345 75.7011
      vertex 80.0587 31.3493 74.1776
      vertex 80.0587 31.1341 75.7034
    endloop
  endfacet
  facet normal 0.0541111 0.994845 0.0857624
    outer loop
      vertex 86.9959 30.9938 73.8356
      vertex 86.7018 30.9879 74.0896
      vertex 86.8356 30.9887 73.9959
    endloop
  endfacet
  facet normal 0.0551879 0.994678 0.0870053
    outer loop
      vertex 86.7018 30.9879 74.0896
      vertex 86.9959 30.9938 73.8356
      vertex 87.0678 31.127 72.2672
    endloop
  endfacet
  facet normal 0.055411 0.994665 0.0870144
    outer loop
      vertex 87.0678 31.127 72.2672
      vertex 86.9959 30.9938 73.8356
      vertex 87.1258 31.0028 73.65
    endloop
  endfacet
  facet normal 0.0557129 0.994649 0.0870003
    outer loop
      vertex 87.0678 31.127 72.2672
      vertex 87.1258 31.0028 73.65
      vertex 87.2216 31.0154 73.4446
    endloop
  endfacet
  facet normal 0.0552456 0.99467 0.0870633
    outer loop
      vertex 87.0678 31.127 72.2672
      vertex 87.2216 31.0154 73.4446
      vertex 87.2803 31.0313 73.2257
    endloop
  endfacet
  facet normal 0.0546951 0.994689 0.0871873
    outer loop
      vertex 87.0678 31.127 72.2672
      vertex 87.2803 31.0313 73.2257
      vertex 87.3 31.05 73
    endloop
  endfacet
  facet normal 0.0559695 0.994654 0.0867798
    outer loop
      vertex 87.0678 31.127 72.2672
      vertex 87.3 31.05 73
      vertex 87.2803 31.0708 72.7743
    endloop
  endfacet
  facet normal 0.0560075 0.994653 0.0867638
    outer loop
      vertex 87.0678 31.127 72.2672
      vertex 87.2803 31.0708 72.7743
      vertex 87.2216 31.0932 72.5554
    endloop
  endfacet
  facet normal 0.056831 0.994645 0.0863234
    outer loop
      vertex 87.0678 31.127 72.2672
      vertex 87.2216 31.0932 72.5554
      vertex 87.1258 31.1165 72.35
    endloop
  endfacet
  facet normal 0.0553484 0.994666 0.0870367
    outer loop
      vertex 86.7018 30.9879 74.0896
      vertex 87.0678 31.127 72.2672
      vertex 80.0687 31.3493 74.1776
    endloop
  endfacet
  facet normal 0.0538719 0.997945 -0.0347037
    outer loop
      vertex 85.7743 31.2104 71.7197
      vertex 86.8355 31.163 72.004
      vertex 86.65 31.1685 71.8742
    endloop
  endfacet
  facet normal 0.0540369 0.997902 -0.0356507
    outer loop
      vertex 85.7743 31.2104 71.7197
      vertex 86.65 31.1685 71.8742
      vertex 86.4446 31.1762 71.7784
    endloop
  endfacet
  facet normal 0.053943 0.997946 -0.0345529
    outer loop
      vertex 85.7743 31.2104 71.7197
      vertex 86.4446 31.1762 71.7784
      vertex 86.2257 31.186 71.7197
    endloop
  endfacet
  facet normal 0.053886 0.997942 -0.0347569
    outer loop
      vertex 86.8355 31.163 72.004
      vertex 85.7743 31.2104 71.7197
      vertex 84.4025 31.2955 72.0363
    endloop
  endfacet
  facet normal 0.0539413 0.997914 -0.0354589
    outer loop
      vertex 85.7743 31.2104 71.7197
      vertex 86.2257 31.186 71.7197
      vertex 86 31.1975 71.7
    endloop
  endfacet
  facet normal 0.0553441 0.994668 0.0870205
    outer loop
      vertex 84.4025 31.2955 72.0363
      vertex 80.0687 31.3493 74.1776
      vertex 87.0678 31.127 72.2672
    endloop
  endfacet
  facet normal 0.0560312 0.994667 0.0865955
    outer loop
      vertex 86.8355 31.163 72.004
      vertex 87.0678 31.127 72.2672
      vertex 86.9959 31.14 72.1644
    endloop
  endfacet
  facet normal 0.055327 0.994672 0.0869859
    outer loop
      vertex 80.0687 31.3493 74.1776
      vertex 84.4025 31.2955 72.0363
      vertex 80.0687 31.4491 73.0364
    endloop
  endfacet
  facet normal 0.707107 1.17234e-10 -0.707107
    outer loop
      vertex 86.8355 31.163 72.004
      vertex 86.9959 31.14 72.1644
      vertex 86.8356 31.1629 72.0041
    endloop
  endfacet
  facet normal 0.0553261 0.994652 0.0872158
    outer loop
      vertex 87.0678 31.127 72.2672
      vertex 86.8355 31.163 72.004
      vertex 84.4025 31.2955 72.0363
    endloop
  endfacet
  facet normal 0.0236443 0.98993 0.139571
    outer loop
      vertex 80.0687 31.3493 74.1776
      vertex 80.0687 31.1345 75.7011
      vertex 80.4735 31.138 75.6077
    endloop
  endfacet
  facet normal 0.0548462 0.990176 0.128621
    outer loop
      vertex 86.7018 30.9879 74.0896
      vertex 86.2257 30.9895 74.2803
      vertex 86.4446 30.985 74.2216
    endloop
  endfacet
  facet normal 0.0556696 0.989884 0.1305
    outer loop
      vertex 86.2257 30.9895 74.2803
      vertex 80.0687 31.3493 74.1776
      vertex 80.4735 31.138 75.6077
    endloop
  endfacet
  facet normal 0.0531274 0.990698 0.125283
    outer loop
      vertex 86.7018 30.9879 74.0896
      vertex 86.4446 30.985 74.2216
      vertex 86.65 30.9861 74.1258
    endloop
  endfacet
  facet normal 0.0556655 0.989862 0.130669
    outer loop
      vertex 86.2257 30.9895 74.2803
      vertex 86.7018 30.9879 74.0896
      vertex 80.0687 31.3493 74.1776
    endloop
  endfacet
  facet normal -0.133357 -0.96861 -0.209785
    outer loop
      vertex 58.3081 29.9295 78.3351
      vertex 64.6592 28.8554 79.2571
      vertex 59.2142 29.3329 80.5137
    endloop
  endfacet
  facet normal -0.133355 -0.968609 -0.209795
    outer loop
      vertex 64.6592 28.8554 79.2571
      vertex 58.3081 29.9295 78.3351
      vertex 64.6592 29.3608 76.9237
    endloop
  endfacet
  facet normal -0.0472552 -0.985853 -0.160816
    outer loop
      vertex 65.7638 29.5255 76.6782
      vertex 72.2454 29.0797 77.5065
      vertex 66.5303 29.1385 78.8254
    endloop
  endfacet
  facet normal -0.0472589 -0.985857 -0.160789
    outer loop
      vertex 72.2454 29.0797 77.5065
      vertex 65.7638 29.5255 76.6782
      vertex 72.2454 29.4497 75.2379
    endloop
  endfacet
  facet normal 0.00210586 -0.984009 -0.178104
    outer loop
      vertex 65.7638 29.5255 76.6782
      vertex 66.521 29.1381 78.8275
      vertex 65.7545 29.5251 76.6803
    endloop
  endfacet
  facet normal 0.00210586 -0.984009 -0.178104
    outer loop
      vertex 66.521 29.1381 78.8275
      vertex 65.7638 29.5255 76.6782
      vertex 66.5303 29.1385 78.8254
    endloop
  endfacet
  facet normal 0.0990663 -0.97253 -0.210644
    outer loop
      vertex 64.6592 29.3608 76.9237
      vertex 66.521 29.1381 78.8275
      vertex 64.6592 28.8554 79.2571
    endloop
  endfacet
  facet normal 0.0990726 -0.972528 -0.21065
    outer loop
      vertex 66.521 29.1381 78.8275
      vertex 64.6592 29.3608 76.9237
      vertex 65.7545 29.5251 76.6803
    endloop
  endfacet
  facet normal -0.00241444 -0.990197 -0.139654
    outer loop
      vertex 80.0587 29.7244 73.8911
      vertex 80.0687 29.4691 75.7011
      vertex 80.0587 29.4688 75.7034
    endloop
  endfacet
  facet normal 0 -0.990198 -0.139667
    outer loop
      vertex 80.0687 29.4691 75.7011
      vertex 80.0587 29.7244 73.8911
      vertex 80.0687 29.7244 73.8911
    endloop
  endfacet
  facet normal 0.0772574 -0.98401 -0.160488
    outer loop
      vertex 72.2454 29.4497 75.2379
      vertex 73.4206 29.2162 77.2353
      vertex 72.2454 29.0797 77.5065
    endloop
  endfacet
  facet normal 0.077327 -0.983998 -0.160528
    outer loop
      vertex 73.4206 29.2162 77.2353
      vertex 72.2454 29.4497 75.2379
      vertex 72.7801 29.5111 75.1191
    endloop
  endfacet
  facet normal 0.00166375 -0.99621 -0.0869606
    outer loop
      vertex 80.0587 29.7584 73.5016
      vertex 80.0587 29.7244 73.8911
      vertex 79.3135 29.7427 73.6672
    endloop
  endfacet
  facet normal 0.00173691 -0.996189 -0.0872023
    outer loop
      vertex 79.3135 29.7427 73.6672
      vertex 80.0587 29.7244 73.8911
      vertex 78.7283 29.7303 73.7972
    endloop
  endfacet
  facet normal 0 -0.996212 -0.0869607
    outer loop
      vertex 80.0587 29.7584 73.5016
      vertex 80.0687 29.7244 73.8911
      vertex 80.0587 29.7244 73.8911
    endloop
  endfacet
  facet normal 0.000788422 -0.99621 -0.0869808
    outer loop
      vertex 80.0687 29.7244 73.8911
      vertex 80.0587 29.7584 73.5016
      vertex 80.0687 29.7586 73.4994
    endloop
  endfacet
  facet normal 0.00545741 -0.990188 -0.139638
    outer loop
      vertex 78.7283 29.7303 73.7972
      vertex 73.4206 29.2162 77.2353
      vertex 72.7801 29.5111 75.1191
    endloop
  endfacet
  facet normal 0.00545348 -0.990187 -0.139644
    outer loop
      vertex 73.4206 29.2162 77.2353
      vertex 78.7283 29.7303 73.7972
      vertex 80.0587 29.4688 75.7034
    endloop
  endfacet
  facet normal 0.00546545 -0.990186 -0.139652
    outer loop
      vertex 80.0587 29.4688 75.7034
      vertex 78.7283 29.7303 73.7972
      vertex 80.0587 29.7244 73.8911
    endloop
  endfacet
  facet normal -0.0556552 -0.989879 -0.130544
    outer loop
      vertex 80.0687 29.7244 73.8911
      vertex 86.2257 29.3269 74.2803
      vertex 80.5496 29.4733 75.5901
    endloop
  endfacet
  facet normal -0.0556619 -0.989891 -0.130451
    outer loop
      vertex 87.0216 29.3456 73.7988
      vertex 86.2257 29.3269 74.2803
      vertex 80.0687 29.7244 73.8911
    endloop
  endfacet
  facet normal -0.0558768 -0.989832 -0.130804
    outer loop
      vertex 86.2257 29.3269 74.2803
      vertex 87.0216 29.3456 73.7988
      vertex 86.4446 29.3223 74.2216
    endloop
  endfacet
  facet normal -0.0554158 -0.98994 -0.130181
    outer loop
      vertex 86.4446 29.3223 74.2216
      vertex 87.0216 29.3456 73.7988
      vertex 86.65 29.3234 74.1258
    endloop
  endfacet
  facet normal -0.0552268 -0.989979 -0.129969
    outer loop
      vertex 86.65 29.3234 74.1258
      vertex 87.0216 29.3456 73.7988
      vertex 86.8356 29.3301 73.9959
    endloop
  endfacet
  facet normal -0.0554904 -0.989932 -0.130214
    outer loop
      vertex 86.8356 29.3301 73.9959
      vertex 87.0216 29.3456 73.7988
      vertex 86.9959 29.3422 73.8356
    endloop
  endfacet
  facet normal -0.0553456 -0.994667 -0.0870268
    outer loop
      vertex 87.0459 29.481 72.2358
      vertex 87.0216 29.3456 73.7988
      vertex 80.0687 29.7244 73.8911
    endloop
  endfacet
  facet normal -0.05566 -0.99465 -0.0870301
    outer loop
      vertex 87.2216 29.3654 73.4446
      vertex 87.0216 29.3456 73.7988
      vertex 87.0459 29.481 72.2358
    endloop
  endfacet
  facet normal -0.0551097 -0.994707 -0.0867226
    outer loop
      vertex 87.0216 29.3456 73.7988
      vertex 87.2216 29.3654 73.4446
      vertex 87.1258 29.3528 73.65
    endloop
  endfacet
  facet normal -0.0553153 -0.994664 -0.0870816
    outer loop
      vertex 87.2216 29.3654 73.4446
      vertex 87.0459 29.481 72.2358
      vertex 87.2803 29.3813 73.2257
    endloop
  endfacet
  facet normal -0.0548294 -0.994681 -0.0871984
    outer loop
      vertex 87.2803 29.3813 73.2257
      vertex 87.0459 29.481 72.2358
      vertex 87.3 29.4 73
    endloop
  endfacet
  facet normal -0.0561185 -0.994647 -0.0867662
    outer loop
      vertex 87.3 29.4 73
      vertex 87.0459 29.481 72.2358
      vertex 87.2803 29.4208 72.7743
    endloop
  endfacet
  facet normal -0.0563144 -0.994643 -0.0866805
    outer loop
      vertex 87.2803 29.4208 72.7743
      vertex 87.0459 29.481 72.2358
      vertex 87.2216 29.4432 72.5554
    endloop
  endfacet
  facet normal -0.0577097 -0.99463 -0.0859118
    outer loop
      vertex 87.2216 29.4432 72.5554
      vertex 87.0459 29.481 72.2358
      vertex 87.1258 29.4665 72.35
    endloop
  endfacet
  facet normal -0.0553067 -0.994685 -0.0868477
    outer loop
      vertex 86.7953 29.5151 72.0046
      vertex 80.0687 29.7244 73.8911
      vertex 80.0687 29.7586 73.4994
    endloop
  endfacet
  facet normal -0.0552882 -0.994692 -0.0867811
    outer loop
      vertex 80.0687 29.7244 73.8911
      vertex 86.7953 29.5151 72.0046
      vertex 87.0459 29.481 72.2358
    endloop
  endfacet
  facet normal -0.0555936 -0.994704 -0.0864517
    outer loop
      vertex 87.0459 29.481 72.2358
      vertex 86.7953 29.5151 72.0046
      vertex 86.9959 29.49 72.1644
    endloop
  endfacet
  facet normal -0.0553768 -0.994692 -0.0867221
    outer loop
      vertex 86.7953 29.5151 72.0046
      vertex 86.8356 29.5129 72.0041
      vertex 86.9959 29.49 72.1644
    endloop
  endfacet
  facet normal -0.0483104 -0.730023 -0.681713
    outer loop
      vertex 86.8356 29.5129 72.0041
      vertex 86.7953 29.5151 72.0046
      vertex 86.8355 29.513 72.004
    endloop
  endfacet
  facet normal -0.0514846 -0.997761 0.0426918
    outer loop
      vertex 86.8264 29.5132 71.9977
      vertex 86.8355 29.513 72.004
      vertex 86.7953 29.5151 72.0046
    endloop
  endfacet
  facet normal -0.023583 -0.989923 -0.139628
    outer loop
      vertex 80.0687 29.7244 73.8911
      vertex 80.5496 29.4733 75.5901
      vertex 80.0687 29.4691 75.7011
    endloop
  endfacet
  facet normal 0.224848 0 0.974394
    outer loop
      vertex 86.2257 30.9895 74.2803
      vertex 80.5496 29.4733 75.5901
      vertex 86.2257 29.3269 74.2803
    endloop
  endfacet
  facet normal 0.224854 -2.27777e-05 0.974392
    outer loop
      vertex 80.4735 31.138 75.6077
      vertex 80.5496 29.4733 75.5901
      vertex 86.2257 30.9895 74.2803
    endloop
  endfacet
  facet normal 0.224824 -0 0.974399
    outer loop
      vertex 80.0687 29.4691 75.7011
      vertex 80.4735 31.138 75.6077
      vertex 80.0687 31.1345 75.7011
    endloop
  endfacet
  facet normal 0.224904 -2.03667e-05 0.974381
    outer loop
      vertex 80.4735 31.138 75.6077
      vertex 80.0687 29.4691 75.7011
      vertex 80.5496 29.4733 75.5901
    endloop
  endfacet
  facet normal 0.224148 0 0.974555
    outer loop
      vertex 80.0587 31.1341 75.7034
      vertex 80.0687 29.4691 75.7011
      vertex 80.0687 31.1345 75.7011
    endloop
  endfacet
  facet normal 0.224148 0 0.974555
    outer loop
      vertex 80.0587 31.1341 75.7034
      vertex 80.0587 29.4688 75.7034
      vertex 80.0687 29.4691 75.7011
    endloop
  endfacet
  facet normal 0.224862 0 0.974391
    outer loop
      vertex 73.3395 30.8785 77.254
      vertex 80.0587 29.4688 75.7034
      vertex 80.0587 31.1341 75.7034
    endloop
  endfacet
  facet normal 0.224863 9.22123e-06 0.97439
    outer loop
      vertex 80.0587 29.4688 75.7034
      vertex 73.3395 30.8785 77.254
      vertex 73.4206 29.2162 77.2353
    endloop
  endfacet
  facet normal 0.224871 9.63185e-06 0.974388
    outer loop
      vertex 72.2454 30.7514 77.5065
      vertex 73.4206 29.2162 77.2353
      vertex 73.3395 30.8785 77.254
    endloop
  endfacet
  facet normal 0.22486 0 0.974391
    outer loop
      vertex 72.2454 30.7514 77.5065
      vertex 72.2454 29.0797 77.5065
      vertex 73.4206 29.2162 77.2353
    endloop
  endfacet
  facet normal 0.224864 0 0.97439
    outer loop
      vertex 72.2454 30.7514 77.5065
      vertex 66.5303 29.1385 78.8254
      vertex 72.2454 29.0797 77.5065
    endloop
  endfacet
  facet normal 0.22486 1.79354e-05 0.974391
    outer loop
      vertex 66.4357 30.8111 78.8472
      vertex 66.5303 29.1385 78.8254
      vertex 72.2454 30.7514 77.5065
    endloop
  endfacet
  facet normal 0.220271 -0.000255229 0.975439
    outer loop
      vertex 66.5303 29.1385 78.8254
      vertex 66.4357 30.8111 78.8472
      vertex 66.521 29.1381 78.8275
    endloop
  endfacet
  facet normal 0.222541 -0.000133428 0.974923
    outer loop
      vertex 66.4265 30.8108 78.8493
      vertex 66.521 29.1381 78.8275
      vertex 66.4357 30.8111 78.8472
    endloop
  endfacet
  facet normal 0.224839 3.25504e-06 0.974396
    outer loop
      vertex 64.6592 30.5424 79.2571
      vertex 66.521 29.1381 78.8275
      vertex 66.4265 30.8108 78.8493
    endloop
  endfacet
  facet normal 0.224837 0 0.974396
    outer loop
      vertex 64.6592 30.5424 79.2571
      vertex 64.6592 28.8554 79.2571
      vertex 66.521 29.1381 78.8275
    endloop
  endfacet
  facet normal 0.22487 0 0.974389
    outer loop
      vertex 64.6592 30.5424 79.2571
      vertex 59.2142 29.3329 80.5137
      vertex 64.6592 28.8554 79.2571
    endloop
  endfacet
  facet normal 0.224869 5.05207e-06 0.974389
    outer loop
      vertex 59.1054 31.0295 80.5388
      vertex 59.2142 29.3329 80.5137
      vertex 64.6592 30.5424 79.2571
    endloop
  endfacet
  facet normal 0.224855 4.1369e-06 0.974392
    outer loop
      vertex 57.3248 30.9556 80.9497
      vertex 59.2142 29.3329 80.5137
      vertex 59.1054 31.0295 80.5388
    endloop
  endfacet
  facet normal 0.224852 0 0.974393
    outer loop
      vertex 57.3248 30.9556 80.9497
      vertex 57.3248 29.2546 80.9497
      vertex 59.2142 29.3329 80.5137
    endloop
  endfacet
  facet normal 0.224853 0 0.974393
    outer loop
      vertex 57.3248 30.9556 80.9497
      vertex 50.965 30.478 82.4173
      vertex 57.3248 29.2546 80.9497
    endloop
  endfacet
  facet normal 0.224853 -4.7667e-06 0.974393
    outer loop
      vertex 50.8593 32.1993 82.4417
      vertex 50.965 30.478 82.4173
      vertex 57.3248 30.9556 80.9497
    endloop
  endfacet
  facet normal 0.225332 2.61814e-05 0.974282
    outer loop
      vertex 50.965 30.478 82.4173
      vertex 50.8593 32.1993 82.4417
      vertex 50.8889 30.4921 82.4349
    endloop
  endfacet
  facet normal 0.225518 -0.000205389 0.974239
    outer loop
      vertex 50.32 30.5979 82.5662
      vertex 50.8593 32.1993 82.4417
      vertex 50.7876 32.2127 82.4583
    endloop
  endfacet
  facet normal 0.224888 1.80767e-05 0.974385
    outer loop
      vertex 50.8593 32.1993 82.4417
      vertex 50.32 30.5979 82.5662
      vertex 50.8889 30.4921 82.4349
    endloop
  endfacet
  facet normal 0.224873 -0 0.974388
    outer loop
      vertex 50.2542 30.6066 82.5814
      vertex 50.7876 32.2127 82.4583
      vertex 50.2542 32.3119 82.5814
    endloop
  endfacet
  facet normal 0.225067 -6.8005e-05 0.974343
    outer loop
      vertex 50.7876 32.2127 82.4583
      vertex 50.2542 30.6066 82.5814
      vertex 50.32 30.5979 82.5662
    endloop
  endfacet
  facet normal 0.224864 0 0.97439
    outer loop
      vertex 50.2542 32.3119 82.5814
      vertex 48.6821 30.7266 82.9442
      vertex 50.2542 30.6066 82.5814
    endloop
  endfacet
  facet normal 0.224851 1.40623e-05 0.974393
    outer loop
      vertex 50.2542 32.3119 82.5814
      vertex 45.0974 30.9922 83.7714
      vertex 48.6821 30.7266 82.9442
    endloop
  endfacet
  facet normal 0.224857 -1.09235e-05 0.974392
    outer loop
      vertex 43.469 32.8145 84.1472
      vertex 45.0974 30.9922 83.7714
      vertex 50.2542 32.3119 82.5814
    endloop
  endfacet
  facet normal 0.224868 0 0.974389
    outer loop
      vertex 43.469 32.8145 84.1472
      vertex 43.469 31.1128 84.1472
      vertex 45.0974 30.9922 83.7714
    endloop
  endfacet
  facet normal 0.224833 0 0.974397
    outer loop
      vertex 43.469 32.8145 84.1472
      vertex 41.5647 31.0152 84.5866
      vertex 43.469 31.1128 84.1472
    endloop
  endfacet
  facet normal 0.224854 -2.3072e-05 0.974392
    outer loop
      vertex 36.9844 32.482 85.6436
      vertex 41.5647 31.0152 84.5866
      vertex 43.469 32.8145 84.1472
    endloop
  endfacet
  facet normal 0.224861 0 0.974391
    outer loop
      vertex 36.9844 32.482 85.6436
      vertex 36.9844 30.7803 85.6436
      vertex 41.5647 31.0152 84.5866
    endloop
  endfacet
  facet normal 0.224148 0 0.974555
    outer loop
      vertex 36.9744 32.4814 85.6459
      vertex 36.9844 30.7803 85.6436
      vertex 36.9844 32.482 85.6436
    endloop
  endfacet
  facet normal 0.224148 0 0.974555
    outer loop
      vertex 36.9744 32.4814 85.6459
      vertex 36.9744 30.7797 85.6459
      vertex 36.9844 30.7803 85.6436
    endloop
  endfacet
  facet normal 0.224892 0 0.974384
    outer loop
      vertex 36.9744 32.4814 85.6459
      vertex 36.1109 30.5856 85.8452
      vertex 36.9744 30.7797 85.6459
    endloop
  endfacet
  facet normal 0.224853 1.90695e-05 0.974393
    outer loop
      vertex 34.354 31.8925 86.2506
      vertex 36.1109 30.5856 85.8452
      vertex 36.9744 32.4814 85.6459
    endloop
  endfacet
  facet normal 0.225525 -0 0.974237
    outer loop
      vertex 34.2257 30.1118 86.2803
      vertex 34.354 31.8925 86.2506
      vertex 34.2257 31.8602 86.2803
    endloop
  endfacet
  facet normal 0.224874 4.93995e-05 0.974388
    outer loop
      vertex 34.354 31.8925 86.2506
      vertex 34.2257 30.1118 86.2803
      vertex 36.1109 30.5856 85.8452
    endloop
  endfacet
  facet normal 0.965875 0 -0.259008
    outer loop
      vertex 87.2803 31.0708 72.7743
      vertex 87.2216 29.4432 72.5554
      vertex 87.2216 31.0932 72.5554
    endloop
  endfacet
  facet normal 0.965875 0 -0.259008
    outer loop
      vertex 87.2216 29.4432 72.5554
      vertex 87.2803 31.0708 72.7743
      vertex 87.2803 29.4208 72.7743
    endloop
  endfacet
  facet normal 0.819049 5.44342e-05 -0.573723
    outer loop
      vertex 86.9959 29.49 72.1644
      vertex 87.0678 31.127 72.2672
      vertex 87.1258 31.1165 72.35
    endloop
  endfacet
  facet normal 0.819457 0 -0.573141
    outer loop
      vertex 87.0678 31.127 72.2672
      vertex 86.9959 29.49 72.1644
      vertex 86.9959 31.14 72.1644
    endloop
  endfacet
  facet normal 0.819126 3.57404e-05 -0.573613
    outer loop
      vertex 87.1258 31.1165 72.35
      vertex 87.0459 29.481 72.2358
      vertex 86.9959 29.49 72.1644
    endloop
  endfacet
  facet normal 0.819367 0 -0.57327
    outer loop
      vertex 87.0459 29.481 72.2358
      vertex 87.1258 31.1165 72.35
      vertex 87.1258 29.4665 72.35
    endloop
  endfacet
  facet normal 0.996212 0 0.0869534
    outer loop
      vertex 87.2803 31.0313 73.2257
      vertex 87.3 29.4 73
      vertex 87.3 31.05 73
    endloop
  endfacet
  facet normal 0.996212 0 0.0869534
    outer loop
      vertex 87.3 29.4 73
      vertex 87.2803 31.0313 73.2257
      vertex 87.2803 29.3813 73.2257
    endloop
  endfacet
  facet normal -0.224889 0 -0.974384
    outer loop
      vertex 36.9225 31.2686 82.9932
      vertex 35.0161 30.9506 83.4332
      vertex 36.9225 32.5186 82.9932
    endloop
  endfacet
  facet normal -0.22488 0 -0.974386
    outer loop
      vertex 84.4025 30.8955 72.0363
      vertex 85.7743 31.2104 71.7197
      vertex 85.7743 30.8104 71.7197
    endloop
  endfacet
  facet normal -0.22488 0 -0.974386
    outer loop
      vertex 84.4025 30.8955 72.0363
      vertex 84.4025 31.2955 72.0363
      vertex 85.7743 31.2104 71.7197
    endloop
  endfacet
  facet normal -0.224858 0 -0.974392
    outer loop
      vertex 80.0687 31.0491 73.0364
      vertex 84.4025 31.2955 72.0363
      vertex 84.4025 30.8955 72.0363
    endloop
  endfacet
  facet normal -0.224858 0 -0.974392
    outer loop
      vertex 80.0687 31.0491 73.0364
      vertex 80.0687 31.4491 73.0364
      vertex 84.4025 31.2955 72.0363
    endloop
  endfacet
  facet normal -0.224148 -0 -0.974555
    outer loop
      vertex 80.0587 31.4489 73.0387
      vertex 80.0687 31.0491 73.0364
      vertex 80.0587 31.0489 73.0387
    endloop
  endfacet
  facet normal -0.224148 0 -0.974555
    outer loop
      vertex 80.0687 31.0491 73.0364
      vertex 80.0587 31.4489 73.0387
      vertex 80.0687 31.4491 73.0364
    endloop
  endfacet
  facet normal -0.224867 0 -0.974389
    outer loop
      vertex 78.1456 31.007 73.4802
      vertex 80.0587 31.4489 73.0387
      vertex 80.0587 31.0489 73.0387
    endloop
  endfacet
  facet normal -0.22488 -5.06741e-05 -0.974386
    outer loop
      vertex 76.2789 31.3661 73.911
      vertex 78.1456 31.007 73.4802
      vertex 76.5095 30.9711 73.8578
    endloop
  endfacet
  facet normal -0.224869 9.9444e-06 -0.974389
    outer loop
      vertex 78.1456 31.007 73.4802
      vertex 76.2789 31.3661 73.911
      vertex 80.0587 31.4489 73.0387
    endloop
  endfacet
  facet normal -0.224847 -3.05479e-05 -0.974394
    outer loop
      vertex 72.6054 30.8226 74.7587
      vertex 76.2789 31.3661 73.911
      vertex 76.5095 30.9711 73.8578
    endloop
  endfacet
  facet normal -0.22487 0.000129653 -0.974389
    outer loop
      vertex 72.6054 30.8226 74.7587
      vertex 72.5857 31.2256 74.7633
      vertex 76.2789 31.3661 73.911
    endloop
  endfacet
  facet normal -0.224919 -0 -0.974378
    outer loop
      vertex 72.2454 31.186 74.8418
      vertex 72.6054 30.8226 74.7587
      vertex 72.2454 30.7808 74.8418
    endloop
  endfacet
  facet normal -0.224791 0.00013374 -0.974407
    outer loop
      vertex 72.6054 30.8226 74.7587
      vertex 72.2454 31.186 74.8418
      vertex 72.5857 31.2256 74.7633
    endloop
  endfacet
  facet normal -0.224857 0 -0.974392
    outer loop
      vertex 65.5798 30.8493 76.38
      vertex 72.2454 31.186 74.8418
      vertex 72.2454 30.7808 74.8418
    endloop
  endfacet
  facet normal -0.222542 0.00017477 -0.974923
    outer loop
      vertex 65.5569 31.2548 76.3853
      vertex 65.5798 30.8493 76.38
      vertex 65.5706 30.849 76.3821
    endloop
  endfacet
  facet normal -0.224859 3.69898e-05 -0.974391
    outer loop
      vertex 65.5798 30.8493 76.38
      vertex 65.5569 31.2548 76.3853
      vertex 72.2454 31.186 74.8418
    endloop
  endfacet
  facet normal -0.222544 0.000174706 -0.974923
    outer loop
      vertex 65.5706 30.849 76.3821
      vertex 65.5477 31.2544 76.3874
      vertex 65.5569 31.2548 76.3853
    endloop
  endfacet
  facet normal -0.224836 -0 -0.974397
    outer loop
      vertex 64.6592 31.1196 76.5924
      vertex 65.5706 30.849 76.3821
      vertex 64.6592 30.7106 76.5924
    endloop
  endfacet
  facet normal -0.224825 3.90259e-05 -0.974399
    outer loop
      vertex 65.5706 30.849 76.3821
      vertex 64.6592 31.1196 76.5924
      vertex 65.5477 31.2544 76.3874
    endloop
  endfacet
  facet normal -0.224873 0 -0.974388
    outer loop
      vertex 58.1206 31.284 78.1014
      vertex 64.6592 31.1196 76.5924
      vertex 64.6592 30.7106 76.5924
    endloop
  endfacet
  facet normal -0.224877 -0.000165156 -0.974387
    outer loop
      vertex 58.1206 31.284 78.1014
      vertex 58.0943 31.6953 78.1074
      vertex 64.6592 31.1196 76.5924
    endloop
  endfacet
  facet normal -0.224806 -0 -0.974404
    outer loop
      vertex 57.3248 31.6633 78.285
      vertex 58.1206 31.284 78.1014
      vertex 57.3248 31.251 78.285
    endloop
  endfacet
  facet normal -0.224881 -0.000165439 -0.974386
    outer loop
      vertex 58.1206 31.284 78.1014
      vertex 57.3248 31.6633 78.285
      vertex 58.0943 31.6953 78.1074
    endloop
  endfacet
  facet normal -0.224867 0 -0.974389
    outer loop
      vertex 57.3248 31.251 78.285
      vertex 52.6285 32.5668 79.3688
      vertex 57.3248 31.6633 78.285
    endloop
  endfacet
  facet normal -0.224848 7.32929e-05 -0.974394
    outer loop
      vertex 52.4676 32.1853 79.4059
      vertex 52.6285 32.5668 79.3688
      vertex 57.3248 31.251 78.285
    endloop
  endfacet
  facet normal -0.224866 -0 -0.97439
    outer loop
      vertex 50.2542 32.8409 79.9167
      vertex 52.4676 32.1853 79.4059
      vertex 50.2542 32.4409 79.9167
    endloop
  endfacet
  facet normal -0.224846 7.24001e-05 -0.974394
    outer loop
      vertex 52.4676 32.1853 79.4059
      vertex 50.2542 32.8409 79.9167
      vertex 52.6285 32.5668 79.3688
    endloop
  endfacet
  facet normal -0.224865 0 -0.97439
    outer loop
      vertex 50.2542 32.4409 79.9167
      vertex 47.7561 32.9733 80.4932
      vertex 50.2542 32.8409 79.9167
    endloop
  endfacet
  facet normal -0.224835 0.000147202 -0.974397
    outer loop
      vertex 47.6943 32.5766 80.5074
      vertex 47.7561 32.9733 80.4932
      vertex 50.2542 32.4409 79.9167
    endloop
  endfacet
  facet normal -0.224866 -0 -0.97439
    outer loop
      vertex 43.469 33.2006 81.4825
      vertex 47.6943 32.5766 80.5074
      vertex 43.469 32.8006 81.4825
    endloop
  endfacet
  facet normal -0.224845 0.000148835 -0.974394
    outer loop
      vertex 47.6943 32.5766 80.5074
      vertex 43.469 33.2006 81.4825
      vertex 47.7561 32.9733 80.4932
    endloop
  endfacet
  facet normal -0.224148 -0 -0.974555
    outer loop
      vertex 43.459 33.2004 81.4848
      vertex 43.469 32.8006 81.4825
      vertex 43.459 32.8004 81.4848
    endloop
  endfacet
  facet normal -0.224148 0 -0.974555
    outer loop
      vertex 43.469 32.8006 81.4825
      vertex 43.459 33.2004 81.4848
      vertex 43.469 33.2006 81.4825
    endloop
  endfacet
  facet normal -0.224861 0 -0.974391
    outer loop
      vertex 38.6291 32.597 82.5994
      vertex 43.459 33.2004 81.4848
      vertex 43.459 32.8004 81.4848
    endloop
  endfacet
  facet normal -0.224865 3.69275e-05 -0.97439
    outer loop
      vertex 38.6291 32.597 82.5994
      vertex 38.5815 32.995 82.6104
      vertex 43.459 33.2004 81.4848
    endloop
  endfacet
  facet normal -0.224831 4.12496e-05 -0.974398
    outer loop
      vertex 36.9744 32.5273 82.9812
      vertex 38.5815 32.995 82.6104
      vertex 38.6291 32.597 82.5994
    endloop
  endfacet
  facet normal -0.22482 0 -0.9744
    outer loop
      vertex 36.9744 32.5273 82.9812
      vertex 36.9744 32.9273 82.9812
      vertex 38.5815 32.995 82.6104
    endloop
  endfacet
  facet normal -0.225271 0 -0.974296
    outer loop
      vertex 36.9225 32.5186 82.9932
      vertex 36.9744 32.9273 82.9812
      vertex 36.9744 32.5273 82.9812
    endloop
  endfacet
  facet normal -0.224872 -2.17746e-05 -0.974388
    outer loop
      vertex 34.2334 32.4701 83.6138
      vertex 36.9225 32.5186 82.9932
      vertex 35.0161 30.9506 83.4332
    endloop
  endfacet
  facet normal -0.224832 -0 -0.974397
    outer loop
      vertex 34.2334 32.4701 83.6138
      vertex 35.0161 30.9506 83.4332
      vertex 34.2334 30.8201 83.6138
    endloop
  endfacet
  facet normal -0.224872 -5.33705e-05 -0.974388
    outer loop
      vertex 36.9225 32.5186 82.9932
      vertex 34.2334 32.4701 83.6138
      vertex 36.9744 32.9273 82.9812
    endloop
  endfacet
  facet normal 0.965875 0 0.259008
    outer loop
      vertex 87.2216 31.0154 73.4446
      vertex 87.2803 29.3813 73.2257
      vertex 87.2803 31.0313 73.2257
    endloop
  endfacet
  facet normal 0.965875 0 0.259008
    outer loop
      vertex 87.2803 29.3813 73.2257
      vertex 87.2216 31.0154 73.4446
      vertex 87.2216 29.3654 73.4446
    endloop
  endfacet
  facet normal 0.707107 0 0.707107
    outer loop
      vertex 86.8356 30.9887 73.9959
      vertex 86.9959 29.3422 73.8356
      vertex 86.9959 30.9938 73.8356
    endloop
  endfacet
  facet normal 0.707107 0 0.707107
    outer loop
      vertex 86.9959 29.3422 73.8356
      vertex 86.8356 30.9887 73.9959
      vertex 86.8356 29.3301 73.9959
    endloop
  endfacet
  facet normal 0.906273 0 0.422692
    outer loop
      vertex 87.1258 31.0028 73.65
      vertex 87.2216 29.3654 73.4446
      vertex 87.2216 31.0154 73.4446
    endloop
  endfacet
  facet normal 0.906273 0 0.422692
    outer loop
      vertex 87.2216 29.3654 73.4446
      vertex 87.1258 31.0028 73.65
      vertex 87.1258 29.3528 73.65
    endloop
  endfacet
  facet normal 0.819273 0 0.573403
    outer loop
      vertex 86.9959 30.9938 73.8356
      vertex 87.1258 29.3528 73.65
      vertex 87.1258 31.0028 73.65
    endloop
  endfacet
  facet normal 0.819129 -3.4698e-05 0.573609
    outer loop
      vertex 86.9959 30.9938 73.8356
      vertex 87.0216 29.3456 73.7988
      vertex 87.1258 29.3528 73.65
    endloop
  endfacet
  facet normal 0.819859 0 0.572565
    outer loop
      vertex 87.0216 29.3456 73.7988
      vertex 86.9959 30.9938 73.8356
      vertex 86.9959 29.3422 73.8356
    endloop
  endfacet
  facet normal 0.259008 0 -0.965875
    outer loop
      vertex 86.2257 30.786 71.7197
      vertex 86.4446 31.1762 71.7784
      vertex 86.4446 30.7762 71.7784
    endloop
  endfacet
  facet normal 0.259008 0 -0.965875
    outer loop
      vertex 86.4446 31.1762 71.7784
      vertex 86.2257 30.786 71.7197
      vertex 86.2257 31.186 71.7197
    endloop
  endfacet
  facet normal 0.422692 0 0.906273
    outer loop
      vertex 86.4446 30.985 74.2216
      vertex 86.65 29.3234 74.1258
      vertex 86.65 30.9861 74.1258
    endloop
  endfacet
  facet normal 0.422692 0 0.906273
    outer loop
      vertex 86.65 29.3234 74.1258
      vertex 86.4446 30.985 74.2216
      vertex 86.4446 29.3223 74.2216
    endloop
  endfacet
  facet normal 0.996212 0 -0.0869534
    outer loop
      vertex 87.3 31.05 73
      vertex 87.2803 29.4208 72.7743
      vertex 87.2803 31.0708 72.7743
    endloop
  endfacet
  facet normal 0.996212 0 -0.0869534
    outer loop
      vertex 87.2803 29.4208 72.7743
      vertex 87.3 31.05 73
      vertex 87.3 29.4 73
    endloop
  endfacet
  facet normal 0.422692 0 -0.906273
    outer loop
      vertex 86.4446 30.7762 71.7784
      vertex 86.65 31.1685 71.8742
      vertex 86.65 30.7685 71.8742
    endloop
  endfacet
  facet normal 0.422692 0 -0.906273
    outer loop
      vertex 86.65 31.1685 71.8742
      vertex 86.4446 30.7762 71.7784
      vertex 86.4446 31.1762 71.7784
    endloop
  endfacet
  facet normal 0.259008 -0 0.965875
    outer loop
      vertex 86.2257 29.3269 74.2803
      vertex 86.4446 30.985 74.2216
      vertex 86.2257 30.9895 74.2803
    endloop
  endfacet
  facet normal 0.259008 0 0.965875
    outer loop
      vertex 86.4446 30.985 74.2216
      vertex 86.2257 29.3269 74.2803
      vertex 86.4446 29.3223 74.2216
    endloop
  endfacet
  facet normal 0.707107 0 -0.707107
    outer loop
      vertex 86.9959 31.14 72.1644
      vertex 86.8356 29.5129 72.0041
      vertex 86.8356 31.1629 72.0041
    endloop
  endfacet
  facet normal 0.707107 0 -0.707107
    outer loop
      vertex 86.8356 29.5129 72.0041
      vertex 86.9959 31.14 72.1644
      vertex 86.9959 29.49 72.1644
    endloop
  endfacet
  facet normal 0.0869534 0 -0.996212
    outer loop
      vertex 86 30.7975 71.7
      vertex 86.2257 31.186 71.7197
      vertex 86.2257 30.786 71.7197
    endloop
  endfacet
  facet normal 0.0869534 0 -0.996212
    outer loop
      vertex 86.2257 31.186 71.7197
      vertex 86 30.7975 71.7
      vertex 86 31.1975 71.7
    endloop
  endfacet
  facet normal 0.707902 0.00159348 -0.706309
    outer loop
      vertex 86.8264 30.7632 71.9977
      vertex 86.8356 29.5129 72.0041
      vertex 86.8355 29.513 72.004
    endloop
  endfacet
  facet normal 0.571064 0 -0.820905
    outer loop
      vertex 86.8356 29.5129 72.0041
      vertex 86.8264 30.7632 71.9977
      vertex 86.8356 31.1629 72.0041
    endloop
  endfacet
  facet normal 0.56921 0 -0.822192
    outer loop
      vertex 86.8264 30.7632 71.9977
      vertex 86.8355 29.513 72.004
      vertex 86.8264 29.5132 71.9977
    endloop
  endfacet
  facet normal 0.704665 -0.00485856 -0.709524
    outer loop
      vertex 86.8356 31.1629 72.0041
      vertex 86.8264 30.7632 71.9977
      vertex 86.8355 31.163 72.004
    endloop
  endfacet
  facet normal 0.573522 -0.000145445 -0.81919
    outer loop
      vertex 86.65 30.7685 71.8742
      vertex 86.8355 31.163 72.004
      vertex 86.8264 30.7632 71.9977
    endloop
  endfacet
  facet normal 0.573314 0 -0.819336
    outer loop
      vertex 86.8355 31.163 72.004
      vertex 86.65 30.7685 71.8742
      vertex 86.65 31.1685 71.8742
    endloop
  endfacet
  facet normal 0.906273 0 -0.422692
    outer loop
      vertex 87.2216 31.0932 72.5554
      vertex 87.1258 29.4665 72.35
      vertex 87.1258 31.1165 72.35
    endloop
  endfacet
  facet normal 0.906273 0 -0.422692
    outer loop
      vertex 87.1258 29.4665 72.35
      vertex 87.2216 31.0932 72.5554
      vertex 87.2216 29.4432 72.5554
    endloop
  endfacet
  facet normal 0.573627 0 0.819117
    outer loop
      vertex 86.7018 30.9879 74.0896
      vertex 86.8356 29.3301 73.9959
      vertex 86.8356 30.9887 73.9959
    endloop
  endfacet
  facet normal 0.572827 -9.61359e-05 0.819676
    outer loop
      vertex 86.65 30.9861 74.1258
      vertex 86.8356 29.3301 73.9959
      vertex 86.7018 30.9879 74.0896
    endloop
  endfacet
  facet normal 0.573403 0 0.819273
    outer loop
      vertex 86.8356 29.3301 73.9959
      vertex 86.65 30.9861 74.1258
      vertex 86.65 29.3234 74.1258
    endloop
  endfacet
  facet normal -0.0869534 0 -0.996212
    outer loop
      vertex 85.7743 30.8104 71.7197
      vertex 86 31.1975 71.7
      vertex 86 30.7975 71.7
    endloop
  endfacet
  facet normal -0.0869534 0 -0.996212
    outer loop
      vertex 86 31.1975 71.7
      vertex 85.7743 30.8104 71.7197
      vertex 85.7743 31.2104 71.7197
    endloop
  endfacet
  facet normal -0 0.965908 0.258884
    outer loop
      vertex 36.9744 32.7973 84.4672
      vertex 36.9844 32.482 85.6436
      vertex 36.9844 32.7973 84.4672
    endloop
  endfacet
  facet normal 0.00158568 0.965911 0.258871
    outer loop
      vertex 36.9844 32.482 85.6436
      vertex 36.9744 32.7973 84.4672
      vertex 36.9744 32.4814 85.6459
    endloop
  endfacet
  facet normal -0.155468 0.954177 0.255687
    outer loop
      vertex 30.8041 31.9415 83.9091
      vertex 32.4223 31.7665 85.5461
      vertex 36.9744 32.7973 84.4672
    endloop
  endfacet
  facet normal -0.15545 0.954185 0.25567
    outer loop
      vertex 32.4223 31.7665 85.5461
      vertex 30.8041 31.9415 83.9091
      vertex 30.8041 31.7739 84.5346
    endloop
  endfacet
  facet normal -0.15862 0.931095 0.328483
    outer loop
      vertex 34.2257 31.8602 86.2803
      vertex 33.7743 31.7833 86.2803
      vertex 34 31.8148 86.3
    endloop
  endfacet
  facet normal -0.158677 0.93143 0.327505
    outer loop
      vertex 34.354 31.8925 86.2506
      vertex 33.7743 31.7833 86.2803
      vertex 34.2257 31.8602 86.2803
    endloop
  endfacet
  facet normal -0.158766 0.931688 0.326727
    outer loop
      vertex 33.4405 31.7658 86.168
      vertex 33.7743 31.7833 86.2803
      vertex 34.354 31.8925 86.2506
    endloop
  endfacet
  facet normal -0.160191 0.929845 0.331251
    outer loop
      vertex 33.7743 31.7833 86.2803
      vertex 33.4405 31.7658 86.168
      vertex 33.5554 31.7665 86.2216
    endloop
  endfacet
  facet normal -0.155375 0.954634 0.254034
    outer loop
      vertex 34.354 31.8925 86.2506
      vertex 33.35 31.7623 86.1258
      vertex 33.4405 31.7658 86.168
    endloop
  endfacet
  facet normal -0.155425 0.954174 0.255725
    outer loop
      vertex 36.9744 32.7973 84.4672
      vertex 34.354 31.8925 86.2506
      vertex 36.9744 32.4814 85.6459
    endloop
  endfacet
  facet normal -0.155477 0.954184 0.255654
    outer loop
      vertex 32.4223 31.7665 85.5461
      vertex 34.354 31.8925 86.2506
      vertex 36.9744 32.7973 84.4672
    endloop
  endfacet
  facet normal -0.155531 0.954133 0.255811
    outer loop
      vertex 34.354 31.8925 86.2506
      vertex 32.4223 31.7665 85.5461
      vertex 33.35 31.7623 86.1258
    endloop
  endfacet
  facet normal -0.144518 0.985737 0.0862328
    outer loop
      vertex 36.9744 32.7973 84.4672
      vertex 34.2334 32.4701 83.6138
      vertex 30.8041 31.9415 83.9091
    endloop
  endfacet
  facet normal -0.144519 0.985737 0.0862354
    outer loop
      vertex 34.2334 32.4701 83.6138
      vertex 36.9744 32.7973 84.4672
      vertex 36.9744 32.9273 82.9812
    endloop
  endfacet
  facet normal -0.144529 0.985746 0.0861226
    outer loop
      vertex 30.8041 31.9415 83.9091
      vertex 34.2334 32.4701 83.6138
      vertex 33.5998 32.4118 83.2178
    endloop
  endfacet
  facet normal -0.0218392 0.995959 0.0871087
    outer loop
      vertex 43.459 33.2004 81.4848
      vertex 38.5815 32.995 82.6104
      vertex 43.459 33.0417 83.2993
    endloop
  endfacet
  facet normal 0.0102128 0.965858 0.25887
    outer loop
      vertex 43.469 32.8145 84.1472
      vertex 36.9844 32.7973 84.4672
      vertex 36.9844 32.482 85.6436
    endloop
  endfacet
  facet normal 0.0102098 0.965874 0.258812
    outer loop
      vertex 36.9844 32.7973 84.4672
      vertex 43.469 32.8145 84.1472
      vertex 43.469 33.0417 83.2993
    endloop
  endfacet
  facet normal 0 0.996197 0.0871295
    outer loop
      vertex 43.469 33.0417 83.2993
      vertex 43.459 33.2004 81.4848
      vertex 43.459 33.0417 83.2993
    endloop
  endfacet
  facet normal 0.000115697 0.996197 0.0871289
    outer loop
      vertex 43.459 33.2004 81.4848
      vertex 43.469 33.0417 83.2993
      vertex 43.469 33.2006 81.4825
    endloop
  endfacet
  facet normal -0.0218432 0.995957 0.0871373
    outer loop
      vertex 38.5815 32.995 82.6104
      vertex 36.9744 32.7973 84.4672
      vertex 43.459 33.0417 83.2993
    endloop
  endfacet
  facet normal -0.0218522 0.995957 0.0871295
    outer loop
      vertex 36.9744 32.7973 84.4672
      vertex 38.5815 32.995 82.6104
      vertex 36.9744 32.9273 82.9812
    endloop
  endfacet
  facet normal -0 0.978798 0.204828
    outer loop
      vertex 43.459 33.0417 83.2993
      vertex 36.9844 32.7973 84.4672
      vertex 43.469 33.0417 83.2993
    endloop
  endfacet
  facet normal 0 0.978798 0.204828
    outer loop
      vertex 36.9844 32.7973 84.4672
      vertex 43.459 33.0417 83.2993
      vertex 36.9744 32.7973 84.4672
    endloop
  endfacet
  facet normal 0.0727308 0.993559 0.0868981
    outer loop
      vertex 43.469 33.2006 81.4825
      vertex 43.469 33.0417 83.2993
      vertex 47.7561 32.9733 80.4932
    endloop
  endfacet
  facet normal 0.0727302 0.993559 0.0868972
    outer loop
      vertex 50.2542 32.7512 80.9418
      vertex 47.7561 32.9733 80.4932
      vertex 43.469 33.0417 83.2993
    endloop
  endfacet
  facet normal 0.0727223 0.993556 0.0869398
    outer loop
      vertex 47.7561 32.9733 80.4932
      vertex 50.2542 32.7512 80.9418
      vertex 50.2542 32.8409 79.9167
    endloop
  endfacet
  facet normal 0.13016 0.957707 0.256623
    outer loop
      vertex 50.2542 32.3119 82.5814
      vertex 43.469 33.0417 83.2993
      vertex 43.469 32.8145 84.1472
    endloop
  endfacet
  facet normal 0.130159 0.957713 0.256601
    outer loop
      vertex 43.469 33.0417 83.2993
      vertex 50.2542 32.3119 82.5814
      vertex 50.2542 32.7512 80.9418
    endloop
  endfacet
  facet normal 0.238106 0.938686 0.249349
    outer loop
      vertex 52.6285 32.5668 79.3688
      vertex 50.8593 32.1993 82.4417
      vertex 57.3248 30.9556 80.9497
    endloop
  endfacet
  facet normal 0.238096 0.938689 0.249344
    outer loop
      vertex 50.8593 32.1993 82.4417
      vertex 52.6285 32.5668 79.3688
      vertex 50.2542 32.7512 80.9418
    endloop
  endfacet
  facet normal 0.238124 0.938694 0.249301
    outer loop
      vertex 52.6285 32.5668 79.3688
      vertex 57.3248 30.9556 80.9497
      vertex 57.3248 31.6633 78.285
    endloop
  endfacet
  facet normal 0.133904 0.987222 0.0863855
    outer loop
      vertex 50.2542 32.8409 79.9167
      vertex 50.2542 32.7512 80.9418
      vertex 52.6285 32.5668 79.3688
    endloop
  endfacet
  facet normal 0.232792 0.939393 0.251693
    outer loop
      vertex 50.2542 32.7512 80.9418
      vertex 50.2542 32.3119 82.5814
      vertex 50.7876 32.2127 82.4583
    endloop
  endfacet
  facet normal 0.233724 0.939262 0.251318
    outer loop
      vertex 50.8593 32.1993 82.4417
      vertex 50.2542 32.7512 80.9418
      vertex 50.7876 32.2127 82.4583
    endloop
  endfacet
  facet normal 0.0191181 0.966318 0.256638
    outer loop
      vertex 59.1054 31.0295 80.5388
      vertex 57.3248 31.6633 78.285
      vertex 57.3248 30.9556 80.9497
    endloop
  endfacet
  facet normal 0.0190578 0.966308 0.256683
    outer loop
      vertex 57.3248 31.6633 78.285
      vertex 59.1054 31.0295 80.5388
      vertex 58.0943 31.6953 78.1074
    endloop
  endfacet
  facet normal 0.155451 -0.954202 -0.255605
    outer loop
      vertex 30.8041 30.3165 83.6226
      vertex 31.8208 30.0676 85.1701
      vertex 30.8041 30.0722 84.5346
    endloop
  endfacet
  facet normal 0.155464 -0.954198 -0.255612
    outer loop
      vertex 31.8208 30.0676 85.1701
      vertex 30.8041 30.3165 83.6226
      vertex 36.9744 31.1723 84.1807
    endloop
  endfacet
  facet normal 0.155457 -0.954181 -0.255681
    outer loop
      vertex 36.9744 31.1723 84.1807
      vertex 36.1109 30.5856 85.8452
      vertex 32.3579 30.0651 85.5058
    endloop
  endfacet
  facet normal 0.155425 -0.95416 -0.255776
    outer loop
      vertex 36.9744 31.1723 84.1807
      vertex 32.3579 30.0651 85.5058
      vertex 31.8208 30.0676 85.1701
    endloop
  endfacet
  facet normal 0.155473 -0.95418 -0.255672
    outer loop
      vertex 36.1109 30.5856 85.8452
      vertex 36.9744 31.1723 84.1807
      vertex 36.9744 30.7797 85.6459
    endloop
  endfacet
  facet normal 0.144536 -0.985734 -0.08624
    outer loop
      vertex 30.8041 30.3165 83.6226
      vertex 32.2627 30.6389 82.3821
      vertex 34.2334 30.8201 83.6138
    endloop
  endfacet
  facet normal 0.144509 -0.985735 -0.0862717
    outer loop
      vertex 32.2627 30.6389 82.3821
      vertex 30.8041 30.3165 83.6226
      vertex 30.8041 30.4738 81.8253
    endloop
  endfacet
  facet normal 0.144533 -0.985718 -0.0864264
    outer loop
      vertex 34.2334 30.8201 83.6138
      vertex 36.9744 31.1723 84.1807
      vertex 30.8041 30.3165 83.6226
    endloop
  endfacet
  facet normal 0.144478 -0.985751 -0.086142
    outer loop
      vertex 36.9744 31.1723 84.1807
      vertex 34.2334 30.8201 83.6138
      vertex 35.0161 30.9506 83.4332
    endloop
  endfacet
  facet normal 0.15862 -0.931095 -0.328483
    outer loop
      vertex 33.7743 30.0349 86.2803
      vertex 34.2257 30.1118 86.2803
      vertex 34 30.0664 86.3
    endloop
  endfacet
  facet normal 0.158799 -0.932146 -0.325402
    outer loop
      vertex 33.5554 30.0181 86.2216
      vertex 34.2257 30.1118 86.2803
      vertex 33.7743 30.0349 86.2803
    endloop
  endfacet
  facet normal 0.158859 -0.931581 -0.326988
    outer loop
      vertex 33.35 30.0167 86.1258
      vertex 34.2257 30.1118 86.2803
      vertex 33.5554 30.0181 86.2216
    endloop
  endfacet
  facet normal 0.158848 -0.93161 -0.326909
    outer loop
      vertex 32.3579 30.0651 85.5058
      vertex 34.2257 30.1118 86.2803
      vertex 33.35 30.0167 86.1258
    endloop
  endfacet
  facet normal 0.158761 -0.931701 -0.326692
    outer loop
      vertex 34.2257 30.1118 86.2803
      vertex 32.3579 30.0651 85.5058
      vertex 36.1109 30.5856 85.8452
    endloop
  endfacet
  facet normal 0.14452 -0.985735 -0.0862542
    outer loop
      vertex 36.9225 31.2686 82.9932
      vertex 36.9744 31.1723 84.1807
      vertex 35.0161 30.9506 83.4332
    endloop
  endfacet
  facet normal 0.144397 -0.985754 -0.0862503
    outer loop
      vertex 36.9744 31.1723 84.1807
      vertex 36.9225 31.2686 82.9932
      vertex 36.9744 31.2758 82.9978
    endloop
  endfacet
  facet normal -0.00157296 -0.965924 -0.258819
    outer loop
      vertex 36.9744 31.1723 84.1807
      vertex 36.9844 30.7803 85.6436
      vertex 36.9744 30.7797 85.6459
    endloop
  endfacet
  facet normal 0 -0.965923 -0.25883
    outer loop
      vertex 36.9844 30.7803 85.6436
      vertex 36.9744 31.1723 84.1807
      vertex 36.9844 31.1723 84.1807
    endloop
  endfacet
  facet normal 0 -0.978798 -0.204828
    outer loop
      vertex 43.459 31.4167 83.0128
      vertex 36.9844 31.1723 84.1807
      vertex 36.9744 31.1723 84.1807
    endloop
  endfacet
  facet normal 0 -0.978798 -0.204828
    outer loop
      vertex 36.9844 31.1723 84.1807
      vertex 43.459 31.4167 83.0128
      vertex 43.469 31.4167 83.0128
    endloop
  endfacet
  facet normal -0.0101987 -0.96589 -0.258753
    outer loop
      vertex 43.469 31.4167 83.0128
      vertex 41.5647 31.0152 84.5866
      vertex 36.9844 31.1723 84.1807
    endloop
  endfacet
  facet normal -0.0102016 -0.965889 -0.258757
    outer loop
      vertex 41.5647 31.0152 84.5866
      vertex 43.469 31.4167 83.0128
      vertex 43.469 31.1128 84.1472
    endloop
  endfacet
  facet normal 0 -0.996192 -0.0871912
    outer loop
      vertex 43.459 31.5373 81.6349
      vertex 43.469 31.4167 83.0128
      vertex 43.459 31.4167 83.0128
    endloop
  endfacet
  facet normal -0.000129919 -0.996192 -0.0871902
    outer loop
      vertex 43.469 31.4167 83.0128
      vertex 43.459 31.5373 81.6349
      vertex 43.469 31.5375 81.6326
    endloop
  endfacet
  facet normal 0.02305 -0.995929 -0.0871407
    outer loop
      vertex 36.9744 31.1723 84.1807
      vertex 36.9744 31.2758 82.9978
      vertex 37 31.2762 83
    endloop
  endfacet
  facet normal 0.0218137 -0.995955 -0.0871697
    outer loop
      vertex 37.5209 31.2916 82.9544
      vertex 36.9744 31.1723 84.1807
      vertex 37 31.2762 83
    endloop
  endfacet
  facet normal 0.0218469 -0.995955 -0.087155
    outer loop
      vertex 36.9744 31.1723 84.1807
      vertex 37.5209 31.2916 82.9544
      vertex 41.6749 31.4635 82.0313
    endloop
  endfacet
  facet normal -0.0101926 -0.965873 -0.258816
    outer loop
      vertex 36.9844 31.1723 84.1807
      vertex 41.5647 31.0152 84.5866
      vertex 36.9844 30.7803 85.6436
    endloop
  endfacet
  facet normal 0.0218354 -0.995953 -0.0871799
    outer loop
      vertex 41.6749 31.4635 82.0313
      vertex 43.459 31.4167 83.0128
      vertex 36.9744 31.1723 84.1807
    endloop
  endfacet
  facet normal 0.0218301 -0.995954 -0.0871704
    outer loop
      vertex 43.459 31.4167 83.0128
      vertex 41.6749 31.4635 82.0313
      vertex 43.459 31.5373 81.6349
    endloop
  endfacet
  facet normal -0.130183 -0.957696 -0.256652
    outer loop
      vertex 50.2542 31.1263 80.6553
      vertex 48.6821 30.7266 82.9442
      vertex 45.0974 30.9922 83.7714
    endloop
  endfacet
  facet normal -0.130184 -0.957696 -0.256653
    outer loop
      vertex 48.6821 30.7266 82.9442
      vertex 50.2542 31.1263 80.6553
      vertex 50.2542 30.6593 82.3979
    endloop
  endfacet
  facet normal -0.135797 -0.952244 -0.273478
    outer loop
      vertex 50.2542 30.6593 82.3979
      vertex 50.2542 30.6066 82.5814
      vertex 48.6821 30.7266 82.9442
    endloop
  endfacet
  facet normal -0.0727369 -0.993553 -0.0869593
    outer loop
      vertex 43.469 31.5375 81.6326
      vertex 50.2542 31.1263 80.6553
      vertex 43.469 31.4167 83.0128
    endloop
  endfacet
  facet normal -0.0727289 -0.993559 -0.0869013
    outer loop
      vertex 50.2542 31.1263 80.6553
      vertex 43.469 31.5375 81.6326
      vertex 50.2542 31.1727 80.1248
    endloop
  endfacet
  facet normal -0.13014 -0.957724 -0.256569
    outer loop
      vertex 43.469 31.4167 83.0128
      vertex 45.0974 30.9922 83.7714
      vertex 43.469 31.1128 84.1472
    endloop
  endfacet
  facet normal -0.130136 -0.957723 -0.256577
    outer loop
      vertex 45.0974 30.9922 83.7714
      vertex 43.469 31.4167 83.0128
      vertex 50.2542 31.1263 80.6553
    endloop
  endfacet
  facet normal -0.238107 -0.938692 -0.249323
    outer loop
      vertex 51.459 31.0327 79.8571
      vertex 50.965 30.478 82.4173
      vertex 50.2542 31.1263 80.6553
    endloop
  endfacet
  facet normal -0.238105 -0.938693 -0.249323
    outer loop
      vertex 50.965 30.478 82.4173
      vertex 51.459 31.0327 79.8571
      vertex 57.3248 29.2546 80.9497
    endloop
  endfacet
  facet normal -0.238107 -0.938694 -0.249316
    outer loop
      vertex 57.3248 29.2546 80.9497
      vertex 51.459 31.0327 79.8571
      vertex 57.3248 29.891 78.5536
    endloop
  endfacet
  facet normal -0.232792 -0.939391 -0.251699
    outer loop
      vertex 50.2542 30.6593 82.3979
      vertex 50.8889 30.4921 82.4349
      vertex 50.32 30.5979 82.5662
    endloop
  endfacet
  facet normal -0.232787 -0.93938 -0.251745
    outer loop
      vertex 50.8889 30.4921 82.4349
      vertex 50.2542 30.6593 82.3979
      vertex 50.2542 31.1263 80.6553
    endloop
  endfacet
  facet normal -0.187463 -0.944108 -0.271142
    outer loop
      vertex 50.2542 30.6593 82.3979
      vertex 50.32 30.5979 82.5662
      vertex 50.2542 30.6066 82.5814
    endloop
  endfacet
  facet normal -0.232328 -0.939444 -0.251931
    outer loop
      vertex 50.965 30.478 82.4173
      vertex 50.8889 30.4921 82.4349
      vertex 50.2542 31.1263 80.6553
    endloop
  endfacet
  facet normal -0.133903 -0.987225 -0.0863473
    outer loop
      vertex 50.2542 31.1727 80.1248
      vertex 51.459 31.0327 79.8571
      vertex 50.2542 31.1263 80.6553
    endloop
  endfacet
  facet normal -0.0191794 -0.966314 -0.256651
    outer loop
      vertex 57.3248 29.891 78.5536
      vertex 59.2142 29.3329 80.5137
      vertex 57.3248 29.2546 80.9497
    endloop
  endfacet
  facet normal -0.019193 -0.966317 -0.256639
    outer loop
      vertex 59.2142 29.3329 80.5137
      vertex 57.3248 29.891 78.5536
      vertex 58.3081 29.9295 78.3351
    endloop
  endfacet
  facet normal 0.0869534 0 0.996212
    outer loop
      vertex 34 31.8148 86.3
      vertex 34.2257 30.1118 86.2803
      vertex 34.2257 31.8602 86.2803
    endloop
  endfacet
  facet normal 0.0869534 0 0.996212
    outer loop
      vertex 34.2257 30.1118 86.2803
      vertex 34 31.8148 86.3
      vertex 34 30.0664 86.3
    endloop
  endfacet
  facet normal -0.422756 0 0.906244
    outer loop
      vertex 33.4405 31.7658 86.168
      vertex 33.5554 30.0181 86.2216
      vertex 33.5554 31.7665 86.2216
    endloop
  endfacet
  facet normal -0.422611 0 0.906311
    outer loop
      vertex 33.35 30.0167 86.1258
      vertex 33.4405 31.7658 86.168
      vertex 33.35 31.7623 86.1258
    endloop
  endfacet
  facet normal -0.422692 5.0974e-06 0.906273
    outer loop
      vertex 33.4405 31.7658 86.168
      vertex 33.35 30.0167 86.1258
      vertex 33.5554 30.0181 86.2216
    endloop
  endfacet
  facet normal -0.259008 0 0.965875
    outer loop
      vertex 33.5554 31.7665 86.2216
      vertex 33.7743 30.0349 86.2803
      vertex 33.7743 31.7833 86.2803
    endloop
  endfacet
  facet normal -0.259008 0 0.965875
    outer loop
      vertex 33.7743 30.0349 86.2803
      vertex 33.5554 31.7665 86.2216
      vertex 33.5554 30.0181 86.2216
    endloop
  endfacet
  facet normal -0.0869534 0 0.996212
    outer loop
      vertex 33.7743 31.7833 86.2803
      vertex 34 30.0664 86.3
      vertex 34 31.8148 86.3
    endloop
  endfacet
  facet normal -0.0869534 0 0.996212
    outer loop
      vertex 34 30.0664 86.3
      vertex 33.7743 31.7833 86.2803
      vertex 33.7743 30.0349 86.2803
    endloop
  endfacet
  facet normal -0.603922 0.769941 0.20608
    outer loop
      vertex 24.9596 30.0871 80.6218
      vertex 24.7784 29.9924 80.4446
      vertex 24.8216 30.0015 80.5372
    endloop
  endfacet
  facet normal -0.630305 0.734269 0.252122
    outer loop
      vertex 24.7784 29.9924 80.4446
      vertex 24.9596 30.0871 80.6218
      vertex 24.7782 29.9924 80.4441
    endloop
  endfacet
  facet normal -0.517785 0.852272 0.0743729
    outer loop
      vertex 24.9596 30.0871 80.6218
      vertex 24.7365 29.978 80.3188
      vertex 24.7782 29.9924 80.4441
    endloop
  endfacet
  facet normal -0.517925 0.852175 0.0745111
    outer loop
      vertex 24.9596 30.2693 78.538
      vertex 24.7365 29.978 80.3188
      vertex 24.9596 30.0871 80.6218
    endloop
  endfacet
  facet normal -0.517782 0.852259 0.0745428
    outer loop
      vertex 24.7365 29.978 80.3188
      vertex 24.9596 30.2693 78.538
      vertex 23.7468 29.6364 77.3498
    endloop
  endfacet
  facet normal -0.604135 0.76966 0.206507
    outer loop
      vertex 24.9596 30.0871 80.6218
      vertex 24.8742 30.0125 80.65
      vertex 24.9596 30.0468 80.772
    endloop
  endfacet
  facet normal -0.60409 0.769659 0.206639
    outer loop
      vertex 24.8742 30.0125 80.65
      vertex 24.9596 30.0871 80.6218
      vertex 24.8216 30.0015 80.5372
    endloop
  endfacet
  facet normal -0.342952 0.935783 0.0818215
    outer loop
      vertex 24.9596 30.2693 78.538
      vertex 24.9596 30.0871 80.6218
      vertex 30.8041 32.1238 81.8253
    endloop
  endfacet
  facet normal -0.411919 0.880172 0.235838
    outer loop
      vertex 30.8041 31.9415 83.9091
      vertex 25.8779 30.2934 81.4558
      vertex 30.8041 31.7739 84.5346
    endloop
  endfacet
  facet normal -0.411916 0.880176 0.235829
    outer loop
      vertex 25.8779 30.2934 81.4558
      vertex 30.8041 31.9415 83.9091
      vertex 24.9596 30.0871 80.6218
    endloop
  endfacet
  facet normal -0.257917 0.962477 -0.0843659
    outer loop
      vertex 27.0852 30.8924 79.1462
      vertex 30.8041 32.1238 81.8253
      vertex 30.8041 32.0927 81.4705
    endloop
  endfacet
  facet normal -0.258052 0.962458 -0.0841707
    outer loop
      vertex 27.0852 30.8924 79.1462
      vertex 24.9596 30.2693 78.538
      vertex 30.8041 32.1238 81.8253
    endloop
  endfacet
  facet normal -0.258045 0.962457 -0.0841931
    outer loop
      vertex 26.4713 30.5667 77.3045
      vertex 24.9596 30.2693 78.538
      vertex 27.0852 30.8924 79.1462
    endloop
  endfacet
  facet normal -0.258016 0.962469 -0.0841548
    outer loop
      vertex 24.9596 30.2693 78.538
      vertex 26.4713 30.5667 77.3045
      vertex 24.9596 30.0871 76.4542
    endloop
  endfacet
  facet normal -0.342959 0.935776 0.0818658
    outer loop
      vertex 30.8041 32.1238 81.8253
      vertex 24.9596 30.0871 80.6218
      vertex 30.8041 31.9415 83.9091
    endloop
  endfacet
  facet normal -0.412168 0.87997 0.236158
    outer loop
      vertex 24.9596 30.0871 80.6218
      vertex 25.35 30.1347 81.1258
      vertex 25.8779 30.2934 81.4558
    endloop
  endfacet
  facet normal -0.411608 0.880358 0.235688
    outer loop
      vertex 25.35 30.1347 81.1258
      vertex 24.9596 30.0871 80.6218
      vertex 25.1644 30.0827 80.9959
    endloop
  endfacet
  facet normal -0.412245 0.879967 0.236032
    outer loop
      vertex 25.1644 30.0827 80.9959
      vertex 24.9596 30.0871 80.6218
      vertex 25.0041 30.0506 80.8356
    endloop
  endfacet
  facet normal -0.41252 0.879829 0.236066
    outer loop
      vertex 25.0041 30.0506 80.8356
      vertex 24.9596 30.0871 80.6218
      vertex 24.9596 30.0468 80.772
    endloop
  endfacet
  facet normal -0.144493 0.985738 0.0862639
    outer loop
      vertex 31.4679 32.2159 81.8854
      vertex 30.8041 31.9415 83.9091
      vertex 33.5998 32.4118 83.2178
    endloop
  endfacet
  facet normal -0.144574 0.985729 0.0862359
    outer loop
      vertex 30.8041 31.9415 83.9091
      vertex 31.4679 32.2159 81.8854
      vertex 30.8041 32.1238 81.8253
    endloop
  endfacet
  facet normal -0.129218 0.987829 -0.0865881
    outer loop
      vertex 31.4679 32.2159 81.8854
      vertex 30.8041 32.0927 81.4705
      vertex 30.8041 32.1238 81.8253
    endloop
  endfacet
  facet normal 0.517883 -0.852194 -0.0745883
    outer loop
      vertex 24.6364 28.2934 80.0186
      vertex 24.9596 28.6194 78.538
      vertex 24.9596 28.4621 80.3352
    endloop
  endfacet
  facet normal 0.517871 -0.852201 -0.0745924
    outer loop
      vertex 24.9596 28.6194 78.538
      vertex 24.6364 28.2934 80.0186
      vertex 23.7468 27.9864 77.3498
    endloop
  endfacet
  facet normal 0.603489 -0.770422 -0.205551
    outer loop
      vertex 24.9596 28.4621 80.3352
      vertex 24.6801 28.2926 80.1499
      vertex 24.6364 28.2934 80.0186
    endloop
  endfacet
  facet normal 0.603804 -0.769983 -0.206269
    outer loop
      vertex 24.9596 28.4621 80.3352
      vertex 24.8742 28.3108 80.65
      vertex 24.7784 28.2907 80.4446
    endloop
  endfacet
  facet normal 0.603863 -0.769946 -0.206236
    outer loop
      vertex 24.8742 28.3108 80.65
      vertex 24.9596 28.4621 80.3352
      vertex 24.9596 28.3451 80.772
    endloop
  endfacet
  facet normal 0.603762 -0.769993 -0.206355
    outer loop
      vertex 24.9596 28.4621 80.3352
      vertex 24.7784 28.2907 80.4446
      vertex 24.6801 28.2926 80.1499
    endloop
  endfacet
  facet normal 0.257917 -0.962477 0.0843659
    outer loop
      vertex 30.8041 30.4738 81.8253
      vertex 27.0852 29.2424 79.1462
      vertex 30.8041 30.4427 81.4705
    endloop
  endfacet
  facet normal 0.257979 -0.962468 0.0842759
    outer loop
      vertex 24.9596 28.6194 78.538
      vertex 27.0852 29.2424 79.1462
      vertex 30.8041 30.4738 81.8253
    endloop
  endfacet
  facet normal 0.258003 -0.962469 0.0841924
    outer loop
      vertex 24.9596 28.6194 78.538
      vertex 26.5889 28.9791 77.6571
      vertex 27.0852 29.2424 79.1462
    endloop
  endfacet
  facet normal 0.258024 -0.962459 0.0842346
    outer loop
      vertex 26.5889 28.9791 77.6571
      vertex 24.9596 28.6194 78.538
      vertex 24.9596 28.4621 76.7407
    endloop
  endfacet
  facet normal 0.4119 -0.880197 -0.235781
    outer loop
      vertex 27.2792 29.0128 82.3316
      vertex 30.8041 30.3165 83.6226
      vertex 30.8041 30.0722 84.5346
    endloop
  endfacet
  facet normal 0.411901 -0.880195 -0.235785
    outer loop
      vertex 30.8041 30.3165 83.6226
      vertex 27.2792 29.0128 82.3316
      vertex 24.9596 28.4621 80.3352
    endloop
  endfacet
  facet normal 0.342975 -0.935767 -0.0818985
    outer loop
      vertex 24.9596 28.4621 80.3352
      vertex 30.8041 30.4738 81.8253
      vertex 30.8041 30.3165 83.6226
    endloop
  endfacet
  facet normal 0.342976 -0.935767 -0.081903
    outer loop
      vertex 30.8041 30.4738 81.8253
      vertex 24.9596 28.4621 80.3352
      vertex 24.9596 28.6194 78.538
    endloop
  endfacet
  facet normal 0.412152 -0.880043 -0.235914
    outer loop
      vertex 24.9596 28.4621 80.3352
      vertex 25.35 28.433 81.1258
      vertex 25.1644 28.3809 80.9959
    endloop
  endfacet
  facet normal 0.411503 -0.880389 -0.235755
    outer loop
      vertex 24.9596 28.4621 80.3352
      vertex 25.1644 28.3809 80.9959
      vertex 25.0041 28.3489 80.8356
    endloop
  endfacet
  facet normal 0.412087 -0.880118 -0.235746
    outer loop
      vertex 24.9596 28.4621 80.3352
      vertex 25.0041 28.3489 80.8356
      vertex 24.9596 28.3451 80.772
    endloop
  endfacet
  facet normal 0.411912 -0.880186 -0.2358
    outer loop
      vertex 25.35 28.433 81.1258
      vertex 24.9596 28.4621 80.3352
      vertex 27.2792 29.0128 82.3316
    endloop
  endfacet
  facet normal 0.129218 -0.987829 0.0865881
    outer loop
      vertex 31.4679 30.5659 81.8854
      vertex 30.8041 30.4738 81.8253
      vertex 30.8041 30.4427 81.4705
    endloop
  endfacet
  facet normal 0.144595 -0.985702 -0.0865068
    outer loop
      vertex 31.4679 30.5659 81.8854
      vertex 32.2627 30.6389 82.3821
      vertex 30.8041 30.4738 81.8253
    endloop
  endfacet
  facet normal -0.573403 0 0.819273
    outer loop
      vertex 25.1644 30.0827 80.9959
      vertex 25.35 28.433 81.1258
      vertex 25.35 30.1347 81.1258
    endloop
  endfacet
  facet normal -0.573403 0 0.819273
    outer loop
      vertex 25.35 28.433 81.1258
      vertex 25.1644 30.0827 80.9959
      vertex 25.1644 28.3809 80.9959
    endloop
  endfacet
  facet normal -0.819385 0.00116382 0.573242
    outer loop
      vertex 24.8742 30.0125 80.65
      vertex 25.0041 30.0506 80.8356
      vertex 24.9596 30.0468 80.772
    endloop
  endfacet
  facet normal -0.819273 0 0.573403
    outer loop
      vertex 24.8742 30.0125 80.65
      vertex 25.0041 28.3489 80.8356
      vertex 25.0041 30.0506 80.8356
    endloop
  endfacet
  facet normal -0.819352 -1.87702e-05 0.57329
    outer loop
      vertex 24.8742 30.0125 80.65
      vertex 24.9596 28.3451 80.772
      vertex 25.0041 28.3489 80.8356
    endloop
  endfacet
  facet normal -0.819232 0 0.573462
    outer loop
      vertex 24.9596 28.3451 80.772
      vertex 24.8742 30.0125 80.65
      vertex 24.8742 28.3108 80.65
    endloop
  endfacet
  facet normal -0.707107 0 0.707107
    outer loop
      vertex 25.0041 30.0506 80.8356
      vertex 25.1644 28.3809 80.9959
      vertex 25.1644 30.0827 80.9959
    endloop
  endfacet
  facet normal -0.707107 0 0.707107
    outer loop
      vertex 25.1644 28.3809 80.9959
      vertex 25.0041 30.0506 80.8356
      vertex 25.0041 28.3489 80.8356
    endloop
  endfacet
  facet normal -0.529925 -2.88097e-05 0.848044
    outer loop
      vertex 32.3579 30.0651 85.5058
      vertex 33.35 31.7623 86.1258
      vertex 32.4223 31.7665 85.5461
    endloop
  endfacet
  facet normal -0.529961 0 0.848022
    outer loop
      vertex 33.35 31.7623 86.1258
      vertex 32.3579 30.0651 85.5058
      vertex 33.35 30.0167 86.1258
    endloop
  endfacet
  facet normal -0.530013 -2.41691e-05 0.847989
    outer loop
      vertex 32.4223 31.7665 85.5461
      vertex 31.8208 30.0676 85.1701
      vertex 32.3579 30.0651 85.5058
    endloop
  endfacet
  facet normal -0.530046 -7.99125e-06 0.847969
    outer loop
      vertex 30.8041 31.7739 84.5346
      vertex 31.8208 30.0676 85.1701
      vertex 32.4223 31.7665 85.5461
    endloop
  endfacet
  facet normal -0.530036 0 0.847975
    outer loop
      vertex 30.8041 31.7739 84.5346
      vertex 30.8041 30.0722 84.5346
      vertex 31.8208 30.0676 85.1701
    endloop
  endfacet
  facet normal -0.529988 0 0.848005
    outer loop
      vertex 30.8041 31.7739 84.5346
      vertex 27.2792 29.0128 82.3316
      vertex 30.8041 30.0722 84.5346
    endloop
  endfacet
  facet normal -0.529991 4.40231e-06 0.848004
    outer loop
      vertex 25.8779 30.2934 81.4558
      vertex 27.2792 29.0128 82.3316
      vertex 30.8041 31.7739 84.5346
    endloop
  endfacet
  facet normal -0.530071 0 0.847953
    outer loop
      vertex 25.35 28.433 81.1258
      vertex 25.8779 30.2934 81.4558
      vertex 25.35 30.1347 81.1258
    endloop
  endfacet
  facet normal -0.530009 -2.43264e-05 0.847992
    outer loop
      vertex 25.8779 30.2934 81.4558
      vertex 25.35 28.433 81.1258
      vertex 27.2792 29.0128 82.3316
    endloop
  endfacet
  facet normal 0.529999 0 -0.847998
    outer loop
      vertex 34.2334 30.8201 83.6138
      vertex 33.5998 32.4118 83.2178
      vertex 34.2334 32.4701 83.6138
    endloop
  endfacet
  facet normal 0.530003 2.0655e-06 -0.847996
    outer loop
      vertex 32.2627 30.6389 82.3821
      vertex 33.5998 32.4118 83.2178
      vertex 34.2334 30.8201 83.6138
    endloop
  endfacet
  facet normal 0.529961 0 -0.848022
    outer loop
      vertex 31.4679 32.2159 81.8854
      vertex 32.2627 30.6389 82.3821
      vertex 31.4679 30.5659 81.8854
    endloop
  endfacet
  facet normal 0.529987 1.85116e-05 -0.848006
    outer loop
      vertex 32.2627 30.6389 82.3821
      vertex 31.4679 32.2159 81.8854
      vertex 33.5998 32.4118 83.2178
    endloop
  endfacet
  facet normal 0.530022 0 -0.847984
    outer loop
      vertex 30.8041 32.0927 81.4705
      vertex 31.4679 30.5659 81.8854
      vertex 30.8041 30.4427 81.4705
    endloop
  endfacet
  facet normal 0.530022 0 -0.847984
    outer loop
      vertex 31.4679 30.5659 81.8854
      vertex 30.8041 32.0927 81.4705
      vertex 31.4679 32.2159 81.8854
    endloop
  endfacet
  facet normal 0.529997 0 -0.848
    outer loop
      vertex 27.0852 30.8924 79.1462
      vertex 30.8041 30.4427 81.4705
      vertex 27.0852 29.2424 79.1462
    endloop
  endfacet
  facet normal 0.529997 0 -0.848
    outer loop
      vertex 30.8041 30.4427 81.4705
      vertex 27.0852 30.8924 79.1462
      vertex 30.8041 32.0927 81.4705
    endloop
  endfacet
  facet normal -0.906306 0 0.422622
    outer loop
      vertex 24.8216 30.0015 80.5372
      vertex 24.8742 28.3108 80.65
      vertex 24.8742 30.0125 80.65
    endloop
  endfacet
  facet normal -0.906234 1.26516e-05 0.422777
    outer loop
      vertex 24.7784 29.9924 80.4446
      vertex 24.8742 28.3108 80.65
      vertex 24.8216 30.0015 80.5372
    endloop
  endfacet
  facet normal -0.906273 0 0.422692
    outer loop
      vertex 24.8742 28.3108 80.65
      vertex 24.7784 29.9924 80.4446
      vertex 24.7784 28.2907 80.4446
    endloop
  endfacet
  facet normal -0.540365 0.762593 -0.355608
    outer loop
      vertex 22.9008 27.2882 65.1181
      vertex 21 26.3125 65.9141
      vertex 21 26.9479 67.2767
    endloop
  endfacet
  facet normal -0.540368 0.76258 -0.355632
    outer loop
      vertex 21 26.3125 65.9141
      vertex 22.9008 27.2882 65.1181
      vertex 22.8099 26.927 64.4817
    endloop
  endfacet
  facet normal -0.336118 0.929461 -0.152073
    outer loop
      vertex 24.9596 29.4842 72.7693
      vertex 22.7154 28.9158 74.2555
      vertex 24.9596 30.0871 76.4542
    endloop
  endfacet
  facet normal -0.336112 0.929466 -0.152061
    outer loop
      vertex 24.9596 29.4842 72.7693
      vertex 21.0337 27.4823 69.2105
      vertex 22.7154 28.9158 74.2555
    endloop
  endfacet
  facet normal -0.336125 0.929463 -0.152045
    outer loop
      vertex 23.2695 28.0436 67.6991
      vertex 21.0337 27.4823 69.2105
      vertex 24.9596 29.4842 72.7693
    endloop
  endfacet
  facet normal -0.336124 0.929464 -0.152044
    outer loop
      vertex 21.0337 27.4823 69.2105
      vertex 23.2695 28.0436 67.6991
      vertex 23.1353 27.8414 66.7597
    endloop
  endfacet
  facet normal -0.422619 0.875548 -0.234114
    outer loop
      vertex 23.1353 27.8414 66.7597
      vertex 21 27.439 69.1094
      vertex 21.0337 27.4823 69.2105
    endloop
  endfacet
  facet normal -0.423014 0.875247 -0.234525
    outer loop
      vertex 21 27.439 69.1094
      vertex 23.1353 27.8414 66.7597
      vertex 21 27.0875 67.7976
    endloop
  endfacet
  facet normal -0.422984 0.875286 -0.234435
    outer loop
      vertex 21 27.0875 67.7976
      vertex 23.1353 27.8414 66.7597
      vertex 23.0495 27.6391 66.1592
    endloop
  endfacet
  facet normal -0.423062 0.875216 -0.234556
    outer loop
      vertex 23.0495 27.6391 66.1592
      vertex 21 26.9479 67.2767
      vertex 21 27.0875 67.7976
    endloop
  endfacet
  facet normal -0.423064 0.875213 -0.234562
    outer loop
      vertex 21 26.9479 67.2767
      vertex 23.0495 27.6391 66.1592
      vertex 22.9008 27.2882 65.1181
    endloop
  endfacet
  facet normal -0.398531 0.913669 -0.0798879
    outer loop
      vertex 24.9596 30.0871 76.4542
      vertex 23.7468 29.6364 77.3498
      vertex 24.9596 30.2693 78.538
    endloop
  endfacet
  facet normal -0.398544 0.913662 -0.0799089
    outer loop
      vertex 23.7468 29.6364 77.3498
      vertex 24.9596 30.0871 76.4542
      vertex 23.0693 29.1631 75.3172
    endloop
  endfacet
  facet normal -0.398503 0.913673 -0.0799861
    outer loop
      vertex 24.9596 30.0871 76.4542
      vertex 22.7154 28.9158 74.2555
      vertex 23.0693 29.1631 75.3172
    endloop
  endfacet
  facet normal -0.403576 0.90294 -0.147733
    outer loop
      vertex 25.5866 30.0722 74.6503
      vertex 24.9596 29.4842 72.7693
      vertex 24.9596 30.0871 76.4542
    endloop
  endfacet
  facet normal -0.251828 0.96305 -0.095485
    outer loop
      vertex 25.5866 30.0722 74.6503
      vertex 24.9596 30.0871 76.4542
      vertex 26.4713 30.5667 77.3045
    endloop
  endfacet
  facet normal 0.336103 -0.929469 0.152056
    outer loop
      vertex 22.8572 27.3649 74.681
      vertex 24.9596 27.8124 72.7693
      vertex 24.9596 28.4621 76.7407
    endloop
  endfacet
  facet normal 0.336113 -0.929464 0.152068
    outer loop
      vertex 21.1025 25.8691 69.4168
      vertex 24.9596 27.8124 72.7693
      vertex 22.8572 27.3649 74.681
    endloop
  endfacet
  facet normal 0.336134 -0.929461 0.152042
    outer loop
      vertex 21.1025 25.8691 69.4168
      vertex 23.2695 26.3718 67.6991
      vertex 24.9596 27.8124 72.7693
    endloop
  endfacet
  facet normal 0.336109 -0.929475 0.152007
    outer loop
      vertex 23.2695 26.3718 67.6991
      vertex 21.1025 25.8691 69.4168
      vertex 23.1704 26.2225 67.0053
    endloop
  endfacet
  facet normal 0.540339 -0.762612 0.355608
    outer loop
      vertex 21 24.8494 66.6658
      vertex 22.9702 25.7501 65.6037
      vertex 21 25.3974 67.841
    endloop
  endfacet
  facet normal 0.540312 -0.762681 0.355499
    outer loop
      vertex 22.9702 25.7501 65.6037
      vertex 21 24.8494 66.6658
      vertex 22.8948 25.4509 65.0764
    endloop
  endfacet
  facet normal 0.422045 -0.875662 0.234719
    outer loop
      vertex 21 25.516 68.2838
      vertex 21.1025 25.8691 69.4168
      vertex 21 25.7373 69.1094
    endloop
  endfacet
  facet normal 0.423039 -0.875242 0.234498
    outer loop
      vertex 21 25.516 68.2838
      vertex 23.1704 26.2225 67.0053
      vertex 21.1025 25.8691 69.4168
    endloop
  endfacet
  facet normal 0.423058 -0.875222 0.234541
    outer loop
      vertex 23.1704 26.2225 67.0053
      vertex 21 25.516 68.2838
      vertex 23.0983 26.0524 66.5006
    endloop
  endfacet
  facet normal 0.422986 -0.875284 0.234437
    outer loop
      vertex 21 25.3974 67.841
      vertex 23.0983 26.0524 66.5006
      vertex 21 25.516 68.2838
    endloop
  endfacet
  facet normal 0.42305 -0.875218 0.23457
    outer loop
      vertex 23.0983 26.0524 66.5006
      vertex 21 25.3974 67.841
      vertex 22.9702 25.7501 65.6037
    endloop
  endfacet
  facet normal 0.398529 -0.913663 0.079964
    outer loop
      vertex 23.7468 27.9864 77.3498
      vertex 24.9596 28.4621 76.7407
      vertex 24.9596 28.6194 78.538
    endloop
  endfacet
  facet normal 0.398517 -0.913671 0.0799334
    outer loop
      vertex 24.9596 28.4621 76.7407
      vertex 23.7468 27.9864 77.3498
      vertex 22.8572 27.3649 74.681
    endloop
  endfacet
  facet normal 0.403635 -0.902917 0.147713
    outer loop
      vertex 25.6353 28.4461 74.7965
      vertex 24.9596 28.4621 76.7407
      vertex 24.9596 27.8124 72.7693
    endloop
  endfacet
  facet normal 0.251889 -0.963036 0.0954684
    outer loop
      vertex 25.6353 28.4461 74.7965
      vertex 26.5889 28.9791 77.6571
      vertex 24.9596 28.4621 76.7407
    endloop
  endfacet
  facet normal -1 0 0
    outer loop
      vertex 21 25.3974 67.841
      vertex 21 27.0875 67.7976
      vertex 21 26.9479 67.2767
    endloop
  endfacet
  facet normal -1 0 0
    outer loop
      vertex 21 25.3974 67.841
      vertex 21 26.9479 67.2767
      vertex 21 26.3125 65.9141
    endloop
  endfacet
  facet normal -1 0 0
    outer loop
      vertex 21 24.6557 66.2503
      vertex 21 26.3125 65.9141
      vertex 21 26.0846 65.4253
    endloop
  endfacet
  facet normal -1 0 0
    outer loop
      vertex 21 27.0875 67.7976
      vertex 21 25.3974 67.841
      vertex 21 25.516 68.2838
    endloop
  endfacet
  facet normal -1 0 0
    outer loop
      vertex 21 27.0875 67.7976
      vertex 21 25.7373 69.1094
      vertex 21 27.439 69.1094
    endloop
  endfacet
  facet normal -1 0 -0
    outer loop
      vertex 21 25.7373 69.1094
      vertex 21 27.0875 67.7976
      vertex 21 25.516 68.2838
    endloop
  endfacet
  facet normal -1 0 0
    outer loop
      vertex 21 24.3927 65.8748
      vertex 21 26.0846 65.4253
      vertex 21 25.2223 64.1938
    endloop
  endfacet
  facet normal -1 0 0
    outer loop
      vertex 21 23.649 64.8127
      vertex 21 25.2223 64.1938
      vertex 21 24.913 63.7521
    endloop
  endfacet
  facet normal -1 0 0
    outer loop
      vertex 21 26.3125 65.9141
      vertex 21 24.8494 66.6658
      vertex 21 25.3974 67.841
    endloop
  endfacet
  facet normal -1 0 0
    outer loop
      vertex 21 26.3125 65.9141
      vertex 21 24.6557 66.2503
      vertex 21 24.8494 66.6658
    endloop
  endfacet
  facet normal -1 0 0
    outer loop
      vertex 21 23.649 64.8127
      vertex 21 24.913 63.7521
      vertex 21 24.5316 63.3707
    endloop
  endfacet
  facet normal -1 0 0
    outer loop
      vertex 21 26.0846 65.4253
      vertex 21 24.3927 65.8748
      vertex 21 24.6557 66.2503
    endloop
  endfacet
  facet normal -1 0 0
    outer loop
      vertex 21 25.2223 64.1938
      vertex 21 23.649 64.8127
      vertex 21 24.3927 65.8748
    endloop
  endfacet
  facet normal -1 0 0
    outer loop
      vertex 21 22.4079 63.5716
      vertex 21 24.5316 63.3707
      vertex 21 23.4685 62.3076
    endloop
  endfacet
  facet normal -1 0 0
    outer loop
      vertex 21 22.4079 63.5716
      vertex 21 23.4685 62.3076
      vertex 21 22.7008 61.6994
    endloop
  endfacet
  facet normal -1 0 0
    outer loop
      vertex 21 24.5316 63.3707
      vertex 21 22.4079 63.5716
      vertex 21 23.649 64.8127
    endloop
  endfacet
  facet normal -1 0 0
    outer loop
      vertex 21 22.7008 61.6994
      vertex 21 21.6402 62.9633
      vertex 21 22.4079 63.5716
    endloop
  endfacet
  facet normal -1 0 0
    outer loop
      vertex 21 21.5719 60.9089
      vertex 21 21.6402 62.9633
      vertex 21 22.7008 61.6994
    endloop
  endfacet
  facet normal -1 0 0
    outer loop
      vertex 21 20.3051 62.0285
      vertex 21 21.5719 60.9089
      vertex 21 21.1301 60.5996
    endloop
  endfacet
  facet normal -1 0 0
    outer loop
      vertex 21 21.5719 60.9089
      vertex 21 20.6807 62.2915
      vertex 21 21.6402 62.9633
    endloop
  endfacet
  facet normal -1 0 0
    outer loop
      vertex 21 20.3051 62.0285
      vertex 21 21.1301 60.5996
      vertex 21 20.6414 60.3716
    endloop
  endfacet
  facet normal -1 0 0
    outer loop
      vertex 21 21.5719 60.9089
      vertex 21 20.3051 62.0285
      vertex 21 20.6807 62.2915
    endloop
  endfacet
  facet normal -1 0 0
    outer loop
      vertex 21 18.828 61.3397
      vertex 21 20.6414 60.3716
      vertex 21 19.3924 59.7892
    endloop
  endfacet
  facet normal -1 0 0
    outer loop
      vertex 21 20.6414 60.3716
      vertex 21 18.828 61.3397
      vertex 21 20.3051 62.0285
    endloop
  endfacet
  facet normal -1 0 0
    outer loop
      vertex 21 17.5403 59.293
      vertex 21 18.828 61.3397
      vertex 21 19.3924 59.7892
    endloop
  endfacet
  facet normal -1 0 0
    outer loop
      vertex 21 17.5403 59.293
      vertex 21 17.2538 60.9179
      vertex 21 18.828 61.3397
    endloop
  endfacet
  facet normal -1 0 0
    outer loop
      vertex 21 15.6301 59.1259
      vertex 21 17.2538 60.9179
      vertex 21 17.5403 59.293
    endloop
  endfacet
  facet normal -1 0 0
    outer loop
      vertex 21 15.6301 59.1259
      vertex 21 15.6301 60.7758
      vertex 21 17.2538 60.9179
    endloop
  endfacet
  facet normal -1 0 0
    outer loop
      vertex 21 0 59.1259
      vertex 21 15.6301 60.7758
      vertex 21 15.6301 59.1259
    endloop
  endfacet
  facet normal -1 -0 0
    outer loop
      vertex 21 15.6301 60.7758
      vertex 21 0 59.1259
      vertex 21 0 60.7758
    endloop
  endfacet
  facet normal 0.948683 0 -0.316228
    outer loop
      vertex 27.0852 29.2424 79.1462
      vertex 26.4713 30.5667 77.3045
      vertex 27.0852 30.8924 79.1462
    endloop
  endfacet
  facet normal 0.948685 4.07953e-05 -0.316224
    outer loop
      vertex 26.4713 30.5667 77.3045
      vertex 26.5889 28.9791 77.6571
      vertex 25.5866 30.0722 74.6503
    endloop
  endfacet
  facet normal 0.948694 4.74089e-05 -0.316197
    outer loop
      vertex 26.4713 30.5667 77.3045
      vertex 27.0852 29.2424 79.1462
      vertex 26.5889 28.9791 77.6571
    endloop
  endfacet
  facet normal 0.948678 -2.10815e-05 -0.316244
    outer loop
      vertex 25.5866 30.0722 74.6503
      vertex 26.5889 28.9791 77.6571
      vertex 25.6353 28.4461 74.7965
    endloop
  endfacet
  facet normal 0.948685 -1.89154e-05 -0.316222
    outer loop
      vertex 25.5866 30.0722 74.6503
      vertex 25.6353 28.4461 74.7965
      vertex 24.9596 29.4842 72.7693
    endloop
  endfacet
  facet normal 0.948688 0 -0.316214
    outer loop
      vertex 24.9596 27.8124 72.7693
      vertex 24.9596 29.4842 72.7693
      vertex 25.6353 28.4461 74.7965
    endloop
  endfacet
  facet normal 0.948681 0 -0.316233
    outer loop
      vertex 24.9596 29.4842 72.7693
      vertex 24.9596 27.8124 72.7693
      vertex 23.2695 28.0436 67.6991
    endloop
  endfacet
  facet normal 0.948681 0 -0.316233
    outer loop
      vertex 23.2695 28.0436 67.6991
      vertex 24.9596 27.8124 72.7693
      vertex 23.2695 26.3718 67.6991
    endloop
  endfacet
  facet normal -0.948683 0 0.316228
    outer loop
      vertex 23.7468 29.6364 77.3498
      vertex 23.7468 27.9864 77.3498
      vertex 24.6364 28.2934 80.0186
    endloop
  endfacet
  facet normal -0.948683 2.05107e-05 0.316228
    outer loop
      vertex 22.8572 27.3649 74.681
      vertex 22.7154 28.9158 74.2555
      vertex 21.0337 27.4823 69.2105
    endloop
  endfacet
  facet normal -0.948681 -1.85846e-05 0.316235
    outer loop
      vertex 21.1025 25.8691 69.4168
      vertex 21.0337 27.4823 69.2105
      vertex 21 27.439 69.1094
    endloop
  endfacet
  facet normal -0.948685 1.91648e-05 0.316224
    outer loop
      vertex 23.0693 29.1631 75.3172
      vertex 22.8572 27.3649 74.681
      vertex 23.7468 27.9864 77.3498
    endloop
  endfacet
  facet normal -0.948683 -1.96565e-05 0.316227
    outer loop
      vertex 21.0337 27.4823 69.2105
      vertex 21.1025 25.8691 69.4168
      vertex 22.8572 27.3649 74.681
    endloop
  endfacet
  facet normal -0.948652 0 0.31632
    outer loop
      vertex 21.1025 25.8691 69.4168
      vertex 21 27.439 69.1094
      vertex 21 25.7373 69.1094
    endloop
  endfacet
  facet normal -0.81598 -0.477122 0.326392
    outer loop
      vertex 24.7365 29.978 80.3188
      vertex 24.7784 29.9924 80.4446
      vertex 24.7782 29.9924 80.4441
    endloop
  endfacet
  facet normal -0.948681 1.72268e-05 0.316236
    outer loop
      vertex 24.6364 28.2934 80.0186
      vertex 24.7365 29.978 80.3188
      vertex 23.7468 29.6364 77.3498
    endloop
  endfacet
  facet normal -0.948688 0 0.316214
    outer loop
      vertex 23.7468 27.9864 77.3498
      vertex 23.7468 29.6364 77.3498
      vertex 23.0693 29.1631 75.3172
    endloop
  endfacet
  facet normal -0.948685 1.91652e-05 0.316224
    outer loop
      vertex 22.8572 27.3649 74.681
      vertex 23.0693 29.1631 75.3172
      vertex 22.7154 28.9158 74.2555
    endloop
  endfacet
  facet normal -0.948828 0.000104512 0.315795
    outer loop
      vertex 24.6801 28.2926 80.1499
      vertex 24.7365 29.978 80.3188
      vertex 24.6364 28.2934 80.0186
    endloop
  endfacet
  facet normal -0.948619 3.47567e-05 0.316421
    outer loop
      vertex 24.7784 28.2907 80.4446
      vertex 24.7365 29.978 80.3188
      vertex 24.6801 28.2926 80.1499
    endloop
  endfacet
  facet normal -0.948759 0 0.316002
    outer loop
      vertex 24.7365 29.978 80.3188
      vertex 24.7784 28.2907 80.4446
      vertex 24.7784 29.9924 80.4446
    endloop
  endfacet
  facet normal -0.674367 0.52216 -0.52209
    outer loop
      vertex 21 23.4685 62.3076
      vertex 22.388 24.4823 61.5287
      vertex 22.3023 23.7719 60.9289
    endloop
  endfacet
  facet normal -0.674364 0.522127 -0.522127
    outer loop
      vertex 22.388 24.4823 61.5287
      vertex 21 23.4685 62.3076
      vertex 21 24.5316 63.3707
    endloop
  endfacet
  facet normal -0.707292 0.298768 -0.640684
    outer loop
      vertex 21 20.6414 60.3716
      vertex 22.1116 21.6046 59.5936
      vertex 22.063 20.7598 59.2533
    endloop
  endfacet
  facet normal -0.707323 0.298869 -0.640603
    outer loop
      vertex 22.1116 21.6046 59.5936
      vertex 21 20.6414 60.3716
      vertex 21 21.1301 60.5996
    endloop
  endfacet
  facet normal -0.621089 0.642004 -0.449533
    outer loop
      vertex 22.6792 26.4077 63.5667
      vertex 21 25.2223 64.1938
      vertex 21 26.0846 65.4253
    endloop
  endfacet
  facet normal -0.621094 0.642043 -0.44947
    outer loop
      vertex 21 25.2223 64.1938
      vertex 22.6792 26.4077 63.5667
      vertex 22.5882 25.8738 62.9298
    endloop
  endfacet
  facet normal -0.701596 0.184415 -0.688297
    outer loop
      vertex 21.9463 17.9442 58.4366
      vertex 21 19.3924 59.7892
      vertex 22.0091 19.8231 58.876
    endloop
  endfacet
  facet normal -0.701608 0.184401 -0.68829
    outer loop
      vertex 21 19.3924 59.7892
      vertex 21.9463 17.9442 58.4366
      vertex 21 17.5403 59.293
    endloop
  endfacet
  facet normal -0.671008 -0 -0.74145
    outer loop
      vertex 21 15.6301 59.1259
      vertex 21.9252 0 58.2886
      vertex 21 0 59.1259
    endloop
  endfacet
  facet normal -0.671008 0 -0.74145
    outer loop
      vertex 21.9252 0 58.2886
      vertex 21 15.6301 59.1259
      vertex 21.9252 16.025 58.2886
    endloop
  endfacet
  facet normal -0.702169 0.408352 -0.583273
    outer loop
      vertex 22.1116 21.6046 59.5936
      vertex 21 21.5719 60.9089
      vertex 22.1805 22.4124 60.0762
    endloop
  endfacet
  facet normal -0.702172 0.408345 -0.583275
    outer loop
      vertex 21 21.5719 60.9089
      vertex 22.1116 21.6046 59.5936
      vertex 21 21.1301 60.5996
    endloop
  endfacet
  facet normal -0.674365 0.522126 -0.522126
    outer loop
      vertex 22.4775 25.2241 62.1549
      vertex 21 24.5316 63.3707
      vertex 21 24.913 63.7521
    endloop
  endfacet
  facet normal -0.674365 0.522125 -0.522128
    outer loop
      vertex 21 24.5316 63.3707
      vertex 22.4775 25.2241 62.1549
      vertex 22.388 24.4823 61.5287
    endloop
  endfacet
  facet normal -0.702152 0.408451 -0.583223
    outer loop
      vertex 22.1805 22.4124 60.0762
      vertex 21 22.7008 61.6994
      vertex 22.2507 23.2346 60.5675
    endloop
  endfacet
  facet normal -0.702175 0.408401 -0.583231
    outer loop
      vertex 21 22.7008 61.6994
      vertex 22.1805 22.4124 60.0762
      vertex 21 21.5719 60.9089
    endloop
  endfacet
  facet normal -0.697895 0.444662 -0.561443
    outer loop
      vertex 21 22.7008 61.6994
      vertex 22.3023 23.7719 60.9289
      vertex 22.2507 23.2346 60.5675
    endloop
  endfacet
  facet normal -0.69791 0.444735 -0.561366
    outer loop
      vertex 22.3023 23.7719 60.9289
      vertex 21 22.7008 61.6994
      vertex 21 23.4685 62.3076
    endloop
  endfacet
  facet normal -0.621119 0.64197 -0.449539
    outer loop
      vertex 22.5882 25.8738 62.9298
      vertex 21 24.913 63.7521
      vertex 21 25.2223 64.1938
    endloop
  endfacet
  facet normal -0.621118 0.641981 -0.449525
    outer loop
      vertex 21 24.913 63.7521
      vertex 22.5882 25.8738 62.9298
      vertex 22.4775 25.2241 62.1549
    endloop
  endfacet
  facet normal -0.707304 0.298762 -0.640674
    outer loop
      vertex 21 19.3924 59.7892
      vertex 22.063 20.7598 59.2533
      vertex 22.0091 19.8231 58.876
    endloop
  endfacet
  facet normal -0.707295 0.298749 -0.640689
    outer loop
      vertex 22.063 20.7598 59.2533
      vertex 21 19.3924 59.7892
      vertex 21 20.6414 60.3716
    endloop
  endfacet
  facet normal -0.684425 0.063536 -0.72631
    outer loop
      vertex 21 17.5403 59.293
      vertex 21.9252 16.025 58.2886
      vertex 21 15.6301 59.1259
    endloop
  endfacet
  facet normal -0.684426 0.0635343 -0.726309
    outer loop
      vertex 21.9252 16.025 58.2886
      vertex 21 17.5403 59.293
      vertex 21.9463 17.9442 58.4366
    endloop
  endfacet
  facet normal -0.540337 0.76263 -0.355572
    outer loop
      vertex 22.8099 26.927 64.4817
      vertex 21 26.0846 65.4253
      vertex 21 26.3125 65.9141
    endloop
  endfacet
  facet normal -0.540349 0.762598 -0.355622
    outer loop
      vertex 21 26.0846 65.4253
      vertex 22.8099 26.927 64.4817
      vertex 22.6792 26.4077 63.5667
    endloop
  endfacet
  facet normal 0.621113 -0.641984 0.449528
    outer loop
      vertex 21 23.649 64.8127
      vertex 22.6843 24.431 63.6023
      vertex 21 24.3927 65.8748
    endloop
  endfacet
  facet normal 0.621104 -0.642014 0.449497
    outer loop
      vertex 22.6843 24.431 63.6023
      vertex 21 23.649 64.8127
      vertex 22.6087 23.9877 63.0736
    endloop
  endfacet
  facet normal 0.670982 0 0.741474
    outer loop
      vertex 21 15.6301 60.7758
      vertex 22.1339 0 59.7497
      vertex 22.1339 16.1141 59.7497
    endloop
  endfacet
  facet normal 0.670982 0 0.741474
    outer loop
      vertex 22.1339 0 59.7497
      vertex 21 15.6301 60.7758
      vertex 21 0 60.7758
    endloop
  endfacet
  facet normal 0.702176 -0.408441 0.583202
    outer loop
      vertex 21 20.6807 62.2915
      vertex 22.2923 20.8568 60.8589
      vertex 22.3547 21.5872 61.2953
    endloop
  endfacet
  facet normal 0.702192 -0.408381 0.583224
    outer loop
      vertex 22.2923 20.8568 60.8589
      vertex 21 20.6807 62.2915
      vertex 21 20.3051 62.0285
    endloop
  endfacet
  facet normal 0.621145 -0.641908 0.449592
    outer loop
      vertex 21 24.3927 65.8748
      vertex 22.7809 24.9983 64.279
      vertex 21 24.6557 66.2503
    endloop
  endfacet
  facet normal 0.621114 -0.641982 0.449529
    outer loop
      vertex 22.7809 24.9983 64.279
      vertex 21 24.3927 65.8748
      vertex 22.6843 24.431 63.6023
    endloop
  endfacet
  facet normal 0.707346 -0.298713 0.640649
    outer loop
      vertex 21 20.3051 62.0285
      vertex 22.2052 19.3425 60.249
      vertex 22.2923 20.8568 60.8589
    endloop
  endfacet
  facet normal 0.707326 -0.29875 0.640655
    outer loop
      vertex 22.2052 19.3425 60.249
      vertex 21 20.3051 62.0285
      vertex 21 18.828 61.3397
    endloop
  endfacet
  facet normal 0.701612 -0.18438 0.688291
    outer loop
      vertex 21 18.828 61.3397
      vertex 22.1519 17.7454 59.8755
      vertex 22.2052 19.3425 60.249
    endloop
  endfacet
  facet normal 0.701585 -0.184429 0.688306
    outer loop
      vertex 22.1519 17.7454 59.8755
      vertex 21 18.828 61.3397
      vertex 21 17.2538 60.9179
    endloop
  endfacet
  facet normal 0.702164 -0.40839 0.583253
    outer loop
      vertex 21 21.6402 62.9633
      vertex 22.3547 21.5872 61.2953
      vertex 22.4106 22.2423 61.6867
    endloop
  endfacet
  facet normal 0.70217 -0.408372 0.583258
    outer loop
      vertex 22.3547 21.5872 61.2953
      vertex 21 21.6402 62.9633
      vertex 21 20.6807 62.2915
    endloop
  endfacet
  facet normal 0.540333 -0.76265 0.355536
    outer loop
      vertex 21 24.6557 66.2503
      vertex 22.8948 25.4509 65.0764
      vertex 21 24.8494 66.6658
    endloop
  endfacet
  facet normal 0.540369 -0.762573 0.355646
    outer loop
      vertex 22.8948 25.4509 65.0764
      vertex 21 24.6557 66.2503
      vertex 22.7809 24.9983 64.279
    endloop
  endfacet
  facet normal 0.697867 -0.444806 0.561364
    outer loop
      vertex 21 21.6402 62.9633
      vertex 22.4592 22.7478 62.0269
      vertex 21 22.4079 63.5716
    endloop
  endfacet
  facet normal 0.697874 -0.444858 0.561314
    outer loop
      vertex 22.4592 22.7478 62.0269
      vertex 21 21.6402 62.9633
      vertex 22.4106 22.2423 61.6867
    endloop
  endfacet
  facet normal 0.674373 -0.522121 0.522121
    outer loop
      vertex 21 22.4079 63.5716
      vertex 22.6087 23.9877 63.0736
      vertex 21 23.649 64.8127
    endloop
  endfacet
  facet normal 0.674364 -0.522102 0.522152
    outer loop
      vertex 22.6087 23.9877 63.0736
      vertex 21 22.4079 63.5716
      vertex 22.4592 22.7478 62.0269
    endloop
  endfacet
  facet normal 0.684407 -0.0635634 0.726324
    outer loop
      vertex 21 17.2538 60.9179
      vertex 22.1339 16.1141 59.7497
      vertex 22.1519 17.7454 59.8755
    endloop
  endfacet
  facet normal 0.684406 -0.0635652 0.726325
    outer loop
      vertex 22.1339 16.1141 59.7497
      vertex 21 17.2538 60.9179
      vertex 21 15.6301 60.7758
    endloop
  endfacet
  facet normal 0 -1 0
    outer loop
      vertex 21 0 59.1259
      vertex 22.1339 0 59.7497
      vertex 21 0 60.7758
    endloop
  endfacet
  facet normal 0 -1 0
    outer loop
      vertex 22.1339 0 59.7497
      vertex 21 0 59.1259
      vertex 21.9252 0 58.2886
    endloop
  endfacet
  facet normal 0.989949 0 -0.141421
    outer loop
      vertex 23.2695 26.3718 67.6991
      vertex 23.1353 27.8414 66.7597
      vertex 23.2695 28.0436 67.6991
    endloop
  endfacet
  facet normal 0.989946 4.91178e-06 -0.141446
    outer loop
      vertex 23.1353 27.8414 66.7597
      vertex 23.1704 26.2225 67.0053
      vertex 23.0495 27.6391 66.1592
    endloop
  endfacet
  facet normal 0.989949 1.66206e-05 -0.141427
    outer loop
      vertex 23.0983 26.0524 66.5006
      vertex 23.0495 27.6391 66.1592
      vertex 23.1704 26.2225 67.0053
    endloop
  endfacet
  facet normal 0.989953 2.56192e-05 -0.141399
    outer loop
      vertex 22.9702 25.7501 65.6037
      vertex 22.9008 27.2882 65.1181
      vertex 23.0983 26.0524 66.5006
    endloop
  endfacet
  facet normal 0.989952 1.14541e-05 -0.141404
    outer loop
      vertex 23.1353 27.8414 66.7597
      vertex 23.2695 26.3718 67.6991
      vertex 23.1704 26.2225 67.0053
    endloop
  endfacet
  facet normal 0.989952 2.20708e-05 -0.141402
    outer loop
      vertex 23.0495 27.6391 66.1592
      vertex 23.0983 26.0524 66.5006
      vertex 22.9008 27.2882 65.1181
    endloop
  endfacet
  facet normal 0.989951 2.15444e-05 -0.141412
    outer loop
      vertex 22.9008 27.2882 65.1181
      vertex 22.9702 25.7501 65.6037
      vertex 22.8099 26.927 64.4817
    endloop
  endfacet
  facet normal 0.989937 -7.51654e-05 -0.141511
    outer loop
      vertex 22.8948 25.4509 65.0764
      vertex 22.8099 26.927 64.4817
      vertex 22.9702 25.7501 65.6037
    endloop
  endfacet
  facet normal 0.989954 -2.6123e-05 -0.141392
    outer loop
      vertex 22.8099 26.927 64.4817
      vertex 22.8948 25.4509 65.0764
      vertex 22.6792 26.4077 63.5667
    endloop
  endfacet
  facet normal 0.989954 -2.42245e-05 -0.141391
    outer loop
      vertex 22.7809 24.9983 64.279
      vertex 22.6792 26.4077 63.5667
      vertex 22.8948 25.4509 65.0764
    endloop
  endfacet
  facet normal 0.989951 -3.60751e-05 -0.141413
    outer loop
      vertex 22.6792 26.4077 63.5667
      vertex 22.7809 24.9983 64.279
      vertex 22.5882 25.8738 62.9298
    endloop
  endfacet
  facet normal 0.989958 4.91169e-05 -0.141359
    outer loop
      vertex 22.6843 24.431 63.6023
      vertex 22.5882 25.8738 62.9298
      vertex 22.7809 24.9983 64.279
    endloop
  endfacet
  facet normal 0.989948 1.40953e-05 -0.141433
    outer loop
      vertex 22.5882 25.8738 62.9298
      vertex 22.6843 24.431 63.6023
      vertex 22.4775 25.2241 62.1549
    endloop
  endfacet
  facet normal 0.98994 -8.23718e-05 -0.141485
    outer loop
      vertex 22.6087 23.9877 63.0736
      vertex 22.4775 25.2241 62.1549
      vertex 22.6843 24.431 63.6023
    endloop
  endfacet
  facet normal 0.989947 -4.50253e-05 -0.141435
    outer loop
      vertex 22.4775 25.2241 62.1549
      vertex 22.6087 23.9877 63.0736
      vertex 22.388 24.4823 61.5287
    endloop
  endfacet
  facet normal 0.98995 1.79583e-05 -0.141416
    outer loop
      vertex 22.4592 22.7478 62.0269
      vertex 22.388 24.4823 61.5287
      vertex 22.6087 23.9877 63.0736
    endloop
  endfacet
  facet normal 0.989945 7.11427e-06 -0.141453
    outer loop
      vertex 22.388 24.4823 61.5287
      vertex 22.4592 22.7478 62.0269
      vertex 22.3023 23.7719 60.9289
    endloop
  endfacet
  facet normal 0.98995 4.83187e-05 -0.141415
    outer loop
      vertex 22.3023 23.7719 60.9289
      vertex 22.4592 22.7478 62.0269
      vertex 22.2507 23.2346 60.5675
    endloop
  endfacet
  facet normal 0.989948 5.32598e-06 -0.141429
    outer loop
      vertex 22.4106 22.2423 61.6867
      vertex 22.2507 23.2346 60.5675
      vertex 22.4592 22.7478 62.0269
    endloop
  endfacet
  facet normal 0.989947 -6.30793e-06 -0.141439
    outer loop
      vertex 22.2507 23.2346 60.5675
      vertex 22.4106 22.2423 61.6867
      vertex 22.1805 22.4124 60.0762
    endloop
  endfacet
  facet normal 0.989947 3.01764e-05 -0.141435
    outer loop
      vertex 22.3547 21.5872 61.2953
      vertex 22.1805 22.4124 60.0762
      vertex 22.4106 22.2423 61.6867
    endloop
  endfacet
  facet normal 0.98995 5.2202e-05 -0.141421
    outer loop
      vertex 22.1805 22.4124 60.0762
      vertex 22.3547 21.5872 61.2953
      vertex 22.1116 21.6046 59.5936
    endloop
  endfacet
  facet normal 0.989949 -7.69784e-05 -0.141422
    outer loop
      vertex 22.2923 20.8568 60.8589
      vertex 22.1116 21.6046 59.5936
      vertex 22.3547 21.5872 61.2953
    endloop
  endfacet
  facet normal 0.989956 -1.02481e-06 -0.141378
    outer loop
      vertex 22.2923 20.8568 60.8589
      vertex 22.063 20.7598 59.2533
      vertex 22.1116 21.6046 59.5936
    endloop
  endfacet
  facet normal 0.989956 9.63999e-07 -0.141378
    outer loop
      vertex 22.2052 19.3425 60.249
      vertex 22.063 20.7598 59.2533
      vertex 22.2923 20.8568 60.8589
    endloop
  endfacet
  facet normal 0.989953 -1.09086e-05 -0.141395
    outer loop
      vertex 22.063 20.7598 59.2533
      vertex 22.2052 19.3425 60.249
      vertex 22.0091 19.8231 58.876
    endloop
  endfacet
  facet normal 0.989953 -2.05943e-05 -0.141398
    outer loop
      vertex 22.2052 19.3425 60.249
      vertex 21.9463 17.9442 58.4366
      vertex 22.0091 19.8231 58.876
    endloop
  endfacet
  facet normal 0.989946 4.09904e-05 -0.141445
    outer loop
      vertex 22.1519 17.7454 59.8755
      vertex 21.9463 17.9442 58.4366
      vertex 22.2052 19.3425 60.249
    endloop
  endfacet
  facet normal 0.989945 -1.49058e-05 -0.141452
    outer loop
      vertex 22.1339 16.1141 59.7497
      vertex 21.9463 17.9442 58.4366
      vertex 22.1519 17.7454 59.8755
    endloop
  endfacet
  facet normal 0.989952 2.07109e-05 -0.141404
    outer loop
      vertex 22.1339 16.1141 59.7497
      vertex 21.9252 16.025 58.2886
      vertex 21.9463 17.9442 58.4366
    endloop
  endfacet
  facet normal 0.989952 0 -0.141402
    outer loop
      vertex 22.1339 0 59.7497
      vertex 21.9252 16.025 58.2886
      vertex 22.1339 16.1141 59.7497
    endloop
  endfacet
  facet normal 0.989952 0 -0.141402
    outer loop
      vertex 21.9252 16.025 58.2886
      vertex 22.1339 0 59.7497
      vertex 21.9252 0 58.2886
    endloop
  endfacet
endsolid OpenSCAD_Model
