solid OpenSCAD_Model
  facet normal -0.863226 -0.212945 0.457707
    outer loop
      vertex 100 -0.684036 121.067
      vertex 100 -1 120.92
      vertex 105.074 -1.29118 130.354
    endloop
  endfacet
  facet normal -0.874052 -0.125524 0.469337
    outer loop
      vertex 105.074 -0.655548 130.524
      vertex 100 -0.684036 121.067
      vertex 105.074 -1.29118 130.354
    endloop
  endfacet
  facet normal 0 -0.0860626 -0.99629
    outer loop
      vertex 100 -6.34729 112.218
      vertex 100.01 -6 112.188
      vertex 100.01 -6.34729 112.218
    endloop
  endfacet
  facet normal -0 -0.0860626 -0.99629
    outer loop
      vertex 100.01 -6 112.188
      vertex 100 -6.34729 112.218
      vertex 100 -6 112.188
    endloop
  endfacet
  facet normal 0.383746 0.529737 -0.756385
    outer loop
      vertex 100.01 7.28557 112.655
      vertex 105.081 12.5433 118.91
      vertex 100.01 7 112.455
    endloop
  endfacet
  facet normal 0.776794 0 -0.629755
    outer loop
      vertex 105.081 12.5433 118.91
      vertex 100.01 7.28557 112.655
      vertex 105.081 12.5434 118.91
    endloop
  endfacet
  facet normal -0.716327 -0.69511 -0.0608089
    outer loop
      vertex 105.074 -13.8953 121.806
      vertex 100 -8 114.188
      vertex 105.074 -13.838 121.151
    endloop
  endfacet
  facet normal -0.874052 0.125524 0.469337
    outer loop
      vertex 105.074 1.29118 130.354
      vertex 100 0.684036 121.067
      vertex 105.074 0.655548 130.524
    endloop
  endfacet
  facet normal 0.665865 0.192635 -0.720774
    outer loop
      vertex 105.084 10.7757 118.089
      vertex 100.01 6.34729 112.218
      vertex 100.01 6.68404 112.308
    endloop
  endfacet
  facet normal -0.15185 -0.810038 -0.566375
    outer loop
      vertex 105.074 -13.3895 119.919
      vertex 100 -7.73204 113.188
      vertex 100 -7.53207 112.902
    endloop
  endfacet
  facet normal -0.882428 -0.385107 0.27021
    outer loop
      vertex 100 -7.53207 115.473
      vertex 100 -7.73204 115.188
      vertex 105.074 -13.0121 124.233
    endloop
  endfacet
  facet normal -0.150698 0.809806 -0.567014
    outer loop
      vertex 105.074 13.0121 119.38
      vertex 100 7.53207 112.902
      vertex 105.074 13.3895 119.919
    endloop
  endfacet
  facet normal -0.87908 -0.0420099 0.474819
    outer loop
      vertex 105.074 0 130.582
      vertex 100 0 121.188
      vertex 105.074 -0.655548 130.524
    endloop
  endfacet
  facet normal 0.732396 0.0600021 -0.67823
    outer loop
      vertex 105.084 10.1201 118.031
      vertex 100.01 6.34729 112.218
      vertex 105.084 10.7757 118.089
    endloop
  endfacet
  facet normal -0.892983 0.318584 0.317939
    outer loop
      vertex 100 7.28557 115.72
      vertex 105.074 13.0121 124.233
      vertex 100 7.53207 115.473
    endloop
  endfacet
  facet normal -0.893031 0.318093 0.318298
    outer loop
      vertex 105.074 13.0121 124.233
      vertex 100 7.28557 115.72
      vertex 105.074 12.5468 124.698
    endloop
  endfacet
  facet normal 0.665781 0.192791 -0.72081
    outer loop
      vertex 105.084 10.7757 118.089
      vertex 100.01 6.68404 112.308
      vertex 105.084 11.4113 118.259
    endloop
  endfacet
  facet normal -0.150698 -0.809806 -0.567014
    outer loop
      vertex 105.074 -13.3895 119.919
      vertex 100 -7.53207 112.902
      vertex 105.074 -13.0121 119.38
    endloop
  endfacet
  facet normal -0.716388 -0.695055 -0.0607174
    outer loop
      vertex 105.074 -13.838 121.151
      vertex 100 -8 114.188
      vertex 100 -7.9696 113.84
    endloop
  endfacet
  facet normal -0.896466 0.283674 0.340409
    outer loop
      vertex 100 7.28557 115.72
      vertex 100 1.28557 120.72
      vertex 105.074 12.5468 124.698
    endloop
  endfacet
  facet normal -0.886454 0.265498 0.379092
    outer loop
      vertex 100 1.28557 120.72
      vertex 100 1 120.92
      vertex 105.074 12.5468 124.698
    endloop
  endfacet
  facet normal -0.874062 0.125438 0.469342
    outer loop
      vertex 100 0.684036 121.067
      vertex 100 0.34729 121.157
      vertex 105.074 0.655548 130.524
    endloop
  endfacet
  facet normal -0.896466 -0.283674 0.340409
    outer loop
      vertex 100 -1.28557 120.72
      vertex 100 -7.28557 115.72
      vertex 105.074 -12.5468 124.698
    endloop
  endfacet
  facet normal 0.755045 0 -0.655673
    outer loop
      vertex 105.084 10.1201 118.031
      vertex 100.01 -6 112.188
      vertex 100.01 6 112.188
    endloop
  endfacet
  facet normal 0.755045 0 -0.655673
    outer loop
      vertex 100.01 -6 112.188
      vertex 105.084 10.1201 118.031
      vertex 105.084 -10.1201 118.031
    endloop
  endfacet
  facet normal 0.732944 0.0585475 -0.677765
    outer loop
      vertex 105.084 10.1201 118.031
      vertex 100.01 6 112.188
      vertex 100.01 6.34729 112.218
    endloop
  endfacet
  facet normal 0 0.573657 -0.819096
    outer loop
      vertex 100 7 112.455
      vertex 100.01 7.28557 112.655
      vertex 100.01 7 112.455
    endloop
  endfacet
  facet normal 0 0.573657 -0.819096
    outer loop
      vertex 100.01 7.28557 112.655
      vertex 100 7 112.455
      vertex 100 7.28557 112.655
    endloop
  endfacet
  facet normal -0.789995 -0.610774 0.0535088
    outer loop
      vertex 100 -7.9696 114.535
      vertex 100 -8 114.188
      vertex 105.074 -13.838 122.462
    endloop
  endfacet
  facet normal -0.789904 -0.610905 0.053361
    outer loop
      vertex 105.074 -13.838 122.462
      vertex 100 -8 114.188
      vertex 105.074 -13.8953 121.806
    endloop
  endfacet
  facet normal -0.409919 -0.826567 -0.385685
    outer loop
      vertex 105.074 -13.6676 120.515
      vertex 100 -7.87938 113.503
      vertex 105.074 -13.3895 119.919
    endloop
  endfacet
  facet normal 0 0.258198 -0.966092
    outer loop
      vertex 100 6.34729 112.218
      vertex 100.01 6.68404 112.308
      vertex 100.01 6.34729 112.218
    endloop
  endfacet
  facet normal 0 0.258198 -0.966092
    outer loop
      vertex 100.01 6.68404 112.308
      vertex 100 6.34729 112.218
      vertex 100 6.68404 112.308
    endloop
  endfacet
  facet normal 0 0.42183 -0.906675
    outer loop
      vertex 100 6.68404 112.308
      vertex 100.01 7 112.455
      vertex 100.01 6.68404 112.308
    endloop
  endfacet
  facet normal 0 0.42183 -0.906675
    outer loop
      vertex 100.01 7 112.455
      vertex 100 6.68404 112.308
      vertex 100 7 112.455
    endloop
  endfacet
  facet normal -0.886454 -0.265498 0.379092
    outer loop
      vertex 100 -1 120.92
      vertex 100 -1.28557 120.72
      vertex 105.074 -12.5468 124.698
    endloop
  endfacet
  facet normal -0.886531 -0.26562 0.378825
    outer loop
      vertex 105.074 -12.0077 125.076
      vertex 100 -1 120.92
      vertex 105.074 -12.5468 124.698
    endloop
  endfacet
  facet normal -0.87908 0.0420099 0.474819
    outer loop
      vertex 105.074 0.655548 130.524
      vertex 100 0 121.188
      vertex 105.074 0 130.582
    endloop
  endfacet
  facet normal 0 -0.258198 -0.966092
    outer loop
      vertex 100 -6.68404 112.308
      vertex 100.01 -6.34729 112.218
      vertex 100.01 -6.68404 112.308
    endloop
  endfacet
  facet normal -0 -0.258198 -0.966092
    outer loop
      vertex 100.01 -6.34729 112.218
      vertex 100 -6.68404 112.308
      vertex 100 -6.34729 112.218
    endloop
  endfacet
  facet normal -0.597223 0.77479 -0.207423
    outer loop
      vertex 105.074 13.838 121.151
      vertex 100 7.87938 113.503
      vertex 100 7.9696 113.84
    endloop
  endfacet
  facet normal -0.789904 0.610905 0.053361
    outer loop
      vertex 105.074 13.8953 121.806
      vertex 100 8 114.188
      vertex 105.074 13.838 122.462
    endloop
  endfacet
  facet normal -0.864415 0.455619 0.212597
    outer loop
      vertex 105.074 13.6676 123.098
      vertex 100 7.87938 114.872
      vertex 105.074 13.3895 123.694
    endloop
  endfacet
  facet normal -0.861319 -0.225048 0.455503
    outer loop
      vertex 105.074 -1.88757 130.076
      vertex 100 -1 120.92
      vertex 105.074 -12.0077 125.076
    endloop
  endfacet
  facet normal -0.863157 -0.213331 0.457657
    outer loop
      vertex 105.074 -1.29118 130.354
      vertex 100 -1 120.92
      vertex 105.074 -1.88757 130.076
    endloop
  endfacet
  facet normal 0.76788 0 -0.640594
    outer loop
      vertex 100.01 -7 112.455
      vertex 105.083 -12.0067 118.536
      vertex 105.083 -12.0068 118.536
    endloop
  endfacet
  facet normal 0.556911 -0.35036 -0.753059
    outer loop
      vertex 105.083 -12.0067 118.536
      vertex 100.01 -7 112.455
      vertex 100.01 -6.68404 112.308
    endloop
  endfacet
  facet normal -1 0 0
    outer loop
      vertex 100 7.9696 113.84
      vertex 100 7.9696 114.535
      vertex 100 8 114.188
    endloop
  endfacet
  facet normal -1 0 0
    outer loop
      vertex 100 7.87938 113.503
      vertex 100 7.9696 114.535
      vertex 100 7.9696 113.84
    endloop
  endfacet
  facet normal -1 0 0
    outer loop
      vertex 100 7.87938 113.503
      vertex 100 7.87938 114.872
      vertex 100 7.9696 114.535
    endloop
  endfacet
  facet normal -1 0 0
    outer loop
      vertex 100 7.73204 113.188
      vertex 100 7.87938 114.872
      vertex 100 7.87938 113.503
    endloop
  endfacet
  facet normal -1 0 0
    outer loop
      vertex 100 7.73204 113.188
      vertex 100 7.73204 115.188
      vertex 100 7.87938 114.872
    endloop
  endfacet
  facet normal -1 0 0
    outer loop
      vertex 100 7.53207 112.902
      vertex 100 7.73204 115.188
      vertex 100 7.73204 113.188
    endloop
  endfacet
  facet normal -1 0 0
    outer loop
      vertex 100 7.53207 112.902
      vertex 100 7.53207 115.473
      vertex 100 7.73204 115.188
    endloop
  endfacet
  facet normal -1 0 0
    outer loop
      vertex 100 7.28557 112.655
      vertex 100 7.53207 115.473
      vertex 100 7.53207 112.902
    endloop
  endfacet
  facet normal -1 0 0
    outer loop
      vertex 100 7.28557 112.655
      vertex 100 7.28557 115.72
      vertex 100 7.53207 115.473
    endloop
  endfacet
  facet normal -1 0 0
    outer loop
      vertex 100 7 112.455
      vertex 100 7.28557 115.72
      vertex 100 7.28557 112.655
    endloop
  endfacet
  facet normal -1 0 0
    outer loop
      vertex 100 6.68404 112.308
      vertex 100 7.28557 115.72
      vertex 100 7 112.455
    endloop
  endfacet
  facet normal -1 0 0
    outer loop
      vertex 100 6.34729 112.218
      vertex 100 7.28557 115.72
      vertex 100 6.68404 112.308
    endloop
  endfacet
  facet normal -1 0 0
    outer loop
      vertex 100 6 112.188
      vertex 100 7.28557 115.72
      vertex 100 6.34729 112.218
    endloop
  endfacet
  facet normal -1 0 0
    outer loop
      vertex 100 6 112.188
      vertex 100 1.28557 120.72
      vertex 100 7.28557 115.72
    endloop
  endfacet
  facet normal -1 0 0
    outer loop
      vertex 100 -1.28557 120.72
      vertex 100 1.28557 120.72
      vertex 100 6 112.188
    endloop
  endfacet
  facet normal -1 0 0
    outer loop
      vertex 100 1.28557 120.72
      vertex 100 -1.28557 120.72
      vertex 100 1 120.92
    endloop
  endfacet
  facet normal -1 -0 0
    outer loop
      vertex 100 1 120.92
      vertex 100 -1.28557 120.72
      vertex 100 0.684036 121.067
    endloop
  endfacet
  facet normal -1 -0 0
    outer loop
      vertex 100 0.684036 121.067
      vertex 100 -1.28557 120.72
      vertex 100 0.34729 121.157
    endloop
  endfacet
  facet normal -1 -0 0
    outer loop
      vertex 100 0.34729 121.157
      vertex 100 -1.28557 120.72
      vertex 100 0 121.188
    endloop
  endfacet
  facet normal -1 0 0
    outer loop
      vertex 100 0 121.188
      vertex 100 -1.28557 120.72
      vertex 100 -0.34729 121.157
    endloop
  endfacet
  facet normal -1 0 0
    outer loop
      vertex 100 -0.34729 121.157
      vertex 100 -1.28557 120.72
      vertex 100 -0.684036 121.067
    endloop
  endfacet
  facet normal -1 0 0
    outer loop
      vertex 100 -0.684036 121.067
      vertex 100 -1.28557 120.72
      vertex 100 -1 120.92
    endloop
  endfacet
  facet normal -1 0 0
    outer loop
      vertex 100 -6 112.188
      vertex 100 -1.28557 120.72
      vertex 100 6 112.188
    endloop
  endfacet
  facet normal -1 0 0
    outer loop
      vertex 100 -7.28557 115.72
      vertex 100 -6 112.188
      vertex 100 -6.34729 112.218
    endloop
  endfacet
  facet normal -1 0 0
    outer loop
      vertex 100 -7.28557 115.72
      vertex 100 -6.34729 112.218
      vertex 100 -6.68404 112.308
    endloop
  endfacet
  facet normal -1 0 0
    outer loop
      vertex 100 -7.28557 115.72
      vertex 100 -6.68404 112.308
      vertex 100 -7 112.455
    endloop
  endfacet
  facet normal -1 0 0
    outer loop
      vertex 100 -7.28557 115.72
      vertex 100 -7 112.455
      vertex 100 -7.28557 112.655
    endloop
  endfacet
  facet normal -1 0 0
    outer loop
      vertex 100 -6 112.188
      vertex 100 -7.28557 115.72
      vertex 100 -1.28557 120.72
    endloop
  endfacet
  facet normal -1 0 0
    outer loop
      vertex 100 -7.53207 112.902
      vertex 100 -7.28557 115.72
      vertex 100 -7.28557 112.655
    endloop
  endfacet
  facet normal -1 0 0
    outer loop
      vertex 100 -7.53207 112.902
      vertex 100 -7.53207 115.473
      vertex 100 -7.28557 115.72
    endloop
  endfacet
  facet normal -1 0 0
    outer loop
      vertex 100 -7.73204 113.188
      vertex 100 -7.53207 115.473
      vertex 100 -7.53207 112.902
    endloop
  endfacet
  facet normal -1 0 0
    outer loop
      vertex 100 -7.73204 113.188
      vertex 100 -7.73204 115.188
      vertex 100 -7.53207 115.473
    endloop
  endfacet
  facet normal -1 0 0
    outer loop
      vertex 100 -7.87938 113.503
      vertex 100 -7.73204 115.188
      vertex 100 -7.73204 113.188
    endloop
  endfacet
  facet normal -1 0 0
    outer loop
      vertex 100 -7.87938 113.503
      vertex 100 -7.87938 114.872
      vertex 100 -7.73204 115.188
    endloop
  endfacet
  facet normal -1 0 0
    outer loop
      vertex 100 -7.9696 113.84
      vertex 100 -7.87938 114.872
      vertex 100 -7.87938 113.503
    endloop
  endfacet
  facet normal -1 0 0
    outer loop
      vertex 100 -7.9696 113.84
      vertex 100 -7.9696 114.535
      vertex 100 -7.87938 114.872
    endloop
  endfacet
  facet normal -1 0 -0
    outer loop
      vertex 100 -7.9696 114.535
      vertex 100 -7.9696 113.84
      vertex 100 -8 114.188
    endloop
  endfacet
  facet normal 0.761122 0 -0.648609
    outer loop
      vertex 100.01 6.68404 112.308
      vertex 105.083 11.4184 118.261
      vertex 105.083 11.4171 118.261
    endloop
  endfacet
  facet normal 0.555386 0.352152 -0.753349
    outer loop
      vertex 105.083 11.4184 118.261
      vertex 100.01 6.68404 112.308
      vertex 105.083 12.0067 118.536
    endloop
  endfacet
  facet normal 0.552984 0.355229 -0.753672
    outer loop
      vertex 100.01 6.68404 112.308
      vertex 105.083 11.4171 118.261
      vertex 105.084 11.4113 118.259
    endloop
  endfacet
  facet normal -0.597046 0.774878 -0.207609
    outer loop
      vertex 105.074 13.6676 120.515
      vertex 100 7.87938 113.503
      vertex 105.074 13.838 121.151
    endloop
  endfacet
  facet normal -0.716327 0.69511 -0.0608089
    outer loop
      vertex 105.074 13.838 121.151
      vertex 100 8 114.188
      vertex 105.074 13.8953 121.806
    endloop
  endfacet
  facet normal -0.886531 0.26562 0.378825
    outer loop
      vertex 105.074 12.5468 124.698
      vertex 100 1 120.92
      vertex 105.074 12.0077 125.076
    endloop
  endfacet
  facet normal -0.408783 -0.826669 -0.386671
    outer loop
      vertex 105.074 -13.3895 119.919
      vertex 100 -7.87938 113.503
      vertex 100 -7.73204 113.188
    endloop
  endfacet
  facet normal -0.15185 0.810038 -0.566375
    outer loop
      vertex 105.074 13.3895 119.919
      vertex 100 7.53207 112.902
      vertex 100 7.73204 113.188
    endloop
  endfacet
  facet normal -0.864415 -0.455619 0.212597
    outer loop
      vertex 105.074 -13.3895 123.694
      vertex 100 -7.87938 114.872
      vertex 105.074 -13.6676 123.098
    endloop
  endfacet
  facet normal 0 -0.573657 -0.819096
    outer loop
      vertex 100 -7.28557 112.655
      vertex 100.01 -7 112.455
      vertex 100.01 -7.28557 112.655
    endloop
  endfacet
  facet normal -0 -0.573657 -0.819096
    outer loop
      vertex 100.01 -7 112.455
      vertex 100 -7.28557 112.655
      vertex 100 -7 112.455
    endloop
  endfacet
  facet normal -0.789995 0.610774 0.0535088
    outer loop
      vertex 100 8 114.188
      vertex 100 7.9696 114.535
      vertex 105.074 13.838 122.462
    endloop
  endfacet
  facet normal -0.88234 0.385508 0.269927
    outer loop
      vertex 105.074 13.3895 123.694
      vertex 100 7.73204 115.188
      vertex 105.074 13.0121 124.233
    endloop
  endfacet
  facet normal -0.835622 0.530618 0.142055
    outer loop
      vertex 100 7.9696 114.535
      vertex 100 7.87938 114.872
      vertex 105.074 13.838 122.462
    endloop
  endfacet
  facet normal -0.863226 0.212945 0.457707
    outer loop
      vertex 100 1 120.92
      vertex 100 0.684036 121.067
      vertex 105.074 1.29118 130.354
    endloop
  endfacet
  facet normal 0.144202 0.721012 -0.677751
    outer loop
      vertex 105.081 12.5434 118.91
      vertex 105.077 12.5489 118.915
      vertex 105.078 12.5487 118.915
    endloop
  endfacet
  facet normal 0.137201 0.70065 -0.700189
    outer loop
      vertex 105.077 12.5489 118.915
      vertex 100.01 7.53207 112.902
      vertex 105.077 13.0046 119.371
    endloop
  endfacet
  facet normal 0.115279 0.712787 -0.691842
    outer loop
      vertex 105.081 12.5434 118.91
      vertex 100.01 7.53207 112.902
      vertex 105.077 12.5489 118.915
    endloop
  endfacet
  facet normal 0.136141 0.701233 -0.699813
    outer loop
      vertex 100.01 7.53207 112.902
      vertex 105.081 12.5434 118.91
      vertex 100.01 7.28557 112.655
    endloop
  endfacet
  facet normal -0.879077 0.0423811 0.474792
    outer loop
      vertex 100 0.34729 121.157
      vertex 100 0 121.188
      vertex 105.074 0.655548 130.524
    endloop
  endfacet
  facet normal -0.864375 0.455742 0.212497
    outer loop
      vertex 100 7.87938 114.872
      vertex 100 7.73204 115.188
      vertex 105.074 13.3895 123.694
    endloop
  endfacet
  facet normal -0.597223 -0.77479 -0.207423
    outer loop
      vertex 105.074 -13.838 121.151
      vertex 100 -7.9696 113.84
      vertex 100 -7.87938 113.503
    endloop
  endfacet
  facet normal -0.861319 0.225048 0.455503
    outer loop
      vertex 105.074 12.0077 125.076
      vertex 100 1 120.92
      vertex 105.074 1.88757 130.076
    endloop
  endfacet
  facet normal -0.863157 0.213331 0.457657
    outer loop
      vertex 105.074 1.88757 130.076
      vertex 100 1 120.92
      vertex 105.074 1.29118 130.354
    endloop
  endfacet
  facet normal 0 0 -1
    outer loop
      vertex 100 -6 112.188
      vertex 100.01 6 112.188
      vertex 100.01 -6 112.188
    endloop
  endfacet
  facet normal -0 0 -1
    outer loop
      vertex 100.01 6 112.188
      vertex 100 -6 112.188
      vertex 100 6 112.188
    endloop
  endfacet
  facet normal -0.879077 -0.0423811 0.474792
    outer loop
      vertex 100 0 121.188
      vertex 100 -0.34729 121.157
      vertex 105.074 -0.655548 130.524
    endloop
  endfacet
  facet normal -0.835659 0.530536 0.142144
    outer loop
      vertex 105.074 13.838 122.462
      vertex 100 7.87938 114.872
      vertex 105.074 13.6676 123.098
    endloop
  endfacet
  facet normal 0.385068 -0.528639 -0.756481
    outer loop
      vertex 105.081 -12.5433 118.91
      vertex 100.01 -7 112.455
      vertex 105.081 -12.0124 118.539
    endloop
  endfacet
  facet normal 0.374117 -0.538202 -0.755232
    outer loop
      vertex 105.083 -12.0068 118.536
      vertex 105.081 -12.0124 118.539
      vertex 100.01 -7 112.455
    endloop
  endfacet
  facet normal 0 -0.42183 -0.906675
    outer loop
      vertex 100 -7 112.455
      vertex 100.01 -6.68404 112.308
      vertex 100.01 -7 112.455
    endloop
  endfacet
  facet normal -0 -0.42183 -0.906675
    outer loop
      vertex 100.01 -6.68404 112.308
      vertex 100 -7 112.455
      vertex 100 -6.68404 112.308
    endloop
  endfacet
  facet normal -0.892983 -0.318584 0.317939
    outer loop
      vertex 105.074 -13.0121 124.233
      vertex 100 -7.28557 115.72
      vertex 100 -7.53207 115.473
    endloop
  endfacet
  facet normal -0.893031 -0.318093 0.318298
    outer loop
      vertex 100 -7.28557 115.72
      vertex 105.074 -13.0121 124.233
      vertex 105.074 -12.5468 124.698
    endloop
  endfacet
  facet normal -0.408783 0.826669 -0.386671
    outer loop
      vertex 105.074 13.3895 119.919
      vertex 100 7.73204 113.188
      vertex 100 7.87938 113.503
    endloop
  endfacet
  facet normal -0 -0.763465 -0.645849
    outer loop
      vertex 100.01 -7.53207 112.902
      vertex 105.074 -13.0121 119.38
      vertex 100 -7.53207 112.902
    endloop
  endfacet
  facet normal -0.00867224 -0.766769 -0.641865
    outer loop
      vertex 105.074 -13.0121 119.38
      vertex 100.01 -7.53207 112.902
      vertex 105.077 -13.0046 119.371
    endloop
  endfacet
  facet normal 0 0.0860626 -0.99629
    outer loop
      vertex 100 6 112.188
      vertex 100.01 6.34729 112.218
      vertex 100.01 6 112.188
    endloop
  endfacet
  facet normal 0 0.0860626 -0.99629
    outer loop
      vertex 100.01 6.34729 112.218
      vertex 100 6 112.188
      vertex 100 6.34729 112.218
    endloop
  endfacet
  facet normal 0 -0.707823 -0.70639
    outer loop
      vertex 100 -7.28557 112.655
      vertex 100.01 -7.53207 112.902
      vertex 100 -7.53207 112.902
    endloop
  endfacet
  facet normal 0 -0.707823 -0.70639
    outer loop
      vertex 100.01 -7.53207 112.902
      vertex 100 -7.28557 112.655
      vertex 100.01 -7.28557 112.655
    endloop
  endfacet
  facet normal -0.864375 -0.455742 0.212497
    outer loop
      vertex 100 -7.73204 115.188
      vertex 100 -7.87938 114.872
      vertex 105.074 -13.3895 123.694
    endloop
  endfacet
  facet normal -0.835659 -0.530536 0.142144
    outer loop
      vertex 105.074 -13.6676 123.098
      vertex 100 -7.87938 114.872
      vertex 105.074 -13.838 122.462
    endloop
  endfacet
  facet normal 0.665781 -0.192791 -0.72081
    outer loop
      vertex 105.084 -11.4113 118.259
      vertex 100.01 -6.68404 112.308
      vertex 105.084 -10.7757 118.089
    endloop
  endfacet
  facet normal -0.409919 0.826567 -0.385685
    outer loop
      vertex 105.074 13.3895 119.919
      vertex 100 7.87938 113.503
      vertex 105.074 13.6676 120.515
    endloop
  endfacet
  facet normal -0.874062 -0.125438 0.469342
    outer loop
      vertex 100 -0.34729 121.157
      vertex 100 -0.684036 121.067
      vertex 105.074 -0.655548 130.524
    endloop
  endfacet
  facet normal -0.882428 0.385107 0.27021
    outer loop
      vertex 100 7.73204 115.188
      vertex 100 7.53207 115.473
      vertex 105.074 13.0121 124.233
    endloop
  endfacet
  facet normal -0.597046 -0.774878 -0.207609
    outer loop
      vertex 105.074 -13.838 121.151
      vertex 100 -7.87938 113.503
      vertex 105.074 -13.6676 120.515
    endloop
  endfacet
  facet normal -0.716388 0.695055 -0.0607174
    outer loop
      vertex 105.074 13.838 121.151
      vertex 100 7.9696 113.84
      vertex 100 8 114.188
    endloop
  endfacet
  facet normal 0.555386 -0.352152 -0.753349
    outer loop
      vertex 100.01 -6.68404 112.308
      vertex 105.083 -11.4184 118.261
      vertex 105.083 -12.0067 118.536
    endloop
  endfacet
  facet normal 0.761122 0 -0.648609
    outer loop
      vertex 105.083 -11.4184 118.261
      vertex 100.01 -6.68404 112.308
      vertex 105.083 -11.4171 118.261
    endloop
  endfacet
  facet normal 0.552984 -0.355229 -0.753672
    outer loop
      vertex 105.084 -11.4113 118.259
      vertex 105.083 -11.4171 118.261
      vertex 100.01 -6.68404 112.308
    endloop
  endfacet
  facet normal 0.144202 -0.721012 -0.677751
    outer loop
      vertex 105.077 -12.5489 118.915
      vertex 105.081 -12.5434 118.91
      vertex 105.078 -12.5487 118.915
    endloop
  endfacet
  facet normal 0.137201 -0.70065 -0.700189
    outer loop
      vertex 100.01 -7.53207 112.902
      vertex 105.077 -12.5489 118.915
      vertex 105.077 -13.0046 119.371
    endloop
  endfacet
  facet normal 0.115279 -0.712787 -0.691842
    outer loop
      vertex 100.01 -7.53207 112.902
      vertex 105.081 -12.5434 118.91
      vertex 105.077 -12.5489 118.915
    endloop
  endfacet
  facet normal 0.136141 -0.701233 -0.699813
    outer loop
      vertex 105.081 -12.5434 118.91
      vertex 100.01 -7.53207 112.902
      vertex 100.01 -7.28557 112.655
    endloop
  endfacet
  facet normal 0.385068 0.528639 -0.756481
    outer loop
      vertex 105.081 12.0124 118.539
      vertex 100.01 7 112.455
      vertex 105.081 12.5433 118.91
    endloop
  endfacet
  facet normal 0.374117 0.538202 -0.755232
    outer loop
      vertex 100.01 7 112.455
      vertex 105.081 12.0124 118.539
      vertex 105.083 12.0068 118.536
    endloop
  endfacet
  facet normal 0.556911 0.35036 -0.753059
    outer loop
      vertex 100.01 7 112.455
      vertex 105.083 12.0067 118.536
      vertex 100.01 6.68404 112.308
    endloop
  endfacet
  facet normal 0.76788 0 -0.640594
    outer loop
      vertex 105.083 12.0067 118.536
      vertex 100.01 7 112.455
      vertex 105.083 12.0068 118.536
    endloop
  endfacet
  facet normal 0 0.707823 -0.70639
    outer loop
      vertex 100.01 7.28557 112.655
      vertex 100 7.53207 112.902
      vertex 100.01 7.53207 112.902
    endloop
  endfacet
  facet normal 0 0.707823 -0.70639
    outer loop
      vertex 100 7.53207 112.902
      vertex 100.01 7.28557 112.655
      vertex 100 7.28557 112.655
    endloop
  endfacet
  facet normal -0.835622 -0.530618 0.142055
    outer loop
      vertex 100 -7.87938 114.872
      vertex 100 -7.9696 114.535
      vertex 105.074 -13.838 122.462
    endloop
  endfacet
  facet normal -0.88234 -0.385508 0.269927
    outer loop
      vertex 105.074 -13.0121 124.233
      vertex 100 -7.73204 115.188
      vertex 105.074 -13.3895 123.694
    endloop
  endfacet
  facet normal 0.732944 -0.0585475 -0.677765
    outer loop
      vertex 105.084 -10.1201 118.031
      vertex 100.01 -6.34729 112.218
      vertex 100.01 -6 112.188
    endloop
  endfacet
  facet normal 0.732396 -0.0600021 -0.67823
    outer loop
      vertex 105.084 -10.7757 118.089
      vertex 100.01 -6.34729 112.218
      vertex 105.084 -10.1201 118.031
    endloop
  endfacet
  facet normal 0.776794 0 -0.629755
    outer loop
      vertex 100.01 -7.28557 112.655
      vertex 105.081 -12.5433 118.91
      vertex 105.081 -12.5434 118.91
    endloop
  endfacet
  facet normal 0.383746 -0.529737 -0.756385
    outer loop
      vertex 105.081 -12.5433 118.91
      vertex 100.01 -7.28557 112.655
      vertex 100.01 -7 112.455
    endloop
  endfacet
  facet normal 0.665865 -0.192635 -0.720774
    outer loop
      vertex 105.084 -10.7757 118.089
      vertex 100.01 -6.68404 112.308
      vertex 100.01 -6.34729 112.218
    endloop
  endfacet
  facet normal -0.00867224 0.766769 -0.641865
    outer loop
      vertex 100.01 7.53207 112.902
      vertex 105.074 13.0121 119.38
      vertex 105.077 13.0046 119.371
    endloop
  endfacet
  facet normal 0 0.763465 -0.645849
    outer loop
      vertex 105.074 13.0121 119.38
      vertex 100.01 7.53207 112.902
      vertex 100 7.53207 112.902
    endloop
  endfacet
  facet normal -0 0.258712 0.965955
    outer loop
      vertex 111.185 1.77475 134.364
      vertex 111.195 0.901062 134.598
      vertex 111.195 1.77475 134.364
    endloop
  endfacet
  facet normal 0 0.258712 0.965955
    outer loop
      vertex 111.195 0.901062 134.598
      vertex 111.185 1.77475 134.364
      vertex 111.185 0.901062 134.598
    endloop
  endfacet
  facet normal -0.547827 -0.21362 0.808858
    outer loop
      vertex 111.185 -0.901062 134.598
      vertex 110.627 -0.878629 134.226
      vertex 110.639 -0.935908 134.219
    endloop
  endfacet
  facet normal -0.54758 -0.216191 0.808342
    outer loop
      vertex 105.074 -1.29118 130.354
      vertex 108.857 -0.807528 133.046
      vertex 105.074 -0.655548 130.524
    endloop
  endfacet
  facet normal -0.548022 -0.214125 0.808593
    outer loop
      vertex 108.857 -0.807528 133.046
      vertex 105.074 -1.29118 130.354
      vertex 108.909 -1.04635 133.018
    endloop
  endfacet
  facet normal 0 -0.573737 0.81904
    outer loop
      vertex 111.185 -16.1743 128.982
      vertex 111.195 -16.9152 128.463
      vertex 111.195 -16.1743 128.982
    endloop
  endfacet
  facet normal 0 -0.573737 0.81904
    outer loop
      vertex 111.195 -16.9152 128.463
      vertex 111.185 -16.1743 128.982
      vertex 111.185 -16.9152 128.463
    endloop
  endfacet
  facet normal -0.555019 -0.0868319 0.827293
    outer loop
      vertex 111.185 -0.901062 134.598
      vertex 110.622 -0.818087 134.229
      vertex 110.627 -0.878629 134.226
    endloop
  endfacet
  facet normal -0.555204 -0.0733001 0.828478
    outer loop
      vertex 105.074 -0.655548 130.524
      vertex 108.839 -0.555104 133.056
      vertex 105.074 0 130.582
    endloop
  endfacet
  facet normal -0.555256 -0.0724171 0.82852
    outer loop
      vertex 108.839 -0.555104 133.056
      vertex 105.074 -0.655548 130.524
      vertex 108.857 -0.807528 133.046
    endloop
  endfacet
  facet normal -0.552929 0.804795 -0.21581
    outer loop
      vertex 111.185 18.4558 122.714
      vertex 105.074 13.6676 120.515
      vertex 111.185 18.6899 123.587
    endloop
  endfacet
  facet normal -0.487198 0.791379 -0.369266
    outer loop
      vertex 111.185 18.4558 122.714
      vertex 105.074 13.3895 119.919
      vertex 105.074 13.6676 120.515
    endloop
  endfacet
  facet normal -0.000918291 0.325849 -0.945421
    outer loop
      vertex 105.083 11.4171 118.261
      vertex 111.186 15.3483 119.61
      vertex 105.084 11.4113 118.259
    endloop
  endfacet
  facet normal 0.011417 0.30865 -0.951107
    outer loop
      vertex 111.186 15.3483 119.61
      vertex 105.083 11.4171 118.261
      vertex 111.185 15.3545 119.612
    endloop
  endfacet
  facet normal 0 -0.345581 0.938389
    outer loop
      vertex 111.185 -2.97767 133.921
      vertex 111.195 -1.77475 134.364
      vertex 111.185 -1.77475 134.364
    endloop
  endfacet
  facet normal -0.0424008 -0.34496 0.937659
    outer loop
      vertex 111.195 -1.77475 134.364
      vertex 111.185 -2.97767 133.921
      vertex 111.195 -2.99249 133.916
    endloop
  endfacet
  facet normal 0 -0.345531 0.938407
    outer loop
      vertex 111.185 -8 132.072
      vertex 111.195 -15.3545 129.364
      vertex 111.195 -8 132.072
    endloop
  endfacet
  facet normal 0 -0.345531 0.938407
    outer loop
      vertex 111.195 -15.3545 129.364
      vertex 111.185 -8 132.072
      vertex 111.185 -15.3545 129.364
    endloop
  endfacet
  facet normal -0.404672 -0.749091 -0.524503
    outer loop
      vertex 111.185 -17.5548 121.153
      vertex 105.074 -13.3895 119.919
      vertex 105.074 -13.0121 119.38
    endloop
  endfacet
  facet normal -0.487412 0.791426 -0.368882
    outer loop
      vertex 111.185 18.0736 121.894
      vertex 105.074 13.3895 119.919
      vertex 111.185 18.4558 122.714
    endloop
  endfacet
  facet normal 0 0.706775 0.707439
    outer loop
      vertex 111.195 17.5548 127.824
      vertex 111.185 16.9152 128.463
      vertex 111.195 16.9152 128.463
    endloop
  endfacet
  facet normal 0 0.706775 0.707439
    outer loop
      vertex 111.185 16.9152 128.463
      vertex 111.195 17.5548 127.824
      vertex 111.185 17.5548 127.824
    endloop
  endfacet
  facet normal -0.553017 0.804786 -0.215622
    outer loop
      vertex 111.185 18.6899 123.587
      vertex 105.074 13.6676 120.515
      vertex 105.074 13.838 121.151
    endloop
  endfacet
  facet normal -0.636452 -0.325777 0.699141
    outer loop
      vertex 111.185 -15.3545 129.364
      vertex 105.074 -1.29118 130.354
      vertex 111.185 -16.1743 128.982
    endloop
  endfacet
  facet normal -0.0909236 -0.44484 -0.890983
    outer loop
      vertex 111.185 -16.1743 119.994
      vertex 105.081 -12.0124 118.539
      vertex 105.083 -12.0068 118.536
    endloop
  endfacet
  facet normal 0.232396 0 -0.972621
    outer loop
      vertex 105.083 -12.0067 118.536
      vertex 111.185 -16.1743 119.994
      vertex 105.083 -12.0068 118.536
    endloop
  endfacet
  facet normal -0.0725748 -0.42235 -0.903523
    outer loop
      vertex 111.185 -16.1743 119.994
      vertex 105.083 -12.0067 118.536
      vertex 105.083 -11.4184 118.261
    endloop
  endfacet
  facet normal -0.674968 -0.423601 0.604136
    outer loop
      vertex 105.074 -12.0077 125.076
      vertex 105.074 -12.5468 124.698
      vertex 111.185 -16.1743 128.982
    endloop
  endfacet
  facet normal -0.554192 0.0727003 0.829208
    outer loop
      vertex 110.622 0.818087 134.229
      vertex 111.185 0 134.677
      vertex 111.185 0.901062 134.598
    endloop
  endfacet
  facet normal -0.555116 0.0717701 0.828671
    outer loop
      vertex 111.185 0 134.677
      vertex 110.622 0.818087 134.229
      vertex 110.564 0 134.261
    endloop
  endfacet
  facet normal -0.555176 0.0728419 0.828537
    outer loop
      vertex 108.839 0.555104 133.056
      vertex 105.074 0 130.582
      vertex 108.799 0 133.078
    endloop
  endfacet
  facet normal -0 0.345531 0.938407
    outer loop
      vertex 111.185 15.3545 129.364
      vertex 111.195 8 132.072
      vertex 111.195 15.3545 129.364
    endloop
  endfacet
  facet normal 0 0.345531 0.938407
    outer loop
      vertex 111.195 8 132.072
      vertex 111.185 15.3545 129.364
      vertex 111.185 8 132.072
    endloop
  endfacet
  facet normal -0.0424008 0.34496 0.937659
    outer loop
      vertex 111.185 2.97767 133.921
      vertex 111.195 1.77475 134.364
      vertex 111.195 2.99249 133.916
    endloop
  endfacet
  facet normal 0 0.345581 0.938389
    outer loop
      vertex 111.195 1.77475 134.364
      vertex 111.185 2.97767 133.921
      vertex 111.185 1.77475 134.364
    endloop
  endfacet
  facet normal -0.658531 -0.333345 0.674698
    outer loop
      vertex 105.074 -1.88757 130.076
      vertex 105.074 -12.0077 125.076
      vertex 111.185 -16.1743 128.982
    endloop
  endfacet
  facet normal -0.547827 0.21362 0.808858
    outer loop
      vertex 110.639 0.935908 134.219
      vertex 110.627 0.878629 134.226
      vertex 111.185 0.901062 134.598
    endloop
  endfacet
  facet normal -0.548022 0.214125 0.808593
    outer loop
      vertex 105.074 1.29118 130.354
      vertex 108.857 0.807528 133.046
      vertex 108.909 1.04635 133.018
    endloop
  endfacet
  facet normal -0.54758 0.216191 0.808342
    outer loop
      vertex 108.857 0.807528 133.046
      vertex 105.074 1.29118 130.354
      vertex 105.074 0.655548 130.524
    endloop
  endfacet
  facet normal -0.680631 0.664038 0.309507
    outer loop
      vertex 111.185 18.4558 126.263
      vertex 105.074 13.3895 123.694
      vertex 111.185 18.0736 127.083
    endloop
  endfacet
  facet normal -0.0725748 0.42235 -0.903523
    outer loop
      vertex 105.083 12.0067 118.536
      vertex 111.185 16.1743 119.994
      vertex 105.083 11.4184 118.261
    endloop
  endfacet
  facet normal 0.232396 0 -0.972621
    outer loop
      vertex 105.083 12.0068 118.536
      vertex 111.185 16.1743 119.994
      vertex 105.083 12.0067 118.536
    endloop
  endfacet
  facet normal -0.0909236 0.44484 -0.890983
    outer loop
      vertex 111.185 16.1743 119.994
      vertex 105.083 12.0068 118.536
      vertex 105.081 12.0124 118.539
    endloop
  endfacet
  facet normal -0.636452 0.325777 0.699141
    outer loop
      vertex 111.185 16.1743 128.982
      vertex 105.074 1.29118 130.354
      vertex 111.185 15.3545 129.364
    endloop
  endfacet
  facet normal -0.30539 -0.673537 -0.673116
    outer loop
      vertex 105.074 -13.0121 119.38
      vertex 111.185 -16.9152 120.513
      vertex 111.185 -17.5548 121.153
    endloop
  endfacet
  facet normal -0.308935 -0.677465 -0.667533
    outer loop
      vertex 105.077 -13.0046 119.371
      vertex 111.185 -16.9152 120.513
      vertex 105.074 -13.0121 119.38
    endloop
  endfacet
  facet normal -0.305385 -0.673549 -0.673106
    outer loop
      vertex 111.185 -16.9152 120.513
      vertex 105.077 -13.0046 119.371
      vertex 105.077 -12.5489 118.915
    endloop
  endfacet
  facet normal -0.639905 -0.765524 0.0670365
    outer loop
      vertex 111.185 -18.6899 125.389
      vertex 105.074 -13.838 122.462
      vertex 111.185 -18.7688 124.488
    endloop
  endfacet
  facet normal -0.687212 0.595085 0.41667
    outer loop
      vertex 105.074 13.3895 123.694
      vertex 105.074 13.0121 124.233
      vertex 111.185 17.5548 127.824
    endloop
  endfacet
  facet normal -0.68721 -0.595101 0.416651
    outer loop
      vertex 111.185 -17.5548 127.824
      vertex 105.074 -13.3895 123.694
      vertex 111.185 -18.0736 127.083
    endloop
  endfacet
  facet normal -0.665185 -0.721254 0.193187
    outer loop
      vertex 111.185 -18.4558 126.263
      vertex 105.074 -13.6676 123.098
      vertex 111.185 -18.6899 125.389
    endloop
  endfacet
  facet normal -0.658531 0.333345 0.674698
    outer loop
      vertex 105.074 12.0077 125.076
      vertex 105.074 1.88757 130.076
      vertex 111.185 16.1743 128.982
    endloop
  endfacet
  facet normal -0.546809 0.216608 0.808753
    outer loop
      vertex 110.817 1.74559 134.123
      vertex 111.185 0.901062 134.598
      vertex 111.185 1.77475 134.364
    endloop
  endfacet
  facet normal -0.547392 0.216195 0.808469
    outer loop
      vertex 111.185 0.901062 134.598
      vertex 110.817 1.74559 134.123
      vertex 110.639 0.935908 134.219
    endloop
  endfacet
  facet normal -0.547417 0.217695 0.808049
    outer loop
      vertex 109.032 1.60434 132.951
      vertex 105.074 1.29118 130.354
      vertex 108.909 1.04635 133.018
    endloop
  endfacet
  facet normal -0.555019 0.0868319 0.827293
    outer loop
      vertex 110.627 0.878629 134.226
      vertex 110.622 0.818087 134.229
      vertex 111.185 0.901062 134.598
    endloop
  endfacet
  facet normal -0.555256 0.0724171 0.82852
    outer loop
      vertex 105.074 0.655548 130.524
      vertex 108.839 0.555104 133.056
      vertex 108.857 0.807528 133.046
    endloop
  endfacet
  facet normal -0.555204 0.0733001 0.828478
    outer loop
      vertex 108.839 0.555104 133.056
      vertex 105.074 0.655548 130.524
      vertex 105.074 0 130.582
    endloop
  endfacet
  facet normal -0.553017 -0.804786 -0.215622
    outer loop
      vertex 111.185 -18.6899 123.587
      vertex 105.074 -13.838 121.151
      vertex 105.074 -13.6676 120.515
    endloop
  endfacet
  facet normal -0.68721 0.595101 0.416651
    outer loop
      vertex 111.185 18.0736 127.083
      vertex 105.074 13.3895 123.694
      vertex 111.185 17.5548 127.824
    endloop
  endfacet
  facet normal 0.155628 0.08584 -0.984079
    outer loop
      vertex 111.187 13.5804 119.298
      vertex 105.084 10.1201 118.031
      vertex 111.187 14.4746 119.376
    endloop
  endfacet
  facet normal 0.203269 0 -0.979123
    outer loop
      vertex 105.084 10.1201 118.031
      vertex 111.187 13.5804 119.298
      vertex 111.187 13.5751 119.298
    endloop
  endfacet
  facet normal -0.674968 0.423601 0.604136
    outer loop
      vertex 105.074 12.5468 124.698
      vertex 105.074 12.0077 125.076
      vertex 111.185 16.1743 128.982
    endloop
  endfacet
  facet normal -0.191557 0.562202 -0.804509
    outer loop
      vertex 105.081 12.5433 118.91
      vertex 111.185 16.1743 119.994
      vertex 105.081 12.0124 118.539
    endloop
  endfacet
  facet normal 0.174853 0 -0.984595
    outer loop
      vertex 105.081 12.5434 118.91
      vertex 111.185 16.1743 119.994
      vertex 105.081 12.5433 118.91
    endloop
  endfacet
  facet normal -0.220592 0.600343 -0.768718
    outer loop
      vertex 111.185 16.1743 119.994
      vertex 105.081 12.5434 118.91
      vertex 105.078 12.5487 118.915
    endloop
  endfacet
  facet normal -0.0715775 -0.421281 -0.904101
    outer loop
      vertex 105.083 -11.4184 118.261
      vertex 111.185 -15.3545 119.612
      vertex 111.185 -16.1743 119.994
    endloop
  endfacet
  facet normal 0.216168 0 -0.976356
    outer loop
      vertex 111.185 -15.3545 119.612
      vertex 105.083 -11.4184 118.261
      vertex 105.083 -11.4171 118.261
    endloop
  endfacet
  facet normal -0.6366 0.325823 0.698985
    outer loop
      vertex 105.074 1.88757 130.076
      vertex 105.074 1.29118 130.354
      vertex 111.185 16.1743 128.982
    endloop
  endfacet
  facet normal -0.639879 -0.76556 0.0668698
    outer loop
      vertex 105.074 -13.838 122.462
      vertex 105.074 -13.8953 121.806
      vertex 111.185 -18.7688 124.488
    endloop
  endfacet
  facet normal -0.6366 -0.325823 0.698985
    outer loop
      vertex 105.074 -1.29118 130.354
      vertex 105.074 -1.88757 130.076
      vertex 111.185 -16.1743 128.982
    endloop
  endfacet
  facet normal -0.687212 -0.595085 0.41667
    outer loop
      vertex 105.074 -13.0121 124.233
      vertex 105.074 -13.3895 123.694
      vertex 111.185 -17.5548 127.824
    endloop
  endfacet
  facet normal 0 -0.706775 0.707439
    outer loop
      vertex 111.185 -17.5548 127.824
      vertex 111.195 -16.9152 128.463
      vertex 111.185 -16.9152 128.463
    endloop
  endfacet
  facet normal 0 -0.706775 0.707439
    outer loop
      vertex 111.195 -16.9152 128.463
      vertex 111.185 -17.5548 127.824
      vertex 111.195 -17.5548 127.824
    endloop
  endfacet
  facet normal -0.685334 -0.514769 0.515102
    outer loop
      vertex 105.074 -13.0121 124.233
      vertex 111.185 -16.9152 128.463
      vertex 105.074 -12.5468 124.698
    endloop
  endfacet
  facet normal -0.685336 -0.514692 0.515176
    outer loop
      vertex 111.185 -16.9152 128.463
      vertex 105.074 -13.0121 124.233
      vertex 111.185 -17.5548 127.824
    endloop
  endfacet
  facet normal -0.404687 0.749104 -0.524474
    outer loop
      vertex 111.185 17.5548 121.153
      vertex 105.074 13.3895 119.919
      vertex 111.185 18.0736 121.894
    endloop
  endfacet
  facet normal 0.206681 0 -0.978408
    outer loop
      vertex 105.084 10.7757 118.089
      vertex 111.186 14.4811 119.378
      vertex 111.186 14.481 119.378
    endloop
  endfacet
  facet normal 0.0468939 0.258433 -0.96489
    outer loop
      vertex 111.186 14.4811 119.378
      vertex 105.084 10.7757 118.089
      vertex 111.186 15.3473 119.61
    endloop
  endfacet
  facet normal -0.0115198 0.345415 -0.938379
    outer loop
      vertex 105.084 10.7757 118.089
      vertex 111.186 14.481 119.378
      vertex 111.187 14.4756 119.376
    endloop
  endfacet
  facet normal -0.540532 0.290703 0.789504
    outer loop
      vertex 111.185 15.3545 129.364
      vertex 110.944 8 131.907
      vertex 111.185 8 132.072
    endloop
  endfacet
  facet normal -0.540961 0.290626 0.789239
    outer loop
      vertex 105.074 1.29118 130.354
      vertex 110.944 8 131.907
      vertex 111.185 15.3545 129.364
    endloop
  endfacet
  facet normal -0.54089 0.290545 0.789317
    outer loop
      vertex 110.944 8 131.907
      vertex 105.074 1.29118 130.354
      vertex 109.032 1.60434 132.951
    endloop
  endfacet
  facet normal -0.540203 0.290818 0.789687
    outer loop
      vertex 111.185 2.97767 133.921
      vertex 110.817 1.74559 134.123
      vertex 111.185 1.77475 134.364
    endloop
  endfacet
  facet normal -0.552929 -0.804795 -0.21581
    outer loop
      vertex 111.185 -18.6899 123.587
      vertex 105.074 -13.6676 120.515
      vertex 111.185 -18.4558 122.714
    endloop
  endfacet
  facet normal -0.60314 0.794594 -0.0695821
    outer loop
      vertex 111.185 18.6899 123.587
      vertex 105.074 13.838 121.151
      vertex 111.185 18.7688 124.488
    endloop
  endfacet
  facet normal -0.680636 0.663903 0.309784
    outer loop
      vertex 105.074 13.6676 123.098
      vertex 105.074 13.3895 123.694
      vertex 111.185 18.4558 126.263
    endloop
  endfacet
  facet normal 0.216168 0 -0.976356
    outer loop
      vertex 105.084 -11.4113 118.259
      vertex 111.186 -15.3473 119.61
      vertex 111.186 -15.3483 119.61
    endloop
  endfacet
  facet normal 0.0471671 -0.258094 -0.964968
    outer loop
      vertex 111.186 -15.3473 119.61
      vertex 105.084 -11.4113 118.259
      vertex 105.084 -10.7757 118.089
    endloop
  endfacet
  facet normal -0.60314 -0.794594 -0.0695821
    outer loop
      vertex 111.185 -18.7688 124.488
      vertex 105.074 -13.838 121.151
      vertex 111.185 -18.6899 123.587
    endloop
  endfacet
  facet normal -0.66519 -0.721237 0.193237
    outer loop
      vertex 105.074 -13.6676 123.098
      vertex 105.074 -13.838 122.462
      vertex 111.185 -18.6899 125.389
    endloop
  endfacet
  facet normal 0.0434176 0.217088 -0.975186
    outer loop
      vertex 105.077 12.5489 118.915
      vertex 111.185 16.1743 119.994
      vertex 105.078 12.5487 118.915
    endloop
  endfacet
  facet normal -0.192203 0.56304 -0.803769
    outer loop
      vertex 111.185 16.1743 119.994
      vertex 105.077 12.5489 118.915
      vertex 111.185 16.9152 120.513
    endloop
  endfacet
  facet normal -0.220592 -0.600343 -0.768718
    outer loop
      vertex 111.185 -16.1743 119.994
      vertex 105.078 -12.5487 118.915
      vertex 105.081 -12.5434 118.91
    endloop
  endfacet
  facet normal 0.174853 0 -0.984595
    outer loop
      vertex 105.081 -12.5433 118.91
      vertex 111.185 -16.1743 119.994
      vertex 105.081 -12.5434 118.91
    endloop
  endfacet
  facet normal -0.191557 -0.562202 -0.804509
    outer loop
      vertex 111.185 -16.1743 119.994
      vertex 105.081 -12.5433 118.91
      vertex 105.081 -12.0124 118.539
    endloop
  endfacet
  facet normal -0 0.573737 0.81904
    outer loop
      vertex 111.185 16.9152 128.463
      vertex 111.195 16.1743 128.982
      vertex 111.195 16.9152 128.463
    endloop
  endfacet
  facet normal 0 0.573737 0.81904
    outer loop
      vertex 111.195 16.1743 128.982
      vertex 111.185 16.9152 128.463
      vertex 111.185 16.1743 128.982
    endloop
  endfacet
  facet normal -0.66519 0.721237 0.193237
    outer loop
      vertex 105.074 13.838 122.462
      vertex 105.074 13.6676 123.098
      vertex 111.185 18.6899 125.389
    endloop
  endfacet
  facet normal 0.206342 0 -0.97848
    outer loop
      vertex 105.084 -10.7757 118.089
      vertex 111.187 -14.4746 119.376
      vertex 111.187 -14.4756 119.376
    endloop
  endfacet
  facet normal 0.154762 -0.0870627 -0.984108
    outer loop
      vertex 111.187 -14.4746 119.376
      vertex 105.084 -10.7757 118.089
      vertex 105.084 -10.1201 118.031
    endloop
  endfacet
  facet normal -0.192203 -0.56304 -0.803769
    outer loop
      vertex 105.077 -12.5489 118.915
      vertex 111.185 -16.1743 119.994
      vertex 111.185 -16.9152 120.513
    endloop
  endfacet
  facet normal 0.0434176 -0.217088 -0.975186
    outer loop
      vertex 111.185 -16.1743 119.994
      vertex 105.077 -12.5489 118.915
      vertex 105.078 -12.5487 118.915
    endloop
  endfacet
  facet normal -0.30539 0.673537 -0.673116
    outer loop
      vertex 111.185 16.9152 120.513
      vertex 105.074 13.0121 119.38
      vertex 111.185 17.5548 121.153
    endloop
  endfacet
  facet normal -0.308935 0.677465 -0.667533
    outer loop
      vertex 111.185 16.9152 120.513
      vertex 105.077 13.0046 119.371
      vertex 105.074 13.0121 119.38
    endloop
  endfacet
  facet normal -0.305385 0.673549 -0.673106
    outer loop
      vertex 105.077 13.0046 119.371
      vertex 111.185 16.9152 120.513
      vertex 105.077 12.5489 118.915
    endloop
  endfacet
  facet normal -0.404687 -0.749104 -0.524474
    outer loop
      vertex 111.185 -18.0736 121.894
      vertex 105.074 -13.3895 119.919
      vertex 111.185 -17.5548 121.153
    endloop
  endfacet
  facet normal -0.554192 -0.0727003 0.829208
    outer loop
      vertex 111.185 0 134.677
      vertex 110.622 -0.818087 134.229
      vertex 111.185 -0.901062 134.598
    endloop
  endfacet
  facet normal -0.555116 -0.0717701 0.828671
    outer loop
      vertex 110.622 -0.818087 134.229
      vertex 111.185 0 134.677
      vertex 110.564 0 134.261
    endloop
  endfacet
  facet normal -0.555176 -0.0728419 0.828537
    outer loop
      vertex 108.799 0 133.078
      vertex 105.074 0 130.582
      vertex 108.839 -0.555104 133.056
    endloop
  endfacet
  facet normal 0 -0.422365 0.906426
    outer loop
      vertex 111.185 -15.3545 129.364
      vertex 111.195 -16.1743 128.982
      vertex 111.195 -15.3545 129.364
    endloop
  endfacet
  facet normal 0 -0.422365 0.906426
    outer loop
      vertex 111.195 -16.1743 128.982
      vertex 111.185 -15.3545 129.364
      vertex 111.185 -16.1743 128.982
    endloop
  endfacet
  facet normal -0.603168 -0.79458 -0.0695106
    outer loop
      vertex 111.185 -18.7688 124.488
      vertex 105.074 -13.8953 121.806
      vertex 105.074 -13.838 121.151
    endloop
  endfacet
  facet normal -0.404672 0.749091 -0.524503
    outer loop
      vertex 111.185 17.5548 121.153
      vertex 105.074 13.0121 119.38
      vertex 105.074 13.3895 119.919
    endloop
  endfacet
  facet normal -0.639905 0.765524 0.0670365
    outer loop
      vertex 111.185 18.7688 124.488
      vertex 105.074 13.838 122.462
      vertex 111.185 18.6899 125.389
    endloop
  endfacet
  facet normal -0.540203 -0.290818 0.789687
    outer loop
      vertex 111.185 -1.77475 134.364
      vertex 110.817 -1.74559 134.123
      vertex 111.185 -2.97767 133.921
    endloop
  endfacet
  facet normal -0.540532 -0.290703 0.789504
    outer loop
      vertex 110.944 -8 131.907
      vertex 111.185 -15.3545 129.364
      vertex 111.185 -8 132.072
    endloop
  endfacet
  facet normal -0.54089 -0.290545 0.789317
    outer loop
      vertex 105.074 -1.29118 130.354
      vertex 110.944 -8 131.907
      vertex 109.032 -1.60434 132.951
    endloop
  endfacet
  facet normal -0.540961 -0.290626 0.789239
    outer loop
      vertex 110.944 -8 131.907
      vertex 105.074 -1.29118 130.354
      vertex 111.185 -15.3545 129.364
    endloop
  endfacet
  facet normal -0.674953 -0.423338 0.604337
    outer loop
      vertex 111.185 -16.1743 128.982
      vertex 105.074 -12.5468 124.698
      vertex 111.185 -16.9152 128.463
    endloop
  endfacet
  facet normal -0.680631 -0.664038 0.309507
    outer loop
      vertex 111.185 -18.0736 127.083
      vertex 105.074 -13.3895 123.694
      vertex 111.185 -18.4558 126.263
    endloop
  endfacet
  facet normal -0.603168 0.79458 -0.0695106
    outer loop
      vertex 111.185 18.7688 124.488
      vertex 105.074 13.838 121.151
      vertex 105.074 13.8953 121.806
    endloop
  endfacet
  facet normal 0 -0.0873393 0.996179
    outer loop
      vertex 111.185 0 134.677
      vertex 111.195 -0.901062 134.598
      vertex 111.195 0 134.677
    endloop
  endfacet
  facet normal 0 -0.0873393 0.996179
    outer loop
      vertex 111.195 -0.901062 134.598
      vertex 111.185 0 134.677
      vertex 111.185 -0.901062 134.598
    endloop
  endfacet
  facet normal -0.665185 0.721254 0.193187
    outer loop
      vertex 111.185 18.6899 125.389
      vertex 105.074 13.6676 123.098
      vertex 111.185 18.4558 126.263
    endloop
  endfacet
  facet normal 0.0468939 -0.258433 -0.96489
    outer loop
      vertex 105.084 -10.7757 118.089
      vertex 111.186 -14.4811 119.378
      vertex 111.186 -15.3473 119.61
    endloop
  endfacet
  facet normal 0.206681 0 -0.978408
    outer loop
      vertex 111.186 -14.4811 119.378
      vertex 105.084 -10.7757 118.089
      vertex 111.186 -14.481 119.378
    endloop
  endfacet
  facet normal -0.0115198 -0.345415 -0.938379
    outer loop
      vertex 111.187 -14.4756 119.376
      vertex 111.186 -14.481 119.378
      vertex 105.084 -10.7757 118.089
    endloop
  endfacet
  facet normal -0 0.422365 0.906426
    outer loop
      vertex 111.185 16.1743 128.982
      vertex 111.195 15.3545 129.364
      vertex 111.195 16.1743 128.982
    endloop
  endfacet
  facet normal 0 0.422365 0.906426
    outer loop
      vertex 111.195 15.3545 129.364
      vertex 111.185 16.1743 128.982
      vertex 111.185 15.3545 129.364
    endloop
  endfacet
  facet normal 0.216168 0 -0.976356
    outer loop
      vertex 105.083 11.4184 118.261
      vertex 111.185 15.3545 119.612
      vertex 105.083 11.4171 118.261
    endloop
  endfacet
  facet normal -0.0715775 0.421281 -0.904101
    outer loop
      vertex 111.185 15.3545 119.612
      vertex 105.083 11.4184 118.261
      vertex 111.185 16.1743 119.994
    endloop
  endfacet
  facet normal -0 0.0873393 0.996179
    outer loop
      vertex 111.185 0.901062 134.598
      vertex 111.195 0 134.677
      vertex 111.195 0.901062 134.598
    endloop
  endfacet
  facet normal 0 0.0873393 0.996179
    outer loop
      vertex 111.195 0 134.677
      vertex 111.185 0.901062 134.598
      vertex 111.185 0 134.677
    endloop
  endfacet
  facet normal 0.154762 0.0870627 -0.984108
    outer loop
      vertex 105.084 10.7757 118.089
      vertex 111.187 14.4746 119.376
      vertex 105.084 10.1201 118.031
    endloop
  endfacet
  facet normal 0.206342 0 -0.97848
    outer loop
      vertex 111.187 14.4746 119.376
      vertex 105.084 10.7757 118.089
      vertex 111.187 14.4756 119.376
    endloop
  endfacet
  facet normal 0.203269 0 -0.979123
    outer loop
      vertex 105.084 -10.1201 118.031
      vertex 111.187 13.5751 119.298
      vertex 111.187 -13.5751 119.298
    endloop
  endfacet
  facet normal 0.203269 0 -0.979123
    outer loop
      vertex 111.187 13.5751 119.298
      vertex 105.084 -10.1201 118.031
      vertex 105.084 10.1201 118.031
    endloop
  endfacet
  facet normal 0.155628 -0.08584 -0.984079
    outer loop
      vertex 111.187 -14.4746 119.376
      vertex 105.084 -10.1201 118.031
      vertex 111.187 -13.5804 119.298
    endloop
  endfacet
  facet normal 0.203269 0 -0.979123
    outer loop
      vertex 111.187 -13.5751 119.298
      vertex 111.187 -13.5804 119.298
      vertex 105.084 -10.1201 118.031
    endloop
  endfacet
  facet normal -0.639879 0.76556 0.0668698
    outer loop
      vertex 105.074 13.8953 121.806
      vertex 105.074 13.838 122.462
      vertex 111.185 18.7688 124.488
    endloop
  endfacet
  facet normal -0.680636 -0.663903 0.309784
    outer loop
      vertex 105.074 -13.3895 123.694
      vertex 105.074 -13.6676 123.098
      vertex 111.185 -18.4558 126.263
    endloop
  endfacet
  facet normal -0.674953 0.423338 0.604337
    outer loop
      vertex 111.185 16.9152 128.463
      vertex 105.074 12.5468 124.698
      vertex 111.185 16.1743 128.982
    endloop
  endfacet
  facet normal -0.487198 -0.791379 -0.369266
    outer loop
      vertex 111.185 -18.4558 122.714
      vertex 105.074 -13.6676 120.515
      vertex 105.074 -13.3895 119.919
    endloop
  endfacet
  facet normal -0.487412 -0.791426 -0.368882
    outer loop
      vertex 111.185 -18.4558 122.714
      vertex 105.074 -13.3895 119.919
      vertex 111.185 -18.0736 121.894
    endloop
  endfacet
  facet normal 0 -0.258712 0.965955
    outer loop
      vertex 111.185 -0.901062 134.598
      vertex 111.195 -1.77475 134.364
      vertex 111.195 -0.901062 134.598
    endloop
  endfacet
  facet normal 0 -0.258712 0.965955
    outer loop
      vertex 111.195 -1.77475 134.364
      vertex 111.185 -0.901062 134.598
      vertex 111.185 -1.77475 134.364
    endloop
  endfacet
  facet normal -0.546809 -0.216608 0.808753
    outer loop
      vertex 111.185 -0.901062 134.598
      vertex 110.817 -1.74559 134.123
      vertex 111.185 -1.77475 134.364
    endloop
  endfacet
  facet normal -0.547392 -0.216195 0.808469
    outer loop
      vertex 110.817 -1.74559 134.123
      vertex 111.185 -0.901062 134.598
      vertex 110.639 -0.935908 134.219
    endloop
  endfacet
  facet normal -0.547417 -0.217695 0.808049
    outer loop
      vertex 108.909 -1.04635 133.018
      vertex 105.074 -1.29118 130.354
      vertex 109.032 -1.60434 132.951
    endloop
  endfacet
  facet normal 0.0471671 0.258094 -0.964968
    outer loop
      vertex 105.084 11.4113 118.259
      vertex 111.186 15.3473 119.61
      vertex 105.084 10.7757 118.089
    endloop
  endfacet
  facet normal 0.216168 0 -0.976356
    outer loop
      vertex 111.186 15.3473 119.61
      vertex 105.084 11.4113 118.259
      vertex 111.186 15.3483 119.61
    endloop
  endfacet
  facet normal -0.685336 0.514692 0.515176
    outer loop
      vertex 105.074 13.0121 124.233
      vertex 111.185 16.9152 128.463
      vertex 111.185 17.5548 127.824
    endloop
  endfacet
  facet normal -0.685334 0.514769 0.515102
    outer loop
      vertex 111.185 16.9152 128.463
      vertex 105.074 13.0121 124.233
      vertex 105.074 12.5468 124.698
    endloop
  endfacet
  facet normal 0.011417 -0.30865 -0.951107
    outer loop
      vertex 105.083 -11.4171 118.261
      vertex 111.186 -15.3483 119.61
      vertex 111.185 -15.3545 119.612
    endloop
  endfacet
  facet normal -0.000918291 -0.325849 -0.945421
    outer loop
      vertex 111.186 -15.3483 119.61
      vertex 105.083 -11.4171 118.261
      vertex 105.084 -11.4113 118.259
    endloop
  endfacet
  facet normal -0.674424 -0.669221 -0.311922
    outer loop
      vertex 118.254 -22.2686 115.61
      vertex 111.185 -18.4558 122.714
      vertex 111.185 -18.0736 121.894
    endloop
  endfacet
  facet normal -0.674552 -0.668969 -0.312185
    outer loop
      vertex 118.254 -22.711 116.558
      vertex 111.185 -18.4558 122.714
      vertex 118.254 -22.2686 115.61
    endloop
  endfacet
  facet normal -0.732792 -0.287399 -0.61678
    outer loop
      vertex 118.254 -19.1222 112.969
      vertex 111.185 -16.1743 119.994
      vertex 111.185 -15.3545 119.612
    endloop
  endfacet
  facet normal -0.733416 -0.38975 -0.556952
    outer loop
      vertex 118.254 -20.9282 114.012
      vertex 111.185 -16.1743 119.994
      vertex 118.254 -20.0708 113.412
    endloop
  endfacet
  facet normal -0.627994 -0.751662 -0.201563
    outer loop
      vertex 118.254 -22.711 116.558
      vertex 111.185 -18.6899 123.587
      vertex 111.185 -18.4558 122.714
    endloop
  endfacet
  facet normal -0.709853 -0.125258 -0.693123
    outer loop
      vertex 118.254 -17.0685 112.607
      vertex 111.186 -14.481 119.378
      vertex 111.187 -14.4756 119.376
    endloop
  endfacet
  facet normal -0.691717 -0 -0.722169
    outer loop
      vertex 111.187 -14.4746 119.376
      vertex 118.254 -17.0685 112.607
      vertex 111.187 -14.4756 119.376
    endloop
  endfacet
  facet normal -0.702142 -0.0618751 -0.709343
    outer loop
      vertex 118.254 -17.0685 112.607
      vertex 111.187 -14.4746 119.376
      vertex 111.187 -13.5804 119.298
    endloop
  endfacet
  facet normal -0.70568 -0.580414 -0.406368
    outer loop
      vertex 118.254 -22.2686 115.61
      vertex 111.185 -18.0736 121.894
      vertex 111.185 -17.5548 121.153
    endloop
  endfacet
  facet normal -0.0423708 0.818444 0.573021
    outer loop
      vertex 111.185 18.0736 127.083
      vertex 111.185 17.5548 127.824
      vertex 118.254 22.2686 121.614
    endloop
  endfacet
  facet normal -0.687525 0 -0.726161
    outer loop
      vertex 118.254 -17.0685 112.607
      vertex 111.187 -13.5751 119.298
      vertex 118.254 17.0685 112.607
    endloop
  endfacet
  facet normal -0.687525 -0 -0.726161
    outer loop
      vertex 111.187 -13.5751 119.298
      vertex 118.254 -17.0685 112.607
      vertex 111.187 -13.5804 119.298
    endloop
  endfacet
  facet normal -0.687525 -0 -0.726161
    outer loop
      vertex 111.187 13.5751 119.298
      vertex 118.254 17.0685 112.607
      vertex 111.187 -13.5751 119.298
    endloop
  endfacet
  facet normal -0.687525 0 -0.726161
    outer loop
      vertex 118.254 17.0685 112.607
      vertex 111.187 13.5751 119.298
      vertex 111.187 13.5804 119.298
    endloop
  endfacet
  facet normal -0.702266 0.0625709 -0.709159
    outer loop
      vertex 118.254 17.0685 112.607
      vertex 111.186 14.481 119.378
      vertex 118.254 18.1112 112.699
    endloop
  endfacet
  facet normal -0.702142 0.0618751 -0.709343
    outer loop
      vertex 111.187 14.4746 119.376
      vertex 118.254 17.0685 112.607
      vertex 111.187 13.5804 119.298
    endloop
  endfacet
  facet normal -0.691717 -0 -0.722169
    outer loop
      vertex 111.187 14.4756 119.376
      vertex 118.254 17.0685 112.607
      vertex 111.187 14.4746 119.376
    endloop
  endfacet
  facet normal -0.709853 0.125258 -0.693123
    outer loop
      vertex 118.254 17.0685 112.607
      vertex 111.187 14.4756 119.376
      vertex 111.186 14.481 119.378
    endloop
  endfacet
  facet normal -0.733426 -0.390009 -0.556758
    outer loop
      vertex 118.254 -20.9282 114.012
      vertex 111.185 -16.9152 120.513
      vertex 111.185 -16.1743 119.994
    endloop
  endfacet
  facet normal -0.724719 -0.487195 -0.487261
    outer loop
      vertex 118.254 -21.6683 114.752
      vertex 111.185 -17.5548 121.153
      vertex 118.254 -20.9282 114.012
    endloop
  endfacet
  facet normal -0.561748 -0.824164 -0.0720649
    outer loop
      vertex 118.254 -23.0731 118.612
      vertex 111.185 -18.6899 123.587
      vertex 118.254 -22.9819 117.569
    endloop
  endfacet
  facet normal -0.73278 -0.28793 -0.616546
    outer loop
      vertex 118.254 -20.0708 113.412
      vertex 111.185 -16.1743 119.994
      vertex 118.254 -19.1222 112.969
    endloop
  endfacet
  facet normal 0.443492 -0.309458 0.84116
    outer loop
      vertex 111.195 -1.77475 134.364
      vertex 111.195 -2.99249 133.916
      vertex 111.702 -3.01883 133.639
    endloop
  endfacet
  facet normal 0.443028 -0.309771 0.841289
    outer loop
      vertex 111.195 -15.3545 129.364
      vertex 113.732 -8 130.736
      vertex 111.195 -8 132.072
    endloop
  endfacet
  facet normal 0.443037 -0.309773 0.841284
    outer loop
      vertex 113.732 -8 130.736
      vertex 111.195 -15.3545 129.364
      vertex 118.264 -19.1222 124.254
    endloop
  endfacet
  facet normal -0.561748 0.824164 -0.0720649
    outer loop
      vertex 118.254 22.9819 117.569
      vertex 111.185 18.6899 123.587
      vertex 118.254 23.0731 118.612
    endloop
  endfacet
  facet normal -0.627922 -0.751757 -0.201435
    outer loop
      vertex 118.254 -22.9819 117.569
      vertex 111.185 -18.6899 123.587
      vertex 118.254 -22.711 116.558
    endloop
  endfacet
  facet normal 0.395125 0.387984 0.832673
    outer loop
      vertex 118.264 20.0708 123.812
      vertex 111.195 16.1743 128.982
      vertex 118.264 19.1222 124.254
    endloop
  endfacet
  facet normal -0.711036 -0.10938 -0.694596
    outer loop
      vertex 111.186 -15.3483 119.61
      vertex 118.254 -19.1222 112.969
      vertex 111.185 -15.3545 119.612
    endloop
  endfacet
  facet normal -0.68475 -0 -0.728778
    outer loop
      vertex 111.186 -15.3473 119.61
      vertex 118.254 -19.1222 112.969
      vertex 111.186 -15.3483 119.61
    endloop
  endfacet
  facet normal -0.722747 -0.178803 -0.667582
    outer loop
      vertex 118.254 -19.1222 112.969
      vertex 111.186 -15.3473 119.61
      vertex 111.186 -14.4811 119.378
    endloop
  endfacet
  facet normal -0.711036 0.10938 -0.694596
    outer loop
      vertex 118.254 19.1222 112.969
      vertex 111.186 15.3483 119.61
      vertex 111.185 15.3545 119.612
    endloop
  endfacet
  facet normal -0.68475 0 -0.728778
    outer loop
      vertex 118.254 19.1222 112.969
      vertex 111.186 15.3473 119.61
      vertex 111.186 15.3483 119.61
    endloop
  endfacet
  facet normal -0.722747 0.178803 -0.667582
    outer loop
      vertex 111.186 15.3473 119.61
      vertex 118.254 19.1222 112.969
      vertex 111.186 14.4811 119.378
    endloop
  endfacet
  facet normal 0.566925 0.213119 0.795724
    outer loop
      vertex 111.195 0.901062 134.598
      vertex 113.726 1.87464 132.534
      vertex 111.195 1.77475 134.364
    endloop
  endfacet
  facet normal 0.566745 0.21359 0.795726
    outer loop
      vertex 113.726 1.87464 132.534
      vertex 111.195 0.901062 134.598
      vertex 114.441 1.43038 132.144
    endloop
  endfacet
  facet normal 0.443037 0.309773 0.841284
    outer loop
      vertex 111.195 15.3545 129.364
      vertex 113.732 8 130.736
      vertex 118.264 19.1222 124.254
    endloop
  endfacet
  facet normal 0.443028 0.309771 0.841289
    outer loop
      vertex 113.732 8 130.736
      vertex 111.195 15.3545 129.364
      vertex 111.195 8 132.072
    endloop
  endfacet
  facet normal 0.443492 0.309458 0.84116
    outer loop
      vertex 111.195 2.99249 133.916
      vertex 111.195 1.77475 134.364
      vertex 111.702 3.01883 133.639
    endloop
  endfacet
  facet normal -0.724672 -0.487415 -0.487111
    outer loop
      vertex 118.254 -20.9282 114.012
      vertex 111.185 -17.5548 121.153
      vertex 111.185 -16.9152 120.513
    endloop
  endfacet
  facet normal -0.352438 -0.90397 0.242127
    outer loop
      vertex 111.185 -18.4558 126.263
      vertex 111.185 -18.6899 125.389
      vertex 118.254 -22.711 120.666
    endloop
  endfacet
  facet normal 0.395125 -0.387984 0.832673
    outer loop
      vertex 118.264 -19.1222 124.254
      vertex 111.195 -16.1743 128.982
      vertex 118.264 -20.0708 123.812
    endloop
  endfacet
  facet normal -0.70565 -0.580571 -0.406196
    outer loop
      vertex 118.254 -22.2686 115.61
      vertex 111.185 -17.5548 121.153
      vertex 118.254 -21.6683 114.752
    endloop
  endfacet
  facet normal -0.73278 0.28793 -0.616546
    outer loop
      vertex 118.254 19.1222 112.969
      vertex 111.185 16.1743 119.994
      vertex 118.254 20.0708 113.412
    endloop
  endfacet
  facet normal -0.686823 0 -0.726825
    outer loop
      vertex 118.254 -18.1112 112.699
      vertex 111.186 -14.4811 119.378
      vertex 111.186 -14.481 119.378
    endloop
  endfacet
  facet normal -0.722652 -0.178346 -0.667808
    outer loop
      vertex 111.186 -14.4811 119.378
      vertex 118.254 -18.1112 112.699
      vertex 118.254 -19.1222 112.969
    endloop
  endfacet
  facet normal -0.702266 -0.0625709 -0.709159
    outer loop
      vertex 111.186 -14.481 119.378
      vertex 118.254 -17.0685 112.607
      vertex 118.254 -18.1112 112.699
    endloop
  endfacet
  facet normal 0.563788 0.232191 0.79261
    outer loop
      vertex 118.264 19.1222 124.254
      vertex 115.849 8 129.23
      vertex 118.264 6.63522 127.912
    endloop
  endfacet
  facet normal 0.563832 0.23217 0.792585
    outer loop
      vertex 115.849 8 129.23
      vertex 118.264 19.1222 124.254
      vertex 113.732 8 130.736
    endloop
  endfacet
  facet normal 0.563895 0.232073 0.792568
    outer loop
      vertex 111.702 3.01883 133.639
      vertex 111.195 1.77475 134.364
      vertex 113.726 1.87464 132.534
    endloop
  endfacet
  facet normal -0.352375 -0.903969 0.242221
    outer loop
      vertex 118.254 -22.711 120.666
      vertex 111.185 -18.6899 125.389
      vertex 118.254 -22.9819 119.655
    endloop
  endfacet
  facet normal -0.352438 0.90397 0.242127
    outer loop
      vertex 111.185 18.6899 125.389
      vertex 111.185 18.4558 126.263
      vertex 118.254 22.711 120.666
    endloop
  endfacet
  facet normal 0.272412 0.551663 0.788327
    outer loop
      vertex 118.264 20.9282 123.212
      vertex 111.195 16.9152 128.463
      vertex 118.264 20.0708 123.812
    endloop
  endfacet
  facet normal -0.732792 0.287399 -0.61678
    outer loop
      vertex 118.254 19.1222 112.969
      vertex 111.185 15.3545 119.612
      vertex 111.185 16.1743 119.994
    endloop
  endfacet
  facet normal -0.471167 -0.878691 0.0768328
    outer loop
      vertex 118.254 -22.9819 119.655
      vertex 111.185 -18.7688 124.488
      vertex 118.254 -23.0731 118.612
    endloop
  endfacet
  facet normal -0.733426 0.390009 -0.556758
    outer loop
      vertex 118.254 20.9282 114.012
      vertex 111.185 16.1743 119.994
      vertex 111.185 16.9152 120.513
    endloop
  endfacet
  facet normal -0.722652 0.178346 -0.667808
    outer loop
      vertex 118.254 18.1112 112.699
      vertex 111.186 14.4811 119.378
      vertex 118.254 19.1222 112.969
    endloop
  endfacet
  facet normal -0.686823 -0 -0.726825
    outer loop
      vertex 111.186 14.4811 119.378
      vertex 118.254 18.1112 112.699
      vertex 111.186 14.481 119.378
    endloop
  endfacet
  facet normal 0.563895 -0.232073 0.792568
    outer loop
      vertex 113.726 -1.87464 132.534
      vertex 111.195 -1.77475 134.364
      vertex 111.702 -3.01883 133.639
    endloop
  endfacet
  facet normal 0.563788 -0.232191 0.79261
    outer loop
      vertex 115.849 -8 129.23
      vertex 118.264 -19.1222 124.254
      vertex 118.264 -6.63522 127.912
    endloop
  endfacet
  facet normal 0.563832 -0.23217 0.792585
    outer loop
      vertex 118.264 -19.1222 124.254
      vertex 115.849 -8 129.23
      vertex 113.732 -8 130.736
    endloop
  endfacet
  facet normal 0.123009 0.701689 0.701784
    outer loop
      vertex 118.264 21.6683 122.472
      vertex 111.195 17.5548 127.824
      vertex 118.264 20.9282 123.212
    endloop
  endfacet
  facet normal 0.58071 -0.0694271 0.811145
    outer loop
      vertex 111.195 0 134.677
      vertex 115.487 -0.353965 131.574
      vertex 115.669 0 131.474
    endloop
  endfacet
  facet normal 0.580549 -0.0711139 0.811114
    outer loop
      vertex 115.487 -0.353965 131.574
      vertex 111.195 0 134.677
      vertex 111.195 -0.901062 134.598
    endloop
  endfacet
  facet normal -0.561795 -0.824123 -0.0721679
    outer loop
      vertex 118.254 -23.0731 118.612
      vertex 111.185 -18.7688 124.488
      vertex 111.185 -18.6899 123.587
    endloop
  endfacet
  facet normal 0 0.819366 0.57327
    outer loop
      vertex 118.264 22.2686 121.614
      vertex 118.254 21.6683 122.472
      vertex 118.264 21.6683 122.472
    endloop
  endfacet
  facet normal 0 0.819366 0.57327
    outer loop
      vertex 118.254 21.6683 122.472
      vertex 118.264 22.2686 121.614
      vertex 118.254 22.2686 121.614
    endloop
  endfacet
  facet normal -0.471103 0.878716 0.0769486
    outer loop
      vertex 111.185 18.7688 124.488
      vertex 111.185 18.6899 125.389
      vertex 118.254 22.9819 119.655
    endloop
  endfacet
  facet normal 0.395118 0.387997 0.83267
    outer loop
      vertex 111.195 16.1743 128.982
      vertex 111.195 15.3545 129.364
      vertex 118.264 19.1222 124.254
    endloop
  endfacet
  facet normal -0.0423708 -0.818444 0.573021
    outer loop
      vertex 111.185 -17.5548 127.824
      vertex 111.185 -18.0736 127.083
      vertex 118.254 -22.2686 121.614
    endloop
  endfacet
  facet normal 0.566745 -0.21359 0.795726
    outer loop
      vertex 111.195 -0.901062 134.598
      vertex 113.726 -1.87464 132.534
      vertex 114.441 -1.43038 132.144
    endloop
  endfacet
  facet normal 0.566925 -0.213119 0.795724
    outer loop
      vertex 113.726 -1.87464 132.534
      vertex 111.195 -0.901062 134.598
      vertex 111.195 -1.77475 134.364
    endloop
  endfacet
  facet normal -0.561795 0.824123 -0.0721679
    outer loop
      vertex 118.254 23.0731 118.612
      vertex 111.185 18.6899 123.587
      vertex 111.185 18.7688 124.488
    endloop
  endfacet
  facet normal -0.471103 -0.878716 0.0769486
    outer loop
      vertex 111.185 -18.6899 125.389
      vertex 111.185 -18.7688 124.488
      vertex 118.254 -22.9819 119.655
    endloop
  endfacet
  facet normal -0.471167 0.878691 0.0768328
    outer loop
      vertex 118.254 23.0731 118.612
      vertex 111.185 18.7688 124.488
      vertex 118.254 22.9819 119.655
    endloop
  endfacet
  facet normal -0.206128 0.886723 0.413804
    outer loop
      vertex 118.254 22.711 120.666
      vertex 111.185 18.4558 126.263
      vertex 118.254 22.2686 121.614
    endloop
  endfacet
  facet normal -0.724672 0.487415 -0.487111
    outer loop
      vertex 118.254 20.9282 114.012
      vertex 111.185 16.9152 120.513
      vertex 111.185 17.5548 121.153
    endloop
  endfacet
  facet normal -0.674552 0.668969 -0.312185
    outer loop
      vertex 118.254 22.2686 115.61
      vertex 111.185 18.4558 122.714
      vertex 118.254 22.711 116.558
    endloop
  endfacet
  facet normal -0.733416 0.38975 -0.556952
    outer loop
      vertex 118.254 20.0708 113.412
      vertex 111.185 16.1743 119.994
      vertex 118.254 20.9282 114.012
    endloop
  endfacet
  facet normal 0.566769 -0.21349 0.795736
    outer loop
      vertex 115.165 -0.980593 131.749
      vertex 111.195 -0.901062 134.598
      vertex 114.441 -1.43038 132.144
    endloop
  endfacet
  facet normal 0.58058 -0.0718401 0.811027
    outer loop
      vertex 115.487 -0.353965 131.574
      vertex 111.195 -0.901062 134.598
      vertex 115.165 -0.980593 131.749
    endloop
  endfacet
  facet normal -0.70565 0.580571 -0.406196
    outer loop
      vertex 118.254 21.6683 114.752
      vertex 111.185 17.5548 121.153
      vertex 118.254 22.2686 115.61
    endloop
  endfacet
  facet normal 0.58058 0.0718401 0.811027
    outer loop
      vertex 115.165 0.980593 131.749
      vertex 111.195 0.901062 134.598
      vertex 115.487 0.353965 131.574
    endloop
  endfacet
  facet normal 0.566769 0.21349 0.795736
    outer loop
      vertex 114.441 1.43038 132.144
      vertex 111.195 0.901062 134.598
      vertex 115.165 0.980593 131.749
    endloop
  endfacet
  facet normal -0.206489 0.886847 0.413357
    outer loop
      vertex 111.185 18.4558 126.263
      vertex 111.185 18.0736 127.083
      vertex 118.254 22.2686 121.614
    endloop
  endfacet
  facet normal 0.395118 -0.387997 0.83267
    outer loop
      vertex 111.195 -15.3545 129.364
      vertex 111.195 -16.1743 128.982
      vertex 118.264 -19.1222 124.254
    endloop
  endfacet
  facet normal 0.123322 0.70138 0.702038
    outer loop
      vertex 111.195 17.5548 127.824
      vertex 111.195 16.9152 128.463
      vertex 118.264 20.9282 123.212
    endloop
  endfacet
  facet normal -0.0427283 -0.818618 0.572747
    outer loop
      vertex 118.254 -21.6683 122.472
      vertex 111.185 -17.5548 127.824
      vertex 118.254 -22.2686 121.614
    endloop
  endfacet
  facet normal -0.627994 0.751662 -0.201563
    outer loop
      vertex 118.254 22.711 116.558
      vertex 111.185 18.4558 122.714
      vertex 111.185 18.6899 123.587
    endloop
  endfacet
  facet normal 0 -0.906183 0.422885
    outer loop
      vertex 118.254 -22.711 120.666
      vertex 118.264 -22.2686 121.614
      vertex 118.254 -22.2686 121.614
    endloop
  endfacet
  facet normal 0 -0.906183 0.422885
    outer loop
      vertex 118.264 -22.2686 121.614
      vertex 118.254 -22.711 120.666
      vertex 118.264 -22.711 120.666
    endloop
  endfacet
  facet normal 0 -0.819366 0.57327
    outer loop
      vertex 118.254 -22.2686 121.614
      vertex 118.264 -21.6683 122.472
      vertex 118.254 -21.6683 122.472
    endloop
  endfacet
  facet normal 0 -0.819366 0.57327
    outer loop
      vertex 118.264 -21.6683 122.472
      vertex 118.254 -22.2686 121.614
      vertex 118.264 -22.2686 121.614
    endloop
  endfacet
  facet normal 0.123009 -0.701689 0.701784
    outer loop
      vertex 118.264 -20.9282 123.212
      vertex 111.195 -17.5548 127.824
      vertex 118.264 -21.6683 122.472
    endloop
  endfacet
  facet normal 0.272412 -0.551663 0.788327
    outer loop
      vertex 118.264 -20.0708 123.812
      vertex 111.195 -16.9152 128.463
      vertex 118.264 -20.9282 123.212
    endloop
  endfacet
  facet normal -0.206489 -0.886847 0.413357
    outer loop
      vertex 111.185 -18.0736 127.083
      vertex 111.185 -18.4558 126.263
      vertex 118.254 -22.2686 121.614
    endloop
  endfacet
  facet normal -0.206128 -0.886723 0.413804
    outer loop
      vertex 118.254 -22.2686 121.614
      vertex 111.185 -18.4558 126.263
      vertex 118.254 -22.711 120.666
    endloop
  endfacet
  facet normal -0.627922 0.751757 -0.201435
    outer loop
      vertex 118.254 22.711 116.558
      vertex 111.185 18.6899 123.587
      vertex 118.254 22.9819 117.569
    endloop
  endfacet
  facet normal 0 -0.792869 0.609392
    outer loop
      vertex 118.254 -21.6683 122.472
      vertex 111.195 -17.5548 127.824
      vertex 111.185 -17.5548 127.824
    endloop
  endfacet
  facet normal 0 -0.792869 0.609392
    outer loop
      vertex 111.195 -17.5548 127.824
      vertex 118.254 -21.6683 122.472
      vertex 118.264 -21.6683 122.472
    endloop
  endfacet
  facet normal -0.352375 0.903969 0.242221
    outer loop
      vertex 118.254 22.9819 119.655
      vertex 111.185 18.6899 125.389
      vertex 118.254 22.711 120.666
    endloop
  endfacet
  facet normal 0.580549 0.0711139 0.811114
    outer loop
      vertex 111.195 0 134.677
      vertex 115.487 0.353965 131.574
      vertex 111.195 0.901062 134.598
    endloop
  endfacet
  facet normal 0.58071 0.0694271 0.811145
    outer loop
      vertex 115.487 0.353965 131.574
      vertex 111.195 0 134.677
      vertex 115.669 0 131.474
    endloop
  endfacet
  facet normal 0.272097 -0.55209 0.788137
    outer loop
      vertex 111.195 -16.1743 128.982
      vertex 111.195 -16.9152 128.463
      vertex 118.264 -20.0708 123.812
    endloop
  endfacet
  facet normal -0.0427283 0.818618 0.572747
    outer loop
      vertex 118.254 22.2686 121.614
      vertex 111.185 17.5548 127.824
      vertex 118.254 21.6683 122.472
    endloop
  endfacet
  facet normal -0 0.792869 0.609392
    outer loop
      vertex 118.254 21.6683 122.472
      vertex 111.195 17.5548 127.824
      vertex 118.264 21.6683 122.472
    endloop
  endfacet
  facet normal 0 0.792869 0.609392
    outer loop
      vertex 111.195 17.5548 127.824
      vertex 118.254 21.6683 122.472
      vertex 111.185 17.5548 127.824
    endloop
  endfacet
  facet normal -0.674424 0.669221 -0.311922
    outer loop
      vertex 118.254 22.2686 115.61
      vertex 111.185 18.0736 121.894
      vertex 111.185 18.4558 122.714
    endloop
  endfacet
  facet normal 0.272097 0.55209 0.788137
    outer loop
      vertex 111.195 16.9152 128.463
      vertex 111.195 16.1743 128.982
      vertex 118.264 20.0708 123.812
    endloop
  endfacet
  facet normal -0.724719 0.487195 -0.487261
    outer loop
      vertex 118.254 20.9282 114.012
      vertex 111.185 17.5548 121.153
      vertex 118.254 21.6683 114.752
    endloop
  endfacet
  facet normal 0.123322 -0.70138 0.702038
    outer loop
      vertex 111.195 -16.9152 128.463
      vertex 111.195 -17.5548 127.824
      vertex 118.264 -20.9282 123.212
    endloop
  endfacet
  facet normal -0.70568 0.580414 -0.406368
    outer loop
      vertex 118.254 22.2686 115.61
      vertex 111.185 17.5548 121.153
      vertex 111.185 18.0736 121.894
    endloop
  endfacet
  facet normal 0 0.906183 0.422885
    outer loop
      vertex 118.264 22.711 120.666
      vertex 118.254 22.2686 121.614
      vertex 118.264 22.2686 121.614
    endloop
  endfacet
  facet normal 0 0.906183 0.422885
    outer loop
      vertex 118.254 22.2686 121.614
      vertex 118.264 22.711 120.666
      vertex 118.254 22.711 120.666
    endloop
  endfacet
  facet normal -0.412723 0.82545 -0.385088
    outer loop
      vertex 126.153 23.8463 110.526
      vertex 118.254 22.2686 115.61
      vertex 126.153 24.2671 111.428
    endloop
  endfacet
  facet normal 0.474512 0.371775 0.797886
    outer loop
      vertex 118.264 20.0708 123.812
      vertex 118.264 19.1222 124.254
      vertex 126.163 20.8528 118.75
    endloop
  endfacet
  facet normal 0.518951 0.240302 0.820332
    outer loop
      vertex 126.163 20.8528 118.75
      vertex 118.5 6.56519 127.783
      vertex 119.37 4.68636 127.783
    endloop
  endfacet
  facet normal 0.518956 0.240298 0.82033
    outer loop
      vertex 118.264 19.1222 124.254
      vertex 118.5 6.56519 127.783
      vertex 126.163 20.8528 118.75
    endloop
  endfacet
  facet normal 0.519505 0.240217 0.820006
    outer loop
      vertex 118.5 6.56519 127.783
      vertex 118.264 19.1222 124.254
      vertex 118.264 6.63522 127.912
    endloop
  endfacet
  facet normal -0.470082 0.723191 -0.505981
    outer loop
      vertex 126.153 23.2751 109.71
      vertex 118.254 21.6683 114.752
      vertex 118.254 22.2686 115.61
    endloop
  endfacet
  facet normal 0.560533 -0.211941 0.800552
    outer loop
      vertex 119.5 -3.99232 127.879
      vertex 126.163 -0.991974 124.008
      vertex 119.5 -1.03474 128.662
    endloop
  endfacet
  facet normal 0.560506 -0.211811 0.800605
    outer loop
      vertex 126.163 -0.991974 124.008
      vertex 119.5 -3.99232 127.879
      vertex 126.163 -19.891 119.008
    endloop
  endfacet
  facet normal -0.538146 -0.483246 -0.690559
    outer loop
      vertex 126.153 -22.571 109.006
      vertex 118.254 -20.9282 114.012
      vertex 118.254 -20.0708 113.412
    endloop
  endfacet
  facet normal 0.571388 0.073715 0.817363
    outer loop
      vertex 119.5 0.879506 128.676
      vertex 126.163 0.991974 124.008
      vertex 119.5 1.03474 128.662
    endloop
  endfacet
  facet normal 0.571495 0.0716951 0.817467
    outer loop
      vertex 126.163 0.991974 124.008
      vertex 119.5 0.879506 128.676
      vertex 126.163 0 124.095
    endloop
  endfacet
  facet normal -0.538141 -0.483351 -0.69049
    outer loop
      vertex 126.153 -22.571 109.006
      vertex 118.254 -20.0708 113.412
      vertex 126.153 -21.7553 108.435
    endloop
  endfacet
  facet normal -0.412723 -0.82545 -0.385088
    outer loop
      vertex 126.153 -24.2671 111.428
      vertex 118.254 -22.2686 115.61
      vertex 126.153 -23.8463 110.526
    endloop
  endfacet
  facet normal 0.571495 -0.0716951 0.817467
    outer loop
      vertex 119.5 -0.879506 128.676
      vertex 126.163 -0.991974 124.008
      vertex 126.163 0 124.095
    endloop
  endfacet
  facet normal 0.571388 -0.073715 0.817363
    outer loop
      vertex 126.163 -0.991974 124.008
      vertex 119.5 -0.879506 128.676
      vertex 119.5 -1.03474 128.662
    endloop
  endfacet
  facet normal 0.4076 -0.523669 0.748086
    outer loop
      vertex 126.163 -21.7553 118.329
      vertex 118.264 -20.0708 123.812
      vertex 126.163 -22.571 117.758
    endloop
  endfacet
  facet normal 0.560506 0.211811 0.800605
    outer loop
      vertex 119.5 3.99232 127.879
      vertex 126.163 0.991974 124.008
      vertex 126.163 19.891 119.008
    endloop
  endfacet
  facet normal 0.560533 0.211941 0.800552
    outer loop
      vertex 126.163 0.991974 124.008
      vertex 119.5 3.99232 127.879
      vertex 119.5 1.03474 128.662
    endloop
  endfacet
  facet normal -0.540936 -0.0739219 -0.837809
    outer loop
      vertex 126.153 -19.891 107.756
      vertex 118.254 -18.1112 112.699
      vertex 118.254 -17.0685 112.607
    endloop
  endfacet
  facet normal 0.474405 -0.372148 0.797776
    outer loop
      vertex 126.163 -20.8528 118.75
      vertex 118.264 -20.0708 123.812
      vertex 126.163 -21.7553 118.329
    endloop
  endfacet
  facet normal -0.538146 0.483246 -0.690559
    outer loop
      vertex 126.153 22.571 109.006
      vertex 118.254 20.0708 113.412
      vertex 118.254 20.9282 114.012
    endloop
  endfacet
  facet normal 0.558867 -0.212966 0.801444
    outer loop
      vertex 119.5 -4.14285 127.839
      vertex 126.163 -19.891 119.008
      vertex 119.5 -3.99232 127.879
    endloop
  endfacet
  facet normal 0.555331 -0.215465 0.803232
    outer loop
      vertex 126.163 -19.891 119.008
      vertex 119.5 -4.14285 127.839
      vertex 126.163 -20.8528 118.75
    endloop
  endfacet
  facet normal -0.552373 -0.215974 -0.805133
    outer loop
      vertex 126.153 -20.8528 108.014
      vertex 118.254 -19.1222 112.969
      vertex 126.153 -19.891 107.756
    endloop
  endfacet
  facet normal -0.337328 0.909326 -0.24359
    outer loop
      vertex 126.153 24.2671 111.428
      vertex 118.254 22.9819 117.569
      vertex 126.153 24.5248 112.39
    endloop
  endfacet
  facet normal -0.511467 -0.607578 -0.60766
    outer loop
      vertex 126.153 -22.571 109.006
      vertex 118.254 -21.6683 114.752
      vertex 118.254 -20.9282 114.012
    endloop
  endfacet
  facet normal -0.337328 -0.909326 -0.24359
    outer loop
      vertex 126.153 -24.5248 112.39
      vertex 118.254 -22.9819 117.569
      vertex 126.153 -24.2671 111.428
    endloop
  endfacet
  facet normal 0.555331 0.215465 0.803232
    outer loop
      vertex 119.5 4.14285 127.839
      vertex 126.163 19.891 119.008
      vertex 126.163 20.8528 118.75
    endloop
  endfacet
  facet normal 0.558867 0.212966 0.801444
    outer loop
      vertex 126.163 19.891 119.008
      vertex 119.5 4.14285 127.839
      vertex 119.5 3.99232 127.879
    endloop
  endfacet
  facet normal 0.555689 0.21521 0.803053
    outer loop
      vertex 126.163 20.8528 118.75
      vertex 119.37 4.68636 127.783
      vertex 119.5 4.35069 127.783
    endloop
  endfacet
  facet normal 0.553554 0.216665 0.804136
    outer loop
      vertex 126.163 20.8528 118.75
      vertex 119.5 4.35069 127.783
      vertex 119.5 4.14285 127.839
    endloop
  endfacet
  facet normal -0.337368 0.909296 -0.243648
    outer loop
      vertex 126.153 24.2671 111.428
      vertex 118.254 22.711 116.558
      vertex 118.254 22.9819 117.569
    endloop
  endfacet
  facet normal -0.24412 0.966054 -0.0845297
    outer loop
      vertex 126.153 24.5248 112.39
      vertex 118.254 22.9819 117.569
      vertex 126.153 24.6116 113.382
    endloop
  endfacet
  facet normal -0.530086 0 -0.847944
    outer loop
      vertex 118.254 -17.0685 112.607
      vertex 126.153 18.899 107.669
      vertex 126.153 -18.899 107.669
    endloop
  endfacet
  facet normal -0.530086 0 -0.847944
    outer loop
      vertex 126.153 18.899 107.669
      vertex 118.254 -17.0685 112.607
      vertex 118.254 17.0685 112.607
    endloop
  endfacet
  facet normal -0.551484 0.35265 -0.755978
    outer loop
      vertex 126.153 20.8528 108.014
      vertex 118.254 19.1222 112.969
      vertex 126.153 21.7553 108.435
    endloop
  endfacet
  facet normal 0.571445 -0.07065 0.817594
    outer loop
      vertex 119.5 0 128.752
      vertex 119.5 -0.879506 128.676
      vertex 126.163 0 124.095
    endloop
  endfacet
  facet normal -0.540842 -0.0734859 -0.837908
    outer loop
      vertex 126.153 -19.891 107.756
      vertex 118.254 -17.0685 112.607
      vertex 126.153 -18.899 107.669
    endloop
  endfacet
  facet normal -0.540936 0.0739219 -0.837809
    outer loop
      vertex 126.153 19.891 107.756
      vertex 118.254 17.0685 112.607
      vertex 118.254 18.1112 112.699
    endloop
  endfacet
  facet normal -0.552422 -0.215076 -0.80534
    outer loop
      vertex 126.153 -19.891 107.756
      vertex 118.254 -19.1222 112.969
      vertex 118.254 -18.1112 112.699
    endloop
  endfacet
  facet normal -0.337368 -0.909296 -0.243648
    outer loop
      vertex 126.153 -24.2671 111.428
      vertex 118.254 -22.9819 117.569
      vertex 118.254 -22.711 116.558
    endloop
  endfacet
  facet normal 0.106129 -0.901116 0.420388
    outer loop
      vertex 126.163 -23.8463 116.238
      vertex 118.264 -22.2686 121.614
      vertex 126.163 -24.2671 115.336
    endloop
  endfacet
  facet normal 0.106228 -0.901056 0.420493
    outer loop
      vertex 118.264 -22.2686 121.614
      vertex 118.264 -22.711 120.666
      vertex 126.163 -24.2671 115.336
    endloop
  endfacet
  facet normal -0.412757 0.825389 -0.385181
    outer loop
      vertex 126.153 24.2671 111.428
      vertex 118.254 22.2686 115.61
      vertex 118.254 22.711 116.558
    endloop
  endfacet
  facet normal -0.470169 0.723035 -0.506124
    outer loop
      vertex 126.153 23.2751 109.71
      vertex 118.254 22.2686 115.61
      vertex 126.153 23.8463 110.526
    endloop
  endfacet
  facet normal -0.135059 -0.987066 0.0863683
    outer loop
      vertex 126.153 -24.5248 114.374
      vertex 118.254 -22.9819 119.655
      vertex 126.153 -24.6116 113.382
    endloop
  endfacet
  facet normal -0.552422 0.215076 -0.80534
    outer loop
      vertex 126.153 19.891 107.756
      vertex 118.254 18.1112 112.699
      vertex 118.254 19.1222 112.969
    endloop
  endfacet
  facet normal 0.220939 -0.799118 0.559103
    outer loop
      vertex 118.264 -21.6683 122.472
      vertex 118.264 -22.2686 121.614
      vertex 126.163 -23.2751 117.054
    endloop
  endfacet
  facet normal 0.322934 -0.669176 0.669266
    outer loop
      vertex 118.264 -20.9282 123.212
      vertex 118.264 -21.6683 122.472
      vertex 126.163 -22.571 117.758
    endloop
  endfacet
  facet normal 0.571445 0.07065 0.817594
    outer loop
      vertex 119.5 0.879506 128.676
      vertex 119.5 0 128.752
      vertex 126.163 0 124.095
    endloop
  endfacet
  facet normal -0.244092 -0.966066 -0.0844729
    outer loop
      vertex 126.153 -24.6116 113.382
      vertex 118.254 -23.0731 118.612
      vertex 118.254 -22.9819 117.569
    endloop
  endfacet
  facet normal -0.135106 -0.987065 0.086309
    outer loop
      vertex 118.254 -22.9819 119.655
      vertex 118.254 -23.0731 118.612
      vertex 126.153 -24.6116 113.382
    endloop
  endfacet
  facet normal 0 -0.965943 0.258756
    outer loop
      vertex 126.153 -24.5248 114.374
      vertex 126.163 -24.2671 115.336
      vertex 126.153 -24.2671 115.336
    endloop
  endfacet
  facet normal 0 -0.965943 0.258756
    outer loop
      vertex 126.163 -24.2671 115.336
      vertex 126.153 -24.5248 114.374
      vertex 126.163 -24.5248 114.374
    endloop
  endfacet
  facet normal 0.474512 -0.371775 0.797886
    outer loop
      vertex 118.264 -19.1222 124.254
      vertex 118.264 -20.0708 123.812
      vertex 126.163 -20.8528 118.75
    endloop
  endfacet
  facet normal -0.412757 -0.825389 -0.385181
    outer loop
      vertex 126.153 -24.2671 111.428
      vertex 118.254 -22.711 116.558
      vertex 118.254 -22.2686 115.61
    endloop
  endfacet
  facet normal 0.518951 -0.240302 0.820332
    outer loop
      vertex 118.5 -6.56519 127.783
      vertex 126.163 -20.8528 118.75
      vertex 119.37 -4.68636 127.783
    endloop
  endfacet
  facet normal 0.519505 -0.240217 0.820006
    outer loop
      vertex 118.264 -19.1222 124.254
      vertex 118.5 -6.56519 127.783
      vertex 118.264 -6.63522 127.912
    endloop
  endfacet
  facet normal 0.518956 -0.240298 0.82033
    outer loop
      vertex 118.5 -6.56519 127.783
      vertex 118.264 -19.1222 124.254
      vertex 126.163 -20.8528 118.75
    endloop
  endfacet
  facet normal 0.553554 -0.216665 0.804136
    outer loop
      vertex 119.5 -4.35069 127.783
      vertex 126.163 -20.8528 118.75
      vertex 119.5 -4.14285 127.839
    endloop
  endfacet
  facet normal 0.555689 -0.21521 0.803053
    outer loop
      vertex 126.163 -20.8528 118.75
      vertex 119.5 -4.35069 127.783
      vertex 119.37 -4.68636 127.783
    endloop
  endfacet
  facet normal -0.135059 0.987066 0.0863683
    outer loop
      vertex 126.153 24.6116 113.382
      vertex 118.254 22.9819 119.655
      vertex 126.153 24.5248 114.374
    endloop
  endfacet
  facet normal -0.551498 -0.35297 -0.755818
    outer loop
      vertex 126.153 -21.7553 108.435
      vertex 118.254 -20.0708 113.412
      vertex 118.254 -19.1222 112.969
    endloop
  endfacet
  facet normal -0.551484 -0.35265 -0.755978
    outer loop
      vertex 126.153 -21.7553 108.435
      vertex 118.254 -19.1222 112.969
      vertex 126.153 -20.8528 108.014
    endloop
  endfacet
  facet normal -0.470169 -0.723035 -0.506124
    outer loop
      vertex 126.153 -23.8463 110.526
      vertex 118.254 -22.2686 115.61
      vertex 126.153 -23.2751 109.71
    endloop
  endfacet
  facet normal -0.470082 -0.723191 -0.505981
    outer loop
      vertex 126.153 -23.2751 109.71
      vertex 118.254 -22.2686 115.61
      vertex 118.254 -21.6683 114.752
    endloop
  endfacet
  facet normal 0.106129 0.901116 0.420388
    outer loop
      vertex 126.163 24.2671 115.336
      vertex 118.264 22.2686 121.614
      vertex 126.163 23.8463 116.238
    endloop
  endfacet
  facet normal -0 0.959927 0.280252
    outer loop
      vertex 126.153 24.2671 115.336
      vertex 118.264 22.711 120.666
      vertex 126.163 24.2671 115.336
    endloop
  endfacet
  facet normal 0 0.959927 0.280252
    outer loop
      vertex 118.264 22.711 120.666
      vertex 126.153 24.2671 115.336
      vertex 118.254 22.711 120.666
    endloop
  endfacet
  facet normal 0.106228 0.901056 0.420493
    outer loop
      vertex 118.264 22.711 120.666
      vertex 118.264 22.2686 121.614
      vertex 126.163 24.2671 115.336
    endloop
  endfacet
  facet normal -0.540842 0.0734859 -0.837908
    outer loop
      vertex 126.153 18.899 107.669
      vertex 118.254 17.0685 112.607
      vertex 126.153 19.891 107.756
    endloop
  endfacet
  facet normal 0.40768 0.523537 0.748135
    outer loop
      vertex 118.264 20.9282 123.212
      vertex 118.264 20.0708 123.812
      vertex 126.163 22.571 117.758
    endloop
  endfacet
  facet normal 0.322934 0.669176 0.669266
    outer loop
      vertex 118.264 21.6683 122.472
      vertex 118.264 20.9282 123.212
      vertex 126.163 22.571 117.758
    endloop
  endfacet
  facet normal 0.4076 0.523669 0.748086
    outer loop
      vertex 126.163 22.571 117.758
      vertex 118.264 20.0708 123.812
      vertex 126.163 21.7553 118.329
    endloop
  endfacet
  facet normal 0.474405 0.372148 0.797776
    outer loop
      vertex 126.163 21.7553 118.329
      vertex 118.264 20.0708 123.812
      vertex 126.163 20.8528 118.75
    endloop
  endfacet
  facet normal 0.220939 0.799118 0.559103
    outer loop
      vertex 118.264 22.2686 121.614
      vertex 118.264 21.6683 122.472
      vertex 126.163 23.2751 117.054
    endloop
  endfacet
  facet normal -0.0156787 -0.965824 0.258724
    outer loop
      vertex 126.153 -24.2671 115.336
      vertex 118.254 -22.9819 119.655
      vertex 126.153 -24.5248 114.374
    endloop
  endfacet
  facet normal 0 -0.959927 0.280252
    outer loop
      vertex 126.153 -24.2671 115.336
      vertex 118.264 -22.711 120.666
      vertex 118.254 -22.711 120.666
    endloop
  endfacet
  facet normal 0 -0.959927 0.280252
    outer loop
      vertex 118.264 -22.711 120.666
      vertex 126.153 -24.2671 115.336
      vertex 126.163 -24.2671 115.336
    endloop
  endfacet
  facet normal 0.322936 0.669173 0.669268
    outer loop
      vertex 126.163 23.2751 117.054
      vertex 118.264 21.6683 122.472
      vertex 126.163 22.571 117.758
    endloop
  endfacet
  facet normal 0.322936 -0.669173 0.669268
    outer loop
      vertex 126.163 -22.571 117.758
      vertex 118.264 -21.6683 122.472
      vertex 126.163 -23.2751 117.054
    endloop
  endfacet
  facet normal -0.552373 0.215974 -0.805133
    outer loop
      vertex 126.153 19.891 107.756
      vertex 118.254 19.1222 112.969
      vertex 126.153 20.8528 108.014
    endloop
  endfacet
  facet normal 0.221058 -0.798965 0.559275
    outer loop
      vertex 126.163 -23.2751 117.054
      vertex 118.264 -22.2686 121.614
      vertex 126.163 -23.8463 116.238
    endloop
  endfacet
  facet normal 0.40768 -0.523537 0.748135
    outer loop
      vertex 118.264 -20.0708 123.812
      vertex 118.264 -20.9282 123.212
      vertex 126.163 -22.571 117.758
    endloop
  endfacet
  facet normal -0.0156399 -0.965807 0.25879
    outer loop
      vertex 118.254 -22.711 120.666
      vertex 118.254 -22.9819 119.655
      vertex 126.153 -24.2671 115.336
    endloop
  endfacet
  facet normal -0.511467 0.607578 -0.60766
    outer loop
      vertex 126.153 22.571 109.006
      vertex 118.254 20.9282 114.012
      vertex 118.254 21.6683 114.752
    endloop
  endfacet
  facet normal -0.511468 -0.607575 -0.607662
    outer loop
      vertex 126.153 -23.2751 109.71
      vertex 118.254 -21.6683 114.752
      vertex 126.153 -22.571 109.006
    endloop
  endfacet
  facet normal -0.24412 -0.966054 -0.0845297
    outer loop
      vertex 126.153 -24.6116 113.382
      vertex 118.254 -22.9819 117.569
      vertex 126.153 -24.5248 112.39
    endloop
  endfacet
  facet normal 0.221058 0.798965 0.559275
    outer loop
      vertex 126.163 23.8463 116.238
      vertex 118.264 22.2686 121.614
      vertex 126.163 23.2751 117.054
    endloop
  endfacet
  facet normal -0.551498 0.35297 -0.755818
    outer loop
      vertex 126.153 21.7553 108.435
      vertex 118.254 19.1222 112.969
      vertex 118.254 20.0708 113.412
    endloop
  endfacet
  facet normal -0.538141 0.483351 -0.69049
    outer loop
      vertex 126.153 21.7553 108.435
      vertex 118.254 20.0708 113.412
      vertex 126.153 22.571 109.006
    endloop
  endfacet
  facet normal -0.0156399 0.965807 0.25879
    outer loop
      vertex 118.254 22.9819 119.655
      vertex 118.254 22.711 120.666
      vertex 126.153 24.2671 115.336
    endloop
  endfacet
  facet normal 0 0.965943 0.258756
    outer loop
      vertex 126.163 24.5248 114.374
      vertex 126.153 24.2671 115.336
      vertex 126.163 24.2671 115.336
    endloop
  endfacet
  facet normal 0 0.965943 0.258756
    outer loop
      vertex 126.153 24.2671 115.336
      vertex 126.163 24.5248 114.374
      vertex 126.153 24.5248 114.374
    endloop
  endfacet
  facet normal -0.0156787 0.965824 0.258724
    outer loop
      vertex 126.153 24.5248 114.374
      vertex 118.254 22.9819 119.655
      vertex 126.153 24.2671 115.336
    endloop
  endfacet
  facet normal -0.511468 0.607575 -0.607662
    outer loop
      vertex 126.153 22.571 109.006
      vertex 118.254 21.6683 114.752
      vertex 126.153 23.2751 109.71
    endloop
  endfacet
  facet normal -0.244092 0.966066 -0.0844729
    outer loop
      vertex 126.153 24.6116 113.382
      vertex 118.254 22.9819 117.569
      vertex 118.254 23.0731 118.612
    endloop
  endfacet
  facet normal -0.135106 0.987065 0.086309
    outer loop
      vertex 118.254 23.0731 118.612
      vertex 118.254 22.9819 119.655
      vertex 126.153 24.6116 113.382
    endloop
  endfacet
  facet normal -0.0302292 -0.99574 0.0871139
    outer loop
      vertex 134.716 -25.0984 110.789
      vertex 126.153 -24.5248 114.374
      vertex 134.716 -25.1802 109.854
    endloop
  endfacet
  facet normal -0.338142 -0.539689 -0.770971
    outer loop
      vertex 134.716 -22.4891 105.193
      vertex 126.153 -22.571 109.006
      vertex 126.153 -21.7553 108.435
    endloop
  endfacet
  facet normal 0.378662 -0.239794 0.893932
    outer loop
      vertex 126.163 -19.891 119.008
      vertex 126.163 -20.8528 118.75
      vertex 134.726 -20.7327 115.155
    endloop
  endfacet
  facet normal 0.344756 -0.397156 0.850535
    outer loop
      vertex 134.726 -21.6389 114.912
      vertex 126.163 -20.8528 118.75
      vertex 134.726 -22.4891 114.515
    endloop
  endfacet
  facet normal -0.356113 -0.0816388 -0.93087
    outer loop
      vertex 134.716 -19.7981 104.472
      vertex 126.153 -19.891 107.756
      vertex 126.153 -18.899 107.669
    endloop
  endfacet
  facet normal -0.101535 0.991045 -0.0867165
    outer loop
      vertex 134.716 25.1802 109.854
      vertex 126.153 24.5248 112.39
      vertex 126.153 24.6116 113.382
    endloop
  endfacet
  facet normal 0.378669 -0.239715 0.89395
    outer loop
      vertex 134.726 -20.7327 115.155
      vertex 126.163 -20.8528 118.75
      vertex 134.726 -21.6389 114.912
    endloop
  endfacet
  facet normal -0.360626 0.241654 -0.900862
    outer loop
      vertex 134.716 21.6389 104.797
      vertex 126.153 19.891 107.756
      vertex 126.153 20.8528 108.014
    endloop
  endfacet
  facet normal 0.409498 0.0787742 0.908904
    outer loop
      vertex 134.726 0.934586 120.155
      vertex 126.163 0.991974 124.008
      vertex 134.726 0 120.236
    endloop
  endfacet
  facet normal 0.401128 -0.224298 0.888136
    outer loop
      vertex 134.726 -0.934586 120.155
      vertex 126.163 -0.991974 124.008
      vertex 134.726 -20.7327 115.155
    endloop
  endfacet
  facet normal 0.344878 -0.396811 0.850647
    outer loop
      vertex 126.163 -20.8528 118.75
      vertex 126.163 -21.7553 118.329
      vertex 134.726 -22.4891 114.515
    endloop
  endfacet
  facet normal 0.185355 -0.805134 0.563385
    outer loop
      vertex 134.726 -23.921 113.314
      vertex 126.163 -23.8463 116.238
      vertex 134.726 -24.4591 112.545
    endloop
  endfacet
  facet normal 0.344878 0.396811 0.850647
    outer loop
      vertex 126.163 21.7553 118.329
      vertex 126.163 20.8528 118.75
      vertex 134.726 22.4891 114.515
    endloop
  endfacet
  facet normal 0.344756 0.397156 0.850535
    outer loop
      vertex 134.726 22.4891 114.515
      vertex 126.163 20.8528 118.75
      vertex 134.726 21.6389 114.912
    endloop
  endfacet
  facet normal -0.0302222 0.995739 0.0871271
    outer loop
      vertex 126.153 24.6116 113.382
      vertex 126.153 24.5248 114.374
      vertex 134.716 25.1802 109.854
    endloop
  endfacet
  facet normal 0.116664 0.900063 0.419853
    outer loop
      vertex 134.726 24.8556 111.695
      vertex 126.163 24.2671 115.336
      vertex 134.726 24.4591 112.545
    endloop
  endfacet
  facet normal -0.167175 0.952349 -0.255115
    outer loop
      vertex 134.716 25.0984 108.92
      vertex 126.153 24.2671 111.428
      vertex 126.153 24.5248 112.39
    endloop
  endfacet
  facet normal 0.409558 0.0797049 0.908796
    outer loop
      vertex 126.163 0.991974 124.008
      vertex 126.163 0 124.095
      vertex 134.726 0 120.236
    endloop
  endfacet
  facet normal 0.409498 -0.0787742 0.908904
    outer loop
      vertex 134.726 0 120.236
      vertex 126.163 -0.991974 124.008
      vertex 134.726 -0.934586 120.155
    endloop
  endfacet
  facet normal 0 -0.987441 0.157991
    outer loop
      vertex 134.716 -25.0984 110.789
      vertex 126.163 -24.5248 114.374
      vertex 126.153 -24.5248 114.374
    endloop
  endfacet
  facet normal 0 -0.987441 0.157991
    outer loop
      vertex 126.163 -24.5248 114.374
      vertex 134.716 -25.0984 110.789
      vertex 134.726 -25.0984 110.789
    endloop
  endfacet
  facet normal -0.354716 -0.394765 -0.847548
    outer loop
      vertex 134.716 -22.4891 105.193
      vertex 126.153 -21.7553 108.435
      vertex 134.716 -21.6389 104.797
    endloop
  endfacet
  facet normal 0.0436413 -0.964995 0.25861
    outer loop
      vertex 134.726 -24.8556 111.695
      vertex 126.163 -24.2671 115.336
      vertex 134.726 -25.0984 110.789
    endloop
  endfacet
  facet normal 0.247673 0.684869 0.685283
    outer loop
      vertex 134.726 23.921 113.314
      vertex 126.163 22.571 117.758
      vertex 134.726 23.2576 113.977
    endloop
  endfacet
  facet normal 0 0.996195 0.0871537
    outer loop
      vertex 134.726 25.1802 109.854
      vertex 134.716 25.0984 110.789
      vertex 134.726 25.0984 110.789
    endloop
  endfacet
  facet normal 0 0.996195 0.0871537
    outer loop
      vertex 134.716 25.0984 110.789
      vertex 134.726 25.1802 109.854
      vertex 134.716 25.1802 109.854
    endloop
  endfacet
  facet normal -0.0302222 -0.995739 0.0871271
    outer loop
      vertex 126.153 -24.5248 114.374
      vertex 126.153 -24.6116 113.382
      vertex 134.716 -25.1802 109.854
    endloop
  endfacet
  facet normal 0.0435853 0.965025 0.25851
    outer loop
      vertex 126.163 24.5248 114.374
      vertex 126.163 24.2671 115.336
      vertex 134.726 25.0984 110.789
    endloop
  endfacet
  facet normal 0.378669 0.239715 0.89395
    outer loop
      vertex 134.726 21.6389 114.912
      vertex 126.163 20.8528 118.75
      vertex 134.726 20.7327 115.155
    endloop
  endfacet
  facet normal 0.301086 -0.546886 0.781193
    outer loop
      vertex 134.726 -22.4891 114.515
      vertex 126.163 -22.571 117.758
      vertex 134.726 -23.2576 113.977
    endloop
  endfacet
  facet normal 0.379237 -0.236659 0.894523
    outer loop
      vertex 126.163 -0.991974 124.008
      vertex 126.163 -19.891 119.008
      vertex 134.726 -20.7327 115.155
    endloop
  endfacet
  facet normal 0.301092 0.546857 0.781211
    outer loop
      vertex 126.163 22.571 117.758
      vertex 126.163 21.7553 118.329
      vertex 134.726 22.4891 114.515
    endloop
  endfacet
  facet normal 0.409558 -0.0797049 0.908796
    outer loop
      vertex 126.163 0 124.095
      vertex 126.163 -0.991974 124.008
      vertex 134.726 0 120.236
    endloop
  endfacet
  facet normal 0.301086 0.546886 0.781193
    outer loop
      vertex 134.726 23.2576 113.977
      vertex 126.163 22.571 117.758
      vertex 134.726 22.4891 114.515
    endloop
  endfacet
  facet normal -0.273017 0.788109 -0.551676
    outer loop
      vertex 134.716 23.921 106.395
      vertex 126.153 23.2751 109.71
      vertex 126.153 23.8463 110.526
    endloop
  endfacet
  facet normal 0.0436413 0.964995 0.25861
    outer loop
      vertex 134.726 25.0984 110.789
      vertex 126.163 24.2671 115.336
      vertex 134.726 24.8556 111.695
    endloop
  endfacet
  facet normal -0.224958 -0.883023 -0.411904
    outer loop
      vertex 134.716 -24.8556 108.013
      vertex 126.153 -24.2671 111.428
      vertex 134.716 -24.4591 107.163
    endloop
  endfacet
  facet normal 0.185355 0.805134 0.563385
    outer loop
      vertex 134.726 24.4591 112.545
      vertex 126.163 23.8463 116.238
      vertex 134.726 23.921 113.314
    endloop
  endfacet
  facet normal 0.401128 0.224298 0.888136
    outer loop
      vertex 134.726 20.7327 115.155
      vertex 126.163 0.991974 124.008
      vertex 134.726 0.934586 120.155
    endloop
  endfacet
  facet normal 0.185402 0.805029 0.56352
    outer loop
      vertex 126.163 23.8463 116.238
      vertex 126.163 23.2751 117.054
      vertex 134.726 23.921 113.314
    endloop
  endfacet
  facet normal -0.360618 0.241575 -0.900886
    outer loop
      vertex 134.716 20.7327 104.554
      vertex 126.153 19.891 107.756
      vertex 134.716 21.6389 104.797
    endloop
  endfacet
  facet normal -0.354716 0.394765 -0.847548
    outer loop
      vertex 134.716 21.6389 104.797
      vertex 126.153 21.7553 108.435
      vertex 134.716 22.4891 105.193
    endloop
  endfacet
  facet normal 0.247673 -0.684869 0.685283
    outer loop
      vertex 134.726 -23.2576 113.977
      vertex 126.163 -22.571 117.758
      vertex 134.726 -23.921 113.314
    endloop
  endfacet
  facet normal -0.224974 0.883003 -0.411938
    outer loop
      vertex 134.716 24.4591 107.163
      vertex 126.153 23.8463 110.526
      vertex 126.153 24.2671 111.428
    endloop
  endfacet
  facet normal -0.338134 -0.539718 -0.770954
    outer loop
      vertex 134.716 -23.2576 105.731
      vertex 126.153 -22.571 109.006
      vertex 134.716 -22.4891 105.193
    endloop
  endfacet
  facet normal -0.273169 -0.787832 -0.551996
    outer loop
      vertex 134.716 -24.4591 107.163
      vertex 126.153 -23.8463 110.526
      vertex 134.716 -23.921 106.395
    endloop
  endfacet
  facet normal -0.224974 -0.883003 -0.411938
    outer loop
      vertex 134.716 -24.4591 107.163
      vertex 126.153 -24.2671 111.428
      vertex 126.153 -23.8463 110.526
    endloop
  endfacet
  facet normal 0.301092 -0.546857 0.781211
    outer loop
      vertex 126.163 -21.7553 118.329
      vertex 126.163 -22.571 117.758
      vertex 134.726 -22.4891 114.515
    endloop
  endfacet
  facet normal -0.354624 -0.395273 -0.847349
    outer loop
      vertex 134.716 -21.6389 104.797
      vertex 126.153 -21.7553 108.435
      vertex 126.153 -20.8528 108.014
    endloop
  endfacet
  facet normal -0.356113 0.0816388 -0.93087
    outer loop
      vertex 134.716 19.7981 104.472
      vertex 126.153 18.899 107.669
      vertex 126.153 19.891 107.756
    endloop
  endfacet
  facet normal -0.349768 0 -0.936836
    outer loop
      vertex 126.153 -18.899 107.669
      vertex 134.716 19.7981 104.472
      vertex 134.716 -19.7981 104.472
    endloop
  endfacet
  facet normal -0.349768 0 -0.936836
    outer loop
      vertex 134.716 19.7981 104.472
      vertex 126.153 -18.899 107.669
      vertex 126.153 18.899 107.669
    endloop
  endfacet
  facet normal -0.224958 0.883023 -0.411904
    outer loop
      vertex 134.716 24.4591 107.163
      vertex 126.153 24.2671 111.428
      vertex 134.716 24.8556 108.013
    endloop
  endfacet
  facet normal -0.167132 -0.9524 -0.254953
    outer loop
      vertex 134.716 -25.0984 108.92
      vertex 126.153 -24.2671 111.428
      vertex 134.716 -24.8556 108.013
    endloop
  endfacet
  facet normal -0.356111 0.0816725 -0.930868
    outer loop
      vertex 134.716 19.7981 104.472
      vertex 126.153 19.891 107.756
      vertex 134.716 20.7327 104.554
    endloop
  endfacet
  facet normal -0.31084 0.672382 -0.671775
    outer loop
      vertex 134.716 23.2576 105.731
      vertex 126.153 22.571 109.006
      vertex 134.716 23.921 106.395
    endloop
  endfacet
  facet normal -0.310886 0.67202 -0.672115
    outer loop
      vertex 134.716 23.921 106.395
      vertex 126.153 22.571 109.006
      vertex 126.153 23.2751 109.71
    endloop
  endfacet
  facet normal -0.273169 0.787832 -0.551996
    outer loop
      vertex 134.716 23.921 106.395
      vertex 126.153 23.8463 110.526
      vertex 134.716 24.4591 107.163
    endloop
  endfacet
  facet normal 0.379237 0.236659 0.894523
    outer loop
      vertex 126.163 19.891 119.008
      vertex 126.163 0.991974 124.008
      vertex 134.726 20.7327 115.155
    endloop
  endfacet
  facet normal 0.378662 0.239794 0.893932
    outer loop
      vertex 126.163 20.8528 118.75
      vertex 126.163 19.891 119.008
      vertex 134.726 20.7327 115.155
    endloop
  endfacet
  facet normal -0.354624 0.395273 -0.847349
    outer loop
      vertex 134.716 21.6389 104.797
      vertex 126.153 20.8528 108.014
      vertex 126.153 21.7553 108.435
    endloop
  endfacet
  facet normal -0.101535 -0.991045 -0.0867165
    outer loop
      vertex 134.716 -25.1802 109.854
      vertex 126.153 -24.6116 113.382
      vertex 126.153 -24.5248 112.39
    endloop
  endfacet
  facet normal -0.31084 -0.672382 -0.671775
    outer loop
      vertex 134.716 -23.921 106.395
      vertex 126.153 -22.571 109.006
      vertex 134.716 -23.2576 105.731
    endloop
  endfacet
  facet normal -0.101558 -0.991036 -0.0867952
    outer loop
      vertex 134.716 -25.1802 109.854
      vertex 126.153 -24.5248 112.39
      vertex 134.716 -25.0984 108.92
    endloop
  endfacet
  facet normal -0.167175 -0.952349 -0.255115
    outer loop
      vertex 134.716 -25.0984 108.92
      vertex 126.153 -24.5248 112.39
      vertex 126.153 -24.2671 111.428
    endloop
  endfacet
  facet normal -0.360626 -0.241654 -0.900862
    outer loop
      vertex 134.716 -21.6389 104.797
      vertex 126.153 -20.8528 108.014
      vertex 126.153 -19.891 107.756
    endloop
  endfacet
  facet normal -0.101558 0.991036 -0.0867952
    outer loop
      vertex 134.716 25.0984 108.92
      vertex 126.153 24.5248 112.39
      vertex 134.716 25.1802 109.854
    endloop
  endfacet
  facet normal -0.0302292 0.99574 0.0871139
    outer loop
      vertex 134.716 25.1802 109.854
      vertex 126.153 24.5248 114.374
      vertex 134.716 25.0984 110.789
    endloop
  endfacet
  facet normal -0 0.987441 0.157991
    outer loop
      vertex 134.716 25.0984 110.789
      vertex 126.163 24.5248 114.374
      vertex 134.726 25.0984 110.789
    endloop
  endfacet
  facet normal 0 0.987441 0.157991
    outer loop
      vertex 126.163 24.5248 114.374
      vertex 134.716 25.0984 110.789
      vertex 126.153 24.5248 114.374
    endloop
  endfacet
  facet normal 0.116664 -0.900063 0.419853
    outer loop
      vertex 134.726 -24.4591 112.545
      vertex 126.163 -24.2671 115.336
      vertex 134.726 -24.8556 111.695
    endloop
  endfacet
  facet normal 0.0435853 -0.965025 0.25851
    outer loop
      vertex 126.163 -24.2671 115.336
      vertex 126.163 -24.5248 114.374
      vertex 134.726 -25.0984 110.789
    endloop
  endfacet
  facet normal 0 -0.996195 0.0871537
    outer loop
      vertex 134.716 -25.1802 109.854
      vertex 134.726 -25.0984 110.789
      vertex 134.716 -25.0984 110.789
    endloop
  endfacet
  facet normal 0 -0.996195 0.0871537
    outer loop
      vertex 134.726 -25.0984 110.789
      vertex 134.716 -25.1802 109.854
      vertex 134.726 -25.1802 109.854
    endloop
  endfacet
  facet normal -0.273017 -0.788109 -0.551676
    outer loop
      vertex 134.716 -23.921 106.395
      vertex 126.153 -23.8463 110.526
      vertex 126.153 -23.2751 109.71
    endloop
  endfacet
  facet normal -0.310886 -0.67202 -0.672115
    outer loop
      vertex 134.716 -23.921 106.395
      vertex 126.153 -23.2751 109.71
      vertex 126.153 -22.571 109.006
    endloop
  endfacet
  facet normal -0.360618 -0.241575 -0.900886
    outer loop
      vertex 134.716 -21.6389 104.797
      vertex 126.153 -19.891 107.756
      vertex 134.716 -20.7327 104.554
    endloop
  endfacet
  facet normal -0.338142 0.539689 -0.770971
    outer loop
      vertex 134.716 22.4891 105.193
      vertex 126.153 21.7553 108.435
      vertex 126.153 22.571 109.006
    endloop
  endfacet
  facet normal -0.338134 0.539718 -0.770954
    outer loop
      vertex 134.716 22.4891 105.193
      vertex 126.153 22.571 109.006
      vertex 134.716 23.2576 105.731
    endloop
  endfacet
  facet normal -0.167132 0.9524 -0.254953
    outer loop
      vertex 134.716 24.8556 108.013
      vertex 126.153 24.2671 111.428
      vertex 134.716 25.0984 108.92
    endloop
  endfacet
  facet normal 0.247572 0.685045 0.685143
    outer loop
      vertex 126.163 23.2751 117.054
      vertex 126.163 22.571 117.758
      vertex 134.726 23.921 113.314
    endloop
  endfacet
  facet normal 0.116676 -0.900045 0.419888
    outer loop
      vertex 126.163 -23.8463 116.238
      vertex 126.163 -24.2671 115.336
      vertex 134.726 -24.4591 112.545
    endloop
  endfacet
  facet normal 0.185402 -0.805029 0.56352
    outer loop
      vertex 126.163 -23.2751 117.054
      vertex 126.163 -23.8463 116.238
      vertex 134.726 -23.921 113.314
    endloop
  endfacet
  facet normal 0.247572 -0.685045 0.685143
    outer loop
      vertex 126.163 -22.571 117.758
      vertex 126.163 -23.2751 117.054
      vertex 134.726 -23.921 113.314
    endloop
  endfacet
  facet normal -0.356111 -0.0816725 -0.930868
    outer loop
      vertex 134.716 -20.7327 104.554
      vertex 126.153 -19.891 107.756
      vertex 134.716 -19.7981 104.472
    endloop
  endfacet
  facet normal 0.116676 0.900045 0.419888
    outer loop
      vertex 126.163 24.2671 115.336
      vertex 126.163 23.8463 116.238
      vertex 134.726 24.4591 112.545
    endloop
  endfacet
  facet normal 0.352431 -0.242569 0.903855
    outer loop
      vertex 143.75 -20.9539 111.577
      vertex 134.726 -20.7327 115.155
      vertex 143.75 -21.8221 111.344
    endloop
  endfacet
  facet normal -0.0361845 0.995551 -0.0869996
    outer loop
      vertex 143.74 25.1367 105.603
      vertex 134.716 25.1802 109.854
      vertex 143.74 25.215 106.499
    endloop
  endfacet
  facet normal 0.330035 -0.399389 0.855316
    outer loop
      vertex 134.726 -21.6389 114.912
      vertex 134.726 -22.4891 114.515
      vertex 143.75 -22.6368 110.964
    endloop
  endfacet
  facet normal 0.2584 0.682886 0.683298
    outer loop
      vertex 134.726 23.921 113.314
      vertex 134.726 23.2576 113.977
      vertex 143.75 23.3731 110.449
    endloop
  endfacet
  facet normal -0.0362738 -0.995531 -0.0871889
    outer loop
      vertex 143.74 -25.1367 105.603
      vertex 134.716 -25.1802 109.854
      vertex 134.716 -25.0984 108.92
    endloop
  endfacet
  facet normal 0.353931 -0.229012 0.9068
    outer loop
      vertex 134.726 -0.934586 120.155
      vertex 134.726 -20.7327 115.155
      vertex 143.75 -20.9539 111.577
    endloop
  endfacet
  facet normal 0.330138 -0.399009 0.855454
    outer loop
      vertex 143.75 -21.8221 111.344
      vertex 134.726 -21.6389 114.912
      vertex 143.75 -22.6368 110.964
    endloop
  endfacet
  facet normal 0.298738 0.546983 0.782026
    outer loop
      vertex 143.75 23.3731 110.449
      vertex 134.726 23.2576 113.977
      vertex 143.75 22.6368 110.964
    endloop
  endfacet
  facet normal 0.298689 0.547318 0.78181
    outer loop
      vertex 134.726 23.2576 113.977
      vertex 134.726 22.4891 114.515
      vertex 143.75 22.6368 110.964
    endloop
  endfacet
  facet normal -0.156481 -0.895087 -0.417532
    outer loop
      vertex 143.74 -24.9041 104.735
      vertex 134.716 -24.8556 108.013
      vertex 134.716 -24.4591 107.163
    endloop
  endfacet
  facet normal 0.352469 -0.242381 0.90389
    outer loop
      vertex 134.726 -20.7327 115.155
      vertex 134.726 -21.6389 114.912
      vertex 143.75 -21.8221 111.344
    endloop
  endfacet
  facet normal 0.367694 0.0802969 0.926474
    outer loop
      vertex 134.726 0.934586 120.155
      vertex 134.726 0 120.236
      vertex 143.75 0.895416 116.577
    endloop
  endfacet
  facet normal 0.330035 0.399389 0.855316
    outer loop
      vertex 134.726 22.4891 114.515
      vertex 134.726 21.6389 114.912
      vertex 143.75 22.6368 110.964
    endloop
  endfacet
  facet normal 0.352431 0.242569 0.903855
    outer loop
      vertex 143.75 21.8221 111.344
      vertex 134.726 20.7327 115.155
      vertex 143.75 20.9539 111.577
    endloop
  endfacet
  facet normal 0.028549 0.995789 0.0871176
    outer loop
      vertex 143.75 25.215 106.499
      vertex 134.726 25.1802 109.854
      vertex 143.75 25.1367 107.394
    endloop
  endfacet
  facet normal -0.328759 -0.0825439 -0.9408
    outer loop
      vertex 143.74 -20.9539 101.42
      vertex 134.716 -20.7327 104.554
      vertex 134.716 -19.7981 104.472
    endloop
  endfacet
  facet normal 0.359922 -0.22566 0.905281
    outer loop
      vertex 143.75 -0.895416 116.577
      vertex 134.726 -0.934586 120.155
      vertex 143.75 -20.9539 111.577
    endloop
  endfacet
  facet normal 0.367694 -0.0802969 0.926474
    outer loop
      vertex 134.726 0 120.236
      vertex 134.726 -0.934586 120.155
      vertex 143.75 -0.895416 116.577
    endloop
  endfacet
  facet normal 0.367647 -0.080704 0.926457
    outer loop
      vertex 143.75 0 116.655
      vertex 134.726 0 120.236
      vertex 143.75 -0.895416 116.577
    endloop
  endfacet
  facet normal 0.367647 0.080704 0.926457
    outer loop
      vertex 143.75 0.895416 116.577
      vertex 134.726 0 120.236
      vertex 143.75 0 116.655
    endloop
  endfacet
  facet normal 0.209869 0.800783 0.560983
    outer loop
      vertex 143.75 24.5242 109.077
      vertex 134.726 23.921 113.314
      vertex 143.75 24.0086 109.813
    endloop
  endfacet
  facet normal 0.330138 0.399009 0.855454
    outer loop
      vertex 143.75 22.6368 110.964
      vertex 134.726 21.6389 114.912
      vertex 143.75 21.8221 111.344
    endloop
  endfacet
  facet normal 0.352469 0.242381 0.90389
    outer loop
      vertex 134.726 21.6389 114.912
      vertex 134.726 20.7327 115.155
      vertex 143.75 21.8221 111.344
    endloop
  endfacet
  facet normal 0.298689 -0.547318 0.78181
    outer loop
      vertex 134.726 -22.4891 114.515
      vertex 134.726 -23.2576 113.977
      vertex 143.75 -22.6368 110.964
    endloop
  endfacet
  facet normal 0.2584 -0.682886 0.683298
    outer loop
      vertex 134.726 -23.2576 113.977
      vertex 134.726 -23.921 113.314
      vertex 143.75 -23.3731 110.449
    endloop
  endfacet
  facet normal 0.298738 -0.546983 0.782026
    outer loop
      vertex 143.75 -22.6368 110.964
      vertex 134.726 -23.2576 113.977
      vertex 143.75 -23.3731 110.449
    endloop
  endfacet
  facet normal -0.0362738 0.995531 -0.0871889
    outer loop
      vertex 143.74 25.1367 105.603
      vertex 134.716 25.0984 108.92
      vertex 134.716 25.1802 109.854
    endloop
  endfacet
  facet normal -0.328759 0.0825439 -0.9408
    outer loop
      vertex 143.74 20.9539 101.42
      vertex 134.716 19.7981 104.472
      vertex 134.716 20.7327 104.554
    endloop
  endfacet
  facet normal 0.353931 0.229012 0.9068
    outer loop
      vertex 134.726 20.7327 115.155
      vertex 134.726 0.934586 120.155
      vertex 143.75 20.9539 111.577
    endloop
  endfacet
  facet normal 0.359922 0.22566 0.905281
    outer loop
      vertex 143.75 20.9539 111.577
      vertex 134.726 0.934586 120.155
      vertex 143.75 0.895416 116.577
    endloop
  endfacet
  facet normal -0.328708 -0.0819608 -0.940868
    outer loop
      vertex 143.74 -20.9539 101.42
      vertex 134.716 -19.7981 104.472
      vertex 143.74 -20.0585 101.342
    endloop
  endfacet
  facet normal -0.3277 0 -0.944782
    outer loop
      vertex 134.716 -19.7981 104.472
      vertex 143.74 20.0585 101.342
      vertex 143.74 -20.0585 101.342
    endloop
  endfacet
  facet normal -0.3277 0 -0.944782
    outer loop
      vertex 143.74 20.0585 101.342
      vertex 134.716 -19.7981 104.472
      vertex 134.716 19.7981 104.472
    endloop
  endfacet
  facet normal -0.250143 0.684936 -0.684318
    outer loop
      vertex 134.716 23.921 106.395
      vertex 143.74 23.3731 102.548
      vertex 134.716 23.2576 105.731
    endloop
  endfacet
  facet normal -0.250162 0.684893 -0.684354
    outer loop
      vertex 143.74 23.3731 102.548
      vertex 134.716 23.921 106.395
      vertex 143.74 24.0086 103.184
    endloop
  endfacet
  facet normal 0.15397 0.89556 0.417452
    outer loop
      vertex 143.75 24.9041 108.262
      vertex 134.726 24.4591 112.545
      vertex 143.75 24.5242 109.077
    endloop
  endfacet
  facet normal -0.0987576 -0.961198 -0.257575
    outer loop
      vertex 143.74 -25.1367 105.603
      vertex 134.716 -25.0984 108.92
      vertex 143.74 -24.9041 104.735
    endloop
  endfacet
  facet normal 0.15409 -0.895428 0.417691
    outer loop
      vertex 134.726 -24.4591 112.545
      vertex 134.726 -24.8556 111.695
      vertex 143.75 -24.9041 108.262
    endloop
  endfacet
  facet normal 0.209655 0.801123 0.560578
    outer loop
      vertex 134.726 24.4591 112.545
      vertex 134.726 23.921 113.314
      vertex 143.75 24.5242 109.077
    endloop
  endfacet
  facet normal 0.0285492 0.995789 0.0871182
    outer loop
      vertex 134.726 25.1802 109.854
      vertex 134.726 25.0984 110.789
      vertex 143.75 25.1367 107.394
    endloop
  endfacet
  facet normal -0.0986423 0.961276 -0.257329
    outer loop
      vertex 143.74 24.9041 104.735
      vertex 134.716 24.8556 108.013
      vertex 134.716 25.0984 108.92
    endloop
  endfacet
  facet normal -0.284159 0.549529 -0.785666
    outer loop
      vertex 143.74 22.6368 102.033
      vertex 134.716 23.2576 105.731
      vertex 143.74 23.3731 102.548
    endloop
  endfacet
  facet normal 0.258286 -0.683382 0.682845
    outer loop
      vertex 143.75 -23.3731 110.449
      vertex 134.726 -23.921 113.314
      vertex 143.75 -24.0086 109.813
    endloop
  endfacet
  facet normal -0.323413 0.24527 -0.913919
    outer loop
      vertex 143.74 20.9539 101.42
      vertex 134.716 20.7327 104.554
      vertex 143.74 21.8221 101.653
    endloop
  endfacet
  facet normal -0.0987576 0.961198 -0.257575
    outer loop
      vertex 143.74 24.9041 104.735
      vertex 134.716 25.0984 108.92
      vertex 143.74 25.1367 105.603
    endloop
  endfacet
  facet normal 0.209869 -0.800783 0.560983
    outer loop
      vertex 143.75 -24.0086 109.813
      vertex 134.726 -23.921 113.314
      vertex 143.75 -24.5242 109.077
    endloop
  endfacet
  facet normal -0.207495 0.801198 -0.561274
    outer loop
      vertex 143.74 24.0086 103.184
      vertex 134.716 23.921 106.395
      vertex 143.74 24.5242 103.92
    endloop
  endfacet
  facet normal -0.308522 0.401623 -0.862272
    outer loop
      vertex 143.74 22.6368 102.033
      vertex 134.716 21.6389 104.797
      vertex 134.716 22.4891 105.193
    endloop
  endfacet
  facet normal -0.284051 0.549875 -0.785463
    outer loop
      vertex 143.74 22.6368 102.033
      vertex 134.716 22.4891 105.193
      vertex 134.716 23.2576 105.731
    endloop
  endfacet
  facet normal 0.0928777 0.961745 0.257721
    outer loop
      vertex 143.75 25.1367 107.394
      vertex 134.726 25.0984 110.789
      vertex 143.75 24.9041 108.262
    endloop
  endfacet
  facet normal 0 0.996203 -0.0870566
    outer loop
      vertex 143.75 25.1367 105.603
      vertex 143.74 25.215 106.499
      vertex 143.75 25.215 106.499
    endloop
  endfacet
  facet normal 0 0.996203 -0.0870566
    outer loop
      vertex 143.74 25.215 106.499
      vertex 143.75 25.1367 105.603
      vertex 143.74 25.1367 105.603
    endloop
  endfacet
  facet normal -0.156481 0.895087 -0.417532
    outer loop
      vertex 143.74 24.9041 104.735
      vertex 134.716 24.4591 107.163
      vertex 134.716 24.8556 108.013
    endloop
  endfacet
  facet normal -0.323407 0.245084 -0.91397
    outer loop
      vertex 143.74 21.8221 101.653
      vertex 134.716 20.7327 104.554
      vertex 134.716 21.6389 104.797
    endloop
  endfacet
  facet normal -0.308508 0.40209 -0.862059
    outer loop
      vertex 143.74 21.8221 101.653
      vertex 134.716 21.6389 104.797
      vertex 143.74 22.6368 102.033
    endloop
  endfacet
  facet normal -0.284051 -0.549875 -0.785463
    outer loop
      vertex 143.74 -22.6368 102.033
      vertex 134.716 -23.2576 105.731
      vertex 134.716 -22.4891 105.193
    endloop
  endfacet
  facet normal 0 -0.996203 -0.0870566
    outer loop
      vertex 143.74 -25.1367 105.603
      vertex 143.75 -25.215 106.499
      vertex 143.74 -25.215 106.499
    endloop
  endfacet
  facet normal 0 -0.996203 -0.0870566
    outer loop
      vertex 143.75 -25.215 106.499
      vertex 143.74 -25.1367 105.603
      vertex 143.75 -25.1367 105.603
    endloop
  endfacet
  facet normal 0.15409 0.895428 0.417691
    outer loop
      vertex 134.726 24.8556 111.695
      vertex 134.726 24.4591 112.545
      vertex 143.75 24.9041 108.262
    endloop
  endfacet
  facet normal 0.0928823 0.96174 0.257738
    outer loop
      vertex 134.726 25.0984 110.789
      vertex 134.726 24.8556 111.695
      vertex 143.75 24.9041 108.262
    endloop
  endfacet
  facet normal -0.323407 -0.245084 -0.91397
    outer loop
      vertex 143.74 -21.8221 101.653
      vertex 134.716 -21.6389 104.797
      vertex 134.716 -20.7327 104.554
    endloop
  endfacet
  facet normal -0.323413 -0.24527 -0.913919
    outer loop
      vertex 143.74 -21.8221 101.653
      vertex 134.716 -20.7327 104.554
      vertex 143.74 -20.9539 101.42
    endloop
  endfacet
  facet normal 0.258286 0.683382 0.682845
    outer loop
      vertex 143.75 24.0086 109.813
      vertex 134.726 23.921 113.314
      vertex 143.75 23.3731 110.449
    endloop
  endfacet
  facet normal -0.156421 -0.895211 -0.417289
    outer loop
      vertex 143.74 -24.9041 104.735
      vertex 134.716 -24.4591 107.163
      vertex 143.74 -24.5242 103.92
    endloop
  endfacet
  facet normal -0.328708 0.0819608 -0.940868
    outer loop
      vertex 143.74 20.0585 101.342
      vertex 134.716 19.7981 104.472
      vertex 143.74 20.9539 101.42
    endloop
  endfacet
  facet normal -0.0986423 -0.961276 -0.257329
    outer loop
      vertex 143.74 -24.9041 104.735
      vertex 134.716 -25.0984 108.92
      vertex 134.716 -24.8556 108.013
    endloop
  endfacet
  facet normal -0.308522 -0.401623 -0.862272
    outer loop
      vertex 143.74 -22.6368 102.033
      vertex 134.716 -22.4891 105.193
      vertex 134.716 -21.6389 104.797
    endloop
  endfacet
  facet normal -0.207508 0.801155 -0.56133
    outer loop
      vertex 143.74 24.5242 103.92
      vertex 134.716 23.921 106.395
      vertex 134.716 24.4591 107.163
    endloop
  endfacet
  facet normal -0.308508 -0.40209 -0.862059
    outer loop
      vertex 143.74 -22.6368 102.033
      vertex 134.716 -21.6389 104.797
      vertex 143.74 -21.8221 101.653
    endloop
  endfacet
  facet normal -0.284159 -0.549529 -0.785666
    outer loop
      vertex 143.74 -23.3731 102.548
      vertex 134.716 -23.2576 105.731
      vertex 143.74 -22.6368 102.033
    endloop
  endfacet
  facet normal 0.15397 -0.89556 0.417452
    outer loop
      vertex 143.75 -24.5242 109.077
      vertex 134.726 -24.4591 112.545
      vertex 143.75 -24.9041 108.262
    endloop
  endfacet
  facet normal 0.209655 -0.801123 0.560578
    outer loop
      vertex 134.726 -23.921 113.314
      vertex 134.726 -24.4591 112.545
      vertex 143.75 -24.5242 109.077
    endloop
  endfacet
  facet normal 0.0928823 -0.96174 0.257738
    outer loop
      vertex 134.726 -24.8556 111.695
      vertex 134.726 -25.0984 110.789
      vertex 143.75 -24.9041 108.262
    endloop
  endfacet
  facet normal -0 0.999946 0.010372
    outer loop
      vertex 143.74 25.215 106.499
      vertex 134.726 25.1802 109.854
      vertex 143.75 25.215 106.499
    endloop
  endfacet
  facet normal 0 0.999946 0.010372
    outer loop
      vertex 134.726 25.1802 109.854
      vertex 143.74 25.215 106.499
      vertex 134.716 25.1802 109.854
    endloop
  endfacet
  facet normal 0.028549 -0.995789 0.0871176
    outer loop
      vertex 143.75 -25.1367 107.394
      vertex 134.726 -25.1802 109.854
      vertex 143.75 -25.215 106.499
    endloop
  endfacet
  facet normal -0.0361845 -0.995551 -0.0869996
    outer loop
      vertex 143.74 -25.215 106.499
      vertex 134.716 -25.1802 109.854
      vertex 143.74 -25.1367 105.603
    endloop
  endfacet
  facet normal -0.156421 0.895211 -0.417289
    outer loop
      vertex 143.74 24.5242 103.92
      vertex 134.716 24.4591 107.163
      vertex 143.74 24.9041 104.735
    endloop
  endfacet
  facet normal -0.207508 -0.801155 -0.56133
    outer loop
      vertex 143.74 -24.5242 103.92
      vertex 134.716 -24.4591 107.163
      vertex 134.716 -23.921 106.395
    endloop
  endfacet
  facet normal -0.207495 -0.801198 -0.561274
    outer loop
      vertex 143.74 -24.5242 103.92
      vertex 134.716 -23.921 106.395
      vertex 143.74 -24.0086 103.184
    endloop
  endfacet
  facet normal 0 -0.999946 0.010372
    outer loop
      vertex 143.74 -25.215 106.499
      vertex 134.726 -25.1802 109.854
      vertex 134.716 -25.1802 109.854
    endloop
  endfacet
  facet normal 0 -0.999946 0.010372
    outer loop
      vertex 134.726 -25.1802 109.854
      vertex 143.74 -25.215 106.499
      vertex 143.75 -25.215 106.499
    endloop
  endfacet
  facet normal 0.0928777 -0.961745 0.257721
    outer loop
      vertex 143.75 -24.9041 108.262
      vertex 134.726 -25.0984 110.789
      vertex 143.75 -25.1367 107.394
    endloop
  endfacet
  facet normal -0.250149 -0.684935 -0.684317
    outer loop
      vertex 134.716 -23.2576 105.731
      vertex 143.74 -24.0086 103.184
      vertex 134.716 -23.921 106.395
    endloop
  endfacet
  facet normal -0.250156 -0.684894 -0.684355
    outer loop
      vertex 143.74 -24.0086 103.184
      vertex 134.716 -23.2576 105.731
      vertex 143.74 -23.3731 102.548
    endloop
  endfacet
  facet normal 0.0285492 -0.995789 0.0871182
    outer loop
      vertex 134.726 -25.0984 110.789
      vertex 134.726 -25.1802 109.854
      vertex 143.75 -25.1367 107.394
    endloop
  endfacet
  facet normal 0.273155 -0.787875 0.551941
    outer loop
      vertex 143.75 -24.0086 109.813
      vertex 143.75 -24.5242 109.077
      vertex 153.01 -23.6753 105.706
    endloop
  endfacet
  facet normal -0.256436 -0.683731 -0.683193
    outer loop
      vertex 143.74 -23.3731 102.548
      vertex 153 -23.6753 99.3747
      vertex 143.74 -24.0086 103.184
    endloop
  endfacet
  facet normal -0.256514 -0.683447 -0.683447
    outer loop
      vertex 153 -23.6753 99.3747
      vertex 143.74 -23.3731 102.548
      vertex 153 -23.0682 98.7676
    endloop
  endfacet
  facet normal 0.15009 -0.954979 0.255908
    outer loop
      vertex 143.75 -24.9041 108.262
      vertex 143.75 -25.1367 107.394
      vertex 153.01 -24.7527 103.396
    endloop
  endfacet
  facet normal 0.150118 -0.95496 0.255962
    outer loop
      vertex 153.01 -24.5305 104.225
      vertex 143.75 -24.9041 108.262
      vertex 153.01 -24.7527 103.396
    endloop
  endfacet
  facet normal 0.215621 0.884983 0.412689
    outer loop
      vertex 153.01 24.5305 104.225
      vertex 143.75 24.9041 108.262
      vertex 153.01 24.1677 105.003
    endloop
  endfacet
  facet normal 0.359194 -0.534905 0.764759
    outer loop
      vertex 143.75 -22.6368 110.964
      vertex 143.75 -23.3731 110.449
      vertex 153.01 -23.0682 106.313
    endloop
  endfacet
  facet normal -0.370917 -0.0809168 -0.925134
    outer loop
      vertex 153 -20.7577 97.6902
      vertex 143.74 -20.9539 101.42
      vertex 153 -19.9025 97.6154
    endloop
  endfacet
  facet normal 0.402493 -0.221413 0.888243
    outer loop
      vertex 143.75 -0.895416 116.577
      vertex 143.75 -20.9539 111.577
      vertex 153.01 -0.855209 112.391
    endloop
  endfacet
  facet normal 0.410953 0.0791151 0.908217
    outer loop
      vertex 143.75 0.895416 116.577
      vertex 143.75 0 116.655
      vertex 153.01 0 112.465
    endloop
  endfacet
  facet normal -0.139034 -0.897565 -0.418386
    outer loop
      vertex 153 -24.1677 100.078
      vertex 143.74 -24.9041 104.735
      vertex 143.74 -24.5242 103.92
    endloop
  endfacet
  facet normal 0.150118 0.95496 0.255962
    outer loop
      vertex 153.01 24.7527 103.396
      vertex 143.75 24.9041 108.262
      vertex 153.01 24.5305 104.225
    endloop
  endfacet
  facet normal 0.402493 0.221413 0.888243
    outer loop
      vertex 143.75 20.9539 111.577
      vertex 143.75 0.895416 116.577
      vertex 153.01 0.855209 112.391
    endloop
  endfacet
  facet normal 0.15009 0.954979 0.255908
    outer loop
      vertex 143.75 25.1367 107.394
      vertex 143.75 24.9041 108.262
      vertex 153.01 24.7527 103.396
    endloop
  endfacet
  facet normal 0.0786513 -0.993118 0.0867818
    outer loop
      vertex 153.01 -24.7527 103.396
      vertex 143.75 -25.1367 107.394
      vertex 153.01 -24.8275 102.54
    endloop
  endfacet
  facet normal 0.273138 0.787922 0.551882
    outer loop
      vertex 153.01 24.1677 105.003
      vertex 143.75 24.5242 109.077
      vertex 153.01 23.6753 105.706
    endloop
  endfacet
  facet normal 0.405487 0.222724 0.886552
    outer loop
      vertex 153.01 20.7577 107.391
      vertex 143.75 20.9539 111.577
      vertex 153.01 0.855209 112.391
    endloop
  endfacet
  facet normal 0.410928 0.0785916 0.908274
    outer loop
      vertex 153.01 0.855209 112.391
      vertex 143.75 0.895416 116.577
      vertex 153.01 0 112.465
    endloop
  endfacet
  facet normal -0.370959 0.0805912 -0.925146
    outer loop
      vertex 153 19.9025 97.6154
      vertex 143.74 20.0585 101.342
      vertex 143.74 20.9539 101.42
    endloop
  endfacet
  facet normal -0.370959 -0.0805912 -0.925146
    outer loop
      vertex 153 -19.9025 97.6154
      vertex 143.74 -20.9539 101.42
      vertex 143.74 -20.0585 101.342
    endloop
  endfacet
  facet normal 0.0787038 0.993105 0.0868828
    outer loop
      vertex 143.75 25.215 106.499
      vertex 143.75 25.1367 107.394
      vertex 153.01 24.8275 102.54
    endloop
  endfacet
  facet normal 0 0.995231 -0.0975418
    outer loop
      vertex 153 24.7527 101.685
      vertex 143.75 25.1367 105.603
      vertex 153.01 24.7527 101.685
    endloop
  endfacet
  facet normal 0 0.995231 -0.0975418
    outer loop
      vertex 143.75 25.1367 105.603
      vertex 153 24.7527 101.685
      vertex 143.74 25.1367 105.603
    endloop
  endfacet
  facet normal 0.0787038 -0.993105 0.0868828
    outer loop
      vertex 143.75 -25.1367 107.394
      vertex 143.75 -25.215 106.499
      vertex 153.01 -24.8275 102.54
    endloop
  endfacet
  facet normal 0.0786513 0.993118 0.0867818
    outer loop
      vertex 153.01 24.8275 102.54
      vertex 143.75 25.1367 107.394
      vertex 153.01 24.7527 103.396
    endloop
  endfacet
  facet normal 0.40438 -0.237061 0.883334
    outer loop
      vertex 143.75 -20.9539 111.577
      vertex 143.75 -21.8221 111.344
      vertex 153.01 -21.5869 107.168
    endloop
  endfacet
  facet normal -0.0692954 0.963598 -0.258218
    outer loop
      vertex 153 24.7527 101.685
      vertex 143.74 24.9041 104.735
      vertex 143.74 25.1367 105.603
    endloop
  endfacet
  facet normal -0.0692954 -0.963598 -0.258218
    outer loop
      vertex 153 -24.7527 101.685
      vertex 143.74 -25.1367 105.603
      vertex 143.74 -24.9041 104.735
    endloop
  endfacet
  facet normal 0.386791 -0.389808 0.835729
    outer loop
      vertex 143.75 -21.8221 111.344
      vertex 143.75 -22.6368 110.964
      vertex 153.01 -21.5869 107.168
    endloop
  endfacet
  facet normal -0.0693137 -0.963582 -0.258273
    outer loop
      vertex 153 -24.7527 101.685
      vertex 143.74 -24.9041 104.735
      vertex 153 -24.5305 100.856
    endloop
  endfacet
  facet normal 0.386845 0.388979 0.83609
    outer loop
      vertex 153.01 22.365 106.806
      vertex 143.75 22.6368 110.964
      vertex 153.01 21.5869 107.168
    endloop
  endfacet
  facet normal 0.273138 -0.787922 0.551882
    outer loop
      vertex 153.01 -23.6753 105.706
      vertex 143.75 -24.5242 109.077
      vertex 153.01 -24.1677 105.003
    endloop
  endfacet
  facet normal 0.21558 -0.885056 0.412555
    outer loop
      vertex 143.75 -24.5242 109.077
      vertex 143.75 -24.9041 108.262
      vertex 153.01 -24.1677 105.003
    endloop
  endfacet
  facet normal -0.20228 -0.802092 -0.5619
    outer loop
      vertex 153 -23.6753 99.3747
      vertex 143.74 -24.5242 103.92
      vertex 143.74 -24.0086 103.184
    endloop
  endfacet
  facet normal 0.358902 -0.53581 0.764262
    outer loop
      vertex 153.01 -22.365 106.806
      vertex 143.75 -22.6368 110.964
      vertex 153.01 -23.0682 106.313
    endloop
  endfacet
  facet normal 0.410928 -0.0785916 0.908274
    outer loop
      vertex 153.01 0 112.465
      vertex 143.75 -0.895416 116.577
      vertex 153.01 -0.855209 112.391
    endloop
  endfacet
  facet normal 0.215621 -0.884983 0.412689
    outer loop
      vertex 153.01 -24.1677 105.003
      vertex 143.75 -24.9041 108.262
      vertex 153.01 -24.5305 104.225
    endloop
  endfacet
  facet normal 0.404304 0.237534 0.883242
    outer loop
      vertex 153.01 21.5869 107.168
      vertex 143.75 20.9539 111.577
      vertex 153.01 20.7577 107.391
    endloop
  endfacet
  facet normal -0.358133 0.241668 -0.901852
    outer loop
      vertex 153 20.7577 97.6902
      vertex 143.74 20.9539 101.42
      vertex 153 21.5869 97.9124
    endloop
  endfacet
  facet normal 0.00446774 -0.996193 -0.0870557
    outer loop
      vertex 153.01 -24.8275 102.54
      vertex 143.75 -25.215 106.499
      vertex 143.75 -25.1367 105.603
    endloop
  endfacet
  facet normal 0.00443574 -0.996185 -0.0871516
    outer loop
      vertex 153.01 -24.8275 102.54
      vertex 143.75 -25.1367 105.603
      vertex 153.01 -24.7527 101.685
    endloop
  endfacet
  facet normal -0.373342 0 -0.927694
    outer loop
      vertex 143.74 -20.0585 101.342
      vertex 153 19.9025 97.6154
      vertex 153 -19.9025 97.6154
    endloop
  endfacet
  facet normal -0.373342 0 -0.927694
    outer loop
      vertex 153 19.9025 97.6154
      vertex 143.74 -20.0585 101.342
      vertex 143.74 20.0585 101.342
    endloop
  endfacet
  facet normal 0.00443574 0.996185 -0.0871516
    outer loop
      vertex 153.01 24.7527 101.685
      vertex 143.75 25.1367 105.603
      vertex 153.01 24.8275 102.54
    endloop
  endfacet
  facet normal -0.334839 0.398308 -0.853952
    outer loop
      vertex 153 21.5869 97.9124
      vertex 143.74 21.8221 101.653
      vertex 143.74 22.6368 102.033
    endloop
  endfacet
  facet normal 0.358902 0.53581 0.764262
    outer loop
      vertex 153.01 23.0682 106.313
      vertex 143.75 22.6368 110.964
      vertex 153.01 22.365 106.806
    endloop
  endfacet
  facet normal 0.321052 0.669937 0.66941
    outer loop
      vertex 153.01 23.0682 106.313
      vertex 143.75 24.0086 109.813
      vertex 143.75 23.3731 110.449
    endloop
  endfacet
  facet normal 0.321131 0.669599 0.66971
    outer loop
      vertex 143.75 24.0086 109.813
      vertex 153.01 23.0682 106.313
      vertex 153.01 23.6753 105.706
    endloop
  endfacet
  facet normal 0.386791 0.389808 0.835729
    outer loop
      vertex 143.75 22.6368 110.964
      vertex 143.75 21.8221 111.344
      vertex 153.01 21.5869 107.168
    endloop
  endfacet
  facet normal 0.321052 -0.669937 0.66941
    outer loop
      vertex 143.75 -24.0086 109.813
      vertex 153.01 -23.0682 106.313
      vertex 143.75 -23.3731 110.449
    endloop
  endfacet
  facet normal 0.321131 -0.669599 0.66971
    outer loop
      vertex 153.01 -23.0682 106.313
      vertex 143.75 -24.0086 109.813
      vertex 153.01 -23.6753 105.706
    endloop
  endfacet
  facet normal -0.358133 -0.241668 -0.901852
    outer loop
      vertex 153 -21.5869 97.9124
      vertex 143.74 -20.9539 101.42
      vertex 153 -20.7577 97.6902
    endloop
  endfacet
  facet normal -0.0693137 0.963582 -0.258273
    outer loop
      vertex 153 24.5305 100.856
      vertex 143.74 24.9041 104.735
      vertex 153 24.7527 101.685
    endloop
  endfacet
  facet normal -0.300906 0.547004 -0.78118
    outer loop
      vertex 153 22.365 98.2752
      vertex 143.74 23.3731 102.548
      vertex 153 23.0682 98.7676
    endloop
  endfacet
  facet normal 0.410953 -0.0791151 0.908217
    outer loop
      vertex 143.75 0 116.655
      vertex 143.75 -0.895416 116.577
      vertex 153.01 0 112.465
    endloop
  endfacet
  facet normal 0.273155 0.787875 0.551941
    outer loop
      vertex 143.75 24.5242 109.077
      vertex 143.75 24.0086 109.813
      vertex 153.01 23.6753 105.706
    endloop
  endfacet
  facet normal 0.40438 0.237061 0.883334
    outer loop
      vertex 143.75 21.8221 111.344
      vertex 143.75 20.9539 111.577
      vertex 153.01 21.5869 107.168
    endloop
  endfacet
  facet normal -0.139108 0.89749 -0.418521
    outer loop
      vertex 153 24.1677 100.078
      vertex 143.74 24.9041 104.735
      vertex 153 24.5305 100.856
    endloop
  endfacet
  facet normal -0.139034 0.897565 -0.418386
    outer loop
      vertex 153 24.1677 100.078
      vertex 143.74 24.5242 103.92
      vertex 143.74 24.9041 104.735
    endloop
  endfacet
  facet normal 0.00446774 0.996193 -0.0870557
    outer loop
      vertex 153.01 24.8275 102.54
      vertex 143.75 25.1367 105.603
      vertex 143.75 25.215 106.499
    endloop
  endfacet
  facet normal 0.386845 -0.388979 0.83609
    outer loop
      vertex 153.01 -21.5869 107.168
      vertex 143.75 -22.6368 110.964
      vertex 153.01 -22.365 106.806
    endloop
  endfacet
  facet normal 0.405487 -0.222724 0.886552
    outer loop
      vertex 153.01 -0.855209 112.391
      vertex 143.75 -20.9539 111.577
      vertex 153.01 -20.7577 107.391
    endloop
  endfacet
  facet normal -0.358123 -0.242008 -0.901765
    outer loop
      vertex 153 -21.5869 97.9124
      vertex 143.74 -21.8221 101.653
      vertex 143.74 -20.9539 101.42
    endloop
  endfacet
  facet normal -0.202161 -0.802269 -0.561691
    outer loop
      vertex 153 -24.1677 100.078
      vertex 143.74 -24.5242 103.92
      vertex 153 -23.6753 99.3747
    endloop
  endfacet
  facet normal 0 -0.995231 -0.0975418
    outer loop
      vertex 153 -24.7527 101.685
      vertex 143.75 -25.1367 105.603
      vertex 143.74 -25.1367 105.603
    endloop
  endfacet
  facet normal 0 -0.995231 -0.0975418
    outer loop
      vertex 143.75 -25.1367 105.603
      vertex 153 -24.7527 101.685
      vertex 153.01 -24.7527 101.685
    endloop
  endfacet
  facet normal 0.404304 -0.237534 0.883242
    outer loop
      vertex 153.01 -20.7577 107.391
      vertex 143.75 -20.9539 111.577
      vertex 153.01 -21.5869 107.168
    endloop
  endfacet
  facet normal -0.256436 0.683731 -0.683193
    outer loop
      vertex 153 23.6753 99.3747
      vertex 143.74 23.3731 102.548
      vertex 143.74 24.0086 103.184
    endloop
  endfacet
  facet normal -0.256514 0.683447 -0.683447
    outer loop
      vertex 143.74 23.3731 102.548
      vertex 153 23.6753 99.3747
      vertex 153 23.0682 98.7676
    endloop
  endfacet
  facet normal -0.358123 0.242008 -0.901765
    outer loop
      vertex 153 21.5869 97.9124
      vertex 143.74 20.9539 101.42
      vertex 143.74 21.8221 101.653
    endloop
  endfacet
  facet normal 0.21558 0.885056 0.412555
    outer loop
      vertex 143.75 24.9041 108.262
      vertex 143.75 24.5242 109.077
      vertex 153.01 24.1677 105.003
    endloop
  endfacet
  facet normal -0.300906 -0.547004 -0.78118
    outer loop
      vertex 153 -23.0682 98.7676
      vertex 143.74 -23.3731 102.548
      vertex 153 -22.365 98.2752
    endloop
  endfacet
  facet normal -0.334839 -0.398308 -0.853952
    outer loop
      vertex 153 -21.5869 97.9124
      vertex 143.74 -22.6368 102.033
      vertex 143.74 -21.8221 101.653
    endloop
  endfacet
  facet normal -0.139108 -0.89749 -0.418521
    outer loop
      vertex 153 -24.5305 100.856
      vertex 143.74 -24.9041 104.735
      vertex 153 -24.1677 100.078
    endloop
  endfacet
  facet normal -0.301068 -0.546563 -0.781426
    outer loop
      vertex 153 -22.365 98.2752
      vertex 143.74 -23.3731 102.548
      vertex 143.74 -22.6368 102.033
    endloop
  endfacet
  facet normal -0.20228 0.802092 -0.5619
    outer loop
      vertex 153 23.6753 99.3747
      vertex 143.74 24.0086 103.184
      vertex 143.74 24.5242 103.92
    endloop
  endfacet
  facet normal -0.202161 0.802269 -0.561691
    outer loop
      vertex 153 23.6753 99.3747
      vertex 143.74 24.5242 103.92
      vertex 153 24.1677 100.078
    endloop
  endfacet
  facet normal 0.359194 0.534905 0.764759
    outer loop
      vertex 143.75 23.3731 110.449
      vertex 143.75 22.6368 110.964
      vertex 153.01 23.0682 106.313
    endloop
  endfacet
  facet normal -0.334872 0.398187 -0.853995
    outer loop
      vertex 153 21.5869 97.9124
      vertex 143.74 22.6368 102.033
      vertex 153 22.365 98.2752
    endloop
  endfacet
  facet normal -0.301068 0.546563 -0.781426
    outer loop
      vertex 153 22.365 98.2752
      vertex 143.74 22.6368 102.033
      vertex 143.74 23.3731 102.548
    endloop
  endfacet
  facet normal -0.370917 0.0809168 -0.925134
    outer loop
      vertex 153 19.9025 97.6154
      vertex 143.74 20.9539 101.42
      vertex 153 20.7577 97.6902
    endloop
  endfacet
  facet normal -0.334872 -0.398187 -0.853995
    outer loop
      vertex 153 -22.365 98.2752
      vertex 143.74 -22.6368 102.033
      vertex 153 -21.5869 97.9124
    endloop
  endfacet
  facet normal 0.349868 -0.767302 0.537439
    outer loop
      vertex 153.01 -23.6753 105.706
      vertex 153.01 -24.1677 105.003
      vertex 162.27 -23.3824 100.096
    endloop
  endfacet
  facet normal 0.214751 0.94337 0.252855
    outer loop
      vertex 153.01 24.7527 103.396
      vertex 153.01 24.5305 104.225
      vertex 162.27 23.7281 99.3541
    endloop
  endfacet
  facet normal 0.349873 -0.767293 0.537448
    outer loop
      vertex 162.27 -22.9131 100.766
      vertex 153.01 -23.6753 105.706
      vertex 162.27 -23.3824 100.096
    endloop
  endfacet
  facet normal -0.436438 0.0783959 -0.896313
    outer loop
      vertex 162.26 20.1327 93.1266
      vertex 153 19.9025 97.6154
      vertex 153 20.7577 97.6902
    endloop
  endfacet
  facet normal 0.466107 0.215567 0.858065
    outer loop
      vertex 153.01 20.7577 107.391
      vertex 153.01 0.855209 112.391
      vertex 162.27 0.815002 107.371
    endloop
  endfacet
  facet normal 0.436339 -0.516526 0.736756
    outer loop
      vertex 153.01 -22.365 106.806
      vertex 153.01 -23.0682 106.313
      vertex 162.27 -21.6644 101.813
    endloop
  endfacet
  facet normal 0.476329 -0.22032 0.851217
    outer loop
      vertex 162.27 -0.815002 107.371
      vertex 153.01 -20.7577 107.391
      vertex 162.27 -20.1327 102.371
    endloop
  endfacet
  facet normal 0.475417 -0.0763523 0.876441
    outer loop
      vertex 162.27 0 107.442
      vertex 153.01 0 112.465
      vertex 162.27 -0.815002 107.371
    endloop
  endfacet
  facet normal -0.21499 -0.800027 -0.560121
    outer loop
      vertex 162.26 -23.3824 95.4021
      vertex 153 -24.1677 100.078
      vertex 153 -23.6753 99.3747
    endloop
  endfacet
  facet normal 0.399268 -0.648246 0.648353
    outer loop
      vertex 153.01 -23.6753 105.706
      vertex 162.27 -22.3346 101.344
      vertex 153.01 -23.0682 106.313
    endloop
  endfacet
  facet normal 0.39933 -0.648 0.648561
    outer loop
      vertex 162.27 -22.3346 101.344
      vertex 153.01 -23.6753 105.706
      vertex 162.27 -22.9131 100.766
    endloop
  endfacet
  facet normal -0.215016 -0.799981 -0.560178
    outer loop
      vertex 162.26 -23.3824 95.4021
      vertex 153 -23.6753 99.3747
      vertex 162.26 -22.9131 94.7319
    endloop
  endfacet
  facet normal 0.399268 0.648246 0.648353
    outer loop
      vertex 162.27 22.3346 101.344
      vertex 153.01 23.6753 105.706
      vertex 153.01 23.0682 106.313
    endloop
  endfacet
  facet normal 0.39933 0.648 0.648561
    outer loop
      vertex 153.01 23.6753 105.706
      vertex 162.27 22.3346 101.344
      vertex 162.27 22.9131 100.766
    endloop
  endfacet
  facet normal 0.436437 -0.515861 0.737164
    outer loop
      vertex 162.27 -21.6644 101.813
      vertex 153.01 -23.0682 106.313
      vertex 162.27 -22.3346 101.344
    endloop
  endfacet
  facet normal 0.466107 -0.215567 0.858065
    outer loop
      vertex 153.01 -0.855209 112.391
      vertex 153.01 -20.7577 107.391
      vertex 162.27 -0.815002 107.371
    endloop
  endfacet
  facet normal -0.340991 -0.539216 -0.770046
    outer loop
      vertex 162.26 -22.3346 94.1534
      vertex 153 -23.0682 98.7676
      vertex 162.26 -21.6644 93.6841
    endloop
  endfacet
  facet normal 0.436339 0.516526 0.736756
    outer loop
      vertex 153.01 23.0682 106.313
      vertex 153.01 22.365 106.806
      vertex 162.27 21.6644 101.813
    endloop
  endfacet
  facet normal 0.475471 -0.0758385 0.876456
    outer loop
      vertex 153.01 0 112.465
      vertex 153.01 -0.855209 112.391
      vertex 162.27 -0.815002 107.371
    endloop
  endfacet
  facet normal 0.475417 0.0763523 0.876441
    outer loop
      vertex 162.27 0.815002 107.371
      vertex 153.01 0 112.465
      vertex 162.27 0 107.442
    endloop
  endfacet
  facet normal -0.0479816 -0.964801 -0.258566
    outer loop
      vertex 162.26 -23.9399 96.9338
      vertex 153 -24.7527 101.685
      vertex 162.26 -23.7281 96.1435
    endloop
  endfacet
  facet normal 0.461909 0.374124 0.804159
    outer loop
      vertex 153.01 22.365 106.806
      vertex 153.01 21.5869 107.168
      vertex 162.27 21.6644 101.813
    endloop
  endfacet
  facet normal 0.475852 -0.227878 0.849492
    outer loop
      vertex 162.27 -20.1327 102.371
      vertex 153.01 -21.5869 107.168
      vertex 162.27 -20.923 102.159
    endloop
  endfacet
  facet normal 0.0426859 -0.995287 -0.0870724
    outer loop
      vertex 162.27 -24.0112 97.7488
      vertex 153.01 -24.8275 102.54
      vertex 162.27 -23.9399 96.9338
    endloop
  endfacet
  facet normal 0 -0.985681 -0.168623
    outer loop
      vertex 162.26 -23.9399 96.9338
      vertex 153.01 -24.7527 101.685
      vertex 153 -24.7527 101.685
    endloop
  endfacet
  facet normal 0 -0.985681 -0.168623
    outer loop
      vertex 153.01 -24.7527 101.685
      vertex 162.26 -23.9399 96.9338
      vertex 162.27 -23.9399 96.9338
    endloop
  endfacet
  facet normal 0.131752 -0.987511 0.0863921
    outer loop
      vertex 162.27 -23.9399 98.5638
      vertex 153.01 -24.8275 102.54
      vertex 162.27 -24.0112 97.7488
    endloop
  endfacet
  facet normal 0.475852 0.227878 0.849492
    outer loop
      vertex 162.27 20.923 102.159
      vertex 153.01 21.5869 107.168
      vertex 162.27 20.1327 102.371
    endloop
  endfacet
  facet normal 0.131711 -0.987525 0.0862931
    outer loop
      vertex 153.01 -24.7527 103.396
      vertex 153.01 -24.8275 102.54
      vertex 162.27 -23.9399 98.5638
    endloop
  endfacet
  facet normal -0.436438 -0.0783959 -0.896313
    outer loop
      vertex 162.26 -20.1327 93.1266
      vertex 153 -20.7577 97.6902
      vertex 153 -19.9025 97.6154
    endloop
  endfacet
  facet normal 0.475471 0.0758385 0.876456
    outer loop
      vertex 153.01 0.855209 112.391
      vertex 153.01 0 112.465
      vertex 162.27 0.815002 107.371
    endloop
  endfacet
  facet normal -0.135295 0.897969 -0.418744
    outer loop
      vertex 162.26 23.3824 95.4021
      vertex 153 24.1677 100.078
      vertex 153 24.5305 100.856
    endloop
  endfacet
  facet normal 0.47586 0.228417 0.849343
    outer loop
      vertex 153.01 21.5869 107.168
      vertex 153.01 20.7577 107.391
      vertex 162.27 20.1327 102.371
    endloop
  endfacet
  facet normal 0.476329 0.22032 0.851217
    outer loop
      vertex 162.27 20.1327 102.371
      vertex 153.01 20.7577 107.391
      vertex 162.27 0.815002 107.371
    endloop
  endfacet
  facet normal 0.349868 0.767302 0.537439
    outer loop
      vertex 153.01 24.1677 105.003
      vertex 153.01 23.6753 105.706
      vertex 162.27 23.3824 100.096
    endloop
  endfacet
  facet normal 0.4617 0.375127 0.803812
    outer loop
      vertex 162.27 21.6644 101.813
      vertex 153.01 21.5869 107.168
      vertex 162.27 20.923 102.159
    endloop
  endfacet
  facet normal -0.416828 -0.235279 -0.878008
    outer loop
      vertex 162.26 -20.1327 93.1266
      vertex 153 -21.5869 97.9124
      vertex 153 -20.7577 97.6902
    endloop
  endfacet
  facet normal 0.0426855 0.995287 -0.0870731
    outer loop
      vertex 162.27 23.9399 96.9338
      vertex 153.01 24.7527 101.685
      vertex 153.01 24.8275 102.54
    endloop
  endfacet
  facet normal 0.47586 -0.228417 0.849343
    outer loop
      vertex 153.01 -20.7577 107.391
      vertex 153.01 -21.5869 107.168
      vertex 162.27 -20.1327 102.371
    endloop
  endfacet
  facet normal -0.416822 -0.235305 -0.878004
    outer loop
      vertex 162.26 -20.923 93.3384
      vertex 153 -21.5869 97.9124
      vertex 162.26 -20.1327 93.1266
    endloop
  endfacet
  facet normal -0.436438 -0.0784135 -0.896311
    outer loop
      vertex 162.26 -20.1327 93.1266
      vertex 153 -19.9025 97.6154
      vertex 162.26 -19.3177 93.0553
    endloop
  endfacet
  facet normal -0.441788 0 -0.89712
    outer loop
      vertex 153 -19.9025 97.6154
      vertex 162.26 19.3177 93.0553
      vertex 162.26 -19.3177 93.0553
    endloop
  endfacet
  facet normal -0.441788 0 -0.89712
    outer loop
      vertex 162.26 19.3177 93.0553
      vertex 153 -19.9025 97.6154
      vertex 153 19.9025 97.6154
    endloop
  endfacet
  facet normal 0.436437 0.515861 0.737164
    outer loop
      vertex 162.27 22.3346 101.344
      vertex 153.01 23.0682 106.313
      vertex 162.27 21.6644 101.813
    endloop
  endfacet
  facet normal -0.385176 -0.389991 -0.836389
    outer loop
      vertex 162.26 -21.6644 93.6841
      vertex 153 -21.5869 97.9124
      vertex 162.26 -20.923 93.3384
    endloop
  endfacet
  facet normal -0.0480009 -0.964792 -0.258597
    outer loop
      vertex 162.26 -23.7281 96.1435
      vertex 153 -24.7527 101.685
      vertex 153 -24.5305 100.856
    endloop
  endfacet
  facet normal -0.385178 -0.38998 -0.836393
    outer loop
      vertex 162.26 -21.6644 93.6841
      vertex 153 -22.365 98.2752
      vertex 153 -21.5869 97.9124
    endloop
  endfacet
  facet normal 0.0426859 0.995287 -0.0870724
    outer loop
      vertex 162.27 23.9399 96.9338
      vertex 153.01 24.8275 102.54
      vertex 162.27 24.0112 97.7488
    endloop
  endfacet
  facet normal 0.461909 -0.374124 0.804159
    outer loop
      vertex 153.01 -21.5869 107.168
      vertex 153.01 -22.365 106.806
      vertex 162.27 -21.6644 101.813
    endloop
  endfacet
  facet normal 0.4617 -0.375127 0.803812
    outer loop
      vertex 162.27 -20.923 102.159
      vertex 153.01 -21.5869 107.168
      vertex 162.27 -21.6644 101.813
    endloop
  endfacet
  facet normal 0.214739 -0.94338 0.252825
    outer loop
      vertex 162.27 -23.7281 99.3541
      vertex 153.01 -24.7527 103.396
      vertex 162.27 -23.9399 98.5638
    endloop
  endfacet
  facet normal 0.214751 -0.94337 0.252855
    outer loop
      vertex 153.01 -24.5305 104.225
      vertex 153.01 -24.7527 103.396
      vertex 162.27 -23.7281 99.3541
    endloop
  endfacet
  facet normal -0.135295 -0.897969 -0.418744
    outer loop
      vertex 162.26 -23.3824 95.4021
      vertex 153 -24.5305 100.856
      vertex 153 -24.1677 100.078
    endloop
  endfacet
  facet normal -0.0480009 0.964792 -0.258597
    outer loop
      vertex 162.26 23.7281 96.1435
      vertex 153 24.5305 100.856
      vertex 153 24.7527 101.685
    endloop
  endfacet
  facet normal -0.416828 0.235279 -0.878008
    outer loop
      vertex 162.26 20.1327 93.1266
      vertex 153 20.7577 97.6902
      vertex 153 21.5869 97.9124
    endloop
  endfacet
  facet normal 0.287975 -0.868028 0.404472
    outer loop
      vertex 162.27 -23.3824 100.096
      vertex 153.01 -24.5305 104.225
      vertex 162.27 -23.7281 99.3541
    endloop
  endfacet
  facet normal 0.288066 -0.867885 0.404715
    outer loop
      vertex 153.01 -24.1677 105.003
      vertex 153.01 -24.5305 104.225
      vertex 162.27 -23.3824 100.096
    endloop
  endfacet
  facet normal 0.0426855 -0.995287 -0.0870731
    outer loop
      vertex 162.27 -23.9399 96.9338
      vertex 153.01 -24.8275 102.54
      vertex 153.01 -24.7527 101.685
    endloop
  endfacet
  facet normal 0.214739 0.94338 0.252825
    outer loop
      vertex 162.27 23.9399 98.5638
      vertex 153.01 24.7527 103.396
      vertex 162.27 23.7281 99.3541
    endloop
  endfacet
  facet normal 0.131711 0.987525 0.0862931
    outer loop
      vertex 153.01 24.8275 102.54
      vertex 153.01 24.7527 103.396
      vertex 162.27 23.9399 98.5638
    endloop
  endfacet
  facet normal 0.131752 0.987511 0.0863921
    outer loop
      vertex 162.27 24.0112 97.7488
      vertex 153.01 24.8275 102.54
      vertex 162.27 23.9399 98.5638
    endloop
  endfacet
  facet normal -0.284116 0.677967 -0.677967
    outer loop
      vertex 162.26 22.9131 94.7319
      vertex 153 23.0682 98.7676
      vertex 153 23.6753 99.3747
    endloop
  endfacet
  facet normal -0.284116 0.677967 -0.677967
    outer loop
      vertex 153 23.0682 98.7676
      vertex 162.26 22.9131 94.7319
      vertex 162.26 22.3346 94.1534
    endloop
  endfacet
  facet normal 0.287975 0.868028 0.404472
    outer loop
      vertex 162.27 23.7281 99.3541
      vertex 153.01 24.5305 104.225
      vertex 162.27 23.3824 100.096
    endloop
  endfacet
  facet normal 0.288066 0.867885 0.404715
    outer loop
      vertex 153.01 24.5305 104.225
      vertex 153.01 24.1677 105.003
      vertex 162.27 23.3824 100.096
    endloop
  endfacet
  facet normal -0.135274 -0.897987 -0.418713
    outer loop
      vertex 162.26 -23.7281 96.1435
      vertex 153 -24.5305 100.856
      vertex 162.26 -23.3824 95.4021
    endloop
  endfacet
  facet normal -0.340994 0.53921 -0.770049
    outer loop
      vertex 162.26 21.6644 93.6841
      vertex 153 22.365 98.2752
      vertex 153 23.0682 98.7676
    endloop
  endfacet
  facet normal -0.135274 0.897987 -0.418713
    outer loop
      vertex 162.26 23.3824 95.4021
      vertex 153 24.5305 100.856
      vertex 162.26 23.7281 96.1435
    endloop
  endfacet
  facet normal -0.21499 0.800027 -0.560121
    outer loop
      vertex 162.26 23.3824 95.4021
      vertex 153 23.6753 99.3747
      vertex 153 24.1677 100.078
    endloop
  endfacet
  facet normal 0 0.985681 -0.168623
    outer loop
      vertex 162.26 23.9399 96.9338
      vertex 153.01 24.7527 101.685
      vertex 162.27 23.9399 96.9338
    endloop
  endfacet
  facet normal 0 0.985681 -0.168623
    outer loop
      vertex 153.01 24.7527 101.685
      vertex 162.26 23.9399 96.9338
      vertex 153 24.7527 101.685
    endloop
  endfacet
  facet normal -0.340994 -0.53921 -0.770049
    outer loop
      vertex 162.26 -21.6644 93.6841
      vertex 153 -23.0682 98.7676
      vertex 153 -22.365 98.2752
    endloop
  endfacet
  facet normal -0.436438 0.0784135 -0.896311
    outer loop
      vertex 162.26 19.3177 93.0553
      vertex 153 19.9025 97.6154
      vertex 162.26 20.1327 93.1266
    endloop
  endfacet
  facet normal 0.349873 0.767293 0.537448
    outer loop
      vertex 162.27 23.3824 100.096
      vertex 153.01 23.6753 105.706
      vertex 162.27 22.9131 100.766
    endloop
  endfacet
  facet normal -0.215016 0.799981 -0.560178
    outer loop
      vertex 162.26 22.9131 94.7319
      vertex 153 23.6753 99.3747
      vertex 162.26 23.3824 95.4021
    endloop
  endfacet
  facet normal -0.284116 -0.677967 -0.677967
    outer loop
      vertex 153 -23.0682 98.7676
      vertex 162.26 -22.9131 94.7319
      vertex 153 -23.6753 99.3747
    endloop
  endfacet
  facet normal -0.284116 -0.677967 -0.677967
    outer loop
      vertex 162.26 -22.9131 94.7319
      vertex 153 -23.0682 98.7676
      vertex 162.26 -22.3346 94.1534
    endloop
  endfacet
  facet normal -0.416822 0.235305 -0.878004
    outer loop
      vertex 162.26 20.1327 93.1266
      vertex 153 21.5869 97.9124
      vertex 162.26 20.923 93.3384
    endloop
  endfacet
  facet normal -0.340991 0.539216 -0.770046
    outer loop
      vertex 162.26 21.6644 93.6841
      vertex 153 23.0682 98.7676
      vertex 162.26 22.3346 94.1534
    endloop
  endfacet
  facet normal -0.0479816 0.964801 -0.258566
    outer loop
      vertex 162.26 23.7281 96.1435
      vertex 153 24.7527 101.685
      vertex 162.26 23.9399 96.9338
    endloop
  endfacet
  facet normal -0.385176 0.389991 -0.836389
    outer loop
      vertex 162.26 20.923 93.3384
      vertex 153 21.5869 97.9124
      vertex 162.26 21.6644 93.6841
    endloop
  endfacet
  facet normal -0.385178 0.38998 -0.836393
    outer loop
      vertex 162.26 21.6644 93.6841
      vertex 153 21.5869 97.9124
      vertex 153 22.365 98.2752
    endloop
  endfacet
  facet normal -0.11745 -0.899993 -0.419784
    outer loop
      vertex 171.284 -22.5396 91.0704
      vertex 162.26 -23.3824 95.4021
      vertex 171.284 -22.2103 90.3644
    endloop
  endfacet
  facet normal 0.179567 0.97999 0.0858754
    outer loop
      vertex 171.294 22.8091 92.5989
      vertex 162.27 23.9399 98.5638
      vertex 171.294 22.7411 93.3749
    endloop
  endfacet
  facet normal 0.484851 0.501646 0.716429
    outer loop
      vertex 171.294 21.2127 96.0222
      vertex 162.27 21.6644 101.813
      vertex 171.294 20.5746 96.469
    endloop
  endfacet
  facet normal 0.450824 -0.6309 0.631446
    outer loop
      vertex 162.27 -22.9131 100.766
      vertex 171.294 -21.2127 96.0222
      vertex 162.27 -22.3346 101.344
    endloop
  endfacet
  facet normal 0.45075 -0.631199 0.631199
    outer loop
      vertex 171.294 -21.2127 96.0222
      vertex 162.27 -22.9131 100.766
      vertex 171.294 -21.7635 95.4714
    endloop
  endfacet
  facet normal 0.179479 -0.980019 0.0857366
    outer loop
      vertex 162.27 -23.9399 98.5638
      vertex 162.27 -24.0112 97.7488
      vertex 171.294 -22.8091 92.5989
    endloop
  endfacet
  facet normal -0.446068 0.231683 -0.864492
    outer loop
      vertex 171.284 19.1162 88.1979
      vertex 162.26 20.1327 93.1266
      vertex 162.26 20.923 93.3384
    endloop
  endfacet
  facet normal 0.342237 0.851539 0.397184
    outer loop
      vertex 171.294 22.5396 94.1273
      vertex 162.27 23.3824 100.096
      vertex 171.294 22.2103 94.8333
    endloop
  endfacet
  facet normal -0.209092 -0.801034 -0.560915
    outer loop
      vertex 171.284 -21.7635 89.7263
      vertex 162.26 -23.3824 95.4021
      vertex 162.26 -22.9131 94.7319
    endloop
  endfacet
  facet normal 0.45085 0.63089 0.631436
    outer loop
      vertex 162.27 22.3346 101.344
      vertex 171.294 21.7635 95.4714
      vertex 162.27 22.9131 100.766
    endloop
  endfacet
  facet normal 0.450723 0.631209 0.631209
    outer loop
      vertex 171.294 21.7635 95.4714
      vertex 162.27 22.3346 101.344
      vertex 171.294 21.2127 96.0222
    endloop
  endfacet
  facet normal -0.0181696 -0.965809 -0.258619
    outer loop
      vertex 171.284 -22.7411 91.8229
      vertex 162.26 -23.9399 96.9338
      vertex 171.284 -22.5396 91.0704
    endloop
  endfacet
  facet normal 0.0826146 0.992777 -0.0869959
    outer loop
      vertex 171.294 22.7411 91.8229
      vertex 162.27 23.9399 96.9338
      vertex 171.294 22.8091 92.5989
    endloop
  endfacet
  facet normal 0.499958 0.217008 0.838421
    outer loop
      vertex 162.27 20.1327 102.371
      vertex 162.27 0.815002 107.371
      vertex 171.294 0.776001 102
    endloop
  endfacet
  facet normal -0.289236 0.676884 -0.676884
    outer loop
      vertex 171.284 21.7635 89.7263
      vertex 162.26 22.3346 94.1534
      vertex 162.26 22.9131 94.7319
    endloop
  endfacet
  facet normal -0.289236 0.676884 -0.676884
    outer loop
      vertex 162.26 22.3346 94.1534
      vertex 171.284 21.7635 89.7263
      vertex 171.284 21.2127 89.1755
    endloop
  endfacet
  facet normal 0.51025 0.0750753 0.856743
    outer loop
      vertex 171.294 0.776001 102
      vertex 162.27 0.815002 107.371
      vertex 171.294 0 102.068
    endloop
  endfacet
  facet normal 0.511887 -0.222738 0.829674
    outer loop
      vertex 171.294 -0.776001 102
      vertex 162.27 -20.1327 102.371
      vertex 171.294 -1.52843 101.798
    endloop
  endfacet
  facet normal 0.484911 0.501429 0.716541
    outer loop
      vertex 162.27 22.3346 101.344
      vertex 162.27 21.6644 101.813
      vertex 171.294 21.2127 96.0222
    endloop
  endfacet
  facet normal 0.499958 -0.217008 0.838421
    outer loop
      vertex 162.27 -0.815002 107.371
      vertex 162.27 -20.1327 102.371
      vertex 171.294 -0.776001 102
    endloop
  endfacet
  facet normal 0.511641 0.222612 0.82986
    outer loop
      vertex 162.27 20.923 102.159
      vertex 162.27 20.1327 102.371
      vertex 171.294 1.52843 101.798
    endloop
  endfacet
  facet normal 0.403468 0.749434 0.52494
    outer loop
      vertex 162.27 23.3824 100.096
      vertex 162.27 22.9131 100.766
      vertex 171.294 21.7635 95.4714
    endloop
  endfacet
  facet normal -0.407824 -0.385857 -0.827523
    outer loop
      vertex 171.284 -19.8686 88.3995
      vertex 162.26 -21.6644 93.6841
      vertex 162.26 -20.923 93.3384
    endloop
  endfacet
  facet normal 0.516933 0.225149 0.825886
    outer loop
      vertex 171.294 19.8686 96.7982
      vertex 162.27 20.923 102.159
      vertex 171.294 1.52843 101.798
    endloop
  endfacet
  facet normal -0.471239 -0.0768818 -0.878649
    outer loop
      vertex 171.284 -19.1162 88.1979
      vertex 162.26 -19.3177 93.0553
      vertex 171.284 -18.3402 88.13
    endloop
  endfacet
  facet normal 0.403428 -0.749535 0.524827
    outer loop
      vertex 171.294 -21.7635 95.4714
      vertex 162.27 -23.3824 100.096
      vertex 171.294 -22.2103 94.8333
    endloop
  endfacet
  facet normal 0.484911 -0.501429 0.716541
    outer loop
      vertex 162.27 -21.6644 101.813
      vertex 162.27 -22.3346 101.344
      vertex 171.294 -21.2127 96.0222
    endloop
  endfacet
  facet normal -0.0183099 0.965752 -0.258821
    outer loop
      vertex 171.284 22.5396 91.0704
      vertex 162.26 23.7281 96.1435
      vertex 162.26 23.9399 96.9338
    endloop
  endfacet
  facet normal 0.510237 0.0746403 0.856789
    outer loop
      vertex 162.27 0.815002 107.371
      vertex 162.27 0 107.442
      vertex 171.294 0 102.068
    endloop
  endfacet
  facet normal 0.510237 -0.0746403 0.856789
    outer loop
      vertex 162.27 0 107.442
      vertex 162.27 -0.815002 107.371
      vertex 171.294 0 102.068
    endloop
  endfacet
  facet normal -0.471239 0.0768818 -0.878649
    outer loop
      vertex 171.284 18.3402 88.13
      vertex 162.26 19.3177 93.0553
      vertex 171.284 19.1162 88.1979
    endloop
  endfacet
  facet normal 0.484851 -0.501646 0.716429
    outer loop
      vertex 171.294 -20.5746 96.469
      vertex 162.27 -21.6644 101.813
      vertex 171.294 -21.2127 96.0222
    endloop
  endfacet
  facet normal -0.117392 0.900051 -0.419676
    outer loop
      vertex 171.284 22.5396 91.0704
      vertex 162.26 23.3824 95.4021
      vertex 162.26 23.7281 96.1435
    endloop
  endfacet
  facet normal 0.179567 -0.97999 0.0858754
    outer loop
      vertex 171.294 -22.7411 93.3749
      vertex 162.27 -23.9399 98.5638
      vertex 171.294 -22.8091 92.5989
    endloop
  endfacet
  facet normal 0.34206 0.851749 0.396886
    outer loop
      vertex 162.27 23.7281 99.3541
      vertex 162.27 23.3824 100.096
      vertex 171.294 22.5396 94.1273
    endloop
  endfacet
  facet normal 0.0826839 -0.992784 -0.0868534
    outer loop
      vertex 171.294 -22.8091 92.5989
      vertex 162.27 -24.0112 97.7488
      vertex 162.27 -23.9399 96.9338
    endloop
  endfacet
  facet normal -0.355667 -0.536088 -0.765579
    outer loop
      vertex 171.284 -21.2127 89.1755
      vertex 162.26 -22.3346 94.1534
      vertex 162.26 -21.6644 93.6841
    endloop
  endfacet
  facet normal -0.471239 0.0768684 -0.878649
    outer loop
      vertex 171.284 19.1162 88.1979
      vertex 162.26 19.3177 93.0553
      vertex 162.26 20.1327 93.1266
    endloop
  endfacet
  facet normal -0.0181696 0.965809 -0.258619
    outer loop
      vertex 171.284 22.5396 91.0704
      vertex 162.26 23.9399 96.9338
      vertex 171.284 22.7411 91.8229
    endloop
  endfacet
  facet normal 0.506701 0.36459 0.781235
    outer loop
      vertex 162.27 21.6644 101.813
      vertex 162.27 20.923 102.159
      vertex 171.294 19.8686 96.7982
    endloop
  endfacet
  facet normal 0.51025 -0.0750753 0.856743
    outer loop
      vertex 171.294 0 102.068
      vertex 162.27 -0.815002 107.371
      vertex 171.294 -0.776001 102
    endloop
  endfacet
  facet normal -0.0183099 -0.965752 -0.258821
    outer loop
      vertex 171.284 -22.5396 91.0704
      vertex 162.26 -23.9399 96.9338
      vertex 162.26 -23.7281 96.1435
    endloop
  endfacet
  facet normal 0.511887 0.222738 0.829674
    outer loop
      vertex 171.294 1.52843 101.798
      vertex 162.27 20.1327 102.371
      vertex 171.294 0.776001 102
    endloop
  endfacet
  facet normal -0.11745 0.899993 -0.419784
    outer loop
      vertex 171.284 22.2103 90.3644
      vertex 162.26 23.3824 95.4021
      vertex 171.284 22.5396 91.0704
    endloop
  endfacet
  facet normal -0.479086 0 -0.877768
    outer loop
      vertex 162.26 -19.3177 93.0553
      vertex 171.284 18.3402 88.13
      vertex 171.284 -18.3402 88.13
    endloop
  endfacet
  facet normal -0.479086 0 -0.877768
    outer loop
      vertex 171.284 18.3402 88.13
      vertex 162.26 -19.3177 93.0553
      vertex 162.26 19.3177 93.0553
    endloop
  endfacet
  facet normal -0.289236 -0.676884 -0.676884
    outer loop
      vertex 162.26 -22.3346 94.1534
      vertex 171.284 -21.7635 89.7263
      vertex 162.26 -22.9131 94.7319
    endloop
  endfacet
  facet normal -0.289236 -0.676884 -0.676884
    outer loop
      vertex 171.284 -21.7635 89.7263
      vertex 162.26 -22.3346 94.1534
      vertex 171.284 -21.2127 89.1755
    endloop
  endfacet
  facet normal -0.446081 -0.231636 -0.864498
    outer loop
      vertex 171.284 -19.8686 88.3995
      vertex 162.26 -20.923 93.3384
      vertex 171.284 -19.1162 88.1979
    endloop
  endfacet
  facet normal 0.0826839 0.992784 -0.0868534
    outer loop
      vertex 171.294 22.8091 92.5989
      vertex 162.27 23.9399 96.9338
      vertex 162.27 24.0112 97.7488
    endloop
  endfacet
  facet normal -0.355673 -0.536069 -0.765589
    outer loop
      vertex 171.284 -21.2127 89.1755
      vertex 162.26 -21.6644 93.6841
      vertex 171.284 -20.5746 88.7287
    endloop
  endfacet
  facet normal 0.506701 -0.36459 0.781235
    outer loop
      vertex 162.27 -20.923 102.159
      vertex 162.27 -21.6644 101.813
      vertex 171.294 -19.8686 96.7982
    endloop
  endfacet
  facet normal 0.179479 0.980019 0.0857366
    outer loop
      vertex 162.27 24.0112 97.7488
      vertex 162.27 23.9399 98.5638
      vertex 171.294 22.8091 92.5989
    endloop
  endfacet
  facet normal -0.117392 -0.900051 -0.419676
    outer loop
      vertex 171.284 -22.5396 91.0704
      vertex 162.26 -23.7281 96.1435
      vertex 162.26 -23.3824 95.4021
    endloop
  endfacet
  facet normal -0.407824 0.385857 -0.827523
    outer loop
      vertex 171.284 19.8686 88.3995
      vertex 162.26 20.923 93.3384
      vertex 162.26 21.6644 93.6841
    endloop
  endfacet
  facet normal 0.511641 -0.222612 0.82986
    outer loop
      vertex 162.27 -20.1327 102.371
      vertex 162.27 -20.923 102.159
      vertex 171.294 -1.52843 101.798
    endloop
  endfacet
  facet normal -0.209079 -0.801049 -0.560898
    outer loop
      vertex 171.284 -22.2103 90.3644
      vertex 162.26 -23.3824 95.4021
      vertex 171.284 -21.7635 89.7263
    endloop
  endfacet
  facet normal -0.407822 -0.385864 -0.827521
    outer loop
      vertex 171.284 -20.5746 88.7287
      vertex 162.26 -21.6644 93.6841
      vertex 171.284 -19.8686 88.3995
    endloop
  endfacet
  facet normal 0.516933 -0.225149 0.825886
    outer loop
      vertex 171.294 -1.52843 101.798
      vertex 162.27 -20.923 102.159
      vertex 171.294 -19.8686 96.7982
    endloop
  endfacet
  facet normal 0.506712 -0.364334 0.781347
    outer loop
      vertex 171.294 -19.8686 96.7982
      vertex 162.27 -21.6644 101.813
      vertex 171.294 -20.5746 96.469
    endloop
  endfacet
  facet normal 0.506712 0.364334 0.781347
    outer loop
      vertex 171.294 20.5746 96.469
      vertex 162.27 21.6644 101.813
      vertex 171.294 19.8686 96.7982
    endloop
  endfacet
  facet normal 0.0826146 -0.992777 -0.0869959
    outer loop
      vertex 171.294 -22.8091 92.5989
      vertex 162.27 -23.9399 96.9338
      vertex 171.294 -22.7411 91.8229
    endloop
  endfacet
  facet normal 0.403428 0.749535 0.524827
    outer loop
      vertex 171.294 22.2103 94.8333
      vertex 162.27 23.3824 100.096
      vertex 171.294 21.7635 95.4714
    endloop
  endfacet
  facet normal 0 -0.973577 -0.22836
    outer loop
      vertex 171.284 -22.7411 91.8229
      vertex 162.27 -23.9399 96.9338
      vertex 162.26 -23.9399 96.9338
    endloop
  endfacet
  facet normal 0 -0.973577 -0.22836
    outer loop
      vertex 162.27 -23.9399 96.9338
      vertex 171.284 -22.7411 91.8229
      vertex 171.294 -22.7411 91.8229
    endloop
  endfacet
  facet normal 0 0.973577 -0.22836
    outer loop
      vertex 171.284 22.7411 91.8229
      vertex 162.27 23.9399 96.9338
      vertex 171.294 22.7411 91.8229
    endloop
  endfacet
  facet normal 0 0.973577 -0.22836
    outer loop
      vertex 162.27 23.9399 96.9338
      vertex 171.284 22.7411 91.8229
      vertex 162.26 23.9399 96.9338
    endloop
  endfacet
  facet normal -0.446068 -0.231683 -0.864492
    outer loop
      vertex 171.284 -19.1162 88.1979
      vertex 162.26 -20.923 93.3384
      vertex 162.26 -20.1327 93.1266
    endloop
  endfacet
  facet normal -0.471239 -0.0768684 -0.878649
    outer loop
      vertex 171.284 -19.1162 88.1979
      vertex 162.26 -20.1327 93.1266
      vertex 162.26 -19.3177 93.0553
    endloop
  endfacet
  facet normal 0.267084 -0.930825 0.249461
    outer loop
      vertex 162.27 -23.7281 99.3541
      vertex 162.27 -23.9399 98.5638
      vertex 171.294 -22.5396 94.1273
    endloop
  endfacet
  facet normal 0.267084 0.930825 0.249461
    outer loop
      vertex 162.27 23.9399 98.5638
      vertex 162.27 23.7281 99.3541
      vertex 171.294 22.5396 94.1273
    endloop
  endfacet
  facet normal 0.267015 0.930888 0.249301
    outer loop
      vertex 171.294 22.7411 93.3749
      vertex 162.27 23.9399 98.5638
      vertex 171.294 22.5396 94.1273
    endloop
  endfacet
  facet normal -0.446081 0.231636 -0.864498
    outer loop
      vertex 171.284 19.1162 88.1979
      vertex 162.26 20.923 93.3384
      vertex 171.284 19.8686 88.3995
    endloop
  endfacet
  facet normal -0.407822 0.385864 -0.827521
    outer loop
      vertex 171.284 19.8686 88.3995
      vertex 162.26 21.6644 93.6841
      vertex 171.284 20.5746 88.7287
    endloop
  endfacet
  facet normal -0.209079 0.801049 -0.560898
    outer loop
      vertex 171.284 21.7635 89.7263
      vertex 162.26 23.3824 95.4021
      vertex 171.284 22.2103 90.3644
    endloop
  endfacet
  facet normal 0.34206 -0.851749 0.396886
    outer loop
      vertex 162.27 -23.3824 100.096
      vertex 162.27 -23.7281 99.3541
      vertex 171.294 -22.5396 94.1273
    endloop
  endfacet
  facet normal 0.403468 -0.749434 0.52494
    outer loop
      vertex 162.27 -22.9131 100.766
      vertex 162.27 -23.3824 100.096
      vertex 171.294 -21.7635 95.4714
    endloop
  endfacet
  facet normal -0.355673 0.536069 -0.765589
    outer loop
      vertex 171.284 20.5746 88.7287
      vertex 162.26 21.6644 93.6841
      vertex 171.284 21.2127 89.1755
    endloop
  endfacet
  facet normal -0.355667 0.536088 -0.765579
    outer loop
      vertex 171.284 21.2127 89.1755
      vertex 162.26 21.6644 93.6841
      vertex 162.26 22.3346 94.1534
    endloop
  endfacet
  facet normal -0.209092 0.801034 -0.560915
    outer loop
      vertex 171.284 21.7635 89.7263
      vertex 162.26 22.9131 94.7319
      vertex 162.26 23.3824 95.4021
    endloop
  endfacet
  facet normal 0.267015 -0.930888 0.249301
    outer loop
      vertex 171.294 -22.5396 94.1273
      vertex 162.27 -23.9399 98.5638
      vertex 171.294 -22.7411 93.3749
    endloop
  endfacet
  facet normal 0.342237 -0.851539 0.397184
    outer loop
      vertex 171.294 -22.2103 94.8333
      vertex 162.27 -23.3824 100.096
      vertex 171.294 -22.5396 94.1273
    endloop
  endfacet
  facet normal -0.536186 -0.0735776 -0.840887
    outer loop
      vertex 179.847 -17.9246 82.6335
      vertex 171.284 -19.1162 88.1979
      vertex 179.847 -17.1806 82.5684
    endloop
  endfacet
  facet normal 0.56614 -0.348356 0.747083
    outer loop
      vertex 171.294 -19.8686 96.7982
      vertex 171.294 -20.5746 96.469
      vertex 179.857 -19.3229 90.5636
    endloop
  endfacet
  facet normal -0.509209 -0.222746 -0.831318
    outer loop
      vertex 179.847 -18.646 82.8268
      vertex 171.284 -19.8686 88.3995
      vertex 171.284 -19.1162 88.1979
    endloop
  endfacet
  facet normal -0.467946 -0.37345 -0.800976
    outer loop
      vertex 179.847 -19.3229 83.1424
      vertex 171.284 -19.8686 88.3995
      vertex 179.847 -18.646 82.8268
    endloop
  endfacet
  facet normal -0.0214177 -0.965704 -0.258761
    outer loop
      vertex 179.847 -21.4001 86.109
      vertex 171.284 -22.5396 91.0704
      vertex 179.847 -21.2068 85.3876
    endloop
  endfacet
  facet normal 0.575432 0.228534 0.785271
    outer loop
      vertex 179.857 18.646 90.8792
      vertex 171.294 19.8686 96.7982
      vertex 179.857 1.46541 95.8792
    endloop
  endfacet
  facet normal -0.544689 0 -0.838638
    outer loop
      vertex 171.284 -18.3402 88.13
      vertex 179.847 17.1806 82.5684
      vertex 179.847 -17.1806 82.5684
    endloop
  endfacet
  facet normal -0.544689 0 -0.838638
    outer loop
      vertex 179.847 17.1806 82.5684
      vertex 171.284 -18.3402 88.13
      vertex 171.284 18.3402 88.13
    endloop
  endfacet
  facet normal 0.56614 0.348356 0.747083
    outer loop
      vertex 171.294 20.5746 96.469
      vertex 171.294 19.8686 96.7982
      vertex 179.857 19.3229 90.5636
    endloop
  endfacet
  facet normal 0.459423 -0.727578 0.509471
    outer loop
      vertex 179.857 -20.4628 89.6071
      vertex 171.294 -22.2103 94.8333
      vertex 179.857 -20.8912 88.9953
    endloop
  endfacet
  facet normal 0.556363 0.215063 0.802626
    outer loop
      vertex 179.857 1.46541 95.8792
      vertex 171.294 1.52843 101.798
      vertex 179.857 0.744003 96.0725
    endloop
  endfacet
  facet normal 0.544258 -0.481193 0.687195
    outer loop
      vertex 179.857 -19.3229 90.5636
      vertex 171.294 -21.2127 96.0222
      vertex 179.857 -19.9347 90.1352
    endloop
  endfacet
  facet normal 0.566146 -0.348327 0.747093
    outer loop
      vertex 179.857 -18.646 90.8792
      vertex 171.294 -19.8686 96.7982
      vertex 179.857 -19.3229 90.5636
    endloop
  endfacet
  facet normal -0.536186 0.0735776 -0.840887
    outer loop
      vertex 179.847 17.1806 82.5684
      vertex 171.284 18.3402 88.13
      vertex 171.284 19.1162 88.1979
    endloop
  endfacet
  facet normal 0.509211 -0.608566 0.608566
    outer loop
      vertex 171.294 -21.7635 95.4714
      vertex 179.857 -19.9347 90.1352
      vertex 171.294 -21.2127 96.0222
    endloop
  endfacet
  facet normal 0.509211 -0.608566 0.608566
    outer loop
      vertex 179.857 -19.9347 90.1352
      vertex 171.294 -21.7635 95.4714
      vertex 179.857 -20.4628 89.6071
    endloop
  endfacet
  facet normal -0.509208 0.222752 -0.831317
    outer loop
      vertex 179.847 17.9246 82.6335
      vertex 171.284 19.1162 88.1979
      vertex 179.847 18.646 82.8268
    endloop
  endfacet
  facet normal -0.509208 -0.222752 -0.831317
    outer loop
      vertex 179.847 -18.646 82.8268
      vertex 171.284 -19.1162 88.1979
      vertex 179.847 -17.9246 82.6335
    endloop
  endfacet
  facet normal 0.55593 -0.218627 0.801962
    outer loop
      vertex 171.294 -1.52843 101.798
      vertex 171.294 -19.8686 96.7982
      vertex 179.857 -1.46541 95.8792
    endloop
  endfacet
  facet normal -0.536186 -0.0735776 -0.840887
    outer loop
      vertex 179.847 -17.1806 82.5684
      vertex 171.284 -19.1162 88.1979
      vertex 171.284 -18.3402 88.13
    endloop
  endfacet
  facet normal 0.544258 0.481193 0.687195
    outer loop
      vertex 179.857 19.9347 90.1352
      vertex 171.294 21.2127 96.0222
      vertex 179.857 19.3229 90.5636
    endloop
  endfacet
  facet normal 0.210043 -0.973971 0.0852224
    outer loop
      vertex 179.857 -21.4001 87.597
      vertex 171.294 -22.8091 92.5989
      vertex 179.857 -21.4652 86.853
    endloop
  endfacet
  facet normal -0.467946 0.37345 -0.800976
    outer loop
      vertex 179.847 18.646 82.8268
      vertex 171.284 19.8686 88.3995
      vertex 179.847 19.3229 83.1424
    endloop
  endfacet
  facet normal 0.393318 -0.833222 0.38864
    outer loop
      vertex 171.294 -22.2103 94.8333
      vertex 171.294 -22.5396 94.1273
      vertex 179.857 -20.8912 88.9953
    endloop
  endfacet
  facet normal 0.55634 -0.215452 0.802538
    outer loop
      vertex 171.294 -0.776001 102
      vertex 171.294 -1.52843 101.798
      vertex 179.857 -0.744003 96.0725
    endloop
  endfacet
  facet normal 0.54426 -0.481181 0.687202
    outer loop
      vertex 171.294 -20.5746 96.469
      vertex 171.294 -21.2127 96.0222
      vertex 179.857 -19.3229 90.5636
    endloop
  endfacet
  facet normal 0.556363 -0.215063 0.802626
    outer loop
      vertex 179.857 -0.744003 96.0725
      vertex 171.294 -1.52843 101.798
      vertex 179.857 -1.46541 95.8792
    endloop
  endfacet
  facet normal 0.575432 -0.228534 0.785271
    outer loop
      vertex 179.857 -1.46541 95.8792
      vertex 171.294 -19.8686 96.7982
      vertex 179.857 -18.646 90.8792
    endloop
  endfacet
  facet normal 0 0.965925 -0.258821
    outer loop
      vertex 179.857 21.2068 85.3876
      vertex 179.847 21.4001 86.109
      vertex 179.857 21.4001 86.109
    endloop
  endfacet
  facet normal 0 0.965925 -0.258821
    outer loop
      vertex 179.847 21.4001 86.109
      vertex 179.857 21.2068 85.3876
      vertex 179.847 21.2068 85.3876
    endloop
  endfacet
  facet normal 0.566146 0.348327 0.747093
    outer loop
      vertex 179.857 19.3229 90.5636
      vertex 171.294 19.8686 96.7982
      vertex 179.857 18.646 90.8792
    endloop
  endfacet
  facet normal -0.0213196 -0.965749 -0.258602
    outer loop
      vertex 179.847 -21.4001 86.109
      vertex 171.284 -22.7411 91.8229
      vertex 171.284 -22.5396 91.0704
    endloop
  endfacet
  facet normal 0 0.973548 -0.228483
    outer loop
      vertex 179.847 21.4001 86.109
      vertex 171.294 22.7411 91.8229
      vertex 179.857 21.4001 86.109
    endloop
  endfacet
  facet normal 0 0.973548 -0.228483
    outer loop
      vertex 171.294 22.7411 91.8229
      vertex 179.847 21.4001 86.109
      vertex 171.284 22.7411 91.8229
    endloop
  endfacet
  facet normal 0.567873 -0.0718533 0.819974
    outer loop
      vertex 171.294 0 102.068
      vertex 171.294 -0.776001 102
      vertex 179.857 -0.744003 96.0725
    endloop
  endfacet
  facet normal -0.244827 0.794224 -0.556119
    outer loop
      vertex 179.847 20.4628 84.0989
      vertex 171.284 21.7635 89.7263
      vertex 171.284 22.2103 90.3644
    endloop
  endfacet
  facet normal 0.0973898 -0.991458 -0.0867526
    outer loop
      vertex 179.857 -21.4652 86.853
      vertex 171.294 -22.8091 92.5989
      vertex 179.857 -21.4001 86.109
    endloop
  endfacet
  facet normal -0.138149 0.897575 -0.418657
    outer loop
      vertex 179.847 20.8912 84.7107
      vertex 171.284 22.2103 90.3644
      vertex 171.284 22.5396 91.0704
    endloop
  endfacet
  facet normal 0.210111 0.973945 0.0853457
    outer loop
      vertex 171.294 22.8091 92.5989
      vertex 171.294 22.7411 93.3749
      vertex 179.857 21.4001 87.597
    endloop
  endfacet
  facet normal 0.210111 -0.973945 0.0853457
    outer loop
      vertex 171.294 -22.7411 93.3749
      vertex 171.294 -22.8091 92.5989
      vertex 179.857 -21.4001 87.597
    endloop
  endfacet
  facet normal -0.138149 -0.897575 -0.418657
    outer loop
      vertex 179.847 -20.8912 84.7107
      vertex 171.284 -22.5396 91.0704
      vertex 171.284 -22.2103 90.3644
    endloop
  endfacet
  facet normal 0.567883 -0.0717476 0.819976
    outer loop
      vertex 179.857 0 96.1376
      vertex 171.294 0 102.068
      vertex 179.857 -0.744003 96.0725
    endloop
  endfacet
  facet normal -0.244838 -0.794212 -0.55613
    outer loop
      vertex 179.847 -20.8912 84.7107
      vertex 171.284 -22.2103 90.3644
      vertex 179.847 -20.4628 84.0989
    endloop
  endfacet
  facet normal -0.509209 0.222746 -0.831318
    outer loop
      vertex 179.847 18.646 82.8268
      vertex 171.284 19.1162 88.1979
      vertex 171.284 19.8686 88.3995
    endloop
  endfacet
  facet normal 0.55593 0.218627 0.801962
    outer loop
      vertex 171.294 19.8686 96.7982
      vertex 171.294 1.52843 101.798
      vertex 179.857 1.46541 95.8792
    endloop
  endfacet
  facet normal -0.410777 0.522961 -0.746843
    outer loop
      vertex 179.847 19.3229 83.1424
      vertex 171.284 21.2127 89.1755
      vertex 179.847 19.9347 83.5708
    endloop
  endfacet
  facet normal 0 -0.965925 -0.258821
    outer loop
      vertex 179.847 -21.2068 85.3876
      vertex 179.857 -21.4001 86.109
      vertex 179.847 -21.4001 86.109
    endloop
  endfacet
  facet normal 0 -0.965925 -0.258821
    outer loop
      vertex 179.857 -21.4001 86.109
      vertex 179.847 -21.2068 85.3876
      vertex 179.857 -21.2068 85.3876
    endloop
  endfacet
  facet normal -0.244838 0.794212 -0.55613
    outer loop
      vertex 179.847 20.4628 84.0989
      vertex 171.284 22.2103 90.3644
      vertex 179.847 20.8912 84.7107
    endloop
  endfacet
  facet normal 0.54426 0.481181 0.687202
    outer loop
      vertex 171.294 21.2127 96.0222
      vertex 171.294 20.5746 96.469
      vertex 179.857 19.3229 90.5636
    endloop
  endfacet
  facet normal 0.309797 -0.918437 0.245966
    outer loop
      vertex 171.294 -22.5396 94.1273
      vertex 171.294 -22.7411 93.3749
      vertex 179.857 -21.4001 87.597
    endloop
  endfacet
  facet normal 0.459423 0.727578 0.509471
    outer loop
      vertex 179.857 20.8912 88.9953
      vertex 171.294 22.2103 94.8333
      vertex 179.857 20.4628 89.6071
    endloop
  endfacet
  facet normal 0.309877 -0.918379 0.246081
    outer loop
      vertex 179.857 -21.2068 88.3184
      vertex 171.294 -22.5396 94.1273
      vertex 179.857 -21.4001 87.597
    endloop
  endfacet
  facet normal 0.393263 -0.833303 0.388522
    outer loop
      vertex 179.857 -20.8912 88.9953
      vertex 171.294 -22.5396 94.1273
      vertex 179.857 -21.2068 88.3184
    endloop
  endfacet
  facet normal -0.410777 -0.522961 -0.746843
    outer loop
      vertex 179.847 -19.9347 83.5708
      vertex 171.284 -21.2127 89.1755
      vertex 179.847 -19.3229 83.1424
    endloop
  endfacet
  facet normal -0.244827 -0.794224 -0.556119
    outer loop
      vertex 179.847 -20.4628 84.0989
      vertex 171.284 -22.2103 90.3644
      vertex 171.284 -21.7635 89.7263
    endloop
  endfacet
  facet normal 0.210043 0.973971 0.0852224
    outer loop
      vertex 179.857 21.4652 86.853
      vertex 171.294 22.8091 92.5989
      vertex 179.857 21.4001 87.597
    endloop
  endfacet
  facet normal 0.309877 0.918379 0.246081
    outer loop
      vertex 179.857 21.4001 87.597
      vertex 171.294 22.5396 94.1273
      vertex 179.857 21.2068 88.3184
    endloop
  endfacet
  facet normal 0.309797 0.918437 0.245966
    outer loop
      vertex 171.294 22.7411 93.3749
      vertex 171.294 22.5396 94.1273
      vertex 179.857 21.4001 87.597
    endloop
  endfacet
  facet normal 0.55634 0.215452 0.802538
    outer loop
      vertex 171.294 1.52843 101.798
      vertex 171.294 0.776001 102
      vertex 179.857 0.744003 96.0725
    endloop
  endfacet
  facet normal 0.567873 0.0718533 0.819974
    outer loop
      vertex 171.294 0.776001 102
      vertex 171.294 0 102.068
      vertex 179.857 0.744003 96.0725
    endloop
  endfacet
  facet normal 0.0973898 0.991458 -0.0867526
    outer loop
      vertex 179.857 21.4001 86.109
      vertex 171.294 22.8091 92.5989
      vertex 179.857 21.4652 86.853
    endloop
  endfacet
  facet normal -0.410785 0.522946 -0.746849
    outer loop
      vertex 179.847 19.3229 83.1424
      vertex 171.284 20.5746 88.7287
      vertex 171.284 21.2127 89.1755
    endloop
  endfacet
  facet normal -0.467937 0.373481 -0.800966
    outer loop
      vertex 179.847 19.3229 83.1424
      vertex 171.284 19.8686 88.3995
      vertex 171.284 20.5746 88.7287
    endloop
  endfacet
  facet normal 0.459419 0.727588 0.50946
    outer loop
      vertex 171.294 22.2103 94.8333
      vertex 171.294 21.7635 95.4714
      vertex 179.857 20.4628 89.6071
    endloop
  endfacet
  facet normal 0.0972928 0.991456 -0.0868802
    outer loop
      vertex 179.857 21.4001 86.109
      vertex 171.294 22.7411 91.8229
      vertex 171.294 22.8091 92.5989
    endloop
  endfacet
  facet normal -0.0213196 0.965749 -0.258602
    outer loop
      vertex 179.847 21.4001 86.109
      vertex 171.284 22.5396 91.0704
      vertex 171.284 22.7411 91.8229
    endloop
  endfacet
  facet normal 0.567883 0.0717476 0.819976
    outer loop
      vertex 179.857 0.744003 96.0725
      vertex 171.294 0 102.068
      vertex 179.857 0 96.1376
    endloop
  endfacet
  facet normal -0.336456 0.665882 -0.665882
    outer loop
      vertex 171.284 21.2127 89.1755
      vertex 179.847 20.4628 84.0989
      vertex 179.847 19.9347 83.5708
    endloop
  endfacet
  facet normal -0.336456 0.665882 -0.665882
    outer loop
      vertex 179.847 20.4628 84.0989
      vertex 171.284 21.2127 89.1755
      vertex 171.284 21.7635 89.7263
    endloop
  endfacet
  facet normal 0.509211 0.608566 0.608566
    outer loop
      vertex 171.294 21.2127 96.0222
      vertex 179.857 20.4628 89.6071
      vertex 171.294 21.7635 95.4714
    endloop
  endfacet
  facet normal 0.509211 0.608566 0.608566
    outer loop
      vertex 179.857 20.4628 89.6071
      vertex 171.294 21.2127 96.0222
      vertex 179.857 19.9347 90.1352
    endloop
  endfacet
  facet normal -0.410785 -0.522946 -0.746849
    outer loop
      vertex 179.847 -19.3229 83.1424
      vertex 171.284 -21.2127 89.1755
      vertex 171.284 -20.5746 88.7287
    endloop
  endfacet
  facet normal -0.467937 -0.373481 -0.800966
    outer loop
      vertex 179.847 -19.3229 83.1424
      vertex 171.284 -20.5746 88.7287
      vertex 171.284 -19.8686 88.3995
    endloop
  endfacet
  facet normal 0.459419 -0.727588 0.50946
    outer loop
      vertex 171.294 -21.7635 95.4714
      vertex 171.294 -22.2103 94.8333
      vertex 179.857 -20.4628 89.6071
    endloop
  endfacet
  facet normal 0.393318 0.833222 0.38864
    outer loop
      vertex 171.294 22.5396 94.1273
      vertex 171.294 22.2103 94.8333
      vertex 179.857 20.8912 88.9953
    endloop
  endfacet
  facet normal 0.393263 0.833303 0.388522
    outer loop
      vertex 179.857 21.2068 88.3184
      vertex 171.294 22.5396 94.1273
      vertex 179.857 20.8912 88.9953
    endloop
  endfacet
  facet normal -0.138036 0.897654 -0.418525
    outer loop
      vertex 179.847 20.8912 84.7107
      vertex 171.284 22.5396 91.0704
      vertex 179.847 21.2068 85.3876
    endloop
  endfacet
  facet normal -0.336456 -0.665882 -0.665882
    outer loop
      vertex 171.284 -21.2127 89.1755
      vertex 179.847 -20.4628 84.0989
      vertex 171.284 -21.7635 89.7263
    endloop
  endfacet
  facet normal -0.336456 -0.665882 -0.665882
    outer loop
      vertex 179.847 -20.4628 84.0989
      vertex 171.284 -21.2127 89.1755
      vertex 179.847 -19.9347 83.5708
    endloop
  endfacet
  facet normal 0.0972928 -0.991456 -0.0868802
    outer loop
      vertex 179.857 -21.4001 86.109
      vertex 171.294 -22.8091 92.5989
      vertex 171.294 -22.7411 91.8229
    endloop
  endfacet
  facet normal -0.0214177 0.965704 -0.258761
    outer loop
      vertex 179.847 21.2068 85.3876
      vertex 171.284 22.5396 91.0704
      vertex 179.847 21.4001 86.109
    endloop
  endfacet
  facet normal -0.536186 0.0735776 -0.840887
    outer loop
      vertex 179.847 17.1806 82.5684
      vertex 171.284 19.1162 88.1979
      vertex 179.847 17.9246 82.6335
    endloop
  endfacet
  facet normal 0 -0.973548 -0.228483
    outer loop
      vertex 179.847 -21.4001 86.109
      vertex 171.294 -22.7411 91.8229
      vertex 171.284 -22.7411 91.8229
    endloop
  endfacet
  facet normal 0 -0.973548 -0.228483
    outer loop
      vertex 171.294 -22.7411 91.8229
      vertex 179.847 -21.4001 86.109
      vertex 179.857 -21.4001 86.109
    endloop
  endfacet
  facet normal -0.138036 -0.897654 -0.418525
    outer loop
      vertex 179.847 -21.2068 85.3876
      vertex 171.284 -22.5396 91.0704
      vertex 179.847 -20.8912 84.7107
    endloop
  endfacet
  facet normal 0.271193 -0.958861 0.0839004
    outer loop
      vertex 179.857 -21.4001 87.597
      vertex 179.857 -21.4652 86.853
      vertex 187.756 -19.6838 81.6797
    endloop
  endfacet
  facet normal 0.550027 0.216152 0.80669
    outer loop
      vertex 179.857 1.46541 95.8792
      vertex 179.857 0.744003 96.0725
      vertex 187.756 0.708221 90.6963
    endloop
  endfacet
  facet normal 0.165271 -0.982494 -0.0859682
    outer loop
      vertex 187.756 -19.6838 81.6797
      vertex 179.857 -21.4652 86.853
      vertex 179.857 -21.4001 86.109
    endloop
  endfacet
  facet normal -0.520175 -0.0744458 -0.850809
    outer loop
      vertex 187.746 -15.6053 77.6012
      vertex 179.847 -17.9246 82.6335
      vertex 179.847 -17.1806 82.5684
    endloop
  endfacet
  facet normal 0.579255 -0.248722 0.776274
    outer loop
      vertex 187.756 -1.39493 90.5123
      vertex 179.857 -18.646 90.8792
      vertex 187.756 -17.0002 85.5123
    endloop
  endfacet
  facet normal -0.283908 -0.67801 -0.67801
    outer loop
      vertex 187.746 -18.2269 78.5554
      vertex 179.847 -20.4628 84.0989
      vertex 179.847 -19.9347 83.5708
    endloop
  endfacet
  facet normal 0.560539 -0.474994 0.678363
    outer loop
      vertex 187.756 -17.6445 85.2118
      vertex 179.857 -19.3229 90.5636
      vertex 187.756 -18.2269 84.804
    endloop
  endfacet
  facet normal 0.49194 -0.713138 0.499429
    outer loop
      vertex 187.756 -18.7296 84.3013
      vertex 179.857 -20.8912 88.9953
      vertex 187.756 -19.1374 83.719
    endloop
  endfacet
  facet normal 0.561425 -0.072053 0.824385
    outer loop
      vertex 187.756 0 90.7582
      vertex 179.857 0 96.1376
      vertex 187.756 -0.708221 90.6963
    endloop
  endfacet
  facet normal 0.575569 -0.345558 0.741154
    outer loop
      vertex 179.857 -18.646 90.8792
      vertex 179.857 -19.3229 90.5636
      vertex 187.756 -17.0002 85.5123
    endloop
  endfacet
  facet normal -0.283908 0.67801 -0.67801
    outer loop
      vertex 187.746 18.2269 78.5554
      vertex 179.847 19.9347 83.5708
      vertex 179.847 20.4628 84.0989
    endloop
  endfacet
  facet normal 0.0490524 -0.964763 -0.258507
    outer loop
      vertex 187.756 -19.6219 80.9715
      vertex 179.857 -21.4001 86.109
      vertex 187.756 -19.4379 80.2848
    endloop
  endfacet
  facet normal 0.165323 -0.982494 -0.0858745
    outer loop
      vertex 187.756 -19.6838 81.6797
      vertex 179.857 -21.4001 86.109
      vertex 187.756 -19.6219 80.9715
    endloop
  endfacet
  facet normal 0.271193 0.958861 0.0839004
    outer loop
      vertex 179.857 21.4652 86.853
      vertex 179.857 21.4001 87.597
      vertex 187.756 19.6838 81.6797
    endloop
  endfacet
  facet normal -0.183142 0.805298 -0.563874
    outer loop
      vertex 187.746 18.7296 79.0581
      vertex 179.847 20.4628 84.0989
      vertex 187.746 19.1374 79.6405
    endloop
  endfacet
  facet normal 0.547848 -0.233768 0.803253
    outer loop
      vertex 179.857 -1.46541 95.8792
      vertex 179.857 -18.646 90.8792
      vertex 187.756 -1.39493 90.5123
    endloop
  endfacet
  facet normal 0.561425 0.072053 0.824385
    outer loop
      vertex 187.756 0.708221 90.6963
      vertex 179.857 0 96.1376
      vertex 187.756 0 90.7582
    endloop
  endfacet
  facet normal 0.361827 0.90048 0.241282
    outer loop
      vertex 187.756 19.6219 82.388
      vertex 179.857 21.4001 87.597
      vertex 187.756 19.4379 83.0747
    endloop
  endfacet
  facet normal -0.283908 -0.67801 -0.67801
    outer loop
      vertex 187.746 -18.7296 79.0581
      vertex 179.847 -20.4628 84.0989
      vertex 187.746 -18.2269 78.5554
    endloop
  endfacet
  facet normal 0.491926 -0.713177 0.499387
    outer loop
      vertex 179.857 -20.4628 89.6071
      vertex 179.857 -20.8912 88.9953
      vertex 187.756 -18.7296 84.3013
    endloop
  endfacet
  facet normal 0.575569 -0.345652 0.741111
    outer loop
      vertex 187.756 -17.0002 85.5123
      vertex 179.857 -19.3229 90.5636
      vertex 187.756 -17.6445 85.2118
    endloop
  endfacet
  facet normal 0.271124 -0.95889 0.0837996
    outer loop
      vertex 187.756 -19.6219 82.388
      vertex 179.857 -21.4001 87.597
      vertex 187.756 -19.6838 81.6797
    endloop
  endfacet
  facet normal 0.0490502 -0.964763 -0.258509
    outer loop
      vertex 187.756 -19.4379 80.2848
      vertex 179.857 -21.4001 86.109
      vertex 179.857 -21.2068 85.3876
    endloop
  endfacet
  facet normal 0.550027 0.216148 0.806691
    outer loop
      vertex 187.756 1.39493 90.5123
      vertex 179.857 1.46541 95.8792
      vertex 187.756 0.708221 90.6963
    endloop
  endfacet
  facet normal -0.520165 -0.074485 -0.850811
    outer loop
      vertex 187.746 -16.3135 77.6632
      vertex 179.847 -17.9246 82.6335
      vertex 187.746 -15.6053 77.6012
    endloop
  endfacet
  facet normal 0.361828 -0.900479 0.241284
    outer loop
      vertex 179.857 -21.2068 88.3184
      vertex 179.857 -21.4001 87.597
      vertex 187.756 -19.4379 83.0747
    endloop
  endfacet
  facet normal 0.435334 0.815893 0.38053
    outer loop
      vertex 187.756 19.4379 83.0747
      vertex 179.857 20.8912 88.9953
      vertex 187.756 19.1374 83.719
    endloop
  endfacet
  facet normal -0.18315 0.805288 -0.563886
    outer loop
      vertex 187.746 19.1374 79.6405
      vertex 179.847 20.4628 84.0989
      vertex 179.847 20.8912 84.7107
    endloop
  endfacet
  facet normal 0.533111 -0.598244 0.598244
    outer loop
      vertex 179.857 -20.4628 89.6071
      vertex 187.756 -18.2269 84.804
      vertex 179.857 -19.9347 90.1352
    endloop
  endfacet
  facet normal 0.533111 -0.598244 0.598244
    outer loop
      vertex 187.756 -18.2269 84.804
      vertex 179.857 -20.4628 89.6071
      vertex 187.756 -18.7296 84.3013
    endloop
  endfacet
  facet normal 0.165323 0.982494 -0.0858745
    outer loop
      vertex 187.756 19.6219 80.9715
      vertex 179.857 21.4001 86.109
      vertex 187.756 19.6838 81.6797
    endloop
  endfacet
  facet normal 0.560536 -0.475006 0.678358
    outer loop
      vertex 179.857 -19.3229 90.5636
      vertex 179.857 -19.9347 90.1352
      vertex 187.756 -18.2269 84.804
    endloop
  endfacet
  facet normal 0.271124 0.95889 0.0837996
    outer loop
      vertex 187.756 19.6838 81.6797
      vertex 179.857 21.4001 87.597
      vertex 187.756 19.6219 82.388
    endloop
  endfacet
  facet normal 0.560536 0.475006 0.678358
    outer loop
      vertex 179.857 19.9347 90.1352
      vertex 179.857 19.3229 90.5636
      vertex 187.756 18.2269 84.804
    endloop
  endfacet
  facet normal 0.550027 -0.216152 0.80669
    outer loop
      vertex 179.857 -0.744003 96.0725
      vertex 179.857 -1.46541 95.8792
      vertex 187.756 -0.708221 90.6963
    endloop
  endfacet
  facet normal -0.435154 -0.380464 -0.81602
    outer loop
      vertex 187.746 -17.0002 77.8472
      vertex 179.847 -19.3229 83.1424
      vertex 179.847 -18.646 82.8268
    endloop
  endfacet
  facet normal 0.550027 -0.216148 0.806691
    outer loop
      vertex 187.756 -0.708221 90.6963
      vertex 179.857 -1.46541 95.8792
      vertex 187.756 -1.39493 90.5123
    endloop
  endfacet
  facet normal -0.520175 0.0744458 -0.850809
    outer loop
      vertex 187.746 15.6053 77.6012
      vertex 179.847 17.1806 82.5684
      vertex 179.847 17.9246 82.6335
    endloop
  endfacet
  facet normal -0.368259 -0.533278 -0.761577
    outer loop
      vertex 187.746 -18.2269 78.5554
      vertex 179.847 -19.9347 83.5708
      vertex 179.847 -19.3229 83.1424
    endloop
  endfacet
  facet normal 0.49194 0.713138 0.499429
    outer loop
      vertex 187.756 19.1374 83.719
      vertex 179.857 20.8912 88.9953
      vertex 187.756 18.7296 84.3013
    endloop
  endfacet
  facet normal 0.561417 -0.0721333 0.824383
    outer loop
      vertex 179.857 0 96.1376
      vertex 179.857 -0.744003 96.0725
      vertex 187.756 -0.708221 90.6963
    endloop
  endfacet
  facet normal 0.165271 0.982494 -0.0859682
    outer loop
      vertex 187.756 19.6838 81.6797
      vertex 179.857 21.4001 86.109
      vertex 179.857 21.4652 86.853
    endloop
  endfacet
  facet normal -0.520165 0.074485 -0.850811
    outer loop
      vertex 187.746 15.6053 77.6012
      vertex 179.847 17.9246 82.6335
      vertex 187.746 16.3135 77.6632
    endloop
  endfacet
  facet normal -0.435155 -0.380463 -0.81602
    outer loop
      vertex 187.746 -17.6445 78.1476
      vertex 179.847 -19.3229 83.1424
      vertex 187.746 -17.0002 77.8472
    endloop
  endfacet
  facet normal 0.435279 0.815965 0.380438
    outer loop
      vertex 179.857 21.2068 88.3184
      vertex 179.857 20.8912 88.9953
      vertex 187.756 19.4379 83.0747
    endloop
  endfacet
  facet normal 0.561417 0.0721333 0.824383
    outer loop
      vertex 179.857 0.744003 96.0725
      vertex 179.857 0 96.1376
      vertex 187.756 0.708221 90.6963
    endloop
  endfacet
  facet normal -0.368259 0.533278 -0.761577
    outer loop
      vertex 187.746 18.2269 78.5554
      vertex 179.847 19.3229 83.1424
      vertex 179.847 19.9347 83.5708
    endloop
  endfacet
  facet normal 0.547848 0.233768 0.803253
    outer loop
      vertex 179.857 18.646 90.8792
      vertex 179.857 1.46541 95.8792
      vertex 187.756 1.39493 90.5123
    endloop
  endfacet
  facet normal 0.579255 0.248722 0.776274
    outer loop
      vertex 187.756 17.0002 85.5123
      vertex 179.857 18.646 90.8792
      vertex 187.756 1.39493 90.5123
    endloop
  endfacet
  facet normal 0.435334 -0.815893 0.38053
    outer loop
      vertex 187.756 -19.1374 83.719
      vertex 179.857 -20.8912 88.9953
      vertex 187.756 -19.4379 83.0747
    endloop
  endfacet
  facet normal 0.435279 -0.815965 0.380438
    outer loop
      vertex 179.857 -20.8912 88.9953
      vertex 179.857 -21.2068 88.3184
      vertex 187.756 -19.4379 83.0747
    endloop
  endfacet
  facet normal 0.361828 0.900479 0.241284
    outer loop
      vertex 179.857 21.4001 87.597
      vertex 179.857 21.2068 88.3184
      vertex 187.756 19.4379 83.0747
    endloop
  endfacet
  facet normal 0.533111 0.598244 0.598244
    outer loop
      vertex 187.756 18.2269 84.804
      vertex 179.857 20.4628 89.6071
      vertex 179.857 19.9347 90.1352
    endloop
  endfacet
  facet normal 0.533111 0.598244 0.598244
    outer loop
      vertex 179.857 20.4628 89.6071
      vertex 187.756 18.2269 84.804
      vertex 187.756 18.7296 84.3013
    endloop
  endfacet
  facet normal 0.560539 0.474994 0.678363
    outer loop
      vertex 187.756 18.2269 84.804
      vertex 179.857 19.3229 90.5636
      vertex 187.756 17.6445 85.2118
    endloop
  endfacet
  facet normal 0.361827 -0.90048 0.241282
    outer loop
      vertex 187.756 -19.4379 83.0747
      vertex 179.857 -21.4001 87.597
      vertex 187.756 -19.6219 82.388
    endloop
  endfacet
  facet normal 0 0.94484 -0.327532
    outer loop
      vertex 187.746 19.4379 80.2848
      vertex 179.857 21.2068 85.3876
      vertex 187.756 19.4379 80.2848
    endloop
  endfacet
  facet normal 0 0.94484 -0.327532
    outer loop
      vertex 179.857 21.2068 85.3876
      vertex 187.746 19.4379 80.2848
      vertex 179.847 21.2068 85.3876
    endloop
  endfacet
  facet normal -0.0698485 -0.904117 -0.421538
    outer loop
      vertex 187.746 -19.4379 80.2848
      vertex 179.847 -21.2068 85.3876
      vertex 179.847 -20.8912 84.7107
    endloop
  endfacet
  facet normal -0.183142 -0.805298 -0.563874
    outer loop
      vertex 187.746 -19.1374 79.6405
      vertex 179.847 -20.4628 84.0989
      vertex 187.746 -18.7296 79.0581
    endloop
  endfacet
  facet normal -0.18315 -0.805288 -0.563886
    outer loop
      vertex 187.746 -19.1374 79.6405
      vertex 179.847 -20.8912 84.7107
      vertex 179.847 -20.4628 84.0989
    endloop
  endfacet
  facet normal -0.532334 0 -0.846534
    outer loop
      vertex 179.847 -17.1806 82.5684
      vertex 187.746 15.6053 77.6012
      vertex 187.746 -15.6053 77.6012
    endloop
  endfacet
  facet normal -0.532334 0 -0.846534
    outer loop
      vertex 187.746 15.6053 77.6012
      vertex 179.847 -17.1806 82.5684
      vertex 179.847 17.1806 82.5684
    endloop
  endfacet
  facet normal 0.491926 0.713177 0.499387
    outer loop
      vertex 179.857 20.8912 88.9953
      vertex 179.857 20.4628 89.6071
      vertex 187.756 18.7296 84.3013
    endloop
  endfacet
  facet normal -0.485272 -0.226303 -0.844569
    outer loop
      vertex 187.746 -16.3135 77.6632
      vertex 179.847 -18.646 82.8268
      vertex 179.847 -17.9246 82.6335
    endloop
  endfacet
  facet normal 0.575569 0.345558 0.741154
    outer loop
      vertex 179.857 19.3229 90.5636
      vertex 179.857 18.646 90.8792
      vertex 187.756 17.0002 85.5123
    endloop
  endfacet
  facet normal 0 0.819153 -0.573576
    outer loop
      vertex 187.756 18.7296 79.0581
      vertex 187.746 19.1374 79.6405
      vertex 187.756 19.1374 79.6405
    endloop
  endfacet
  facet normal 0 0.819153 -0.573576
    outer loop
      vertex 187.746 19.1374 79.6405
      vertex 187.756 18.7296 79.0581
      vertex 187.746 18.7296 79.0581
    endloop
  endfacet
  facet normal 0.0490524 0.964763 -0.258507
    outer loop
      vertex 187.756 19.4379 80.2848
      vertex 179.857 21.4001 86.109
      vertex 187.756 19.6219 80.9715
    endloop
  endfacet
  facet normal -0.485272 0.226303 -0.844569
    outer loop
      vertex 187.746 16.3135 77.6632
      vertex 179.847 17.9246 82.6335
      vertex 179.847 18.646 82.8268
    endloop
  endfacet
  facet normal -0.435155 0.380463 -0.81602
    outer loop
      vertex 187.746 17.0002 77.8472
      vertex 179.847 19.3229 83.1424
      vertex 187.746 17.6445 78.1476
    endloop
  endfacet
  facet normal 0.575569 0.345652 0.741111
    outer loop
      vertex 187.756 17.6445 85.2118
      vertex 179.857 19.3229 90.5636
      vertex 187.756 17.0002 85.5123
    endloop
  endfacet
  facet normal -0.368265 0.533265 -0.761583
    outer loop
      vertex 187.746 17.6445 78.1476
      vertex 179.847 19.3229 83.1424
      vertex 187.746 18.2269 78.5554
    endloop
  endfacet
  facet normal 0 0.906277 -0.422685
    outer loop
      vertex 187.756 19.1374 79.6405
      vertex 187.746 19.4379 80.2848
      vertex 187.756 19.4379 80.2848
    endloop
  endfacet
  facet normal 0 0.906277 -0.422685
    outer loop
      vertex 187.746 19.4379 80.2848
      vertex 187.756 19.1374 79.6405
      vertex 187.746 19.1374 79.6405
    endloop
  endfacet
  facet normal 0.0490502 0.964763 -0.258509
    outer loop
      vertex 187.756 19.4379 80.2848
      vertex 179.857 21.2068 85.3876
      vertex 179.857 21.4001 86.109
    endloop
  endfacet
  facet normal 0 -0.906277 -0.422685
    outer loop
      vertex 187.746 -19.1374 79.6405
      vertex 187.756 -19.4379 80.2848
      vertex 187.746 -19.4379 80.2848
    endloop
  endfacet
  facet normal 0 -0.906277 -0.422685
    outer loop
      vertex 187.756 -19.4379 80.2848
      vertex 187.746 -19.1374 79.6405
      vertex 187.756 -19.1374 79.6405
    endloop
  endfacet
  facet normal -0.0699222 -0.904058 -0.421651
    outer loop
      vertex 187.746 -19.4379 80.2848
      vertex 179.847 -20.8912 84.7107
      vertex 187.746 -19.1374 79.6405
    endloop
  endfacet
  facet normal -0.485273 0.226301 -0.84457
    outer loop
      vertex 187.746 16.3135 77.6632
      vertex 179.847 18.646 82.8268
      vertex 187.746 17.0002 77.8472
    endloop
  endfacet
  facet normal -0.435154 0.380464 -0.81602
    outer loop
      vertex 187.746 17.0002 77.8472
      vertex 179.847 18.646 82.8268
      vertex 179.847 19.3229 83.1424
    endloop
  endfacet
  facet normal -0.485273 -0.226301 -0.84457
    outer loop
      vertex 187.746 -17.0002 77.8472
      vertex 179.847 -18.646 82.8268
      vertex 187.746 -16.3135 77.6632
    endloop
  endfacet
  facet normal -0.368265 -0.533265 -0.761583
    outer loop
      vertex 187.746 -18.2269 78.5554
      vertex 179.847 -19.3229 83.1424
      vertex 187.746 -17.6445 78.1476
    endloop
  endfacet
  facet normal -0.283908 0.67801 -0.67801
    outer loop
      vertex 187.746 18.2269 78.5554
      vertex 179.847 20.4628 84.0989
      vertex 187.746 18.7296 79.0581
    endloop
  endfacet
  facet normal -0.0699222 0.904058 -0.421651
    outer loop
      vertex 187.746 19.1374 79.6405
      vertex 179.847 20.8912 84.7107
      vertex 187.746 19.4379 80.2848
    endloop
  endfacet
  facet normal -0.0698485 0.904117 -0.421538
    outer loop
      vertex 187.746 19.4379 80.2848
      vertex 179.847 20.8912 84.7107
      vertex 179.847 21.2068 85.3876
    endloop
  endfacet
  facet normal 0 -0.94484 -0.327532
    outer loop
      vertex 187.746 -19.4379 80.2848
      vertex 179.857 -21.2068 85.3876
      vertex 179.847 -21.2068 85.3876
    endloop
  endfacet
  facet normal 0 -0.94484 -0.327532
    outer loop
      vertex 179.857 -21.2068 85.3876
      vertex 187.746 -19.4379 80.2848
      vertex 187.756 -19.4379 80.2848
    endloop
  endfacet
  facet normal 0 -0.819153 -0.573576
    outer loop
      vertex 187.746 -18.7296 79.0581
      vertex 187.756 -19.1374 79.6405
      vertex 187.746 -19.1374 79.6405
    endloop
  endfacet
  facet normal 0 -0.819153 -0.573576
    outer loop
      vertex 187.756 -19.1374 79.6405
      vertex 187.746 -18.7296 79.0581
      vertex 187.756 -18.7296 79.0581
    endloop
  endfacet
  facet normal -0.307103 -0.246321 -0.919246
    outer loop
      vertex 194.815 -13.9371 74.6648
      vertex 187.746 -16.3135 77.6632
      vertex 194.815 -13.3135 74.4977
    endloop
  endfacet
  facet normal -0.378626 -0.0807193 -0.922023
    outer loop
      vertex 194.815 -13.3135 74.4977
      vertex 187.746 -16.3135 77.6632
      vertex 187.746 -15.6053 77.6012
    endloop
  endfacet
  facet normal 0.472189 0.228145 0.851462
    outer loop
      vertex 187.756 1.39493 90.5123
      vertex 187.756 0.708221 90.6963
      vertex 194.825 1.26689 86.6264
    endloop
  endfacet
  facet normal 0.503795 -0.83439 0.223573
    outer loop
      vertex 187.756 -19.4379 83.0747
      vertex 187.756 -19.6219 82.388
      vertex 194.825 -16.151 79.4125
    endloop
  endfacet
  facet normal 0.482456 -0.076376 0.872584
    outer loop
      vertex 194.825 0 86.8498
      vertex 187.756 -0.708221 90.6963
      vertex 194.825 -0.643219 86.7935
    endloop
  endfacet
  facet normal 0.573696 -0.469705 0.671007
    outer loop
      vertex 194.825 -14.5223 81.3535
      vertex 187.756 -17.6445 85.2118
      vertex 194.825 -15.0513 80.9832
    endloop
  endfacet
  facet normal -0.408081 0 -0.912946
    outer loop
      vertex 187.746 -15.6053 77.6012
      vertex 194.815 12.6702 74.4414
      vertex 194.815 -12.6702 74.4414
    endloop
  endfacet
  facet normal -0.408081 0 -0.912946
    outer loop
      vertex 194.815 12.6702 74.4414
      vertex 187.746 -15.6053 77.6012
      vertex 187.746 15.6053 77.6012
    endloop
  endfacet
  facet normal -0.307103 0.246321 -0.919246
    outer loop
      vertex 194.815 13.3135 74.4977
      vertex 187.746 16.3135 77.6632
      vertex 194.815 13.9371 74.6648
    endloop
  endfacet
  facet normal 0.573693 -0.469799 0.670944
    outer loop
      vertex 187.756 -17.6445 85.2118
      vertex 187.756 -18.2269 84.804
      vertex 194.825 -15.0513 80.9832
    endloop
  endfacet
  facet normal 0.562102 -0.677456 0.474441
    outer loop
      vertex 187.756 -18.7296 84.3013
      vertex 187.756 -19.1374 83.719
      vertex 194.825 -15.5078 80.5266
    endloop
  endfacet
  facet normal 0.467619 -0.269709 0.841778
    outer loop
      vertex 187.756 -1.39493 90.5123
      vertex 187.756 -17.0002 85.5123
      vertex 194.825 -1.26689 86.6264
    endloop
  endfacet
  facet normal 0.503795 0.83439 0.223573
    outer loop
      vertex 187.756 19.6219 82.388
      vertex 187.756 19.4379 83.0747
      vertex 194.825 16.151 79.4125
    endloop
  endfacet
  facet normal -0.378634 -0.0806931 -0.922022
    outer loop
      vertex 194.815 -13.3135 74.4977
      vertex 187.746 -15.6053 77.6012
      vertex 194.815 -12.6702 74.4414
    endloop
  endfacet
  facet normal 0.467619 0.269709 0.841778
    outer loop
      vertex 187.756 17.0002 85.5123
      vertex 187.756 1.39493 90.5123
      vertex 194.825 1.26689 86.6264
    endloop
  endfacet
  facet normal 0.472189 -0.228145 0.851462
    outer loop
      vertex 187.756 -0.708221 90.6963
      vertex 187.756 -1.39493 90.5123
      vertex 194.825 -1.26689 86.6264
    endloop
  endfacet
  facet normal 0.482452 0.0762667 0.872596
    outer loop
      vertex 187.756 0.708221 90.6963
      vertex 187.756 0 90.7582
      vertex 194.825 0 86.8498
    endloop
  endfacet
  facet normal 0.105515 -0.81458 -0.570374
    outer loop
      vertex 194.825 -15.5078 75.7646
      vertex 187.756 -19.1374 79.6405
      vertex 187.756 -18.7296 79.0581
    endloop
  endfacet
  facet normal -0.00717191 -0.707089 -0.707089
    outer loop
      vertex 194.815 -15.5078 75.7646
      vertex 187.746 -18.2269 78.5554
      vertex 194.815 -15.0513 75.3081
    endloop
  endfacet
  facet normal 0.563065 -0.349275 0.748976
    outer loop
      vertex 194.825 -13.9371 81.6264
      vertex 187.756 -17.0002 85.5123
      vertex 194.825 -14.5223 81.3535
    endloop
  endfacet
  facet normal 0.556842 -0.304901 0.772633
    outer loop
      vertex 194.825 -1.26689 86.6264
      vertex 187.756 -17.0002 85.5123
      vertex 194.825 -13.9371 81.6264
    endloop
  endfacet
  facet normal 0.562102 0.677458 0.474438
    outer loop
      vertex 194.825 15.8782 79.9977
      vertex 187.756 19.1374 83.719
      vertex 194.825 15.5078 80.5266
    endloop
  endfacet
  facet normal -0.378626 0.0807193 -0.922023
    outer loop
      vertex 194.815 13.3135 74.4977
      vertex 187.746 15.6053 77.6012
      vertex 187.746 16.3135 77.6632
    endloop
  endfacet
  facet normal -0.219393 0.412343 -0.884217
    outer loop
      vertex 194.815 13.9371 74.6648
      vertex 187.746 17.0002 77.8472
      vertex 194.815 14.5223 74.9377
    endloop
  endfacet
  facet normal 0.212858 -0.885586 -0.41283
    outer loop
      vertex 194.825 -16.151 76.8787
      vertex 187.756 -19.4379 80.2848
      vertex 194.825 -15.8782 76.2935
    endloop
  endfacet
  facet normal 0.482452 -0.0762667 0.872596
    outer loop
      vertex 187.756 0 90.7582
      vertex 187.756 -0.708221 90.6963
      vertex 194.825 0 86.8498
    endloop
  endfacet
  facet normal 0.454259 0.887487 0.0775596
    outer loop
      vertex 187.756 19.6838 81.6797
      vertex 187.756 19.6219 82.388
      vertex 194.825 16.3744 78.1456
    endloop
  endfacet
  facet normal 0 0.573566 -0.819159
    outer loop
      vertex 194.815 14.5223 74.9377
      vertex 194.825 15.0513 75.3081
      vertex 194.825 14.5223 74.9377
    endloop
  endfacet
  facet normal 0 0.573566 -0.819159
    outer loop
      vertex 194.825 15.0513 75.3081
      vertex 194.815 14.5223 74.9377
      vertex 194.815 15.0513 75.3081
    endloop
  endfacet
  facet normal -0.00717191 0.707089 -0.707089
    outer loop
      vertex 194.815 15.5078 75.7646
      vertex 187.746 18.2269 78.5554
      vertex 187.746 18.7296 79.0581
    endloop
  endfacet
  facet normal 0.563067 0.349312 0.748957
    outer loop
      vertex 187.756 17.6445 85.2118
      vertex 187.756 17.0002 85.5123
      vertex 194.825 14.5223 81.3535
    endloop
  endfacet
  facet normal -0.307107 0.246311 -0.919248
    outer loop
      vertex 194.815 13.9371 74.6648
      vertex 187.746 16.3135 77.6632
      vertex 187.746 17.0002 77.8472
    endloop
  endfacet
  facet normal 0.38947 0.917543 -0.0801709
    outer loop
      vertex 194.825 16.3182 77.5024
      vertex 187.756 19.6219 80.9715
      vertex 194.825 16.3744 78.1456
    endloop
  endfacet
  facet normal 0 -0.714845 -0.699283
    outer loop
      vertex 194.815 -15.5078 75.7646
      vertex 187.756 -18.7296 79.0581
      vertex 187.746 -18.7296 79.0581
    endloop
  endfacet
  facet normal 0 -0.714845 -0.699283
    outer loop
      vertex 187.756 -18.7296 79.0581
      vertex 194.815 -15.5078 75.7646
      vertex 194.825 -15.5078 75.7646
    endloop
  endfacet
  facet normal -0.00717191 -0.707089 -0.707089
    outer loop
      vertex 194.815 -15.5078 75.7646
      vertex 187.746 -18.7296 79.0581
      vertex 187.746 -18.2269 78.5554
    endloop
  endfacet
  facet normal 0.563067 -0.349312 0.748957
    outer loop
      vertex 187.756 -17.0002 85.5123
      vertex 187.756 -17.6445 85.2118
      vertex 194.825 -14.5223 81.3535
    endloop
  endfacet
  facet normal 0.389461 -0.917545 -0.0801977
    outer loop
      vertex 194.825 -16.3744 78.1456
      vertex 187.756 -19.6838 81.6797
      vertex 187.756 -19.6219 80.9715
    endloop
  endfacet
  facet normal 0.308589 -0.918784 -0.246187
    outer loop
      vertex 194.825 -16.151 76.8787
      vertex 187.756 -19.6219 80.9715
      vertex 187.756 -19.4379 80.2848
    endloop
  endfacet
  facet normal 0 0.714845 -0.699283
    outer loop
      vertex 194.815 15.5078 75.7646
      vertex 187.756 18.7296 79.0581
      vertex 194.825 15.5078 75.7646
    endloop
  endfacet
  facet normal 0 0.714845 -0.699283
    outer loop
      vertex 187.756 18.7296 79.0581
      vertex 194.815 15.5078 75.7646
      vertex 187.746 18.7296 79.0581
    endloop
  endfacet
  facet normal 0.482456 0.076376 0.872584
    outer loop
      vertex 194.825 0.643219 86.7935
      vertex 187.756 0.708221 90.6963
      vertex 194.825 0 86.8498
    endloop
  endfacet
  facet normal 0.539246 -0.763287 0.355818
    outer loop
      vertex 194.825 -15.8782 79.9977
      vertex 187.756 -19.4379 83.0747
      vertex 194.825 -16.151 79.4125
    endloop
  endfacet
  facet normal -0.378634 0.0806931 -0.922022
    outer loop
      vertex 194.815 12.6702 74.4414
      vertex 187.746 15.6053 77.6012
      vertex 194.815 13.3135 74.4977
    endloop
  endfacet
  facet normal -0.219428 0.412271 -0.884242
    outer loop
      vertex 194.815 14.5223 74.9377
      vertex 187.746 17.0002 77.8472
      vertex 187.746 17.6445 78.1476
    endloop
  endfacet
  facet normal -0.117802 0.569582 -0.813449
    outer loop
      vertex 194.815 14.5223 74.9377
      vertex 187.746 17.6445 78.1476
      vertex 187.746 18.2269 78.5554
    endloop
  endfacet
  facet normal 0.38947 -0.917543 -0.0801709
    outer loop
      vertex 194.825 -16.3744 78.1456
      vertex 187.756 -19.6219 80.9715
      vertex 194.825 -16.3182 77.5024
    endloop
  endfacet
  facet normal 0.563065 0.349275 0.748976
    outer loop
      vertex 194.825 14.5223 81.3535
      vertex 187.756 17.0002 85.5123
      vertex 194.825 13.9371 81.6264
    endloop
  endfacet
  facet normal 0.556842 0.304901 0.772633
    outer loop
      vertex 194.825 13.9371 81.6264
      vertex 187.756 17.0002 85.5123
      vertex 194.825 1.26689 86.6264
    endloop
  endfacet
  facet normal -0.11781 -0.569572 -0.813455
    outer loop
      vertex 194.815 -15.0513 75.3081
      vertex 187.746 -18.2269 78.5554
      vertex 194.815 -14.5223 74.9377
    endloop
  endfacet
  facet normal 0.472192 -0.228132 0.851464
    outer loop
      vertex 194.825 -0.643219 86.7935
      vertex 187.756 -0.708221 90.6963
      vertex 194.825 -1.26689 86.6264
    endloop
  endfacet
  facet normal 0.573377 -0.579327 0.579327
    outer loop
      vertex 187.756 -18.7296 84.3013
      vertex 194.825 -15.0513 80.9832
      vertex 187.756 -18.2269 84.804
    endloop
  endfacet
  facet normal 0.573379 -0.579389 0.579262
    outer loop
      vertex 194.825 -15.0513 80.9832
      vertex 187.756 -18.7296 84.3013
      vertex 194.825 -15.5078 80.5266
    endloop
  endfacet
  facet normal 0.308589 0.918784 -0.246187
    outer loop
      vertex 194.825 16.151 76.8787
      vertex 187.756 19.4379 80.2848
      vertex 187.756 19.6219 80.9715
    endloop
  endfacet
  facet normal 0.105515 0.81458 -0.570374
    outer loop
      vertex 194.825 15.5078 75.7646
      vertex 187.756 18.7296 79.0581
      vertex 187.756 19.1374 79.6405
    endloop
  endfacet
  facet normal -0.117802 -0.569582 -0.813449
    outer loop
      vertex 194.815 -14.5223 74.9377
      vertex 187.746 -18.2269 78.5554
      vertex 187.746 -17.6445 78.1476
    endloop
  endfacet
  facet normal 0 0.707107 -0.707107
    outer loop
      vertex 194.815 15.0513 75.3081
      vertex 194.825 15.5078 75.7646
      vertex 194.825 15.0513 75.3081
    endloop
  endfacet
  facet normal 0 0.707107 -0.707107
    outer loop
      vertex 194.825 15.5078 75.7646
      vertex 194.815 15.0513 75.3081
      vertex 194.815 15.5078 75.7646
    endloop
  endfacet
  facet normal 0.105459 -0.814541 -0.57044
    outer loop
      vertex 194.825 -15.8782 76.2935
      vertex 187.756 -19.1374 79.6405
      vertex 194.825 -15.5078 75.7646
    endloop
  endfacet
  facet normal 0.212729 -0.885533 -0.41301
    outer loop
      vertex 194.825 -15.8782 76.2935
      vertex 187.756 -19.4379 80.2848
      vertex 187.756 -19.1374 79.6405
    endloop
  endfacet
  facet normal 0.308518 -0.918777 -0.246304
    outer loop
      vertex 194.825 -16.3182 77.5024
      vertex 187.756 -19.6219 80.9715
      vertex 194.825 -16.151 76.8787
    endloop
  endfacet
  facet normal 0.503816 -0.83435 0.223671
    outer loop
      vertex 194.825 -16.151 79.4125
      vertex 187.756 -19.6219 82.388
      vertex 194.825 -16.3182 78.7888
    endloop
  endfacet
  facet normal 0.539266 -0.763208 0.355958
    outer loop
      vertex 187.756 -19.1374 83.719
      vertex 187.756 -19.4379 83.0747
      vertex 194.825 -15.8782 79.9977
    endloop
  endfacet
  facet normal 0.454252 -0.887492 0.0775452
    outer loop
      vertex 194.825 -16.3182 78.7888
      vertex 187.756 -19.6219 82.388
      vertex 194.825 -16.3744 78.1456
    endloop
  endfacet
  facet normal 0 -0.707107 -0.707107
    outer loop
      vertex 194.815 -15.5078 75.7646
      vertex 194.825 -15.0513 75.3081
      vertex 194.825 -15.5078 75.7646
    endloop
  endfacet
  facet normal -0 -0.707107 -0.707107
    outer loop
      vertex 194.825 -15.0513 75.3081
      vertex 194.815 -15.5078 75.7646
      vertex 194.815 -15.0513 75.3081
    endloop
  endfacet
  facet normal 0.472192 0.228132 0.851464
    outer loop
      vertex 194.825 1.26689 86.6264
      vertex 187.756 0.708221 90.6963
      vertex 194.825 0.643219 86.7935
    endloop
  endfacet
  facet normal 0.562102 -0.677458 0.474438
    outer loop
      vertex 194.825 -15.5078 80.5266
      vertex 187.756 -19.1374 83.719
      vertex 194.825 -15.8782 79.9977
    endloop
  endfacet
  facet normal 0 -0.573566 -0.819159
    outer loop
      vertex 194.815 -15.0513 75.3081
      vertex 194.825 -14.5223 74.9377
      vertex 194.825 -15.0513 75.3081
    endloop
  endfacet
  facet normal -0 -0.573566 -0.819159
    outer loop
      vertex 194.825 -14.5223 74.9377
      vertex 194.815 -15.0513 75.3081
      vertex 194.815 -14.5223 74.9377
    endloop
  endfacet
  facet normal -0.11781 0.569572 -0.813455
    outer loop
      vertex 194.815 14.5223 74.9377
      vertex 187.746 18.2269 78.5554
      vertex 194.815 15.0513 75.3081
    endloop
  endfacet
  facet normal 0.539246 0.763287 0.355818
    outer loop
      vertex 194.825 16.151 79.4125
      vertex 187.756 19.4379 83.0747
      vertex 194.825 15.8782 79.9977
    endloop
  endfacet
  facet normal 0.454259 -0.887487 0.0775596
    outer loop
      vertex 187.756 -19.6219 82.388
      vertex 187.756 -19.6838 81.6797
      vertex 194.825 -16.3744 78.1456
    endloop
  endfacet
  facet normal -0.307107 -0.246311 -0.919248
    outer loop
      vertex 194.815 -13.9371 74.6648
      vertex 187.746 -17.0002 77.8472
      vertex 187.746 -16.3135 77.6632
    endloop
  endfacet
  facet normal -0.219428 -0.412271 -0.884242
    outer loop
      vertex 194.815 -14.5223 74.9377
      vertex 187.746 -17.6445 78.1476
      vertex 187.746 -17.0002 77.8472
    endloop
  endfacet
  facet normal -0.219393 -0.412343 -0.884217
    outer loop
      vertex 194.815 -14.5223 74.9377
      vertex 187.746 -17.0002 77.8472
      vertex 194.815 -13.9371 74.6648
    endloop
  endfacet
  facet normal 0.573693 0.469799 0.670944
    outer loop
      vertex 187.756 18.2269 84.804
      vertex 187.756 17.6445 85.2118
      vertex 194.825 15.0513 80.9832
    endloop
  endfacet
  facet normal -0.00717191 0.707089 -0.707089
    outer loop
      vertex 194.815 15.0513 75.3081
      vertex 187.746 18.2269 78.5554
      vertex 194.815 15.5078 75.7646
    endloop
  endfacet
  facet normal 0.308518 0.918777 -0.246304
    outer loop
      vertex 194.825 16.151 76.8787
      vertex 187.756 19.6219 80.9715
      vertex 194.825 16.3182 77.5024
    endloop
  endfacet
  facet normal 0.212858 0.885586 -0.41283
    outer loop
      vertex 194.825 15.8782 76.2935
      vertex 187.756 19.4379 80.2848
      vertex 194.825 16.151 76.8787
    endloop
  endfacet
  facet normal 0.573696 0.469705 0.671007
    outer loop
      vertex 194.825 15.0513 80.9832
      vertex 187.756 17.6445 85.2118
      vertex 194.825 14.5223 81.3535
    endloop
  endfacet
  facet normal 0.562102 0.677456 0.474441
    outer loop
      vertex 187.756 19.1374 83.719
      vertex 187.756 18.7296 84.3013
      vertex 194.825 15.5078 80.5266
    endloop
  endfacet
  facet normal 0.389461 0.917545 -0.0801977
    outer loop
      vertex 194.825 16.3744 78.1456
      vertex 187.756 19.6219 80.9715
      vertex 187.756 19.6838 81.6797
    endloop
  endfacet
  facet normal 0.573377 0.579327 0.579327
    outer loop
      vertex 194.825 15.0513 80.9832
      vertex 187.756 18.7296 84.3013
      vertex 187.756 18.2269 84.804
    endloop
  endfacet
  facet normal 0.573379 0.579389 0.579262
    outer loop
      vertex 187.756 18.7296 84.3013
      vertex 194.825 15.0513 80.9832
      vertex 194.825 15.5078 80.5266
    endloop
  endfacet
  facet normal 0.212729 0.885533 -0.41301
    outer loop
      vertex 194.825 15.8782 76.2935
      vertex 187.756 19.1374 79.6405
      vertex 187.756 19.4379 80.2848
    endloop
  endfacet
  facet normal 0.105459 0.814541 -0.57044
    outer loop
      vertex 194.825 15.5078 75.7646
      vertex 187.756 19.1374 79.6405
      vertex 194.825 15.8782 76.2935
    endloop
  endfacet
  facet normal 0.539266 0.763208 0.355958
    outer loop
      vertex 187.756 19.4379 83.0747
      vertex 187.756 19.1374 83.719
      vertex 194.825 15.8782 79.9977
    endloop
  endfacet
  facet normal 0.503816 0.83435 0.223671
    outer loop
      vertex 194.825 16.3182 78.7888
      vertex 187.756 19.6219 82.388
      vertex 194.825 16.151 79.4125
    endloop
  endfacet
  facet normal 0.454252 0.887492 0.0775452
    outer loop
      vertex 194.825 16.3744 78.1456
      vertex 187.756 19.6219 82.388
      vertex 194.825 16.3182 78.7888
    endloop
  endfacet
  facet normal 0.56531 -0.821747 0.0718007
    outer loop
      vertex 194.825 -16.3182 78.7888
      vertex 194.825 -16.3744 78.1456
      vertex 200.936 -12.3606 75.969
    endloop
  endfacet
  facet normal 0.588999 -0.780573 0.209254
    outer loop
      vertex 194.825 -16.151 79.4125
      vertex 194.825 -16.3182 78.7888
      vertex 200.936 -12.164 77.0841
    endloop
  endfacet
  facet normal 0.602646 -0.653655 0.457769
    outer loop
      vertex 194.825 -15.5078 80.5266
      vertex 194.825 -15.8782 79.9977
      vertex 200.936 -11.9238 77.5992
    endloop
  endfacet
  facet normal 0.528973 -0.845418 -0.0738689
    outer loop
      vertex 200.936 -12.3606 75.969
      vertex 194.825 -16.3744 78.1456
      vertex 194.825 -16.3182 77.5024
    endloop
  endfacet
  facet normal 0.478127 0.848336 -0.22742
    outer loop
      vertex 200.936 12.164 74.8539
      vertex 194.825 16.151 76.8787
      vertex 194.825 16.3182 77.5024
    endloop
  endfacet
  facet normal 0.114942 0.569838 -0.813679
    outer loop
      vertex 200.936 10.7304 73.1454
      vertex 194.825 14.5223 74.9377
      vertex 200.936 11.1959 73.4714
    endloop
  endfacet
  facet normal -0.225574 0.0849372 -0.970516
    outer loop
      vertex 200.926 9.10019 72.7086
      vertex 194.815 12.6702 74.4414
      vertex 194.815 13.3135 74.4977
    endloop
  endfacet
  facet normal 0.114891 0.569768 -0.813735
    outer loop
      vertex 200.936 11.1959 73.4714
      vertex 194.825 14.5223 74.9377
      vertex 194.825 15.0513 75.3081
    endloop
  endfacet
  facet normal 0.565365 0.821693 0.0719943
    outer loop
      vertex 200.936 12.3606 75.969
      vertex 194.825 16.3182 78.7888
      vertex 200.936 12.311 76.5351
    endloop
  endfacet
  facet normal -0.225631 0.0848528 -0.970511
    outer loop
      vertex 200.926 9.10019 72.7086
      vertex 194.815 13.3135 74.4977
      vertex 200.926 9.66635 72.7581
    endloop
  endfacet
  facet normal 0.554368 -0.400773 0.729423
    outer loop
      vertex 200.936 -1.63019 83.7925
      vertex 194.825 -14.5223 81.3535
      vertex 200.936 -10.7304 78.7925
    endloop
  endfacet
  facet normal 0.468228 -0.373447 0.800812
    outer loop
      vertex 200.936 -1.11511 84.0327
      vertex 194.825 -14.5223 81.3535
      vertex 200.936 -1.63019 83.7925
    endloop
  endfacet
  facet normal -0.00356999 0.422623 -0.906299
    outer loop
      vertex 200.926 10.2153 72.9052
      vertex 194.815 14.5223 74.9377
      vertex 200.926 10.7304 73.1454
    endloop
  endfacet
  facet normal 0.573011 -0.470028 0.671366
    outer loop
      vertex 200.936 -10.7304 78.7925
      vertex 194.825 -14.5223 81.3535
      vertex 200.936 -11.1959 78.4666
    endloop
  endfacet
  facet normal 0.478229 -0.84834 -0.227193
    outer loop
      vertex 200.936 -12.311 75.4028
      vertex 194.825 -16.3182 77.5024
      vertex 200.936 -12.164 74.8539
    endloop
  endfacet
  facet normal 0.478127 -0.848336 -0.22742
    outer loop
      vertex 200.936 -12.164 74.8539
      vertex 194.825 -16.3182 77.5024
      vertex 194.825 -16.151 76.8787
    endloop
  endfacet
  facet normal 0.384405 0.238916 0.891713
    outer loop
      vertex 194.825 1.26689 86.6264
      vertex 194.825 0.643219 86.7935
      vertex 200.936 1.11511 84.0327
    endloop
  endfacet
  facet normal 0.602646 0.653655 0.457769
    outer loop
      vertex 194.825 15.8782 79.9977
      vertex 194.825 15.5078 80.5266
      vertex 200.936 11.9238 77.5992
    endloop
  endfacet
  facet normal 0.411336 -0.826082 -0.385216
    outer loop
      vertex 200.936 -12.164 74.8539
      vertex 194.825 -15.8782 76.2935
      vertex 200.936 -11.9238 74.3388
    endloop
  endfacet
  facet normal 0.588984 -0.780645 0.209025
    outer loop
      vertex 200.936 -12.164 77.0841
      vertex 194.825 -16.3182 78.7888
      vertex 200.936 -12.311 76.5351
    endloop
  endfacet
  facet normal 0.565365 -0.821693 0.0719943
    outer loop
      vertex 200.936 -12.311 76.5351
      vertex 194.825 -16.3182 78.7888
      vertex 200.936 -12.3606 75.969
    endloop
  endfacet
  facet normal 0.528973 0.845418 -0.0738689
    outer loop
      vertex 200.936 12.3606 75.969
      vertex 194.825 16.3182 77.5024
      vertex 194.825 16.3744 78.1456
    endloop
  endfacet
  facet normal 0.392834 0.0801855 0.916107
    outer loop
      vertex 194.825 0.643219 86.7935
      vertex 194.825 0 86.8498
      vertex 200.936 0.566147 84.1798
    endloop
  endfacet
  facet normal 0.384405 -0.238916 0.891713
    outer loop
      vertex 194.825 -0.643219 86.7935
      vertex 194.825 -1.26689 86.6264
      vertex 200.936 -1.11511 84.0327
    endloop
  endfacet
  facet normal 0.593442 -0.569134 0.569134
    outer loop
      vertex 194.825 -15.0513 80.9832
      vertex 200.936 -11.5978 78.0647
      vertex 200.936 -11.1959 78.4666
    endloop
  endfacet
  facet normal 0.593445 -0.569194 0.56907
    outer loop
      vertex 200.936 -11.5978 78.0647
      vertex 194.825 -15.0513 80.9832
      vertex 194.825 -15.5078 80.5266
    endloop
  endfacet
  facet normal 0.602646 -0.653655 0.457769
    outer loop
      vertex 200.936 -11.5978 78.0647
      vertex 194.825 -15.5078 80.5266
      vertex 200.936 -11.9238 77.5992
    endloop
  endfacet
  facet normal 0.392826 0.0802596 0.916104
    outer loop
      vertex 200.936 0.566147 84.1798
      vertex 194.825 0 86.8498
      vertex 200.936 0 84.2294
    endloop
  endfacet
  facet normal 0.573011 0.470028 0.671366
    outer loop
      vertex 200.936 11.1959 78.4666
      vertex 194.825 14.5223 81.3535
      vertex 200.936 10.7304 78.7925
    endloop
  endfacet
  facet normal 0.374521 0.340361 0.86249
    outer loop
      vertex 194.825 13.9371 81.6264
      vertex 194.825 1.26689 86.6264
      vertex 200.936 1.11511 84.0327
    endloop
  endfacet
  facet normal 0.468229 0.373447 0.800811
    outer loop
      vertex 194.825 14.5223 81.3535
      vertex 194.825 13.9371 81.6264
      vertex 200.936 1.11511 84.0327
    endloop
  endfacet
  facet normal -0.225574 -0.0849372 -0.970516
    outer loop
      vertex 200.926 -9.10019 72.7086
      vertex 194.815 -13.3135 74.4977
      vertex 194.815 -12.6702 74.4414
    endloop
  endfacet
  facet normal 0.528931 -0.845427 -0.0740607
    outer loop
      vertex 200.936 -12.3606 75.969
      vertex 194.825 -16.3182 77.5024
      vertex 200.936 -12.311 75.4028
    endloop
  endfacet
  facet normal 0.573004 0.469983 0.671404
    outer loop
      vertex 194.825 15.0513 80.9832
      vertex 194.825 14.5223 81.3535
      vertex 200.936 11.1959 78.4666
    endloop
  endfacet
  facet normal 0.588999 0.780573 0.209254
    outer loop
      vertex 194.825 16.3182 78.7888
      vertex 194.825 16.151 79.4125
      vertex 200.936 12.164 77.0841
    endloop
  endfacet
  facet normal 0.227462 0.688571 -0.688571
    outer loop
      vertex 200.936 11.1959 73.4714
      vertex 194.825 15.0513 75.3081
      vertex 194.825 15.5078 75.7646
    endloop
  endfacet
  facet normal -0.225631 -0.0848528 -0.970511
    outer loop
      vertex 200.926 -9.66635 72.7581
      vertex 194.815 -13.3135 74.4977
      vertex 200.926 -9.10019 72.7086
    endloop
  endfacet
  facet normal -0.00355778 0.422637 -0.906292
    outer loop
      vertex 200.926 10.2153 72.9052
      vertex 194.815 13.9371 74.6648
      vertex 194.815 14.5223 74.9377
    endloop
  endfacet
  facet normal -0.272799 0 -0.962071
    outer loop
      vertex 194.815 -12.6702 74.4414
      vertex 200.926 9.10019 72.7086
      vertex 200.926 -9.10019 72.7086
    endloop
  endfacet
  facet normal -0.272799 0 -0.962071
    outer loop
      vertex 200.926 9.10019 72.7086
      vertex 194.815 -12.6702 74.4414
      vertex 194.815 12.6702 74.4414
    endloop
  endfacet
  facet normal 0.601186 -0.724279 0.337634
    outer loop
      vertex 194.825 -15.8782 79.9977
      vertex 194.825 -16.151 79.4125
      vertex 200.936 -12.164 77.0841
    endloop
  endfacet
  facet normal 0.601197 -0.724229 0.33772
    outer loop
      vertex 200.936 -11.9238 77.5992
      vertex 194.825 -15.8782 79.9977
      vertex 200.936 -12.164 77.0841
    endloop
  endfacet
  facet normal 0.114891 -0.569768 -0.813735
    outer loop
      vertex 200.936 -11.1959 73.4714
      vertex 194.825 -15.0513 75.3081
      vertex 194.825 -14.5223 74.9377
    endloop
  endfacet
  facet normal 0.573004 -0.469983 0.671404
    outer loop
      vertex 194.825 -14.5223 81.3535
      vertex 194.825 -15.0513 80.9832
      vertex 200.936 -11.1959 78.4666
    endloop
  endfacet
  facet normal 0.384401 0.238942 0.891708
    outer loop
      vertex 200.936 1.11511 84.0327
      vertex 194.825 0.643219 86.7935
      vertex 200.936 0.566147 84.1798
    endloop
  endfacet
  facet normal 0.56531 0.821747 0.0718007
    outer loop
      vertex 194.825 16.3744 78.1456
      vertex 194.825 16.3182 78.7888
      vertex 200.936 12.3606 75.969
    endloop
  endfacet
  facet normal 0.468229 -0.373447 0.800811
    outer loop
      vertex 194.825 -13.9371 81.6264
      vertex 194.825 -14.5223 81.3535
      vertex 200.936 -1.11511 84.0327
    endloop
  endfacet
  facet normal 0.374521 -0.340361 0.86249
    outer loop
      vertex 194.825 -1.26689 86.6264
      vertex 194.825 -13.9371 81.6264
      vertex 200.936 -1.11511 84.0327
    endloop
  endfacet
  facet normal 0.327448 0.77395 -0.542014
    outer loop
      vertex 200.936 11.9238 74.3388
      vertex 194.825 15.5078 75.7646
      vertex 194.825 15.8782 76.2935
    endloop
  endfacet
  facet normal 0.601186 0.724279 0.337634
    outer loop
      vertex 194.825 16.151 79.4125
      vertex 194.825 15.8782 79.9977
      vertex 200.936 12.164 77.0841
    endloop
  endfacet
  facet normal 0.227374 -0.6885 -0.688672
    outer loop
      vertex 200.936 -11.5978 73.8732
      vertex 194.825 -15.5078 75.7646
      vertex 200.936 -11.1959 73.4714
    endloop
  endfacet
  facet normal 0.411381 0.826112 -0.385105
    outer loop
      vertex 200.936 12.164 74.8539
      vertex 194.825 15.8782 76.2935
      vertex 194.825 16.151 76.8787
    endloop
  endfacet
  facet normal 0.411336 0.826082 -0.385216
    outer loop
      vertex 200.936 11.9238 74.3388
      vertex 194.825 15.8782 76.2935
      vertex 200.936 12.164 74.8539
    endloop
  endfacet
  facet normal 0.384401 -0.238942 0.891708
    outer loop
      vertex 200.936 -0.566147 84.1798
      vertex 194.825 -0.643219 86.7935
      vertex 200.936 -1.11511 84.0327
    endloop
  endfacet
  facet normal 0.411381 -0.826112 -0.385105
    outer loop
      vertex 200.936 -12.164 74.8539
      vertex 194.825 -16.151 76.8787
      vertex 194.825 -15.8782 76.2935
    endloop
  endfacet
  facet normal 0.327493 -0.773992 -0.541927
    outer loop
      vertex 200.936 -11.9238 74.3388
      vertex 194.825 -15.5078 75.7646
      vertex 200.936 -11.5978 73.8732
    endloop
  endfacet
  facet normal -0.119627 -0.25697 -0.958987
    outer loop
      vertex 200.926 -10.2153 72.9052
      vertex 194.815 -13.9371 74.6648
      vertex 194.815 -13.3135 74.4977
    endloop
  endfacet
  facet normal 0.554368 0.400773 0.729423
    outer loop
      vertex 200.936 10.7304 78.7925
      vertex 194.825 14.5223 81.3535
      vertex 200.936 1.63019 83.7925
    endloop
  endfacet
  facet normal 0.468228 0.373447 0.800812
    outer loop
      vertex 200.936 1.63019 83.7925
      vertex 194.825 14.5223 81.3535
      vertex 200.936 1.11511 84.0327
    endloop
  endfacet
  facet normal -0.119624 -0.256976 -0.958986
    outer loop
      vertex 200.926 -10.2153 72.9052
      vertex 194.815 -13.3135 74.4977
      vertex 200.926 -9.66635 72.7581
    endloop
  endfacet
  facet normal 0.227462 -0.688571 -0.688571
    outer loop
      vertex 200.936 -11.1959 73.4714
      vertex 194.825 -15.5078 75.7646
      vertex 194.825 -15.0513 75.3081
    endloop
  endfacet
  facet normal 0.114942 -0.569838 -0.813679
    outer loop
      vertex 200.936 -11.1959 73.4714
      vertex 194.825 -14.5223 74.9377
      vertex 200.936 -10.7304 73.1454
    endloop
  endfacet
  facet normal 0.528931 0.845427 -0.0740607
    outer loop
      vertex 200.936 12.311 75.4028
      vertex 194.825 16.3182 77.5024
      vertex 200.936 12.3606 75.969
    endloop
  endfacet
  facet normal -0.00355778 -0.422637 -0.906292
    outer loop
      vertex 200.926 -10.2153 72.9052
      vertex 194.815 -14.5223 74.9377
      vertex 194.815 -13.9371 74.6648
    endloop
  endfacet
  facet normal 0.327448 -0.77395 -0.542014
    outer loop
      vertex 200.936 -11.9238 74.3388
      vertex 194.825 -15.8782 76.2935
      vertex 194.825 -15.5078 75.7646
    endloop
  endfacet
  facet normal 0.227374 0.6885 -0.688672
    outer loop
      vertex 200.936 11.1959 73.4714
      vertex 194.825 15.5078 75.7646
      vertex 200.936 11.5978 73.8732
    endloop
  endfacet
  facet normal 0.392834 -0.0801855 0.916107
    outer loop
      vertex 194.825 0 86.8498
      vertex 194.825 -0.643219 86.7935
      vertex 200.936 -0.566147 84.1798
    endloop
  endfacet
  facet normal 0.392826 -0.0802596 0.916104
    outer loop
      vertex 200.936 0 84.2294
      vertex 194.825 0 86.8498
      vertex 200.936 -0.566147 84.1798
    endloop
  endfacet
  facet normal 0.601197 0.724229 0.33772
    outer loop
      vertex 200.936 12.164 77.0841
      vertex 194.825 15.8782 79.9977
      vertex 200.936 11.9238 77.5992
    endloop
  endfacet
  facet normal 0.327493 0.773992 -0.541927
    outer loop
      vertex 200.936 11.5978 73.8732
      vertex 194.825 15.5078 75.7646
      vertex 200.936 11.9238 74.3388
    endloop
  endfacet
  facet normal 0.478229 0.84834 -0.227193
    outer loop
      vertex 200.936 12.164 74.8539
      vertex 194.825 16.3182 77.5024
      vertex 200.936 12.311 75.4028
    endloop
  endfacet
  facet normal -0.119627 0.25697 -0.958987
    outer loop
      vertex 200.926 10.2153 72.9052
      vertex 194.815 13.3135 74.4977
      vertex 194.815 13.9371 74.6648
    endloop
  endfacet
  facet normal 0 0.427334 -0.904094
    outer loop
      vertex 200.926 10.7304 73.1454
      vertex 194.825 14.5223 74.9377
      vertex 200.936 10.7304 73.1454
    endloop
  endfacet
  facet normal 0 0.427334 -0.904094
    outer loop
      vertex 194.825 14.5223 74.9377
      vertex 200.926 10.7304 73.1454
      vertex 194.815 14.5223 74.9377
    endloop
  endfacet
  facet normal 0 -0.427334 -0.904094
    outer loop
      vertex 194.825 -14.5223 74.9377
      vertex 200.926 -10.7304 73.1454
      vertex 200.936 -10.7304 73.1454
    endloop
  endfacet
  facet normal 0 -0.427334 -0.904094
    outer loop
      vertex 200.926 -10.7304 73.1454
      vertex 194.825 -14.5223 74.9377
      vertex 194.815 -14.5223 74.9377
    endloop
  endfacet
  facet normal -0.00356999 -0.422623 -0.906299
    outer loop
      vertex 200.926 -10.7304 73.1454
      vertex 194.815 -14.5223 74.9377
      vertex 200.926 -10.2153 72.9052
    endloop
  endfacet
  facet normal 0.602646 0.653655 0.457769
    outer loop
      vertex 200.936 11.9238 77.5992
      vertex 194.825 15.5078 80.5266
      vertex 200.936 11.5978 78.0647
    endloop
  endfacet
  facet normal 0.593445 0.569194 0.56907
    outer loop
      vertex 194.825 15.0513 80.9832
      vertex 200.936 11.5978 78.0647
      vertex 194.825 15.5078 80.5266
    endloop
  endfacet
  facet normal 0.593442 0.569134 0.569134
    outer loop
      vertex 200.936 11.5978 78.0647
      vertex 194.825 15.0513 80.9832
      vertex 200.936 11.1959 78.4666
    endloop
  endfacet
  facet normal 0.588984 0.780645 0.209025
    outer loop
      vertex 200.936 12.311 76.5351
      vertex 194.825 16.3182 78.7888
      vertex 200.936 12.164 77.0841
    endloop
  endfacet
  facet normal -0.119624 0.256976 -0.958986
    outer loop
      vertex 200.926 9.66635 72.7581
      vertex 194.815 13.3135 74.4977
      vertex 200.926 10.2153 72.9052
    endloop
  endfacet
  facet normal -0.133461 0.256519 -0.957281
    outer loop
      vertex 206 7.52094 71.4758
      vertex 200.926 9.66635 72.7581
      vertex 200.926 10.2153 72.9052
    endloop
  endfacet
  facet normal -0.133517 0.256424 -0.957298
    outer loop
      vertex 206 7.52094 71.4758
      vertex 200.926 10.2153 72.9052
      vertex 206 8.02605 71.6111
    endloop
  endfacet
  facet normal 0.491343 0.713415 0.499621
    outer loop
      vertex 200.936 11.9238 77.5992
      vertex 200.936 11.5978 78.0647
      vertex 206.01 9.29813 76.3585
    endloop
  endfacet
  facet normal 0.484888 -0.792648 0.369585
    outer loop
      vertex 206.01 -9.59807 75.9302
      vertex 200.936 -11.9238 77.5992
      vertex 206.01 -9.81908 75.4562
    endloop
  endfacet
  facet normal -0.210101 -0.0852543 -0.973955
    outer loop
      vertex 206 -7.52094 71.4758
      vertex 200.926 -9.10019 72.7086
      vertex 206 -7 71.4302
    endloop
  endfacet
  facet normal 0.467903 0.853666 0.228737
    outer loop
      vertex 206.01 9.95442 74.9511
      vertex 200.936 12.164 77.0841
      vertex 206.01 9.81908 75.4562
    endloop
  endfacet
  facet normal 0.211373 0.800669 -0.56058
    outer loop
      vertex 206.01 9.29813 72.5018
      vertex 200.936 11.9238 74.3388
      vertex 206.01 9.59807 72.9302
    endloop
  endfacet
  facet normal 0.302267 -0.459016 0.835428
    outer loop
      vertex 200.936 -1.63019 83.7925
      vertex 200.936 -10.7304 78.7925
      vertex 206.01 -1.5 82.0282
    endloop
  endfacet
  facet normal -0.210133 0.0851542 -0.973957
    outer loop
      vertex 206 7.52094 71.4758
      vertex 200.926 9.10019 72.7086
      vertex 200.926 9.66635 72.7581
    endloop
  endfacet
  facet normal 0 -0.507393 -0.861715
    outer loop
      vertex 200.936 -10.7304 73.1454
      vertex 206 -8.5 71.8321
      vertex 206.01 -8.5 71.8321
    endloop
  endfacet
  facet normal 0 -0.507393 -0.861715
    outer loop
      vertex 206 -8.5 71.8321
      vertex 200.936 -10.7304 73.1454
      vertex 200.926 -10.7304 73.1454
    endloop
  endfacet
  facet normal 0.211373 -0.800669 -0.56058
    outer loop
      vertex 206.01 -9.59807 72.9302
      vertex 200.936 -11.9238 74.3388
      vertex 206.01 -9.29813 72.5018
    endloop
  endfacet
  facet normal 0.33307 0.0822922 0.939304
    outer loop
      vertex 200.936 0.566147 84.1798
      vertex 200.936 0 84.2294
      vertex 206.01 0 82.4302
    endloop
  endfacet
  facet normal 0.467868 -0.853724 0.228593
    outer loop
      vertex 200.936 -12.164 77.0841
      vertex 200.936 -12.311 76.5351
      vertex 206.01 -9.95442 74.9511
    endloop
  endfacet
  facet normal 0.40046 -0.912828 -0.0798593
    outer loop
      vertex 206.01 -10 74.4302
      vertex 200.936 -12.3606 75.969
      vertex 206.01 -9.95442 73.9092
    endloop
  endfacet
  facet normal -0.0487525 0.422106 -0.905235
    outer loop
      vertex 206 8.02605 71.6111
      vertex 200.926 10.2153 72.9052
      vertex 206 8.5 71.8321
    endloop
  endfacet
  facet normal 0.40046 0.912828 -0.0798593
    outer loop
      vertex 206.01 9.95442 73.9092
      vertex 200.936 12.3606 75.969
      vertex 206.01 10 74.4302
    endloop
  endfacet
  facet normal 0.325334 0.244663 0.913399
    outer loop
      vertex 206.01 1.02605 82.2493
      vertex 200.936 1.11511 84.0327
      vertex 206.01 0.520935 82.3846
    endloop
  endfacet
  facet normal 0.474146 -0.511749 0.716449
    outer loop
      vertex 206.01 -1.92836 81.7283
      vertex 200.936 -11.1959 78.4666
      vertex 206.01 -8.92836 76.7283
    endloop
  endfacet
  facet normal 0.128215 -0.701183 -0.701358
    outer loop
      vertex 206.01 -8.92836 72.132
      vertex 200.936 -11.5978 73.8732
      vertex 200.936 -11.1959 73.4714
    endloop
  endfacet
  facet normal 0.467868 0.853724 0.228593
    outer loop
      vertex 200.936 12.311 76.5351
      vertex 200.936 12.164 77.0841
      vertex 206.01 9.95442 74.9511
    endloop
  endfacet
  facet normal 0 0.422608 -0.906313
    outer loop
      vertex 206 8.02605 71.6111
      vertex 206.01 8.5 71.8321
      vertex 206.01 8.02605 71.6111
    endloop
  endfacet
  facet normal 0 0.422608 -0.906313
    outer loop
      vertex 206.01 8.5 71.8321
      vertex 206 8.02605 71.6111
      vertex 206 8.5 71.8321
    endloop
  endfacet
  facet normal 0.0400284 0.573064 -0.818532
    outer loop
      vertex 206.01 8.5 71.8321
      vertex 200.936 11.1959 73.4714
      vertex 206.01 8.92836 72.132
    endloop
  endfacet
  facet normal 0.285653 0.868526 -0.405049
    outer loop
      vertex 206.01 9.59807 72.9302
      vertex 200.936 11.9238 74.3388
      vertex 206.01 9.81908 73.4041
    endloop
  endfacet
  facet normal 0.285653 -0.868526 -0.405049
    outer loop
      vertex 206.01 -9.81908 73.4041
      vertex 200.936 -11.9238 74.3388
      vertex 206.01 -9.59807 72.9302
    endloop
  endfacet
  facet normal 1 0 0
    outer loop
      vertex 206.01 9.95442 74.9511
      vertex 206.01 9.95442 73.9092
      vertex 206.01 10 74.4302
    endloop
  endfacet
  facet normal 1 0 0
    outer loop
      vertex 206.01 9.81908 75.4562
      vertex 206.01 9.95442 73.9092
      vertex 206.01 9.95442 74.9511
    endloop
  endfacet
  facet normal 1 0 0
    outer loop
      vertex 206.01 9.81908 75.4562
      vertex 206.01 9.81908 73.4041
      vertex 206.01 9.95442 73.9092
    endloop
  endfacet
  facet normal 1 0 0
    outer loop
      vertex 206.01 9.59807 75.9302
      vertex 206.01 9.81908 73.4041
      vertex 206.01 9.81908 75.4562
    endloop
  endfacet
  facet normal 1 0 0
    outer loop
      vertex 206.01 9.59807 75.9302
      vertex 206.01 9.59807 72.9302
      vertex 206.01 9.81908 73.4041
    endloop
  endfacet
  facet normal 1 0 0
    outer loop
      vertex 206.01 9.29813 76.3585
      vertex 206.01 9.59807 72.9302
      vertex 206.01 9.59807 75.9302
    endloop
  endfacet
  facet normal 1 0 0
    outer loop
      vertex 206.01 9.29813 76.3585
      vertex 206.01 9.29813 72.5018
      vertex 206.01 9.59807 72.9302
    endloop
  endfacet
  facet normal 1 0 0
    outer loop
      vertex 206.01 8.92836 76.7283
      vertex 206.01 9.29813 72.5018
      vertex 206.01 9.29813 76.3585
    endloop
  endfacet
  facet normal 1 0 0
    outer loop
      vertex 206.01 8.92836 76.7283
      vertex 206.01 8.92836 72.132
      vertex 206.01 9.29813 72.5018
    endloop
  endfacet
  facet normal 1 0 0
    outer loop
      vertex 206.01 8.92836 76.7283
      vertex 206.01 8.5 71.8321
      vertex 206.01 8.92836 72.132
    endloop
  endfacet
  facet normal 1 0 0
    outer loop
      vertex 206.01 8.92836 76.7283
      vertex 206.01 8.02605 71.6111
      vertex 206.01 8.5 71.8321
    endloop
  endfacet
  facet normal 1 0 0
    outer loop
      vertex 206.01 8.92836 76.7283
      vertex 206.01 7.52094 71.4758
      vertex 206.01 8.02605 71.6111
    endloop
  endfacet
  facet normal 1 0 0
    outer loop
      vertex 206.01 8.92836 76.7283
      vertex 206.01 7 71.4302
      vertex 206.01 7.52094 71.4758
    endloop
  endfacet
  facet normal 1 0 0
    outer loop
      vertex 206.01 1.92836 81.7283
      vertex 206.01 7 71.4302
      vertex 206.01 8.92836 76.7283
    endloop
  endfacet
  facet normal 1 0 0
    outer loop
      vertex 206.01 -1.92836 81.7283
      vertex 206.01 1.92836 81.7283
      vertex 206.01 1.5 82.0282
    endloop
  endfacet
  facet normal 1 0 0
    outer loop
      vertex 206.01 -1.92836 81.7283
      vertex 206.01 1.5 82.0282
      vertex 206.01 1.02605 82.2493
    endloop
  endfacet
  facet normal 1 0 0
    outer loop
      vertex 206.01 -1.92836 81.7283
      vertex 206.01 1.02605 82.2493
      vertex 206.01 0.520935 82.3846
    endloop
  endfacet
  facet normal 1 0 0
    outer loop
      vertex 206.01 -1.92836 81.7283
      vertex 206.01 0.520935 82.3846
      vertex 206.01 0 82.4302
    endloop
  endfacet
  facet normal 1 0 0
    outer loop
      vertex 206.01 -1.92836 81.7283
      vertex 206.01 0 82.4302
      vertex 206.01 -0.520935 82.3846
    endloop
  endfacet
  facet normal 1 0 0
    outer loop
      vertex 206.01 -1.92836 81.7283
      vertex 206.01 -0.520935 82.3846
      vertex 206.01 -1.02605 82.2493
    endloop
  endfacet
  facet normal 1 0 0
    outer loop
      vertex 206.01 -1.92836 81.7283
      vertex 206.01 -1.02605 82.2493
      vertex 206.01 -1.5 82.0282
    endloop
  endfacet
  facet normal 1 0 0
    outer loop
      vertex 206.01 1.92836 81.7283
      vertex 206.01 -1.92836 81.7283
      vertex 206.01 7 71.4302
    endloop
  endfacet
  facet normal 1 0 0
    outer loop
      vertex 206.01 -1.92836 81.7283
      vertex 206.01 -7 71.4302
      vertex 206.01 7 71.4302
    endloop
  endfacet
  facet normal 1 -0 0
    outer loop
      vertex 206.01 -8.92836 76.7283
      vertex 206.01 -7 71.4302
      vertex 206.01 -1.92836 81.7283
    endloop
  endfacet
  facet normal 1 0 0
    outer loop
      vertex 206.01 -7 71.4302
      vertex 206.01 -8.92836 76.7283
      vertex 206.01 -7.52094 71.4758
    endloop
  endfacet
  facet normal 1 0 0
    outer loop
      vertex 206.01 -7.52094 71.4758
      vertex 206.01 -8.92836 76.7283
      vertex 206.01 -8.02605 71.6111
    endloop
  endfacet
  facet normal 1 0 0
    outer loop
      vertex 206.01 -8.02605 71.6111
      vertex 206.01 -8.92836 76.7283
      vertex 206.01 -8.5 71.8321
    endloop
  endfacet
  facet normal 1 0 0
    outer loop
      vertex 206.01 -8.92836 76.7283
      vertex 206.01 -8.92836 72.132
      vertex 206.01 -8.5 71.8321
    endloop
  endfacet
  facet normal 1 -0 0
    outer loop
      vertex 206.01 -9.29813 76.3585
      vertex 206.01 -8.92836 72.132
      vertex 206.01 -8.92836 76.7283
    endloop
  endfacet
  facet normal 1 0 0
    outer loop
      vertex 206.01 -9.29813 76.3585
      vertex 206.01 -9.29813 72.5018
      vertex 206.01 -8.92836 72.132
    endloop
  endfacet
  facet normal 1 -0 0
    outer loop
      vertex 206.01 -9.59807 75.9302
      vertex 206.01 -9.29813 72.5018
      vertex 206.01 -9.29813 76.3585
    endloop
  endfacet
  facet normal 1 0 0
    outer loop
      vertex 206.01 -9.59807 75.9302
      vertex 206.01 -9.59807 72.9302
      vertex 206.01 -9.29813 72.5018
    endloop
  endfacet
  facet normal 1 -0 0
    outer loop
      vertex 206.01 -9.81908 75.4562
      vertex 206.01 -9.59807 72.9302
      vertex 206.01 -9.59807 75.9302
    endloop
  endfacet
  facet normal 1 0 0
    outer loop
      vertex 206.01 -9.81908 75.4562
      vertex 206.01 -9.81908 73.4041
      vertex 206.01 -9.59807 72.9302
    endloop
  endfacet
  facet normal 1 -0 0
    outer loop
      vertex 206.01 -9.95442 74.9511
      vertex 206.01 -9.81908 73.4041
      vertex 206.01 -9.81908 75.4562
    endloop
  endfacet
  facet normal 1 0 0
    outer loop
      vertex 206.01 -9.95442 74.9511
      vertex 206.01 -9.95442 73.9092
      vertex 206.01 -9.81908 73.4041
    endloop
  endfacet
  facet normal 1 0 -0
    outer loop
      vertex 206.01 -9.95442 73.9092
      vertex 206.01 -9.95442 74.9511
      vertex 206.01 -10 74.4302
    endloop
  endfacet
  facet normal 0.474146 0.511749 0.716449
    outer loop
      vertex 206.01 8.92836 76.7283
      vertex 200.936 11.1959 78.4666
      vertex 206.01 1.92836 81.7283
    endloop
  endfacet
  facet normal 0.439956 -0.894592 0.0783815
    outer loop
      vertex 200.936 -12.311 76.5351
      vertex 200.936 -12.3606 75.969
      vertex 206.01 -9.95442 74.9511
    endloop
  endfacet
  facet normal 0 0 -1
    outer loop
      vertex 206 -7 71.4302
      vertex 206.01 7 71.4302
      vertex 206.01 -7 71.4302
    endloop
  endfacet
  facet normal -0 0 -1
    outer loop
      vertex 206.01 7 71.4302
      vertex 206 -7 71.4302
      vertex 206 7 71.4302
    endloop
  endfacet
  facet normal 0.491343 -0.713415 0.499621
    outer loop
      vertex 200.936 -11.5978 78.0647
      vertex 200.936 -11.9238 77.5992
      vertex 206.01 -9.29813 76.3585
    endloop
  endfacet
  facet normal 0.285665 0.868538 -0.405014
    outer loop
      vertex 206.01 9.81908 73.4041
      vertex 200.936 11.9238 74.3388
      vertex 200.936 12.164 74.8539
    endloop
  endfacet
  facet normal 0.285665 -0.868538 -0.405014
    outer loop
      vertex 206.01 -9.81908 73.4041
      vertex 200.936 -12.164 74.8539
      vertex 200.936 -11.9238 74.3388
    endloop
  endfacet
  facet normal -0.0487449 -0.422123 -0.905227
    outer loop
      vertex 206 -8.5 71.8321
      vertex 200.926 -10.7304 73.1454
      vertex 200.926 -10.2153 72.9052
    endloop
  endfacet
  facet normal 0.309926 -0.401828 0.861673
    outer loop
      vertex 200.936 -1.11511 84.0327
      vertex 200.936 -1.63019 83.7925
      vertex 206.01 -1.5 82.0282
    endloop
  endfacet
  facet normal 0.467903 -0.853666 0.228737
    outer loop
      vertex 206.01 -9.81908 75.4562
      vertex 200.936 -12.164 77.0841
      vertex 206.01 -9.95442 74.9511
    endloop
  endfacet
  facet normal 0.309898 0.401952 0.861625
    outer loop
      vertex 206.01 1.5 82.0282
      vertex 200.936 1.11511 84.0327
      vertex 206.01 1.02605 82.2493
    endloop
  endfacet
  facet normal 0.325336 -0.244748 0.913375
    outer loop
      vertex 200.936 -0.566147 84.1798
      vertex 200.936 -1.11511 84.0327
      vertex 206.01 -0.520935 82.3846
    endloop
  endfacet
  facet normal 0.40042 0.912836 -0.0799658
    outer loop
      vertex 206.01 9.95442 73.9092
      vertex 200.936 12.311 75.4028
      vertex 200.936 12.3606 75.969
    endloop
  endfacet
  facet normal 0.349055 0.905203 -0.242421
    outer loop
      vertex 206.01 9.95442 73.9092
      vertex 200.936 12.164 74.8539
      vertex 200.936 12.311 75.4028
    endloop
  endfacet
  facet normal 0 0.258741 -0.965947
    outer loop
      vertex 206 7.52094 71.4758
      vertex 206.01 8.02605 71.6111
      vertex 206.01 7.52094 71.4758
    endloop
  endfacet
  facet normal 0 0.258741 -0.965947
    outer loop
      vertex 206.01 8.02605 71.6111
      vertex 206 7.52094 71.4758
      vertex 206 8.02605 71.6111
    endloop
  endfacet
  facet normal 0.333065 0.0822226 0.939312
    outer loop
      vertex 206.01 0.520935 82.3846
      vertex 200.936 0.566147 84.1798
      vertex 206.01 0 82.4302
    endloop
  endfacet
  facet normal 0 0.507393 -0.861715
    outer loop
      vertex 206 8.5 71.8321
      vertex 200.936 10.7304 73.1454
      vertex 206.01 8.5 71.8321
    endloop
  endfacet
  facet normal 0 0.507393 -0.861715
    outer loop
      vertex 200.936 10.7304 73.1454
      vertex 206 8.5 71.8321
      vertex 200.926 10.7304 73.1454
    endloop
  endfacet
  facet normal 0.33307 -0.0822922 0.939304
    outer loop
      vertex 200.936 0 84.2294
      vertex 200.936 -0.566147 84.1798
      vertex 206.01 0 82.4302
    endloop
  endfacet
  facet normal 0.487439 0.617415 0.617415
    outer loop
      vertex 206.01 8.92836 76.7283
      vertex 200.936 11.5978 78.0647
      vertex 200.936 11.1959 78.4666
    endloop
  endfacet
  facet normal 0.487444 0.617438 0.617388
    outer loop
      vertex 200.936 11.5978 78.0647
      vertex 206.01 8.92836 76.7283
      vertex 206.01 9.29813 76.3585
    endloop
  endfacet
  facet normal 0.462003 0.508646 0.726521
    outer loop
      vertex 206.01 1.92836 81.7283
      vertex 200.936 11.1959 78.4666
      vertex 206.01 1.5 82.0282
    endloop
  endfacet
  facet normal 0.0401157 -0.573178 -0.818449
    outer loop
      vertex 206.01 -8.5 71.8321
      vertex 200.936 -11.1959 73.4714
      vertex 200.936 -10.7304 73.1454
    endloop
  endfacet
  facet normal 0.462003 -0.508646 0.726521
    outer loop
      vertex 206.01 -1.5 82.0282
      vertex 200.936 -11.1959 78.4666
      vertex 206.01 -1.92836 81.7283
    endloop
  endfacet
  facet normal 0.439956 0.894592 0.0783815
    outer loop
      vertex 200.936 12.3606 75.969
      vertex 200.936 12.311 76.5351
      vertex 206.01 9.95442 74.9511
    endloop
  endfacet
  facet normal 0.128215 0.701183 -0.701358
    outer loop
      vertex 206.01 8.92836 72.132
      vertex 200.936 11.1959 73.4714
      vertex 200.936 11.5978 73.8732
    endloop
  endfacet
  facet normal 0.439943 -0.894608 0.0782803
    outer loop
      vertex 206.01 -9.95442 74.9511
      vertex 200.936 -12.3606 75.969
      vertex 206.01 -10 74.4302
    endloop
  endfacet
  facet normal 0.484894 -0.792629 0.369617
    outer loop
      vertex 200.936 -11.9238 77.5992
      vertex 200.936 -12.164 77.0841
      vertex 206.01 -9.81908 75.4562
    endloop
  endfacet
  facet normal 0.309898 -0.401952 0.861625
    outer loop
      vertex 206.01 -1.02605 82.2493
      vertex 200.936 -1.11511 84.0327
      vertex 206.01 -1.5 82.0282
    endloop
  endfacet
  facet normal 0.325334 -0.244663 0.913399
    outer loop
      vertex 206.01 -0.520935 82.3846
      vertex 200.936 -1.11511 84.0327
      vertex 206.01 -1.02605 82.2493
    endloop
  endfacet
  facet normal 0.461999 -0.508645 0.726524
    outer loop
      vertex 200.936 -10.7304 78.7925
      vertex 200.936 -11.1959 78.4666
      vertex 206.01 -1.5 82.0282
    endloop
  endfacet
  facet normal 0.333065 -0.0822226 0.939312
    outer loop
      vertex 206.01 0 82.4302
      vertex 200.936 -0.566147 84.1798
      vertex 206.01 -0.520935 82.3846
    endloop
  endfacet
  facet normal 0.484894 0.792629 0.369617
    outer loop
      vertex 200.936 12.164 77.0841
      vertex 200.936 11.9238 77.5992
      vertex 206.01 9.81908 75.4562
    endloop
  endfacet
  facet normal 0.128314 -0.70129 -0.701233
    outer loop
      vertex 206.01 -9.29813 72.5018
      vertex 200.936 -11.5978 73.8732
      vertex 206.01 -8.92836 72.132
    endloop
  endfacet
  facet normal 0 0.0872006 -0.996191
    outer loop
      vertex 206 7 71.4302
      vertex 206.01 7.52094 71.4758
      vertex 206.01 7 71.4302
    endloop
  endfacet
  facet normal 0 0.0872006 -0.996191
    outer loop
      vertex 206.01 7.52094 71.4758
      vertex 206 7 71.4302
      vertex 206 7.52094 71.4758
    endloop
  endfacet
  facet normal 0.349024 -0.905183 -0.242541
    outer loop
      vertex 206.01 -9.95442 73.9092
      vertex 200.936 -12.164 74.8539
      vertex 206.01 -9.81908 73.4041
    endloop
  endfacet
  facet normal -0.0487449 0.422123 -0.905227
    outer loop
      vertex 206 8.5 71.8321
      vertex 200.926 10.2153 72.9052
      vertex 200.926 10.7304 73.1454
    endloop
  endfacet
  facet normal 0.302267 0.459016 0.835428
    outer loop
      vertex 200.936 10.7304 78.7925
      vertex 200.936 1.63019 83.7925
      vertex 206.01 1.5 82.0282
    endloop
  endfacet
  facet normal 0.461999 0.508645 0.726524
    outer loop
      vertex 200.936 11.1959 78.4666
      vertex 200.936 10.7304 78.7925
      vertex 206.01 1.5 82.0282
    endloop
  endfacet
  facet normal 0.349024 0.905183 -0.242541
    outer loop
      vertex 206.01 9.81908 73.4041
      vertex 200.936 12.164 74.8539
      vertex 206.01 9.95442 73.9092
    endloop
  endfacet
  facet normal -0.133461 -0.256519 -0.957281
    outer loop
      vertex 206 -7.52094 71.4758
      vertex 200.926 -10.2153 72.9052
      vertex 200.926 -9.66635 72.7581
    endloop
  endfacet
  facet normal -0.210133 -0.0851542 -0.973957
    outer loop
      vertex 206 -7.52094 71.4758
      vertex 200.926 -9.66635 72.7581
      vertex 200.926 -9.10019 72.7086
    endloop
  endfacet
  facet normal 0.211361 -0.800659 -0.560599
    outer loop
      vertex 206.01 -9.29813 72.5018
      vertex 200.936 -11.9238 74.3388
      vertex 200.936 -11.5978 73.8732
    endloop
  endfacet
  facet normal 0.439943 0.894608 0.0782803
    outer loop
      vertex 206.01 10 74.4302
      vertex 200.936 12.3606 75.969
      vertex 206.01 9.95442 74.9511
    endloop
  endfacet
  facet normal 0 -0.0872006 -0.996191
    outer loop
      vertex 206 -7.52094 71.4758
      vertex 206.01 -7 71.4302
      vertex 206.01 -7.52094 71.4758
    endloop
  endfacet
  facet normal -0 -0.0872006 -0.996191
    outer loop
      vertex 206.01 -7 71.4302
      vertex 206 -7.52094 71.4758
      vertex 206 -7 71.4302
    endloop
  endfacet
  facet normal 0.491343 -0.713421 0.499611
    outer loop
      vertex 206.01 -9.29813 76.3585
      vertex 200.936 -11.9238 77.5992
      vertex 206.01 -9.59807 75.9302
    endloop
  endfacet
  facet normal 0.487439 -0.617415 0.617415
    outer loop
      vertex 200.936 -11.5978 78.0647
      vertex 206.01 -8.92836 76.7283
      vertex 200.936 -11.1959 78.4666
    endloop
  endfacet
  facet normal 0.487444 -0.617438 0.617388
    outer loop
      vertex 206.01 -8.92836 76.7283
      vertex 200.936 -11.5978 78.0647
      vertex 206.01 -9.29813 76.3585
    endloop
  endfacet
  facet normal 0.484888 0.792648 0.369585
    outer loop
      vertex 206.01 9.81908 75.4562
      vertex 200.936 11.9238 77.5992
      vertex 206.01 9.59807 75.9302
    endloop
  endfacet
  facet normal 0.491343 0.713421 0.499611
    outer loop
      vertex 206.01 9.59807 75.9302
      vertex 200.936 11.9238 77.5992
      vertex 206.01 9.29813 76.3585
    endloop
  endfacet
  facet normal 0.0400284 -0.573064 -0.818532
    outer loop
      vertex 206.01 -8.92836 72.132
      vertex 200.936 -11.1959 73.4714
      vertex 206.01 -8.5 71.8321
    endloop
  endfacet
  facet normal -0.244316 0 -0.969696
    outer loop
      vertex 200.926 -9.10019 72.7086
      vertex 206 7 71.4302
      vertex 206 -7 71.4302
    endloop
  endfacet
  facet normal -0.244316 0 -0.969696
    outer loop
      vertex 206 7 71.4302
      vertex 200.926 -9.10019 72.7086
      vertex 200.926 9.10019 72.7086
    endloop
  endfacet
  facet normal 0.349055 -0.905203 -0.242421
    outer loop
      vertex 206.01 -9.95442 73.9092
      vertex 200.936 -12.311 75.4028
      vertex 200.936 -12.164 74.8539
    endloop
  endfacet
  facet normal 0.40042 -0.912836 -0.0799658
    outer loop
      vertex 206.01 -9.95442 73.9092
      vertex 200.936 -12.3606 75.969
      vertex 200.936 -12.311 75.4028
    endloop
  endfacet
  facet normal -0.210101 0.0852543 -0.973955
    outer loop
      vertex 206 7 71.4302
      vertex 200.926 9.10019 72.7086
      vertex 206 7.52094 71.4758
    endloop
  endfacet
  facet normal 0.0401157 0.573178 -0.818449
    outer loop
      vertex 206.01 8.5 71.8321
      vertex 200.936 10.7304 73.1454
      vertex 200.936 11.1959 73.4714
    endloop
  endfacet
  facet normal 0.325336 0.244748 0.913375
    outer loop
      vertex 200.936 1.11511 84.0327
      vertex 200.936 0.566147 84.1798
      vertex 206.01 0.520935 82.3846
    endloop
  endfacet
  facet normal 0.309926 0.401828 0.861673
    outer loop
      vertex 200.936 1.63019 83.7925
      vertex 200.936 1.11511 84.0327
      vertex 206.01 1.5 82.0282
    endloop
  endfacet
  facet normal -0.0487525 -0.422106 -0.905235
    outer loop
      vertex 206 -8.5 71.8321
      vertex 200.926 -10.2153 72.9052
      vertex 206 -8.02605 71.6111
    endloop
  endfacet
  facet normal 0 -0.258741 -0.965947
    outer loop
      vertex 206 -8.02605 71.6111
      vertex 206.01 -7.52094 71.4758
      vertex 206.01 -8.02605 71.6111
    endloop
  endfacet
  facet normal -0 -0.258741 -0.965947
    outer loop
      vertex 206.01 -7.52094 71.4758
      vertex 206 -8.02605 71.6111
      vertex 206 -7.52094 71.4758
    endloop
  endfacet
  facet normal 0.211361 0.800659 -0.560599
    outer loop
      vertex 206.01 9.29813 72.5018
      vertex 200.936 11.5978 73.8732
      vertex 200.936 11.9238 74.3388
    endloop
  endfacet
  facet normal 0.128314 0.70129 -0.701233
    outer loop
      vertex 206.01 8.92836 72.132
      vertex 200.936 11.5978 73.8732
      vertex 206.01 9.29813 72.5018
    endloop
  endfacet
  facet normal -0.133517 -0.256424 -0.957298
    outer loop
      vertex 206 -8.02605 71.6111
      vertex 200.926 -10.2153 72.9052
      vertex 206 -7.52094 71.4758
    endloop
  endfacet
  facet normal 0 -0.422608 -0.906313
    outer loop
      vertex 206 -8.5 71.8321
      vertex 206.01 -8.02605 71.6111
      vertex 206.01 -8.5 71.8321
    endloop
  endfacet
  facet normal -0 -0.422608 -0.906313
    outer loop
      vertex 206.01 -8.02605 71.6111
      vertex 206 -8.5 71.8321
      vertex 206 -8.02605 71.6111
    endloop
  endfacet
  facet normal -0 0 1
    outer loop
      vertex 108.5 8 134.841
      vertex 109.5 -8 134.841
      vertex 109.5 8 134.841
    endloop
  endfacet
  facet normal 0 0 1
    outer loop
      vertex 109.5 -8 134.841
      vertex 108.5 8 134.841
      vertex 108.5 -8 134.841
    endloop
  endfacet
  facet normal -1 0 0
    outer loop
      vertex 108.5 -8 133.241
      vertex 108.5 8 134.841
      vertex 108.5 8 133.241
    endloop
  endfacet
  facet normal -1 -0 0
    outer loop
      vertex 108.5 8 134.841
      vertex 108.5 -8 133.241
      vertex 108.5 -8 134.841
    endloop
  endfacet
  facet normal 0 0 -1
    outer loop
      vertex 119.37 4.68636 127.783
      vertex 119.5 8 127.783
      vertex 119.5 4.35069 127.783
    endloop
  endfacet
  facet normal 0 0 -1
    outer loop
      vertex 118.5 6.56519 127.783
      vertex 119.5 8 127.783
      vertex 119.37 4.68636 127.783
    endloop
  endfacet
  facet normal -0 0 -1
    outer loop
      vertex 119.5 8 127.783
      vertex 118.5 6.56519 127.783
      vertex 118.5 8 127.783
    endloop
  endfacet
  facet normal 0 0 -1
    outer loop
      vertex 119.5 -8 127.783
      vertex 119.37 -4.68636 127.783
      vertex 119.5 -4.35069 127.783
    endloop
  endfacet
  facet normal 0 0 -1
    outer loop
      vertex 118.5 -6.56519 127.783
      vertex 119.5 -8 127.783
      vertex 118.5 -8 127.783
    endloop
  endfacet
  facet normal 0 0 -1
    outer loop
      vertex 119.5 -8 127.783
      vertex 118.5 -6.56519 127.783
      vertex 119.37 -4.68636 127.783
    endloop
  endfacet
  facet normal 0.479093 0 0.877764
    outer loop
      vertex 119.5 8 129.383
      vertex 115.669 0 131.474
      vertex 119.5 -8 129.383
    endloop
  endfacet
  facet normal 0.480366 -0.000791596 0.877068
    outer loop
      vertex 119.5 8 129.383
      vertex 115.487 0.353965 131.574
      vertex 115.669 0 131.474
    endloop
  endfacet
  facet normal 0.478368 0.000569419 0.878159
    outer loop
      vertex 119.5 8 129.383
      vertex 115.165 0.980593 131.749
      vertex 115.487 0.353965 131.574
    endloop
  endfacet
  facet normal 0.478976 8.22666e-05 0.877828
    outer loop
      vertex 119.5 8 129.383
      vertex 114.441 1.43038 132.144
      vertex 115.165 0.980593 131.749
    endloop
  endfacet
  facet normal 0.478919 0.000139678 0.877859
    outer loop
      vertex 119.5 8 129.383
      vertex 113.726 1.87464 132.534
      vertex 114.441 1.43038 132.144
    endloop
  endfacet
  facet normal 0.479133 -0.00012221 0.877742
    outer loop
      vertex 119.5 8 129.383
      vertex 111.702 3.01883 133.639
      vertex 113.726 1.87464 132.534
    endloop
  endfacet
  facet normal 0.479086 -2.61506e-05 0.877768
    outer loop
      vertex 109.5 8 134.841
      vertex 111.702 3.01883 133.639
      vertex 119.5 8 129.383
    endloop
  endfacet
  facet normal 0.480175 0.000268191 0.877173
    outer loop
      vertex 110.622 0.818087 134.229
      vertex 109.5 8 134.841
      vertex 110.564 0 134.261
    endloop
  endfacet
  facet normal 0.491462 0.00256645 0.870895
    outer loop
      vertex 110.627 0.878629 134.226
      vertex 109.5 8 134.841
      vertex 110.622 0.818087 134.229
    endloop
  endfacet
  facet normal 0.49332 0.00295147 0.869843
    outer loop
      vertex 110.639 0.935908 134.219
      vertex 109.5 8 134.841
      vertex 110.627 0.878629 134.226
    endloop
  endfacet
  facet normal 0.476638 -0.00055336 0.879099
    outer loop
      vertex 110.817 1.74559 134.123
      vertex 109.5 8 134.841
      vertex 110.639 0.935908 134.219
    endloop
  endfacet
  facet normal 0.480146 0.000404587 0.877189
    outer loop
      vertex 111.185 2.97767 133.921
      vertex 109.5 8 134.841
      vertex 110.817 1.74559 134.123
    endloop
  endfacet
  facet normal 0.458024 -0.00916141 0.888893
    outer loop
      vertex 111.195 2.99249 133.916
      vertex 109.5 8 134.841
      vertex 111.185 2.97767 133.921
    endloop
  endfacet
  facet normal 0.479451 0.000183432 0.877569
    outer loop
      vertex 111.702 3.01883 133.639
      vertex 109.5 8 134.841
      vertex 111.195 2.99249 133.916
    endloop
  endfacet
  facet normal 0.480366 0.000791596 0.877068
    outer loop
      vertex 115.487 -0.353965 131.574
      vertex 119.5 -8 129.383
      vertex 115.669 0 131.474
    endloop
  endfacet
  facet normal 0.478368 -0.000569419 0.878159
    outer loop
      vertex 115.165 -0.980593 131.749
      vertex 119.5 -8 129.383
      vertex 115.487 -0.353965 131.574
    endloop
  endfacet
  facet normal 0.478976 -8.22666e-05 0.877828
    outer loop
      vertex 114.441 -1.43038 132.144
      vertex 119.5 -8 129.383
      vertex 115.165 -0.980593 131.749
    endloop
  endfacet
  facet normal 0.478919 -0.000139678 0.877859
    outer loop
      vertex 113.726 -1.87464 132.534
      vertex 119.5 -8 129.383
      vertex 114.441 -1.43038 132.144
    endloop
  endfacet
  facet normal 0.479133 0.00012221 0.877742
    outer loop
      vertex 111.702 -3.01883 133.639
      vertex 119.5 -8 129.383
      vertex 113.726 -1.87464 132.534
    endloop
  endfacet
  facet normal 0.479451 -0.000183432 0.877569
    outer loop
      vertex 109.5 -8 134.841
      vertex 111.702 -3.01883 133.639
      vertex 111.195 -2.99249 133.916
    endloop
  endfacet
  facet normal 0.478621 -0 0.878022
    outer loop
      vertex 109.5 -8 134.841
      vertex 110.564 0 134.261
      vertex 109.5 8 134.841
    endloop
  endfacet
  facet normal 0.480175 -0.000268191 0.877173
    outer loop
      vertex 110.564 0 134.261
      vertex 109.5 -8 134.841
      vertex 110.622 -0.818087 134.229
    endloop
  endfacet
  facet normal 0.479086 2.61506e-05 0.877768
    outer loop
      vertex 111.702 -3.01883 133.639
      vertex 109.5 -8 134.841
      vertex 119.5 -8 129.383
    endloop
  endfacet
  facet normal 0.458024 0.00916141 0.888893
    outer loop
      vertex 111.185 -2.97767 133.921
      vertex 109.5 -8 134.841
      vertex 111.195 -2.99249 133.916
    endloop
  endfacet
  facet normal 0.480146 -0.000404587 0.877189
    outer loop
      vertex 110.817 -1.74559 134.123
      vertex 109.5 -8 134.841
      vertex 111.185 -2.97767 133.921
    endloop
  endfacet
  facet normal 0.476638 0.00055336 0.879099
    outer loop
      vertex 110.639 -0.935908 134.219
      vertex 109.5 -8 134.841
      vertex 110.817 -1.74559 134.123
    endloop
  endfacet
  facet normal 0.49332 -0.00295147 0.869843
    outer loop
      vertex 110.627 -0.878629 134.226
      vertex 109.5 -8 134.841
      vertex 110.639 -0.935908 134.219
    endloop
  endfacet
  facet normal 0.491462 -0.00256645 0.870895
    outer loop
      vertex 110.622 -0.818087 134.229
      vertex 109.5 -8 134.841
      vertex 110.627 -0.878629 134.226
    endloop
  endfacet
  facet normal -0.479633 0 -0.877469
    outer loop
      vertex 118.264 6.63522 127.912
      vertex 118.5 8 127.783
      vertex 118.5 6.56519 127.783
    endloop
  endfacet
  facet normal -0.479107 -0.000118149 -0.877756
    outer loop
      vertex 118.5 8 127.783
      vertex 118.264 6.63522 127.912
      vertex 115.849 8 129.23
    endloop
  endfacet
  facet normal -0.478426 -2.10715e-05 -0.878128
    outer loop
      vertex 108.5 -8 133.241
      vertex 108.909 -1.04635 133.018
      vertex 109.032 -1.60434 132.951
    endloop
  endfacet
  facet normal -0.483077 0.000239251 -0.875578
    outer loop
      vertex 108.5 -8 133.241
      vertex 108.839 -0.555104 133.056
      vertex 108.857 -0.807528 133.046
    endloop
  endfacet
  facet normal -0.480803 0.000104647 -0.876828
    outer loop
      vertex 108.839 -0.555104 133.056
      vertex 108.5 -8 133.241
      vertex 108.799 0 133.078
    endloop
  endfacet
  facet normal -0.475082 -0.000275899 -0.879942
    outer loop
      vertex 108.909 -1.04635 133.018
      vertex 108.5 -8 133.241
      vertex 108.857 -0.807528 133.046
    endloop
  endfacet
  facet normal -0.479104 5.21118e-05 -0.877758
    outer loop
      vertex 108.5 -8 133.241
      vertex 109.032 -1.60434 132.951
      vertex 110.944 -8 131.907
    endloop
  endfacet
  facet normal -0.475082 0.000275899 -0.879942
    outer loop
      vertex 108.5 8 133.241
      vertex 108.909 1.04635 133.018
      vertex 108.857 0.807528 133.046
    endloop
  endfacet
  facet normal -0.480803 -0.000104647 -0.876828
    outer loop
      vertex 108.5 8 133.241
      vertex 108.839 0.555104 133.056
      vertex 108.799 0 133.078
    endloop
  endfacet
  facet normal -0.479104 -5.21118e-05 -0.877758
    outer loop
      vertex 109.032 1.60434 132.951
      vertex 108.5 8 133.241
      vertex 110.944 8 131.907
    endloop
  endfacet
  facet normal -0.478426 2.10715e-05 -0.878128
    outer loop
      vertex 108.909 1.04635 133.018
      vertex 108.5 8 133.241
      vertex 109.032 1.60434 132.951
    endloop
  endfacet
  facet normal -0.483077 -0.000239251 -0.875578
    outer loop
      vertex 108.839 0.555104 133.056
      vertex 108.5 8 133.241
      vertex 108.857 0.807528 133.046
    endloop
  endfacet
  facet normal -0.478646 -0 -0.878008
    outer loop
      vertex 108.5 8 133.241
      vertex 108.799 0 133.078
      vertex 108.5 -8 133.241
    endloop
  endfacet
  facet normal -0.479633 0 -0.877469
    outer loop
      vertex 118.5 -8 127.783
      vertex 118.264 -6.63522 127.912
      vertex 118.5 -6.56519 127.783
    endloop
  endfacet
  facet normal -0.479107 0.000118149 -0.877756
    outer loop
      vertex 118.264 -6.63522 127.912
      vertex 118.5 -8 127.783
      vertex 115.849 -8 129.23
    endloop
  endfacet
  facet normal 0 -1 0
    outer loop
      vertex 108.5 -8 133.241
      vertex 110.944 -8 131.907
      vertex 111.185 -8 132.072
    endloop
  endfacet
  facet normal 0 -1 0
    outer loop
      vertex 108.5 -8 133.241
      vertex 109.5 -8 134.841
      vertex 108.5 -8 134.841
    endloop
  endfacet
  facet normal 0 -1 0
    outer loop
      vertex 111.185 -8 132.072
      vertex 109.5 -8 134.841
      vertex 108.5 -8 133.241
    endloop
  endfacet
  facet normal 0 -1 0
    outer loop
      vertex 111.195 -8 132.072
      vertex 109.5 -8 134.841
      vertex 111.185 -8 132.072
    endloop
  endfacet
  facet normal 0 -1 0
    outer loop
      vertex 113.732 -8 130.736
      vertex 109.5 -8 134.841
      vertex 111.195 -8 132.072
    endloop
  endfacet
  facet normal 0 -1 0
    outer loop
      vertex 113.732 -8 130.736
      vertex 119.5 -8 129.383
      vertex 109.5 -8 134.841
    endloop
  endfacet
  facet normal 0 -1 0
    outer loop
      vertex 115.849 -8 129.23
      vertex 119.5 -8 129.383
      vertex 113.732 -8 130.736
    endloop
  endfacet
  facet normal 0 -1 0
    outer loop
      vertex 118.5 -8 127.783
      vertex 119.5 -8 129.383
      vertex 115.849 -8 129.23
    endloop
  endfacet
  facet normal 0 -1 -0
    outer loop
      vertex 119.5 -8 129.383
      vertex 118.5 -8 127.783
      vertex 119.5 -8 127.783
    endloop
  endfacet
  facet normal 1 0 0
    outer loop
      vertex 119.5 8 129.383
      vertex 119.5 4.35069 127.783
      vertex 119.5 8 127.783
    endloop
  endfacet
  facet normal 1 0 0
    outer loop
      vertex 119.5 8 129.383
      vertex 119.5 4.14285 127.839
      vertex 119.5 4.35069 127.783
    endloop
  endfacet
  facet normal 1 0 0
    outer loop
      vertex 119.5 8 129.383
      vertex 119.5 3.99232 127.879
      vertex 119.5 4.14285 127.839
    endloop
  endfacet
  facet normal 1 0 0
    outer loop
      vertex 119.5 8 129.383
      vertex 119.5 1.03474 128.662
      vertex 119.5 3.99232 127.879
    endloop
  endfacet
  facet normal 1 0 0
    outer loop
      vertex 119.5 8 129.383
      vertex 119.5 0.879506 128.676
      vertex 119.5 1.03474 128.662
    endloop
  endfacet
  facet normal 1 0 0
    outer loop
      vertex 119.5 8 129.383
      vertex 119.5 0 128.752
      vertex 119.5 0.879506 128.676
    endloop
  endfacet
  facet normal 1 0 0
    outer loop
      vertex 119.5 -8 129.383
      vertex 119.5 -4.14285 127.839
      vertex 119.5 -3.99232 127.879
    endloop
  endfacet
  facet normal 1 -0 0
    outer loop
      vertex 119.5 -8 129.383
      vertex 119.5 0 128.752
      vertex 119.5 8 129.383
    endloop
  endfacet
  facet normal 1 0 0
    outer loop
      vertex 119.5 -8 129.383
      vertex 119.5 -0.879506 128.676
      vertex 119.5 0 128.752
    endloop
  endfacet
  facet normal 1 0 0
    outer loop
      vertex 119.5 -8 129.383
      vertex 119.5 -1.03474 128.662
      vertex 119.5 -0.879506 128.676
    endloop
  endfacet
  facet normal 1 0 0
    outer loop
      vertex 119.5 -8 129.383
      vertex 119.5 -3.99232 127.879
      vertex 119.5 -1.03474 128.662
    endloop
  endfacet
  facet normal 1 0 0
    outer loop
      vertex 119.5 -4.14285 127.839
      vertex 119.5 -8 129.383
      vertex 119.5 -4.35069 127.783
    endloop
  endfacet
  facet normal 1 0 0
    outer loop
      vertex 119.5 -4.35069 127.783
      vertex 119.5 -8 129.383
      vertex 119.5 -8 127.783
    endloop
  endfacet
  facet normal 0 1 0
    outer loop
      vertex 109.5 8 134.841
      vertex 108.5 8 133.241
      vertex 108.5 8 134.841
    endloop
  endfacet
  facet normal 0 1 -0
    outer loop
      vertex 111.185 8 132.072
      vertex 109.5 8 134.841
      vertex 111.195 8 132.072
    endloop
  endfacet
  facet normal 0 1 0
    outer loop
      vertex 109.5 8 134.841
      vertex 113.732 8 130.736
      vertex 111.195 8 132.072
    endloop
  endfacet
  facet normal 0 1 0
    outer loop
      vertex 119.5 8 129.383
      vertex 113.732 8 130.736
      vertex 109.5 8 134.841
    endloop
  endfacet
  facet normal 0 1 0
    outer loop
      vertex 119.5 8 129.383
      vertex 115.849 8 129.23
      vertex 113.732 8 130.736
    endloop
  endfacet
  facet normal 0 1 0
    outer loop
      vertex 118.5 8 127.783
      vertex 119.5 8 129.383
      vertex 119.5 8 127.783
    endloop
  endfacet
  facet normal 0 1 0
    outer loop
      vertex 119.5 8 129.383
      vertex 118.5 8 127.783
      vertex 115.849 8 129.23
    endloop
  endfacet
  facet normal 0 1 0
    outer loop
      vertex 109.5 8 134.841
      vertex 111.185 8 132.072
      vertex 108.5 8 133.241
    endloop
  endfacet
  facet normal 0 1 0
    outer loop
      vertex 108.5 8 133.241
      vertex 111.185 8 132.072
      vertex 110.944 8 131.907
    endloop
  endfacet
endsolid OpenSCAD_Model
